:020000040000fa
:020000040800f2
:10000000f0ff11201980020ced2d030cf12d030cd3
:10001000f92d030cfd2d030c012e030c0000000034
:10002000000000000000000000000000952e030cfe
:10003000f52d030c00000000952e030c952e030ceb
:10004000952e030c952e030c952e030c952e030c68
:10005000952e030c952e030c952e030c952e030c58
:10006000952e030c952e030c952e030c952e030c48
:10007000952e030c952e030c952e030c990e030c54
:10008000990e030c990e030c990e030c952e030c7c
:10009000491c030c691c030c952e030c952e030cb4
:1000a000952e030c952e030c952e030c952e030c08
:1000b000952e030c952e030c952e030c952e030cf8
:1000c000952e030c952e030c952e030c952e030ce8
:1000d000952e030c952e030c952e030cd100030cca
:1000e0009900030c6100030c2900030c952e030cee
:1000f000952e030c952e030c952e030c952e030cb8
:10010000952e030c952e030c952e030c952e030ca7
:10011000952e030c952e030c952e030c2949020ce9
:100120002949020c2949020c2949020c2949020ccf
:100130002949020c2949020c952e030c952e030c1b
:10014000952e030c952e030c952e030c952e030c67
:10015000952e030c952e030c952e030c952e030c57
:10016000952e030c952e030c952e030c952e030c47
:10017000952e030c952e030c952e030c952e030c37
:10018000952e030c952e030c952e030c952e030c27
:10019000952e030c952e030c952e030c952e030c17
:1001a000952e030c952e030c7d4e020c7d4e020cf9
:1001b0007d4e020c7d4e020c7d4e020c7d4e020cdb
:1001c0007d4e020c952e030c952e030c952e030ce0
:1001d000952e030c952e030c952e030c952e030cd7
:1001e000952e030c952e030c952e030c952e030cc7
:1001f000952e030c952e030c952e030c952e030cb7
:10020000952e030c952e030c952e030c952e030ca6
:10021000952e030c952e030c952e030c952e030c96
:10022000952e030c952e030c952e030c952e030c86
:10023000952e030c952e030c952e030c952e030c76
:10024000952e030c952e030c952e030c952e030c66
:10025000952e030c952e030c952e030c952e030c56
:10026000952e030c952e030c952e030c952e030c46
:10027000952e030c952e030c952e030c952e030c36
:10028000952e030c952e030c952e030c952e030c26
:10029000952e030c952e030c952e030c952e030c16
:1002a000952e030c952e030c952e030c952e030c06
:1002b000952e030c952e030c952e030c952e030cf6
:1002c000952e030c952e030c952e030c952e030ce6
:1002d000952e030c952e030c952e030c952e030cd6
:1002e000952e030c952e030c952e030c952e030cc6
:1002f000952e030c952e030c952e030c952e030cb6
:10030000952e030c952e030c952e030c952e030ca5
:10031000952e030c952e030c952e030c952e030c95
:10032000952e030c952e030c952e030c952e030c85
:10033000952e030c952e030c952e030c952e030c75
:10034000952e030c952e030c952e030c952e030c65
:10035000952e030c952e030c952e030c952e030c55
:100360000000000000000000952e030c952e030ce9
:10037000952e030c952e030c952e030c952e030c35
:10038000952e030c952e030c952e030c952e030c25
:10039000952e030c952e030c952e030c952e030c15
:1003a000952e030c952e030c952e030c952e030c05
:0803b000952e030c952e030ca1
:020000040000fa
:020000040a00f0
:040000000100fefffe
:020000040000fa
:020000040a00f0
:04002000ffffffffe0
:020000040000fa
:020000040a00f0
:0400400000000000bc
:020000040000fa
:020000040a00f0
:04004400ffffffffbc
:020000040000fa
:020000040a00f0
:0400480001000000b3
:020000040000fa
:020000040a00f0
:04004c00410400006b
:020000040000fa
:020000040a00f0
:04005400ffff0000aa
:020000040000fa
:020000040a00f0
:040058007000000034
:020000040000fa
:020000040a00f0
:04005c00020000009e
:020000040000fa
:020000040a00f0
:04006000000000009c
:020000040000fa
:020000040a00f0
:040064000202000094
:020000040000fa
:020000040a00f0
:04008000ffffffff80
:020000040000fa
:020000040a00f0
:0400a000ffffffff60
:020000040000fa
:020000040a00f0
:04200000000000c01c
:020000040000fa
:020000040a00f0
:042004000100feffda
:020000040000fa
:020000040a00f0
:04200800ffffffffd8
:020000040000fa
:020000040a00f0
:04208000ffffffff60
:020000040000fa
:020000040a00f0
:04208400ffffffff5c
:020000040000fa
:020000040a00f0
:04208800ffffffff58
:020000040000fa
:020000040a00f0
:04208c00ffffffff54
:020000040000fa
:020000040a00f0
:04209000ffffffff50
:020000040000fa
:020000040a00f0
:04209400ffffffff4c
:020000040000fa
:020000040a00f0
:04209800ffffffff48
:020000040000fa
:020000040a00f0
:04209c00ffffffff44
:020000040000fa
:020000040a00f0
:0420a000ffffffff40
:020000040000fa
:020000040a00f0
:0420a400ffffffff3c
:020000040000fa
:020000040a00f0
:0420a800ffffffff38
:020000040000fa
:020000040a00f0
:0420ac00ffffffff34
:020000040000fa
:020000040a00f0
:0420b000ffffffff30
:020000040000fa
:020000040a00f0
:0420b400ffffffff2c
:020000040000fa
:020000040a00f0
:0420b800ffffffff28
:020000040000fa
:020000040a00f0
:0420bc00ffffffff24
:020000040000fa
:020000040a00f0
:0420c000ffffffff20
:020000040000fa
:020000040a00f0
:0420c400ffffffff1c
:020000040000fa
:020000040a00f0
:0420c800ffffffff18
:020000040000fa
:020000040a00f0
:0420cc00ffffffff14
:020000040000fa
:020000040a00f0
:0420d000ffffffff10
:020000040000fa
:020000040a00f0
:0420d400ffffffff0c
:020000040000fa
:020000040a00f0
:0420d800ffffffff08
:020000040000fa
:020000040a00f0
:0420dc00ffffffff04
:020000040000fa
:020000040a00f0
:0420e00006070000ef
:020000040000fa
:020000040a00f0
:0420e40004cf0f0016
:020000040000fa
:020000040a00f0
:0420e80006f70401f2
:020000040000fa
:020000040a00f0
:0420ec00863a000030
:020000040000fa
:020000040a00f0
:0420f000ff030000ea
:020000040000fa
:020000040a00f0
:0420f4003f000000a9
:020000040000fa
:020000040a00f0
:0420f800bf00000025
:020000040000fa
:020000040a00f0
:0420fc00ffffffffe4
:020000040000fa
:020000040a00f0
:04210000ffffffffdf
:020000040000fa
:020000040a00f0
:04211000ffffffffcf
:020000040000fa
:020000040a00f0
:04211400ffffffffcb
:020000040000fa
:020000040a00f0
:04211800ffffffffc7
:020000040000fa
:020000040a00f0
:04211c00ffffffffc3
:020000040000fa
:020000040a00f0
:04212000ffffffffbf
:020000040000fa
:020000040a00f0
:048000000000ffff7e
:020000040000fa
:020000040a00f0
:04802000ffffffff60
:020000040000fa
:020000040a00f0
:0480400044000000f8
:020000040000fa
:020000040a00f0
:04804400ffffffff3c
:020000040000fa
:020000040a00f0
:048048000100000033
:020000040000fa
:020000040a00f0
:04804c0041040000eb
:020000040000fa
:020000040a00f0
:04805400ffff00002a
:020000040000fa
:020000040a00f0
:0480580070000000b4
:020000040000fa
:020000040a00f0
:04805c00020000001e
:020000040000fa
:020000040a00f0
:04806000000000001c
:020000040000fa
:020000040a00f0
:048064000202000014
:020000040000fa
:020000040a00f0
:04808000ffffffff00
:020000040000fa
:020000040a00f0
:0480a000ffffffffe0
:020000040000fa
:020000040a00f0
:04a00000000000c09c
:020000040000fa
:020000040a00f0
:04a004000000ffff5a
:020000040000fa
:020000040a00f0
:04a00800ffffffff58
:020000040000fa
:020000040a00f0
:04a08000ffffffffe0
:020000040000fa
:020000040a00f0
:04a08400ffffffffdc
:020000040000fa
:020000040a00f0
:04a08800ffffffffd8
:020000040000fa
:020000040a00f0
:04a08c00ffffffffd4
:020000040000fa
:020000040a00f0
:04a09000ffffffffd0
:020000040000fa
:020000040a00f0
:04a09400ffffffffcc
:020000040000fa
:020000040a00f0
:04a09800ffffffffc8
:020000040000fa
:020000040a00f0
:04a09c00ffffffffc4
:020000040000fa
:020000040a00f0
:04a0a000ffffffffc0
:020000040000fa
:020000040a00f0
:04a0a400ffffffffbc
:020000040000fa
:020000040a00f0
:04a0a800ffffffffb8
:020000040000fa
:020000040a00f0
:04a0ac00ffffffffb4
:020000040000fa
:020000040a00f0
:04a0b000ffffffffb0
:020000040000fa
:020000040a00f0
:04a0b400ffffffffac
:020000040000fa
:020000040a00f0
:04a0b800ffffffffa8
:020000040000fa
:020000040a00f0
:04a0bc00ffffffffa4
:020000040000fa
:020000040a00f0
:04a0c000ffffffffa0
:020000040000fa
:020000040a00f0
:04a0c400ffffffff9c
:020000040000fa
:020000040a00f0
:04a0c800ffffffff98
:020000040000fa
:020000040a00f0
:04a0cc00ffffffff94
:020000040000fa
:020000040a00f0
:04a0d000ffffffff90
:020000040000fa
:020000040a00f0
:04a0d400ffffffff8c
:020000040000fa
:020000040a00f0
:04a0d800ffffffff88
:020000040000fa
:020000040a00f0
:04a0dc00ffffffff84
:020000040000fa
:020000040a00f0
:04a0e000060700006f
:020000040000fa
:020000040a00f0
:04a0e40004cf0f0096
:020000040000fa
:020000040a00f0
:04a0e80006f7040172
:020000040000fa
:020000040a00f0
:04a0ec00863a0000b0
:020000040000fa
:020000040a00f0
:04a0f000ff0300006a
:020000040000fa
:020000040a00f0
:04a0f4003f00000029
:020000040000fa
:020000040a00f0
:04a0f800bf000000a5
:020000040000fa
:020000040a00f0
:04a0fc00ffffffff64
:020000040000fa
:020000040a00f0
:04a10000ffffffff5f
:020000040000fa
:020000040a00f0
:04a11000ffffffff4f
:020000040000fa
:020000040a00f0
:04a11400ffffffff4b
:020000040000fa
:020000040a00f0
:04a11800ffffffff47
:020000040000fa
:020000040a00f0
:04a11c00ffffffff43
:020000040000fa
:020000040a00f0
:04a12000ffffffff3f
:020000040000fa
:020000040c00ee
:10000000f8b500bff8bc08bc9e467047f9f5020c75
:10001000f8b500bff8bc08bc9e467047d5f5020c89
:020000040000fa
:020000040c00ee
:080020001c2d0200010000008c
:020000040000fa
:020000040c00ee
:100028008c0d07201c0000000000000000000220ca
:100038000100000000000000d00907203c0000007b
:100048000000000014040720ff000000000000006a
:100058005c0a072004000000000000009c0a07203a
:100068000400000000000000f40d07200400000058
:10007800000000005cab0720040000000100000045
:100088000100000004000220c81500000000000064
:10009800f80d0720040000000000000013050720e9
:1000a8000100000000000000640e072002000000ac
:1000b80000000000660e072002000000000000009b
:1000c800fc0d0720180000000000000060ab0720ae
:1000d80020000000010000000200000002000000f3
:1000e80029000000e00100000200000002000000fa
:1000f8000a000000100100008d0e0720010000001a
:100108000100000003000000d015022030fc0300ad
:100118000000000090a60720e40100000100000094
:10012800b319020c972a030c8d24030c8d1e030ca3
:10013800652c030c6929030ca52a030cb319020cbe
:10014800b319020cb319020c6f2c030c6907030cca
:10015800b319020c091d030c271d030cc918030c45
:10016800e918030c0919030cb319020cb319020c92
:10017800b319020cb319020c3707030ca324030ca0
:10018800b319020cb924030ccf24030c6321030c0c
:100198007d21030cb319020cb319020cb319020c1c
:1001a800b319020c3f35020ce524030c2d26030c71
:1001b800b319020c2919030cb50c030ce10c030c40
:1001c800b319020cb319020cb319020cb319020cbf
:1001d8002749020c3322030cfb24030ca91e030c31
:1001e800b319020cb52c030c452d030cb319020ce2
:1001f800b319020cb319020cb319020ca765020c4f
:100208001125030c2725030c3914030c052e030ca8
:10021800b319020c4b2d030cb319020cb319020cc1
:10022800b319020cb319020c2749020c3322030c30
:10023800fb24030c5d14030c512d030c572d030ce8
:10024800b319020cb319020cb319020cb319020c3e
:10025800b319020cb319020cb319020cb319020c2e
:10026800b319020cb319020cb319020cb319020c1e
:10027800b319020cb319020cb319020cb319020c0e
:10028800b319020cb319020cb319020cb319020cfe
:10029800b319020cb319020cb319020cb319020cee
:1002a800b319020cb319020cb319020cb319020cde
:1002b800b319020cb319020cb319020cb319020cce
:1002c800b319020cb319020cb319020cb319020cbe
:1002d800b319020cb319020cb319020cb319020cae
:1002e800b319020cb319020cb319020cb319020c9e
:1002f800b319020cb319020cb319020cb319020c8e
:10030800b319020c84aa07202c0000000100000089
:10031800bd2c030cbdfa020c81fa020c21ea020c76
:10032800c1fd020cade5020c61e5020c0000000005
:10033800000000000000000000000000f0aa0720f4
:1003480018000000010000004b22030c4126030c9a
:1003580015f6020c15f6020c15f6020c15f6020c31
:1003680030ab07202000000001000000092e030c1c
:100378000d2e030c6f28030c112e030c5d2d030c9e
:10038800632d030ccf2a030c692d030c500d072095
:1003980010000000000000004c0c072024000000a2
:1003a80000000000140e07200400000000000000f8
:1003b80028010720ec02000000000000b0aa072076
:1003c800200000000100000000000000985f010c00
:1003d8001059000000000000000000001e00160078
:1003e8000100000088e9010c94a9072078000000aa
:1003f800010000000000000098a6000c805c0000ce
:100408000000000002000000a00000004a000000f8
:10041800402e0000805c000098a6000c0000000040
:1004280000000000000000000000000000000000c4
:10043800000000001803010c805c000000000000b0
:1004480002000000a00000004a000000402e00004a
:10045800805c00001803010c000000000000000090
:100468000000000000000000000000000caa0720a7
:10047800780000000100000000000000a8b8010c8e
:10048800401a000000000000020000007800000090
:100498001c000000200d0000401a0000a8b8010c44
:1004a8000000000000000000000000000000000044
:1004b8000000000000000000900e072000960000d9
:1004c8000000000002000000a0000000780000000a
:1004d800004b000000960000900e0720000000006e
:1004e8000000000000000000000000000000000004
:1004f800900e07200098000001000000ffffffff9a
:10050800fffffffffffffffffffffffffffffffff3
:10051800ffffffffffffffffffffffffffffffffe3
:10052800ffffffffffffffffffffffffffffffffd3
:10053800ffffffffffffffffffffffffffffffffc3
:10054800ffffffffffffffffffffffffffffffffb3
:10055800ffffffffffffffffffffffffffffffffa3
:10056800ffffffffffffffffffffffffffffffff93
:10057800ffffffffffffffffffffffffffffffff83
:10058800ffffffffffffffffffffffffffffffff73
:10059800ffffffffffffffffffffffffffffffff63
:1005a800ffffffffffffffffffffffffffffffff53
:1005b800ffffffffffffffffffffffffffffffff43
:1005c800ffffffffffffffffffffffffffffffff33
:1005d800ffffffffffffffffffffffffffffffff23
:1005e800ffffffffffffffffffffffffffffffff13
:1005f800ffffffffffffffffffffffffffffffff03
:10060800fffffffffffffffffffffffffffffffff2
:10061800ffffffffffffffffffffffffffffffffe2
:10062800ffffffffffffffffffffffffffffffffd2
:10063800ffffffffffffffffffffffffffffffffc2
:10064800ffffffffffffffffffffffffffffffffb2
:10065800ffffffffffffffffffffffffffffffffa2
:10066800ffffffffffffffffffffffffffffffff92
:10067800ffffffffffffffffffffffffffffffff82
:10068800ffffffffffffffffffffffffffffffff72
:10069800ffffffffffffffffffffffffffffffff62
:1006a800ffffffffffffffffffffffffffffffff52
:1006b800ffffffffffffffffffffffffffffffff42
:1006c800ffffffffffffffffffffffffffffffff32
:1006d800ffffffffffffffffffffffffffffffff22
:1006e800ffffffffffffffffffffffffffffffff12
:1006f800ffffffffffffffffffffffffffffffff02
:10070800fffffffffffffffffffffffffffffffff1
:10071800ffffffffffffffffffffffffffffffffe1
:10072800ffffffffffffffffffffffffffffffffd1
:10073800ffffffffffffffffffffffffffffffffc1
:10074800ffffffffffffffffffffffffffffffffb1
:10075800ffffffffffffffffffffffffffffffffa1
:10076800ffffffffffffffffffffffffffffffff91
:10077800ffffffffffffffffffffffffffffffff81
:10078800ffffffffffffffffffffffffffffffff71
:10079800ffffffffffffffffffffffffffffffff61
:1007a800ffffffffffffffffffffffffffffffff51
:1007b800ffffffffffffffffffffffffffffffff41
:1007c800ffffffffffffffffffffffffffffffff31
:1007d800ffffffffffffffffffffffffffffffff21
:1007e800ffffffffffffffffffffffffffffffff11
:1007f800ffffffffffffffffffffffffffffffff01
:10080800fffffffffffffffffffffffffffffffff0
:10081800ffffffffffffffffffffffffffffffffe0
:10082800ffffffffffffffffffffffffffffffffd0
:10083800ffffffffffffffffffffffffffffffffc0
:10084800ffffffffffffffffffffffffffffffffb0
:10085800ffffffffffffffffffffffffffffffffa0
:10086800ffffffffffffffffffffffffffffffff90
:10087800ffffffffffffffffffffffffffffffff80
:10088800ffffffffffffffffffffffffffffffff70
:10089800ffffffffffffffffffffffffffffffff60
:1008a800ffffffffffffffffffffffffffffffff50
:1008b800ffffffffffffffffffffffffffffffff40
:1008c800ffffffffffffffffffffffffffffffff30
:1008d800ffffffffffffffffffffffffffffffff20
:1008e800ffffffffffffffffffffffffffffffff10
:1008f800ffffffffffffffffffffffffffffffff00
:10090800ffffffffffffffffffffffffffffffffef
:10091800ffffffffffffffffffffffffffffffffdf
:10092800ffffffffffffffffffffffffffffffffcf
:10093800ffffffffffffffffffffffffffffffffbf
:10094800ffffffffffffffffffffffffffffffffaf
:10095800ffffffffffffffffffffffffffffffff9f
:10096800ffffffffffffffffffffffffffffffff8f
:10097800ffffffffffffffffffffffffffffffff7f
:10098800ffffffffffffffffffffffffffffffff6f
:10099800ffffffffffffffffffffffffffffffff5f
:1009a800ffffffffffffffffffffffffffffffff4f
:1009b800ffffffffffffffffffffffffffffffff3f
:1009c800ffffffffffffffffffffffffffffffff2f
:1009d800ffffffffffffffffffffffffffffffff1f
:1009e800ffffffffffffffffffffffffffffffff0f
:1009f800ffffffffffffffffffffffffffffffffff
:100a0800ffffffffffffffffffffffffffffffffee
:100a1800ffffffffffffffffffffffffffffffffde
:100a2800ffffffffffffffffffffffffffffffffce
:100a3800ffffffffffffffffffffffffffffffffbe
:100a4800ffffffffffffffffffffffffffffffffae
:100a5800ffffffffffffffffffffffffffffffff9e
:100a6800ffffffffffffffffffffffffffffffff8e
:100a7800ffffffffffffffffffffffffffffffff7e
:100a8800ffffffffffffffffffffffffffffffff6e
:100a9800ffffffffffffffffffffffffffffffff5e
:100aa800ffffffffffffffffffffffffffffffff4e
:100ab800ffffffffffffffffffffffffffffffff3e
:100ac800ffffffffffffffffffffffffffffffff2e
:100ad800ffffffffffffffffffffffffffffffff1e
:100ae800ffffffffffffffffffffffffffffffff0e
:100af800fffffffffffffffffffffffffffffffffe
:100b0800ffffffffffffffffffffffffffffffffed
:100b1800ffffffffffffffffffffffffffffffffdd
:100b2800ffffffffffffffffffffffffffffffffcd
:100b3800ffffffffffffffffffffffffffffffffbd
:100b4800ffffffffffffffffffffffffffffffffad
:100b5800ffffffffffffffffffffffffffffffff9d
:100b6800ffffffffffffffffffffffffffffffff8d
:100b7800ffffffffffffffffffffffffffffffff7d
:100b8800ffffffffffffffffffffffffffffffff6d
:100b9800ffffffffffffffffffffffffffffffff5d
:100ba800ffffffffffffffffffffffffffffffff4d
:100bb800ffffffffffffffffffffffffffffffff3d
:100bc800ffffffffffffffffffffffffffffffff2d
:100bd800ffffffffffffffffffffffffffffffff1d
:100be800ffffffffffffffffffffffffffffffff0d
:100bf800fffffffffffffffffffffffffffffffffd
:100c0800ffffffffffffffffffffffffffffffffec
:100c1800ffffffffffffffffffffffffffffffffdc
:100c2800ffffffffffffffffffffffffffffffffcc
:100c3800ffffffffffffffffffffffffffffffffbc
:100c4800ffffffffffffffffffffffffffffffffac
:100c5800ffffffffffffffffffffffffffffffff9c
:100c6800ffffffffffffffffffffffffffffffff8c
:100c7800ffffffffffffffffffffffffffffffff7c
:100c8800ffffffffffffffffffffffffffffffff6c
:100c9800ffffffffffffffffffffffffffffffff5c
:100ca800ffffffffffffffffffffffffffffffff4c
:100cb800ffffffffffffffffffffffffffffffff3c
:100cc800ffffffffffffffffffffffffffffffff2c
:100cd800ffffffffffffffffffffffffffffffff1c
:100ce800ffffffffffffffffffffffffffffffff0c
:100cf800fffffffffffffffffffffffffffffffffc
:100d0800ffffffffffffffffffffffffffffffffeb
:100d1800ffffffffffffffffffffffffffffffffdb
:100d2800ffffffffffffffffffffffffffffffffcb
:100d3800ffffffffffffffffffffffffffffffffbb
:100d4800ffffffffffffffffffffffffffffffffab
:100d5800ffffffffffffffffffffffffffffffff9b
:100d6800ffffffffffffffffffffffffffffffff8b
:100d7800ffffffffffffffffffffffffffffffff7b
:100d8800ffffffffffffffffffffffffffffffff6b
:100d9800ffffffffffffffffffffffffffffffff5b
:100da800ffffffffffffffffffffffffffffffff4b
:100db800ffffffffffffffffffffffffffffffff3b
:100dc800ffffffffffffffffffffffffffffffff2b
:100dd800ffffffffffffffffffffffffffffffff1b
:100de800ffffffffffffffffffffffffffffffff0b
:100df800fffffffffffffffffffffffffffffffffb
:100e0800ffffffffffffffffffffffffffffffffea
:100e1800ffffffffffffffffffffffffffffffffda
:100e2800ffffffffffffffffffffffffffffffffca
:100e3800ffffffffffffffffffffffffffffffffba
:100e4800ffffffffffffffffffffffffffffffffaa
:100e5800ffffffffffffffffffffffffffffffff9a
:100e6800ffffffffffffffffffffffffffffffff8a
:100e7800ffffffffffffffffffffffffffffffff7a
:100e8800ffffffffffffffffffffffffffffffff6a
:100e9800ffffffffffffffffffffffffffffffff5a
:100ea800ffffffffffffffffffffffffffffffff4a
:100eb800ffffffffffffffffffffffffffffffff3a
:100ec800ffffffffffffffffffffffffffffffff2a
:100ed800ffffffffffffffffffffffffffffffff1a
:100ee800ffffffffffffffffffffffffffffffff0a
:100ef800fffffffffffffffffffffffffffffffffa
:100f0800ffffffffffffffffffffffffffffffffe9
:100f1800ffffffffffffffffffffffffffffffffd9
:100f2800ffffffffffffffffffffffffffffffffc9
:100f3800ffffffffffffffffffffffffffffffffb9
:100f4800ffffffffffffffffffffffffffffffffa9
:100f5800ffffffffffffffffffffffffffffffff99
:100f6800ffffffffffffffffffffffffffffffff89
:100f7800ffffffffffffffffffffdfffdeffffffba
:100f8800deffffffbef7ffffffffffffdefffffff4
:100f9800deffffffffff9ef7ffffbef7fffffeff2d
:100fa800fefffffffffffefffeffffffffffdef775
:100fb800ffffffffffffffffffffffffffffffff39
:100fc800ffffffffffffffffffffffffffffffff29
:100fd800ffffffffffffffffffffffffffffffff19
:100fe800ffffffffffffffffffffffffffffffff09
:100ff800fffffffffffffffffffffffffffffffff9
:10100800ffffffffffffffffffffffffffffffffe8
:10101800ffffffffffffffffffffffffffffffffd8
:10102800ffffffffffffffffffffffffffffffffc8
:10103800ffffffffffffffffffffffffffffffffb8
:10104800ffffffffffffffffffffffffffffffffa8
:10105800ffffffffffffffffffffffffffffffff98
:10106800ffffffffffffffffffffffffffffffff88
:10107800ffffffffffffffffffffffffffffffff78
:10108800ffffffffffffffffffffffffffffffff68
:10109800ffffffffffffffffffffffffffffffff58
:1010a800ffffffffffffffffffffffffffffffff48
:1010b800ffffffffffffffffffffdef7def7def7b3
:1010c800ffffffffffffbef7fffffbde5ce75cef04
:1010d800bef7dfffbef7ffffffffdff7fffffffff2
:1010e800ffffffffdeffffffffffffffdeffffff4a
:1010f800bef7ffffffffffffdef7ffffffffffff6a
:10110800ffffffffffffffffffffffffffffffffe7
:10111800ffffffffffffffffffffffffffffffffd7
:10112800ffffffffffffffffffffffffffffffffc7
:10113800ffffffffffffffffffffffffffffffffb7
:10114800ffffffffffffffffffffffffffffffffa7
:10115800ffffffffffffffffffffffffffffffff97
:10116800ffffffffffffffffffffffffffffffff87
:10117800ffffffffffffffffffffffffffffffff77
:10118800ffffffffffffffffffffffffffffffff67
:10119800ffffffffffffffffffffffffffffffff57
:1011a800ffffffffffffffffffffffffffffffff47
:1011b800ffffffffffffffffffffffffffffffff37
:1011c800ffffffffffffffffffffffffffffffff27
:1011d800ffffffffffffffffffffffffffffffff17
:1011e800ffffffffffffffffffffffffffffffff07
:1011f800ffffffffffffffffffffdef7deffbef78a
:101208009ef7dfff1bdfb6b53084aa528a52694abf
:101218004d6bbad69defbef7ffffdfffffffdfff85
:10122800dfffffffffffffffffffdfffffffffff06
:10123800ffffffffffffffffffffffffffffffffb6
:10124800ffffffffffffffffffffffffffffffffa6
:10125800ffffffffffffffffffffffffffffffff96
:10126800ffffffffffffffffffffffffffffffff86
:10127800ffffffffffffffffffffffffffffffff76
:10128800ffffffffffffffffffffffffffffffff66
:10129800ffffffffffffffffffffffffffffffff56
:1012a800ffffffffffffffffffffffffffffffff46
:1012b800ffffffffffffffffffffffffffffffff36
:1012c800ffffffffffffffffffffffffffffffff26
:1012d800ffffffffffffffffffffffffffffffff16
:1012e800ffffffffffffffffffffffffffffffff06
:1012f800fffffffffffffffffffffffffffffffff6
:10130800ffffffffffffffffffffffffffffffffe5
:10131800ffffffffffffffffffffffffffffffffd5
:10132800ffffffffffffffffffffffffffffffffc5
:10133800ffffffffffffffffffffdfff7defdfff87
:1013480079ceaa520421e420a3180421c739cb5a24
:101358006a4a8a52ae733ce7ffffdef7ffffffffe2
:10136800ffffffffffffffffffffffffffffbef7ce
:10137800ffffffffdef7ffffdef7ffffffffffffc7
:10138800ffffffffffffffffffffffffffffffff65
:10139800ffffffffffffffffffffffffffffffff55
:1013a800ffffffffffffffffffffffffffffffff45
:1013b800ffffffffffffffffffffffffffffffff35
:1013c800ffffffffffffffffffffffffffffffff25
:1013d800ffffffffffffffffffffffffffffffff15
:1013e800ffffffffffffffffffffffffffffffff05
:1013f800fffffffffffffffffffffffffffffffff5
:10140800ffffffffffffffffffffffffffffffffe4
:10141800ffffffffffffffffffffffffffffffffd4
:10142800ffffffffffffffffffffffffffffffffc4
:10143800ffffffffffffffffffffffffffffffffb4
:10144800ffffffffffffffffffffffffffffffffa4
:10145800ffffffffffffffffffffffffffffffff94
:10146800ffffffffffffffffffffffffffffffff84
:10147800ffffffffffffffffffffdfffbef7d7bd47
:101488000421e418042162100421c4180421042151
:10149800c739aa528a5213a599d6ffffffffffff4b
:1014a800ffffdef7deffffffffffffffffffffff8e
:1014b800ffffdeffffffffffdeffffffffffffff76
:1014c800ffffffffffffffffffffffffffffffff24
:1014d800ffffffffffffffffffffffffffffffff14
:1014e800ffffffffffffffffffffffffffffffff04
:1014f800fffffffffffffffffffffffffffffffff4
:10150800ffffffffffffffffffffffffffffffffe3
:10151800ffffffffffffffffffffffffffffffffd3
:10152800ffffffffffffffffffffffffffffffffc3
:10153800ffffffffffffffffffffffffffffffffb3
:10154800ffffffffffffffffffffffffffffffffa3
:10155800ffffffffffffffffffffffffffffffff93
:10156800ffffffffffffffffffffffffffffffff83
:10157800ffffffffffffffffffffffffffffffff73
:10158800ffffffffffffffffffffffffffffffff63
:10159800ffffffffffffffffffffffffffffffff53
:1015a800ffffffffffffffffffffffffffffffff43
:1015b800ffffffffffffffffffffdef79ad60000e8
:1015c8002421e420a31805210421a318e4200421e0
:1015d800a218284aca5a694aae73fefffeffbdf731
:1015e800ddf7fefffeffbdf7bdf7feff7cef17be80
:1015f800feff5ce7dadebdf7fefffeffdeffdeff83
:10160800ffffffffffffffffffffffffffffffffe2
:10161800ffffffffffffffffffffffffffffffffd2
:10162800ffffffffffffffffffffffffffffffffc2
:10163800ffffffffffffffffffffffffffffffffb2
:10164800ffffffffffffffffffffffffffffffffa2
:10165800ffffffffffffffffffffffffffffffff92
:10166800ffffffffffffffffffffffffffffffff82
:10167800ffffffffffffffffffffffffffffffff72
:10168800ffffffffffffffffffffffffffffffff62
:10169800ffffffffffffffffffffffffffffffff52
:1016a800ffffffffffffffffffffffffffffffff42
:1016b800ffffffffffffffffffffffffffffffff32
:1016c800ffffffffffffffffffffffffffffffff22
:1016d800ffffffffffffffffffffffffffffffff12
:1016e800ffffffffffffffffffffffffffffffff02
:1016f800ffffffffffffffffffffdef775ad2108cc
:10170800a31804212521e4200521e420e420c32096
:1017180004292429284a89524c6b9cf7fdffddf7e0
:10172800fdffddf7fadef5bdb4b536c698d61adf8b
:10173800f9defadefadefadefeffdef7def7deffbe
:10174800ffffffffdfffdfffffffffffdfffdfff21
:10175800ffffffffffffffffffffdfffdfffffffd1
:10176800ffffffffffffffffffffffffffffffff81
:10177800ffffffffffffffffffffffffffffffff71
:10178800ffffffffffffffffffffffffffffffff61
:10179800ffffffffffffffffffffffffffffffff51
:1017a800ffffffffffffffffffffffffffffffff41
:1017b800ffffffffffffffffffffffffffffffff31
:1017c800ffffffffffffffffffffffffffffffff21
:1017d800ffffffffffffffffffffffffffffffff11
:1017e800ffffffffffffffffffffffffffffffff01
:1017f800fffffffffffffffffffffffffffffffff1
:10180800ffffffffffffffffffffffffffffffffe0
:10181800ffffffffffffffffffffffffffffffffd0
:10182800ffffffffffffffffffffffffffffffffc0
:10183800ffffffffffffffffffffdfff149d00001b
:10184800042104210521e420c4200529e4200421e1
:101858004529c3204531aa5ab19c5bef3adf3ae7e4
:101868003ae73adf5be7bcf7bcef5ae7bcf75ae761
:1018780077cebcf7d5b5bdf77cefdadedefffeff2d
:10188800ffffdfffdfffdfffffffffffffffffffc0
:10189800ffffffffdfffbef79ef79defdfffdfffd4
:1018a800ffffffffffffffffffffffffffffffff40
:1018b800ffffffffffffffffffffffffffffffff30
:1018c800ffffffffffffffffffffffffffffffff20
:1018d800ffffffffffffffffffffffffffffffff10
:1018e800ffffffffffffffffffffffffffffffff00
:1018f800fffffffffffffffffffffffffffffffff0
:10190800ffffffffffffffffffffffffffffffffdf
:10191800ffffffffffffffffffffffffffffffffcf
:10192800ffffffffffffffffffffffffffffffffbf
:10193800ffffffffffffffffffffffffffffffffaf
:10194800ffffffffffffffffffffffffffffffff9f
:10195800ffffffffffffffffffffffffffffffff8f
:10196800ffffffffffffffffffffffffffffffff7f
:10197800ffffffffffffffffffffdfff79d600003c
:10198800e4180421c420c528c4200521e42004212a
:1019980041102842708c5be77bef7bef9bef9bef5e
:1019a800bbef9bef9bef9bef9bef9befbbef7befbf
:1019b8009befdcf7bcf77befbceffeff5be71bdfc1
:1019c8007cefdef7ffffdef7bef7feffffffbef797
:1019d800bad638c6308c2d6b518cb6bd79ce9ef7f1
:1019e800deffffffffffffffdfffffffffffffff40
:1019f800fffffffffffffffffffffeffffffdfff10
:101a0800fffffdfffdfffef7dff7dfffffffffff33
:101a1800ffffffffffffffffffffffffdeffffffef
:101a2800fffffffffffffeffdeffffffffffffffe0
:101a3800ffffffffffffffffffffffffffffffffae
:101a4800ffffffffffffffffffffffffffffffff9e
:101a5800ffffffffffffffffffffffffffffffff8e
:101a6800ffffffffffffffffffffffffffffffff7e
:101a7800ffffffffffffffffffffffffffffffff6e
:101a8800ffffffffffffffffffffffffffffffff5e
:101a9800ffffffffffffffffffffffffffffffff4e
:101aa800ffffffffffffffffffffffffffffffff3e
:101ab800ffffffffffffffffffffdfff96b5863148
:101ac800e418e4200529e5282531a318c318eb629a
:101ad80033a598d67cefdcf79cefbbef9bef9bef31
:101ae8009bef9bef9bef9bef9bef9bef9bef9bef9e
:101af8009bef9bef9bef9bef9cefddf7bdf7feffa6
:101b0800bdf71bdf1ce7ffffffff9def79ce0b63df
:101b1800aa52694aaa5289528952aa52518c79ce3c
:101b2800ffffffffdeffdffffffffffffffffffffe
:101b3800fffffffffffffffffffffeffffffbfffee
:101b4800fffffdf75adffef7ffffffffffffffff75
:101b5800fffffffffffffffffffffffffeffdef7b7
:101b6800dfffdefffffffeffffffdfffffffffffdf
:101b7800ffffffffffffffffffffffffffffffff6d
:101b8800ffffffffffffffffffffffffffffffff5d
:101b9800ffffffffffffffffffffffffffffffff4d
:101ba800ffffffffffffffffffffffffffffffff3d
:101bb800ffffffffffffffffffffffffffffffff2d
:101bc800ffffffffffffffffffffffffffffffff1d
:101bd800ffffffffffffffffffffffffffffffff0d
:101be800fffffffffffffffffffffffffffffffffd
:101bf800ffffffffffffffffdfffdfff5defeb5a98
:101c080082102529c320c320e3284c6bd6bdd9de1a
:101c1800bdf79cefdcf75ae77be79be79bef9bef71
:101c28009bef9bef9bef9bef9bef9bef9bef9bef5c
:101c38009bef7bef7bef9bef9cef9ceffdf7feffad
:101c4800feffffff9df77cef7defbad6694a694a30
:101c5800ca5a6952e7416531442904210842ab5afe
:101c6800718cbef7def79ef7ffffdfffffffffff78
:101c7800fffffffffffffffffffffeffffffbff7b5
:101c8800fffffcf734b6fdf7ffffdfffffffffffa5
:101c9800ffffffffffffffffffffffffdefffeff6e
:101ca800ffffffffffffffffffffffffffffffff3c
:101cb800ffffffffffffffffffffffffffffffff2c
:101cc800ffffffffffffffffffffffffffffffff1c
:101cd800ffffffffffffffffffffffffffffffff0c
:101ce800fffffffffffffffffffffffffffffffffc
:101cf800ffffffffffffffffffffffffffffffffec
:101d0800ffffffffffffffffffffffffffffffffdb
:101d1800ffffffffffffffffffffffffffffffffcb
:101d2800ffffffffffffffffffffffffffffffffbb
:101d3800ffffffffffffffffdfffdfffbef75ce7ef
:101d480013a5eb626852a95ad19c77ce9bef9bef03
:101d58009bef7be7bbefbbef9befbbe79bef9beffb
:101d68009bef9bef9bef9bef9bef9bef9befbbeffb
:101d78009bef9bef9bef9bef9bef7bef9cef7bef4a
:101d8800bdf7feffdef7feff5ce7ce7b284a284a58
:101d98006529c318e320e42004212521a318c739a5
:101da800494a1be7ffffffffdef7ffffffffffffcb
:101db800fffffffffffffffffffffeffffffdfff4c
:101dc800feff99e7709dfceffff7bef7ffffffffef
:101dd800ffffdfffdfffdfffffffffffffffffff6b
:101de800def7ffffbef7ffffdeffffffffffffff8e
:101df800ffffffffffffffffffffffffffffffffeb
:101e0800ffffffffffffffffffffffffffffffffda
:101e1800ffffffffffffffffffffffffffffffffca
:101e2800ffffffffffffffffffffffffffffffffba
:101e3800ffffffffffffffffffffffffffffffffaa
:101e4800ffffffffffffffffffffffffffffffff9a
:101e5800ffffffffffffffffffffffffffffffff8a
:101e6800ffffffffffffffffffffffffffffffff7a
:101e7800ffffffffffffffffffffdeffdef7feffb5
:101e8800feff9cf794b594b53ae79bf7bbf79bef39
:101e98007aef9bef7ae79be79be7bbe7bbef9bef0c
:101ea8009bef9bef9bef9bef9bef9bef9bef9befda
:101eb8009bef9bef9bef9bef9bef7bef7be7fdf7a8
:101ec8003ae75be7feffdeffbdf77defab52e420ac
:101ed800e4204529e420e420e420c418c418252976
:101ee8000842f7bdbef7ffffffffdef7ffffffff6a
:101ef800fffffffffffffffffffffeffdfffffff0b
:101f0800feff17d74f95fbeffef7bef7dfffdfffaa
:101f1800dfffdfffdfffffffffffffffffffbef772
:101f2800fffffeffbdf7bef7fefffeffffffffff4f
:101f3800ffffffffffffffffffffffffffffffffa9
:101f4800ffffffffffffffffffffffffffffffff99
:101f5800ffffffffffffffffffffffffffffffff89
:101f6800ffffffffffffffffffffffffffffffff79
:101f7800ffffffffffffffffffffffffffffffff69
:101f8800ffffffffffffffffffffffffffffffff59
:101f9800ffffffffffffffffffffffffffffffff49
:101fa800ffffffffffffffffffffffffffffffff39
:101fb800fffffffffffffefffeffddfffeff7bf7da
:101fc8003aef73b5b7d639e77aef9aefbbf79befdd
:101fd8009bef9befbcef9befbcefbcefbbefbbef06
:101fe8009bef9bef9bef9bef9bef9bef9bef7befb9
:101ff8009befbbefbbef9bef7bef7bef9cefbcf75f
:102008007bef9cefbcf79ceffefffffffcdeab5abb
:102018006631c41805210521a418c418e420a318a2
:10202800c739af7bffffdef79ef7ffffffffffff1c
:10203800fffffffffffffffffffffeffdfffffffc9
:10204800fdf7d4c66e95dae7fef7ffffdfffffff67
:10205800fffffffffffffffffffffefffff7fef79a
:10206800dcefb8ce7cefbef7fefffeffffffffff01
:10207800ffffffffffffffffffffffffffffffff68
:10208800ffffffffffffffffffffffffffffffff58
:10209800ffffffffffffffffffffffffffffffff48
:1020a800ffffffffffffffffffffffffffffffff38
:1020b800ffffffffffffffffffffffffffffffff28
:1020c800ffffffffffffffffffffffffffffffff18
:1020d800ffffffffffffffffffffffffffffffff08
:1020e800fffffffffffffffffffffffffffffffff8
:1020f800fffffffffffffefffdffddff9bf7b8dee1
:1021080052b535ce59ef59e77ae7bbefbbef9beff6
:10211800dcf79bef9bef5be7bcefbcf7bbef9beffc
:102128009bef9bef9bef9bef9bef9bef9bef9bef57
:102138009bef9bef9bef9bef7bef9bef7bef9bef87
:102148009bef9bef9cef9cefbdf7deffffff38c6d0
:1021580041080421252905212529e5202529462985
:102168008a52cf7b5defbef7ffffffffffffffff48
:10217800fffffffffffffffffffffeffdfffffff88
:10218800fcf7d4c66d9599dffdf7ffffffffffff52
:10219800dffffffffffffefffdf7fdf7fcef79df35
:1021a80013b672a53adfffffffffdef7ffffffff61
:1021b800ffffffffffffffffffffffffffffffff27
:1021c800ffffffffffffffffffffffffffffffff17
:1021d800ffffffffffffffffffffffffffffffff07
:1021e800fffffffffffffffffffffffffffffffff7
:1021f800ffffffffffffffffffffffffffffffffe7
:10220800ffffffffffffffffffffffffffffffffd6
:10221800ffffffffffffffffffffffffffffffffc6
:10222800ffffffffffffffffffffffffffffffffb6
:10223800fffffffffefffefffdfffdff76ce72b53d
:1022480093c518ef9af7dbef9ae77ae77ae75ae748
:102258007bef9bef7bef7bef9cef7bef9bef9befa5
:102268009bef9bef9bef9bef9bef9bef9bef9bef16
:102278009bef9bef9bef9bef9bef9bef9bef9bef06
:102288009bef9bef9bef9cef7ceffeffbef7bdf74c
:1022980054ad00006531c318052104210521294ae0
:1022a800494ad39cbef7ffffdfffdfffffffffffb9
:1022b800fffffffffffffffffffffeffffffffff27
:1022c800fcf7d3c62c8537cffdefffffdeffdeff1f
:1022d800fefffefffefffdf7fcf7dbeff6c64e95af
:1022e8004e9578dfbcefffffffffffffffffffff0b
:1022f800ffffffffffffffffffffffffffffffffe6
:10230800ffffffffffffffffffffffffffffffffd5
:10231800ffffffffffffffffffffffffffffffffc5
:10232800ffffffffffffffffffffffffffffffffb5
:10233800ffffffffffffffffffffffffffffffffa5
:10234800ffffffffffffffffffffffffffffffff95
:10235800ffffffffffffffffffffffffffffffff85
:10236800ffffffffffffffffffffffffffffffff75
:10237800dfffdffffefffdffbcfff5c592bdb2bd6d
:10238800f7e679f79af79bef7be79bef7ae7bbefe6
:102398005ae79bef9bef9bef9bef9befbbeffdff9c
:1023a800bcefbbef9be79be7bbef9befdcf75ae784
:1023b800bcf79bef7ae79bef7ae7bbef9be79be7de
:1023c8009bef7aefbbef9bef9beffdff9cefdef7f8
:1023d8001bdf8952c2182421e3202842a731c739bc
:1023e80071949ad6dfffffffbef7ffffffffdfff05
:1023f800fffffffffff7fff7ffffdeffffffbdf760
:10240800fcf715cf0d8db4c6fbf7feffdfffdef737
:10241800fef7feefbef7feffbae711a6af958d8d6a
:102428002e9ed7dffdf7dffffffffef7feffffff62
:10243800ffffffffffffffffffffffffffffffffa4
:10244800ffffffffffffffffffffffffffffffff94
:10245800ffffffffffffffffffffffffffffffff84
:10246800ffffffffffffffffffffffffffffffff74
:10247800ffffffffffffffffffffffffffffffff64
:10248800ffffffffffffffffffffffffffffffff54
:10249800ffffffffffffffffffffffffffffffff44
:1024a800ffffffffffffffffffffffffbef7ffff7d
:1024b800bef7fffffeffbcff77d652b5b3c535d6d2
:1024c8007af7bbf75aeffdff3ae77be79cef5be74c
:1024d8009cef7be7bcf79cef57c6b5b50a5b884a0b
:1024e8000e7cf6bd7be7bcf79bef7be77ae7bcef9a
:1024f8009bef7bef9bef7be79bef5ae75ae77be786
:102508005adfbbef7bef9bef7bef9befddf77cefb9
:10251800bdf7f29cc2188531e739a631108418c678
:10252800ffffdfffdfffdff7def7fffffeffddff67
:10253800fefffdfffdfffeffddf7feffdffffefff5
:10254800fcf737d7ed8c54befdf7def7fdff7be7d0
:1025580097cefdf7fcf716cf8d8dac85cc8dad955c
:10256800f4c6fbf7fdf7fef7fff79eef9defdef7ea
:10257800fffffffffffffefffeffffffffffffff65
:10258800ffffffffffffffffffffffffffffffff53
:10259800ffffffffffffffffffffffffffffffff43
:1025a800ffffffffffffffffffffffffffffffff33
:1025b800ffffffffffffffffffffffffffffffff23
:1025c800ffffffffffffffffffffffffffffffff13
:1025d800ffffffffffffffffffffffffffffffff03
:1025e800fffffffffffffffffffffffffffffffff3
:1025f800def7ddff9cf736ce55d6d3c5d3c596debc
:10260800bbff9bf77bef5be7ddf77be77befddf756
:102618009cef7cef75ad8531a63185314529a6390a
:10262800a631e7396c6bd9d67bef9cefbbef9beffc
:102638005ae7fcf79bef9befdcef9ceffdf77be79e
:10264800bcefbcefdcf77bef5ae7dcf7ddf79cef7c
:10265800bcf757c6139d508414a5dad6def7ffffe2
:10266800ffffbef7ffffdff7defffeff3af7f4cd0f
:102678008ea46d9cf3c59bf7fdffddf7ffffbdf74b
:10268800fefffbf734b691a5dcefddef39df93ad44
:10269800fcf799e792b6ac8daa7d0b8eab7def9dca
:1026a800dbef7befdbeffcf7f9cefad67cefbef77a
:1026b800fffffffffffffefffefffeffffffffff25
:1026c800ffffffffffffffffffffffffffffffff12
:1026d800ffffffffffffffffffffffffffffffff02
:1026e800fffffffffffffffffffffffffffffffff2
:1026f800ffffffffffffffffffffffffffffffffe2
:10270800ffffffffffffffffffffffffffffffffd1
:10271800ffffffffffffffffffffffffffffffffc1
:10272800ffffffffffffffffffffffffffffdeffd2
:10273800bdf7bcffb8de96de75deb2c5d4c559ef6d
:102748009bf77aef7bef7be73adfddf79cef9cefb7
:10275800b5b5895244290421c318a3186210e4208e
:10276800e420a639032199d65be75be7bbefdcf7ea
:102778009bef9cef5be7ddf7bdf77cef7cef5be75a
:102788003bdfbcef9befbcf79bef9bef9bef5ae760
:102798007befddf73be7feffffffffffffffffffdc
:1027a800ffffffffffffdef7feffddff52bd898b56
:1027b800888b4783a56a8f9cddffdfffdfffdeff85
:1027c800feffdcef59dff3ad99df9adff5b59bef3c
:1027d800bbef31a60d8e0b860c8ecc8dad8d35c71b
:1027e800fae799dfd3be8e9d52b69ae7bdf7def7ba
:1027f800fffffffffefffeffffffffffffffffffe3
:10280800ffffffffffffffffffffffffffffffffd0
:10281800ffffffffffffffffffffffffffffffffc0
:10282800ffffffffffffffffffffffffffffffffb0
:10283800ffffffffffffffffffffffffffffffffa0
:10284800ffffffffffffffffffffffffffffffff90
:10285800ffffffffffffffffffffffffffffffff80
:10286800ffffffffffffffffffffffffdef7def7c2
:10287800feff97de92bdd7e675def2cdd3c5baff6f
:102888007aefbbf7bbef9beffdff3ae71adfee7b72
:10289800a5312421e318a21004212421e420821860
:1028a80065296529c63957c65be79cef7bef9bef27
:1028b800bcef5be7ddf75cef78ce8952e73907427a
:1028c800a952f6bdbcf79befbcf77ae77ae7dcf7cd
:1028d800dcf77bef98cefefffefffffffeffbef7a3
:1028e800fffffffffffffffffeffbcff4da4278395
:1028f800e9a3abb44ba435d6deff7ff7dfffffffbc
:10290800def7fdf7fcf7f6c62f8dee8c9ae7dae7cf
:1029180011a6cc8dc9754a86ab8dae9d14c733bf41
:10292800ee8dad8dad9530ae97dfb9e7fdfffeffbb
:10293800ffffffffdeffffffffffffffffffffffc0
:10294800ffffffffffffffffffffffffffffffff8f
:10295800ffffffffffffffffffffffffffffffff7f
:10296800ffffffffffffffffffffffffffffffff6f
:10297800ffffffffffffffffffffffffffffffff5f
:10298800ffffffffffffffffffffffffffffffff4f
:10299800ffffffffffffffffffffffffffffffff3f
:1029a800ffffffffffffffffffffffffffffdeff50
:1029b800d9de32adb3c575deb6e613d634cebaf776
:1029c800fcff7bef9bef5be79cef94b5884a853172
:1029d80003212421e318ae73fbde1be779ce4529da
:1029e800e3200321c639d9d69cef5be7bbef7be731
:1029f8005be7bcf75ceff29c4529494ae31886314e
:102a0800e739a63137c67bef7bef9befbcf77be757
:102a18003ae7fdfffadefeffdeffffffffffbef72e
:102a2800ffffdfffffffdef7bcf7fcffea93888bb1
:102a3800abbcccb42a9c9af7fefffffffeffddf784
:102a4800feffdbef95c6b1a532aed09d57cf72b66b
:102a5800cd8d0b8e2a86c9854d9e4fb66b95ec950c
:102a68000c8eed8d51a6b9e7dbf7fdfffdfffeffec
:102a7800ffffffffffffffffffffdfffffffffff7e
:102a8800ffffffffffffffffffffffffffffffff4e
:102a9800ffffffffffffffffffffffffffffffff3e
:102aa800ffffffffffffffffffffffffffffffff2e
:102ab800ffffffffffffffffffffffffffffffff1e
:102ac800ffffffffffffffffffffffffffffffff0e
:102ad800fffffffffffffffffffffffffffffffffe
:102ae800ffffffffffffffffffffffffdef7feff18
:102af80098d615cef4cd75de75de95ded7de79ef86
:102b08009bef7be7ddf71bdf0b63c6394529042103
:102b180004210000bad679ce6d6baa5271949294b2
:102b280041088531ce7b5be75be79cef3ae7bcf772
:102b38007be77cef78ce2842252945290421e4202b
:102b4800e318a63107425be75be7bcf79bef7bef37
:102b5800ddf79cef9cef1be7ffffdeffdff7dffff2
:102b6800dff7bff7fffffffffdff59efc98b2a9c77
:102b7800abaccaac6db5f9ff98e779df59dfdbef8d
:102b8800dbefd2add5c6f5ced4be36cf55c7ae8da8
:102b98008d8d2b7d2e9ef5d7efb62b96eb8dec9574
:102ba8006c85b3b6fcefdef7def7ffffdeffdfff75
:102bb800ffffffffffffffffffffffffffffffff1d
:102bc800ffffffffffffffffffffffffffffffff0d
:102bd800fffffffffffffffffffffffffffffffffd
:102be800ffffffffffffffffffffffffffffffffed
:102bf800ffffffffffffffffffffffffffffffffdd
:102c0800ffffffffffffffffffffffffffffffffcc
:102c1800ffffffffffffffffffffffffffffffffbc
:102c2800ffffffffffffffffffffffffffffbdf7f6
:102c3800fdff56d635d617ef75de95de38e7bbf7bc
:102c48007bef7cef139da631c739c739e4200421f7
:102c5800a21855ad7defc739c318653108428631d2
:102c6800c318c63995b59cefbdf75be7bbef5ae7cc
:102c78009cef7bef4c6b2421c418000001008210ec
:102c880045292421853133a5bcf75ae77befbcf7ea
:102c98005be79cef9def1bdfdef7def7ffffdef75c
:102ca800bff7ffffbff7bdf7fdff96d66b946a9c91
:102cb800aa9cca9c4884c66be76b086c096cb4beb6
:102cc8004f9dd5c6d9e732b6f9e7d5c68e8d719e28
:102cd80015bfd9e7daef52b6cb8d097eeb7d0e969c
:102ce800f6ce9cefffffbff7ffffdfffdfffdfff41
:102cf800dffffffffffffefffefffeffffffffffff
:102d0800ffffffffffffffffffffffffffffffffcb
:102d1800ffffffffffffffffffffffffffffffffbb
:102d2800ffffdeffffffffffffffffffffffffffcc
:102d3800ffffffffffffffffdfffffffffffffffbb
:102d4800ffffffffffffffffffffffffffffffff8b
:102d5800ffffffffffffffffffffffffffffffff7b
:102d6800ffffffffffffffffffffffffdef7feff95
:102d78009cff32b5f4cd56de96de96e6f8e65ae7c5
:102d88007be7539d073a084229420421452904213b
:102d9800410818c69ef78a52c31885314529e41898
:102da80004214c6bddf75be7bcef9be79be79beff0
:102db8009befb9d681104429508c17c61ce7718c3b
:102dc800e320e3200421ef7b7be77ae79cef7be7b6
:102dd800ddf77befbdf75cefbdf7feffffffdeff22
:102de800deffbef7ffffddef58d74e958994e88cdc
:102df800e87c0a7d88648764055c476cae95ce9d47
:102e080073b6dae773be17d7bbef17d7bcf7bcf7b3
:102e1800fcffd9e772ae8d85ac856b85ce9577d7eb
:102e28009cefdeffbef7fefffefffeffdeffdeffcc
:102e3800fefffefffefffffffff7fff7ffffffffad
:102e4800ffffffffffffffffffffffffffffffff8a
:102e5800ffffffffffffffffffffffffffffffff7a
:102e6800ffffdeffffffffffffffffffffffffff8b
:102e7800ffffffffffffffffffffffffffffffff5a
:102e8800ffffffffffffffffffffffffffffffff4a
:102e9800fffffffffffffffffffffffffffffeff3b
:102ea800ffffffffffffdef7fffffffffffffeff54
:102eb800bcff8f9c55deb6e634d6d6e6d8de7bef6f
:102ec80097cea529083a6a4a0842e839e418e4186e
:102ed8006210ef7b7defdbde34a514a5eb62c3182f
:102ee80069525cef1adfbdf79cef7be7bcef7bef25
:102ef8009cefd194811085318a5200002c63fbde4f
:102f0800aa5ae3206531484ab8d69befbbefbbef1e
:102f18005be79cef3ce77defffffffffffffbef79e
:102f2800fdffbbef76be6c740964a974c97c866c1e
:102f3800856c655c8664255c876ccc9d36c72f8d57
:102f4800bbe7fcf7b2adf8d6b9cebeeffff7fdf799
:102f580077d7b1b60d966b85ce9d71b699e7fcf71c
:102f6800beffdfffffffffffffffdef7fffffffff3
:102f7800fefffefffefffeffffffffffffffffff5d
:102f8800ffffffffffffffffffffffffffffffff49
:102f9800ffffffffffffffffffffffffffffffff39
:102fa800fefffffffffffffffffffeffdfffdfff6b
:102fb800ffffffffdfffffffffffffffffffffff39
:102fc800ffffffffffffffffffffffffffffffff09
:102fd800fffffffffffffffffffffffffffffffff9
:102fe800ffffbef7ffffffffdfffdfffddf79bf708
:102ff8003aef52bd71bd95de75ded6e6b7de5aef03
:103008005be74421694aec5a6a4ac7316529242199
:103018000421042186313084b294c7394010ca6231
:1030280099d67cf7b8d636c698d65be73adf9befd9
:10303800bcf74c6b0321c2184531e420252979ce11
:103048004c6b61104429c639d5b57ae759e79bef2f
:103058007bef7bef9df75cefdef7bef7dff79cefca
:1030680054be296c686c88648764c76ce86c665cbd
:10307800c76c4564676caa7c52b6d7e72f95b8ce63
:10308800def7ddf7d9de7ae756bedeeffce795b668
:103098008e8d8c85cd8d92b6b9e7dcf7bdffffff2d
:1030a800beffbdf7fefffdf7fef7def7bef7def762
:1030b800fffffffffffffefffefffeffffffffff1b
:1030c800ffffffffffffffffffffffffffffffff08
:1030d800fffffffffffffffffffffffffffffffff8
:1030e800ffffffffffffffffffffdeffdeffdeff4b
:1030f800dfffffffffffffffffffdff7ffffffff20
:10310800ffffffffffffffffffffffffffffffffc7
:10311800fffffffffffffffffffffffffef7ffffc0
:10312800ffff9eefffffdef7def7fffffeffdcff8e
:10313800b3c572bd71c5b6e675de55ded8e63aefa1
:103148009bef4f84a63108422942494ac739863144
:103158004529a6316531653124210421c95ad9deb2
:103168009cf79bf75bef5bef5ae75ae73adf5be7c1
:10317800bdf785312008b29c494ae741b39c7df7e9
:10318800494a4529a318c639684a5be75ae7dcf774
:103198007befbbf719e75aefdcf7fdffbcef509d5b
:1031a800086c8874876c055c66640464456c4774b5
:1031b8000874ec8cf6d6fcf7fef7fbef4874b7ce34
:1031c800bef7defffeff99ef15d7d6cead95ae9dc3
:1031d800d0a5d6c6dbe7fdeffef7ffffddfffdff5d
:1031e800dbeffbefd9e758d7b6c6d8d67befbdf7ec
:1031f800fffffffffffffffffeffdefffffffffff9
:10320800ffffffffffffffffffffffffffffffffc6
:10321800ffffffffffffffffffffffffffffffffb6
:10322800ffffffffffffffffffffbdf7fefffefff2
:10323800deffffffffffdfffffffffffffffffffd7
:10324800ffffffffffffffffffffffffffffffff86
:10325800ffffffffffffffffffffffffffffdef79f
:10326800fff799cebdef7ceffeff5be7dcff39efa0
:1032780072bd51bd31bd72cd96e655de96ded8de03
:103288005ae77befb194284228424842aa5a27427b
:103298008952a9528531a639274af29cd8d63ae7ed
:1032a800fdff5ae77beffcf77ae7bbef9befbcf734
:1032b8009cef2c6300006d735cef7df71ce7ec62fc
:1032c800c320e4200529e841652953a5bdf7bcf7cb
:1032d8003ae79af779efb1b557e7f5d6096c29744b
:1032e800086c496c07646874277c267ce693c9934c
:1032f8000b94b6e6bbfffeff9be774be86742a7c80
:1033080019dffdffbcff16dfafa553b6f5d6daf718
:10331800fcffbdf7defffef7fdefdce737cff4c6b5
:1033280051ae0f9e8d958e95f1ad57dfdcf7fdff01
:10333800feffffffdfffffffffffffffffffffffb6
:10334800ffffffffffffffffffffffffffffffff85
:10335800ffffffffffffffffffffffffdfffffff95
:10336800ffffffffffffffffdeff1adfddf7feffb6
:10337800defffeffffffdfffffffffffffffffff97
:10338800ffffffffffffffffffffffffffffffff45
:10339800ffffffffffffffffffffffffffffdff75d
:1033a800fff7bdf753a5f5b57ae7fcf7bbf714cee1
:1033b80092c551c50fbd30bd55de55deb7e656ceb8
:1033c800fcff3ae7ddf73be7b1940a5be639c5391c
:1033d800c5398431e641b19c98d69cf7bbefdcf740
:1033e8003adf9be7bcef9be7bbef9be79be73adf46
:1033f800ddf758ce2429e320e320c73962100529d8
:103408002529e420a739e84186312c631be77cefa6
:103418009cf7bbf7fbff94cecc8c6a8469744a7422
:103428004f95d6c678dfb8f76b9c668b0abc0ab492
:103438000ba498fffaffb3c6a97c0464456c687caa
:10344800876bb1b5dbffd7d67be7feefffff7defdc
:10345800ddf7fdff99ef73beef9d8d85ed954a75fc
:10346800cc8dab856c8d31b6b8e7f9effdfffeff6b
:10347800feffffffdfffdfffffffffffffffffff95
:10348800ffffffffffffffffffffdef7fef7fef77f
:10349800fef7feffffffffffffffffffbef7ffff87
:1034a800ffffffffffffffffddf7b8d619d7fdf7d6
:1034b800fdf7fef7ffffffffffffffffffffffff27
:1034c800ffffffffffffffffffffffffffffffff04
:1034d800ffffffffffffffffffffffffbef7ffff3d
:1034e800fffffef79ceff0940b74509df2b590b57a
:1034f800b1bd91c570c52fbdefb4b6e696def7e64f
:1035080096ce9bef5ae77bef9bf79bef7bef3ae773
:1035180019e7b8d677cef8de5aefb8d67bef7ae758
:103528007bef9befbbef9be7dcefdcef9ae7fdf768
:103538007be79cef54ad074224292429863145298d
:103548008631e841e8416a520742c952b8d6bcf709
:103558003ae7bcf75aef2d84ef9475c657dffbf7af
:10356800fdf79ce7dcf7baff899389a3a8ab49b4b8
:103578006dbd13df8c952464025ca4744564456cae
:10358800e66ba77370b515c6ddf7fef7ddefbbdf99
:1035980094b6ae8d6b8d8a8dea950b8ecb850c9685
:1035a800ec8d6d8d57d7dbf7bceffdffddffdeff40
:1035b800feffffffffffffffffffffffffffffff14
:1035c800ffffffffffffffffbeef5de7fdf7fef721
:1035d800fef7fefffffffffffffffffffffffffffd
:1035e800dfffffffdffffffffefff9de35bedbef8a
:1035f800fdf7fef7ffffffffffffdfffffffffff06
:10360800ffffffffffffffffffffffffffffffffc2
:10361800ffffffffffffffffffffffffffffffffb2
:10362800def7ddf7fdf7daef12aee96be9736763f2
:1036380009842eb5f1cd90c5eeacf3c596de75d6ee
:10364800b7d65ae7bbef7bef9befbbf7bbf79bf710
:103658009bf7d4bd97d65aefd8de97d652a536c673
:10366800bcef5ae77be7fdf79be79be7dbef7ae7e1
:10367800ddf79cef79ce07420742e739c639e741c3
:10368800484aaa52ab5a895227420e7c5bef7bef1d
:103698009cf79cf71adf5be7fefffef7fefffef7dd
:1036a800dff7fff7fdffd8ee2893aab308ac67a4ad
:1036b800e694856c2454635c435ce45ba76ca2537a
:1036c800e14a4663a452f7dedcf7d8e733c70e8e2b
:1036d800cb756c864b86e985ea95ca8dcc956b854a
:1036e800b1ae98d79cefbfffdfffffffffffdfff03
:1036f800fffffffffffffefffef7fefffefffeffdf
:10370800dfffffffffffffffdef79ce755b6dbe7b4
:10371800dbefddf7ffffdfffffffdeffffffffff50
:10372800ffffdffffffffffffeff9ae7519dd7cea8
:10373800fdeffff7feffddf7fefffff7ffffffffdf
:10374800ffffffffffffffffffffffffffffffff81
:10375800ffffffffffffffffffffffffdef7fef7a3
:10376800fef7bce7dae7fbeff8e710ae67748453bf
:10377800845b2353a773ed9c70b50ead95d695d693
:1037880095cef7de39e7bbf79bef9bef9bef7aef20
:10379800f8de51ad96d6bbffd7ded4c50221801026
:1037a800cd7bd9d6bcf77bef7bef9bf75bef5bef6d
:1037b8007be77be7dcefac6ba5312742474ac95a68
:1037c800ca5a684a484a884a6b6b97cebbefdcfff7
:1037d800bdff59d63defbff7ffffffffdff7fff74c
:1037e800fff7dff7bdff35de278308ac27aca6a4bb
:1037f8000174c374c4644354a04b636ca67484748a
:10380800645bf3bd36c6fef71acfb3b62e862e8696
:103818000c7e2b860a86ea856985cc9571b637d7e2
:10382800ddeffff7dff7dfffffffbfffdfffffff82
:10383800ffffffffffffffffffffffffffffffff90
:10384800fffffffffffffffffef7ddefb6c62f9577
:10385800d6cefbf7bcefffffbef7ffffffffffff72
:10386800ffffffffffffdef7fefffcf7719db1a52d
:1038780079dffef7def7fefffeffbff7ffffffff72
:10388800ffffffffffffffffffffffffffffffff40
:10389800ffffffffffffffffffffffffffffffff30
:1038a800fef7f9d631952b740c8deb8c8b8d255c3e
:1038b800a353c45b645bc76b2d9dab8c2a842d9d81
:1038c800d4ced5cef7de5aef3ae7dcff9bef9bf775
:1038d80076ce11a5b7de19e77bf797deee83e220f7
:1038e800e218a2104c6b79cefadeb9d698ce16be85
:1038f80053a5dcf77bef77ced9d6b1940e846c6be9
:10390800ad734f84f29cf6bd1adfdcf77defbdf78f
:103918007cef5beffefffeff9deffef7bef7def7e5
:103928007de7feffbcff10b5879307a426ac85a4ee
:10393800427c20648164e56ca253c4634c6c296c9e
:1039480011ae99e738df79df11a6cb95e98da98506
:10395800aa858b85ce9572b616cfdae7fdf7ddf727
:10396800ddf7feffffffdefffefffeffdfffffffcd
:10397800ffffffffffffffffffffffffffffffff4f
:10398800fffffffffffffffffefffef7bae72f9dd8
:103998002e9572be78dfdcefffffdff7dfffffff5a
:1039a800deffdefffffffffffefffdf712b64d95be
:1039b80092b6fcefdef7ffffbef7dffffefffeff6c
:1039c800ffffffffffffffffffffffffffffffffff
:1039d800ffffffffffffffffffffffffffffdfff0f
:1039e800bdf7fdffdbf7d1ad497c07742564e774ab
:1039f80086640454c45b43534874ada5287c28747a
:103a0800897c8fa5b5ce76d6f9e63aef9bf73ae7eb
:103a180015c611a536cef9e67bf73aefb9d69194db
:103a2800032124212421e3184108042161084429a1
:103a380094b55aefd8def9de7befbcf7ddf7bdf7ba
:103a48007bef9ceffdff7bef5bef5befbff7fbdef0
:103a5800fadefdfffdf7fdf7fefffeffbffffeffed
:103a6800dbef78e7f1bd457b859347aca7b40394ba
:103a7800017c63742464844b897455d7bbdf12ae10
:103a880033b6b2a5d5c6909d6e952ea60eae51b68c
:103a980077d7bae7fcefbdefbff7dfffbffffeff49
:103aa800dcffbcf7feffffffffffdef7ffffffffb6
:103ab800ffffffffffffffffffffffffffffffff0e
:103ac800fffffffffffffefffefffeffdbf7f6d65f
:103ad800c86b0b85ae9536cffcefbdefbef7ffff89
:103ae800ffffffffffffbef7def7feff36cf8d9526
:103af800cd9516c7fef7ffff9ef7dffffefffeff1f
:103b0800ffffffffffffffffffffffffffffffffbd
:103b1800ffffffffffffffffffffffffdeffdeffef
:103b2800fffffdff56c62fa510be8da5687405645e
:103b38004664e55b634b4453645ba563ea8c487455
:103b48004874aa844ea571b5f4cd96de39ef19e70d
:103b580056ce97de32ad36ceb8de9bf79cffd9de67
:103b6800f6bdca5a24212429a639aa52f29c7bef11
:103b78007bef7af7d4c57af739e7bbef7cefddf74f
:103b8800dcf79bef7bef9cf7bdff3bef58ce9def3b
:103b9800fefffeffbef7ffffffffffffffffdbefac
:103ba80030ae6574247cc383e59b07acc69ba58bac
:103bb800268423532a6c77cf97d710aeb1a578df28
:103bc800fbeff8cebadfb9dffae7d9e7daefdbefd8
:103bd800fcefbbe7dceffdeffef7ffffffffbdf7f4
:103be800bdf7feffdeffdfffffffffffffffffff69
:103bf800ffffffffffffffffffffffffffffffffcd
:103c0800fffffffffffffffffefffefffefffcffc2
:103c180094c6a65bea7cca7c53b6fbeffef7ffffaf
:103c2800def7dfffdfffdfffdffffffffae76c955f
:103c3800eb95ce95bbdfbeefffffdffffefffeff7c
:103c4800ffffffffffffffffffffffffffffffff7c
:103c5800ffffffffffffffffffffdfffdeffdeffce
:103c68009df774b572b5d3bd4b8c4a844763a76b77
:103c780086630453255b4663e45265638984897cc3
:103c8800276c2874cb94d1bdb1c5ada492bdf7e61d
:103c980055d636d619ef93bd15ceb7deb8de5aef36
:103ca8009bf73bef3be7f9de7bef5be75bef9bf7cf
:103cb800d8deb3bdd3c519ef9af7fcff9cef7befb5
:103cc8005be7fdfffdffbdf71be79dfffdfffeff67
:103cd800dff7bff7dfff9ef79cf7fcf7b4b6686421
:103ce8002354a36c01748283a59ba7a38bac056b9b
:103cf8006763b8df35bfcf954d85cf9db6cefdff45
:103d0800dcef78c69ce797c66f9d8e9dcd9dad95df
:103d1800ad95cd95cd95ce9531a697d7ddeffff72b
:103d2800dff7dff7fffffefffefffeffffffffffee
:103d3800ffffffffffffffffffffffffffffffff8b
:103d4800ffffffffffffffffdeffdef7beffddff28
:103d58009aef4e95486c8974286c8e9d58d7fdf75c
:103d6800feffffffdfffffffffffbff7fcef8d95b3
:103d7800eb958b8d52aefceffeffdffffefffeffe3
:103d8800ffffffffffffffffffffffffffffffff3b
:103d9800fffffffffffffffffffffffffeffbdff6e
:103da80078d6b4bdb4bd11a54d8c0863a862e8628d
:103db800896b91adb5d612c68fadafb5cfadad9d00
:103dc800276c4774287c0da532ce6fbd50b551b510
:103dd800afa452b519ef39ef92b5a752ab834e9401
:103de8002d8c4e9497d65aef19e7f8e6d4c511ad45
:103df800b3bd93bdf8e69bffdbff59e75aeff9de49
:103e080053ad8d7368520f84b6bd5cefbeffbef72d
:103e1800ffffbef7fefffbffb3ce0a8dc364e25c73
:103e2800e25cc474c3734483a7a36abc499436efa5
:103e380079df109e0b8ee985ac8d90959df7bdf7c7
:103e480097cefad6dfeffeeff8e78fb66a85cb8d0f
:103e5800eb8d0b960a96ea8d897dcc8d51a6b9d744
:103e6800fdefbeeffffffeffbef7ffffffffffff07
:103e7800ffffffffffffffffffffffffffffffff4a
:103e8800ffffffffffffffffffffdfffffffbef7a3
:103e9800feffdbef096c686cc97c0a854d8dd5c6c1
:103ea800dcf7ffff9ef7deffffffdffffdef31ae20
:103eb800aa8deb8d8d8d56cffcf7ffffffffffff1f
:103ec800fffffffffffffffffffffffffffffffffa
:103ed800ffffffffffffffffffffdfffddf798d6c4
:103ee80053b54e8c875a4331e641e641a95ac95a1f
:103ef800874ae85a8a732fa532beafadeead2a8d38
:103f0800c87487742774eb94b0b56fb5b2cdb2c5d9
:103f1800b3c5f1acb4c55af77aef14be8e9c92bd06
:103f2800b3c572b50c8cd3c534ceb6e617ef31b530
:103f380031ad52b5d4c572b551adf4c572b552adf7
:103f48004b73ca622c6b2d6b284a284a6d7354a593
:103f58005ae7b6ced0b5a88c036ca36c8054e15c4c
:103f6800c25c8474a47b258b24934493078c96efbe
:103f780010a6cd85e97d2a8e6b8dd0a5bdf7fffff4
:103f880053a5fcf7bdeffcefd2b66b8df3be96cf11
:103f980096cf71a66c85cc950c96cb8daa85ed95a0
:103fa800f4c6fbeffdf7def7ffffdfffffffffffc4
:103fb800ffffffffffffffffffffffffffffffff09
:103fc800fffffffffffffffffffffffffeffdeff1b
:103fd800fffffef758d78a74876c466c476cec84f1
:103fe80014b6bdf7deffdeffdeffffffdef7b4be6f
:103ff8006a85ca8dec95ce9d99e7fff7ffffffff15
:10400800ffffffffffffffffffffffffffffffffb8
:10401800ffffffffdfffdef7bef7bef7fadeb19c5a
:10402800c95a01296331e64186390942aa4a884ab0
:10403800c952296329630b7c2974697447740985fb
:10404800087da77468746d9d56df11beefb451bd2d
:1040580072c593c5f1ac93b518df59dff4cd52bde5
:1040680035d639f79aff9aff17ef54de50bd30b5b1
:1040780031b552b573b515c635ce55d696def0a412
:10408800895a495249526a52cb5aaa52c952e84ae5
:104098006b7c487ce473637ca26cc164c364825407
:1040a800c464246c647b44932393438b4cb5cdb593
:1040b8008c8dac7d0d860d8eb0b670b6feff5fefb1
:1040c800f8bdfdf7daefb1b6cb950f9655cfb09d99
:1040d80075b6dbe7fbe735c771aeed9d6a85cb9515
:1040e8008c9531b6bbeffeffddf7fdf7ffffffff55
:1040f800ffffffffffffffffffffffffffffffffc8
:10410800ffffffffffffffffffffffffdfffffffd7
:10411800fefffeffdef7f8d6e86be55b6564876cab
:10412800696c4f95bbefddf7ffffdffffff7f8ceb8
:10413800c9742b96aa85ee9595befcffffffffff7d
:10414800feffffffffffdff7ffffffffffffffffa0
:10415800ffffffffdef7ffffdff79eefae7b4008b4
:10416800a218a641c741c741a7390842894aeb525c
:10417800ca52c94aa742a642485be96b6974286ccf
:10418800486c07644974ed8cb1adaa73ab7b8b7333
:104198004b732b6b2b6bea62a952684a474a2a6b0e
:1041a80032ad72b551bd10ad30b572bd71bdd3cd54
:1041b800b6de18df7aef9bf79cf77cf759d6a95a39
:1041c800c95a8852884ac952a84ac8526b7c0a857b
:1041d80023646064a064816c83744374a474235c56
:1041e800055c077c879ba7b3859be593ecad0b9e8d
:1041f800a885ea85ab8dd3c636d7d4c6dcff16c6ec
:104208007be7dadf50aeac958c8db2b6fbf756d7ac
:104218006e958e9576d7fbefdcefddf77ae7f7d66c
:1042280013be70a592b53ae7feffdef7ffffffff6a
:10423800ffffffffffffffffffffffffffffffff86
:10424800ffffffffffffffffffffffffffffdeff97
:10425800feffffffdff7bdef74bea763c453c4536f
:10426800466c4974d2adfef79ef77ef7fef7dbe7a2
:10427800ec7c697dc985ec95b09d5be7fefffeff90
:10428800deffffffdff7ffffffffffffdeffffffa0
:10429800bef7bef7ffffbef7ffff55ad00000421d4
:1042a800c741a641a741a7418631694a8a52aa5205
:1042b8004942694aa94aa84a4542c331275b0d9534
:1042c800cc8c8b7c8c84485b6963874a874aa8526c
:1042d800a952a952aa5aa952895289528952885276
:1042e800ea628f9c73bd93bd92bdd3c5f9e6dcff2e
:1042f800bbf77ae77ae77bef9cf778d62d73863998
:10430800c95a474ae9522432885b6d95435ca46ccc
:10431800a364e36c415c2264036c868482630a8d27
:1043280014cf6fb5e482c6abe6a3699c8a9dca9593
:10433800ca8dec8d91b6faef75c617d7bcf7d4ad18
:10434800d9e7b2b6ab8d4a858e95fbefddeffbef73
:1043580051b6ed9d4a8dd3befbeffff7fff7fdf792
:10436800dcf7dbf739e71ae77ceffeffffffffff1b
:10437800ffffffffffffffffffffffffffffffff45
:10438800ffffffffffffffffffffffffffffffff35
:10439800deffdfffffffdff7fdf792a585532564fa
:1043a800856c666ce9633adfbef7ffffdeeffef768
:1043b800f1a5876c0a8eea954c8d54beddf7fdff9a
:1043c800feffffffdef7fffffffffeffffffffff20
:1043d800ffffffffffff9ef73ce700006210c739b1
:1043e800c84187398739e841c7410742e8418a52bd
:1043f800ab528a528a52694a2742c539c53963295c
:10440800cc738b638742e952ea52ca4aa94aa94a3d
:10441800a94a694a694a6952aa5aeb62694a6952c1
:10442800684a8852ac7b53b577d67bf77bef3adf87
:10443800bbefdbef9be73ae7dade6952c841c739e1
:10444800a531463a064b0b85087d6364c25ce35c84
:10445800c35c835c8464646c4153a36bc87bed9c30
:10446800daf7adacc8ab07b468ac2badab95cc955f
:10447800ed9531a6fbeffdffb4b53adf9be794be9f
:1044880012bfc98dca8dad9594befdf7ffffbdef74
:10449800b9e7ce9d8a8d8b8d93b6fde7fff7fff7c1
:1044a800fef7fefffdfffdffddf7feffffffffff4d
:1044b800ffffffffffffffffffffffffffffffff04
:1044c800fffffffffffffffffffffffffffffffff4
:1044d800ffff9ef7dfffbff7feffdcef2d9564536c
:1044e800c35b866c486c2f95fcf79defbff79def7b
:1044f80057d7686c697dca8d0d9e6c8d39dffeffbc
:10450800ffffffffdffffffffffffeffffffffffd4
:10451800dfffbef79ef7ffff6d6b04216631873121
:104528008739e941a739c739e741a631c7396a52fe
:10453800ab5a8a526a52494a284ae741c641284a30
:104548008952a952ca52694aaa528a4aca4aaa4ae6
:10455800aa4aaa52aa528a528a528952aa52484a46
:10456800ca5a484aca5aa952d5b55be7fcefdbefed
:1045780079dfdaef79dfbbefb194e741284a063af1
:104588006542496ca76c8364815cc064a05ca154db
:10459800a25c635c456444530232a6526c7b8a7306
:1045a80091bd8893e9b3c8ab48a46baded958d8deb
:1045b80052aefbefddf7bdf732a55ae734ae50a691
:1045c800ca8d098eea8def9d9ae7def7ffffbef7e9
:1045d800fef778d7ad95ec958c8dd3b6beeffff787
:1045e800fff7def7def7fefffefffeffffffffff30
:1045f800ffffffffffffffffffffffffffffffffc3
:10460800ffffffffffffffffffffffffffffdfffd2
:10461800ffffdfffbef7fffffefffdffb9efcd8c09
:10462800254b634b666cc66332b6fcf79ffffffff2
:10463800dcf7ab7cc86cc985c985ca8533aefcef8d
:10464800feffdfffffffffffffffffffffffbef7dc
:10465800ffffdfffdfff38c66631e4186631a73990
:10466800c841a839c841a739c639c639c739284207
:10467800694a8a4a8a52694a0842e841494a2842ac
:10468800aa52894a8952aa5269528a528a4a8a4a3d
:104698008a4a8a528a52aa528952894aa952aa52e5
:1046a800694a8952a9528952684ab8d69be77ae77b
:1046b800bbef9aef7ae75ae7063a06420332e96b0c
:1046c80088744364036d605ce16ce16c425ca46ccb
:1046d800c774234b42322432a94a694aaa5aa852bb
:1046e8000a8ca893a8abc8abeab48badae9511a65b
:1046f800badffef7feff7bef6e8c99e70d856b85c1
:10470800ca8d0b96ad8df6c6feffdeffbdf7dfff47
:10471800fffffdef76cfcd95cc8ded957adffef7d7
:10472800fffffffffffffeffdeffffffffffffffb3
:10473800ffffffffffffffffffffffffffffffff81
:10474800ffffffffffffffffffffffffffffffff71
:10475800dfffffffdefffefffeffddf7fdf77be774
:10476800519d875b63530564a66352b6fcfffeff49
:10477800ffffb7c6065c4675e985eb85ae9578df21
:10478800fef7dfffffffffffffffffffffffdef783
:10479800ffffdfffbef7718c04214529c739e841c7
:1047a80008428631e839e739a639c639a631e739ea
:1047b8002842694aaa52aa528a52aa52aa52a9520d
:1047c800aa52895269528952aa5a8a5aaa5aaa5a84
:1047d8008a526952494a694aaa52ea5aa952a952be
:1047e800484a284ae741c639484af29cbdef9cef3f
:1047f8009befdcf739e771a58963c6528874e77cbb
:104808006364a164e16ca164616423642674655bdc
:10481800e2318321ea5a894a894ac952884aa85208
:10482800c76a6893a7b307b4ebb48dad73b6fbe75b
:10483800fdf7defffeffdbf78c84d3c6ea7ced953f
:10484800ac8dae9578d7fef79df7ddffbeffffff75
:10485800bff7fef7fcf7b2b6ad95ad8dd4c6fbef4a
:10486800ddf7ffffffffffffffffdfffffffffff9a
:10487800ffffffffffffffffffffffffffffffff40
:10488800ffffffffffffffffffffffffffffffff30
:10489800bef7fffffeffddf7def7fffffeffdef7e7
:1048a8009be70f954553a55b645b845b10ae9be764
:1048b800fff7ddef0c85a6644875cc8dcc8db3beb3
:1048c800fdf7ffffffffffffffffffffbef7ffff43
:1048d800bef7ffff5ce7c318e41845298631863127
:1048e800e739e741e739c639c639c6390742c63913
:1048f800c639e739694aaa528952aa52694a694aa5
:10490800694aaa528a528a52aa52694a69528a52f2
:10491800aa528952484a484a694aa94aa952484a61
:104928006952084a6631863965312b6b9bef9befdc
:10493800bbf7f6deafad4c95256cc67c415c625c7e
:10494800c3648264625c6464476c875b013a60217b
:10495800a431294a0a420a42ac5a6a4a884a096377
:10496800866aa9a3a8b38ac48aa4efb5d9e7dceffd
:10497800deffdfffbdf7f6ceaf9d2b858c8d8d8dcd
:1049880032ae79dffef7bef7ffffdefffeffbef7b0
:10499800fffffef7dceffaeff4c68d95cfa5faef2f
:1049a800feffffffdfffffffffffffffffffffff30
:1049b800ffffffffffffffffffffffffffffffffff
:1049c800ffffffffffffffffffffffffffffdeff10
:1049d800ffffdef7bdf7ffffffffffffbeefdef7cc
:1049e800fefffcf7d1ad665b635b835b234394be3c
:1049f800dde7feef95b6075ce8748b85ea8dee9de2
:104a0800fbeffef7defffefffeffffffffffffffee
:104a1800bef7fffff7bd0000e4184529a739e741b5
:104a2800a631e639e639e639c6390842a739a73941
:104a3800e739c739e741484a284a6a52aa528a528e
:104a4800ab5aab52ab52ab52694aca52894a894aed
:104a5800694a284a08422842694aaa528952895210
:104a68006a52e841c841e849e749e74959e779ef17
:104a7800f2bd8b8c26740264c174605cc064a05c57
:104a8800a2648364856cc65b233a4221a531e6396a
:104a9800e739e841a739c741c7392842284a054ab2
:104aa800e67a88ab0ac44cbc8ba42c9d57df39df4f
:104ab8009ef7bef7ddf754b6cb7cea7cee9d14c7b3
:104ac800fbeffef7dff7ffffdfffbef7fdffdeffbf
:104ad800dfffbff7fffffcefd8e791b62d8d78df3a
:104ae800fef7fffffffffefffeffffffffffffffd9
:104af800ffffffffffffffffffffffffffffdfffde
:104b0800ffffffffffffffffdff7ffffdfffdfff15
:104b1800dffffffffeffffffdfffffffdff7feff07
:104b2800ddf7dcf7fcf7b6ce09740453435b655b2d
:104b3800d6c6feefbdefac8446642875eb856a8562
:104b4800f9e7fefffeffbdffdfffffffdfffffff0f
:104b5800defffeffae73a318e4202529c639c73946
:104b6800a639c639c539c639e739a6310842c73921
:104b7800c739c739e739e739e739074228422842b0
:104b8800494a494a494a494a28420842e741e741cd
:104b9800e739e741a639e739c739c7390742e7395d
:104ba800284aa739e941e739c431ea6bf6d6d0adce
:104bb800677c236c8274616c406c606cc16c41646e
:104bc8004464a55ba5424321e4184729a941a841ab
:104bd800a641e541e539e639c739c841ca41c64960
:104be800078bc8b308b48ab48b9cae949aefbdf710
:104bf800deffbfffffffad84c97cb09d98dfdae719
:104c0800fdf7feffffffdfffdfffffffdefffeff19
:104c1800fffffffffffffff7dcefb9e7b0adb5ce51
:104c2800dcf7def7ffffdffffffffeffffffffff01
:104c3800ffffffffffffffffffffffffffffdfff9c
:104c4800ffffffffffffffffdfffffffbef7ffffd5
:104c5800bef7bdf7ffffffffdeffdfffffff9ef799
:104c6800def7ffffbdefddf7bbef91a5275b855ba7
:104c7800034336cffdff39dfa763876caa7d2c96e7
:104c8800b4beddf7ddfffdffffffdff7bff7ffff76
:104c9800def7ffff284ac318c4180421a639a6392d
:104ca8000642c539a9522742c639a739e841c7394a
:104cb800c739c739e739c739c739c739c639c639ce
:104cc800c739c739c739c739c739c639a639c739fe
:104cd8006529c739e739e739c639e7390842c63996
:104ce8008639c841a739e7392119433a8874e463fa
:104cf8006364a16ca064c16c81646164246466749b
:104d08000453e2310219e4184629a831c739a639f3
:104d18008539a539c639c739c741c849c839265a56
:104d2800479329bc28b4cab4098cb1adbaeffeffc9
:104d3800bef7bff7fef7a963076c98dffcf7fdff26
:104d4800feffdff7dfffffffffffffffffffffffb4
:104d5800fffffefffffffffffdf7dcf716d754be8e
:104d6800dcf7fefffffffffffffffeffffffffff78
:104d7800ffffffffffffffffffffffffffffdeff5c
:104d8800deffffffffffffffffff9df7def7feffe0
:104d9800ffffffffffffdef7ffffffffdff7ffff6c
:104da800ffffdff7dff7ffffdff7fef739d74b74b9
:104db8008553e663f7deddf715be6b7cc764cb8de4
:104dc800d09dfdf7fdfffdffffffffffffffdef7b3
:104dd800ffff7defc739c31804212521a631c53946
:104de800063ae5392a63684ac639c739c739c7391f
:104df800c739c739c739c739c739c739c739c739ab
:104e0800c739c639c639c639c639c639a639c739c0
:104e18000742e739c639c639e7390742c84166311a
:104e2800e841094a65318429233245536364a26401
:104e3800a064c064e16c8164636c8674876bc13163
:104e4800a010c2180429e4204629c839063ae639d0
:104e5800e639c739c739a739a641a641084a245aad
:104e6800a79b49bc28b4aaacc77bed94dbeffeff37
:104e7800feffbef75be78a63909dfcefdeffdfff76
:104e8800fffffffffffffffffeffdef7dfffffff74
:104e9800fefffdfffdfffefffffffff7fcf7b8ceab
:104ea800bcf7feffdef7ffffffffffffffffffff7f
:104eb800fffffffffffffffffffffffffffffffffa
:104ec800fefffeffdefffeffbdf779ce3be7def714
:104ed800ffffffffffffdfffffffdef7ffffdeff44
:104ee800deffbef7ffffffff7defffffbdeffef721
:104ef80092a5c86bab8cdbf7feff329d68644a85d0
:104f08008e95fdf7ddf7ffff9ef7fffffefffef72b
:104f1800def7fbdea631e420a3182529c639e639d9
:104f2800c431464ae85a464ae641e739c739a739fb
:104f3800c739c739e739e739c739c739c739c73929
:104f4800c739c639c639c639c639c639073a853167
:104f5800e741e739c73966310421a3182531e84903
:104f6800a639c118622143322343245ca36c8164af
:104f7800e26c8064826c4474c66b2ea5c762a0186c
:104f88004431e428a420e4208531a531c639c63946
:104f9800e639e639e739c739c741c741e6496462a6
:104fa800c7a308b48ab4ebac087cac849ae7bcf716
:104fb800defffeff57c6295b38dffdf7feff9ef7d1
:104fc800bff7ffffffffdef7ffffffffdfffdfff9a
:104fd800fefffefffeffffffdfffdff7feffbdf76f
:104fe800def7feffffffdef7ffffffffffffffff1c
:104ff800ffffffffffffffffffffffffdeffffffda
:10500800fffffefffefffeffdef7b9d653a5bdf793
:10501800ffffdfffffff3ce7def7fffffeffffffbd
:10502800def7fefffefffefffeffbdf7ffff9fef6f
:10503800ffff59df6b844c849be7ddef0d85c87c4f
:10504800cd9d58dffef7ffffbff7fefffbf7dcf74c
:10505800bdf7fbdea73104218310e520a731a63177
:10506800053a864a854a2542053ae641c839c7398c
:10507800c739c739c739c739c739c739c739c73928
:10508800c739c639c639c639c639c739c631e741fd
:1050980065298631e420a3180529c42082184431e3
:1050a800a4318442c342255c845ca25c815c615c5f
:1050b800615c826c036484638b94b2bd6e94a1209e
:1050c800a220c4280531c420242984318739a7396e
:1050d800c639e539c631c631c739c8414339678b46
:1050e800c7a329b46aacaa9ce7736e9dd6d6dcff29
:1050f800defffdff72a5af8cfdf7fefffceffdefb5
:10510800fef7feefbdefdef7dfff9ef7defffeffe7
:10511800feffffffffffffffdfffdfffdef7ffff01
:10512800ffffdef7ffffdeffffffffffffffffffd1
:10513800ffffffffffffffffffffffffdfffdfffb7
:10514800fffffffffffffefffefffdf773a5f9d688
:10515800dcf7fdf79bef16bebceffdffddf7feffaa
:10516800def7bcf7dcf7fcf7fcf7fdf7ddf7ffff30
:10517800beeffcf7faeff2ad54b6fcef59d748741e
:105188002b8db9e7bceffef7fdf7d6d679e7bbef75
:10519800feff7defc73904210521c5204629a53129
:1051a800a74aa54a84424542c439e639c739c739ae
:1051b800c739c739c739c739c739c739c739c739e7
:1051c800c739c739e739e739e739e739e7392842cd
:1051d800e8396631c320242924290f8c72adca739b
:1051e800a4426453245c635c4154a25ce364825c23
:1051f800225ca153004bc14ae4524a84f09ca85255
:10520800e220c4200529c520e420e42007314739dd
:10521800a639e639063a073ac739a739624187936a
:1052280027b48ac48bac298c8984aea58c8c18dff2
:10523800fdf7bbefcd8c99e7fdff9aefdae7f7cee4
:10524800d7ce9be7fdf79def9ef7dffffefffeff42
:10525800fffffffffffffffffffffeffffffbef7a0
:10526800ffffffffffffffffdfffffffffffffff66
:10527800ffffffffffffffffffffffffffffdfff56
:10528800ffffffffdef7def7ddf7fef7f7ce30951d
:1052980016cf16cf36d752b6d9e798dfb5c6b2a51e
:1052a800b1a56f9d2d8d2d95cd84cd84909d32ae69
:1052b800f6ced6c633b670954c7435befef7d5c655
:1052c800ea6b58d7fae7b8dfd1a58f9df7d6dcefa0
:1052d8009eefffffe7392421e420e420e318884a01
:1052e800a64a8442a44a65428431c741a739c739ce
:1052f800c739c739c739c739c739c739a739a739e6
:10530800c639c639c639c739c739c8396731873147
:10531800c420821803292a6b72b50fa50453a23a38
:1053280083534364836c8264836c6364025c857416
:105338004253e252245be2524353c45b865be54a24
:105348006019c110e3200521e520e5206518a52096
:1053580025298631e739073aa6396539245a258b34
:1053680047bc8ac4abac698c8da52b952874f1ad6c
:10537800fbef37d72864b3b654b611ae509dd6cede
:10538800fbf7fcf7dcf7feffffffdfffffffffff88
:10539800ffffffffffffffffffffffffffffbef75e
:1053a800ffffffffdfffffffffffffffffffffff25
:1053b800ffffffffffffffffffffffffdfffbfff55
:1053c800ffffdfffffffffffdef7fdf7b8df6b74be
:1053d80034c7ea7cea84486c486ce763476c686cbd
:1053e800066406640564c45b0664486c4664476cde
:1053f800e763d1a536cfaf9d91a5dad698c6fcf75d
:105408003195b6be54cf8b95ad95ce9d59dffeff35
:10541800ffffdfff0c63c218e320e320a110cb736a
:10542800233a8342a44a45428531c841c739c8391d
:10543800c739c739c739c739c739c739c839c73963
:10544800c739c739c739c739a739a8394831c52035
:10545800a42082180d844c8c4773414a424b045c4b
:105468008464c36c826c616ca15ba67c6ca56dad19
:10547800098cc562635ac352845b824b4464e45b03
:105488004453022a4221e318c420e520a620a5207f
:10549800c520e520462945290329c120a572859bf9
:1054a80005b427b4099caa944b95677c476caa7ce1
:1054b800d5c64e8d265c8d8db09dee9d37dfbaf733
:1054c800fcffdcfffdfffefffefffff7ffffffff16
:1054d800fefffefffeffffffffffffffdefffffff8
:1054e800dfffffffffffdfffffffffffffffffff04
:1054f800ffffffffffffffffffffffffdeffbeff16
:10550800ffffffffdef7ddf7fcf7dbefb3c6897cb3
:105518000564866c656c4664c8742664866c676c22
:10552800c5534243a14b235c055c0864e45ba97442
:1055380010a6b8df37d7919dbbeffcf7b9ce39d7a6
:1055480099d792a60d8e8985cb9571bedcf7ffffa2
:10555800dfffdef74c6b61104429e218a752a54a19
:105568008342a342854ae539484ac739c741c741fa
:10557800c739a739e8410842c839e839a741e8419d
:10558800c739c741e8498639e7412421a310e31800
:10559800c6396e8ce65a2563035b025b2354a46408
:1055a800846c0264e26b658c09ad4cbdedcceec435
:1055b80050cd8dac2673c24a214b025ce36cc56c9e
:1055c8004564c55b444be129c0180429e520e62061
:1055d80006298320e420c418e3204241668b659b9a
:1055e800a5b308b446838773897c456c866c486c80
:1055f8002d8d0c7d0a7d6b8dd2beb9e7fdf7feffc0
:10560800dfffbfffbefffeffddf7feffdfffffff8f
:10561800ffffffffffffffffffffffffffffffff92
:10562800ffffffffffffffffffffffffffffffff82
:10563800ffffffffffffffffffffffffdeffdef7bc
:10564800deffbef7bdef9be7f4b5cb732a74296c78
:10565800276c666ca774a76ce45b876c2564e55bb4
:10566800a553a4532464456c8874ab7caf9d77d74d
:10567800d9e777dfb7e790a5fbefbcef7ce796beed
:1056880035c78c852b96ea95ce9ddbeffef7fff7a5
:105698009def7bef12a5e749a31804212863a552c3
:1056a800c34aa342a54ac43985312842084a66310b
:1056b800a7390842a7398631c739e739e741863122
:1056c8000842c73966314531c3200321e320064229
:1056d8006a6b4442c452e352e573425b825381537e
:1056e800825b2574e9946cb58ebd6fc5f0c4d0bcdf
:1056f800f1bc32bd91bdcc948463e04a0254246469
:10570800856ca56ca56ce45ba33a001103212521e7
:105718008318a4200529e520a3204349e57a859b21
:1057280024a3259b067b8129aa7c666c4564686c4a
:10573800696c4b8de97c10a678dffcf7ffffbff79b
:10574800fffffefffdff9bef7be7bdefdfffffffe6
:10575800ffffffffffffffffffffffffffffffff51
:10576800ffffffffffffffffffffffffffffffff41
:10577800fffffffffffffffffffffffffef7feff3b
:10578800ffff5ce794ad6f84af8c319d71a5d2adfe
:105798004e95c65b4664456446644764266c64530c
:1057a800486c0b8506644874d0a599dfddf7fdf7d2
:1057b800fcf773bef3ce92beb3ad5cdffdefd5be92
:1057c800cd95aa8de98daa8d12ae9eefbff7dff7b2
:1057d800feffd7de93bdf08b262901000ea5e4520b
:1057e800a24a8242854a4329242104212529a7392e
:1057f800e84187398631e7390742e741e741863191
:1058080065294629c420e420e3208531454aa64a73
:10581800a44aa342a563024b803a066cc15a857319
:10582800aa946eb570b530b551b593c5b2cd14d63e
:1058380014d6d3cdb2bdd2bd4fa52a7c034b224b83
:105848004464625ca15c046d856cc55b0342a01076
:1058580003214531a420c51883208451e57a86a305
:1058680085abc9ab08736000c85b255c255c266402
:10587800276ccc9d51bedbf7ddf7feff9ff7dff706
:10588800ddf799e733b691a59be7bdefdfffffff93
:10589800ffffffffffffffffffffffffffffffff10
:1058a800ffffffffffffffffffffffffffffffff00
:1058b800ffffffffffffffffffffffffdef79def8b
:1058c800bdeffef7fef7fdf7fdf7fcf7fcf7dcf799
:1058d80059df0d8d676c6564866c065c286c69748d
:1058e800d3bef8e78653e863ee8cfceffdf7ffffc5
:1058f800fef774be4c95b5dfb9e7dde7dadf51aee8
:10590800cc95aa8dcb952fa698dffef7ffffbdf7a4
:105918007aef54ce72bd95bd895a6329c86b2c9510
:10592800613aa34a444223210421c41804212429aa
:10593800c318c32025292429e4200429e420252983
:10594800c418e420e420232906426a6b83424553a5
:10595800855b845b224ba45b2353245be78becac15
:105968008fbd91bd13ce18ef7af73aefb9f7baf7b2
:10597800baffdbff9af79af7dbff39e791ad876348
:10598800c13a025cc364615c2264857c077483420b
:105998004119a1182529a418e428e5592793e8ab4b
:1059a800e7b3c9ab0652c108ac74c76c255ca86cd8
:1059b800e5636c9d78e79fffdfffbdf7fdeffcef28
:1059c800f5c6ae9d6d9db9e7dcefdfffffffffff7a
:1059d800ffffffffffffffffffffffffffffffffcf
:1059e800ffffffffffffffffffffffffffffffffbf
:1059f800ffffffffffffffffffffffffffffffffaf
:105a0800ffffffffdef7fefffefffefffeffdef7f4
:105a18009ce713ae0764a774e87ccd9dea74696cb3
:105a280074c7ce9d444ba65b67534c7433b6bae734
:105a3800fcef37d78d95ad9535c7fadff4becd9518
:105a48008a8dce95f4bef8dff9ef93beee946d8c97
:105a580095d60fad71bdb3c551b5e662c7636c95f8
:105a6800a65b633a65420321e4208218c218032129
:105a780023212429c320a318e4208318e4286639a5
:105a88006639a6418c730d84075ba552434ba45b12
:105a9800a453c563845ba24a055b4b8c51bdd3cd2f
:105aa800d8e69bffbcff5bef7cefddf7deefbeefd8
:105ab8005bdf7be7bcf77aef7bef7bef9aeff7d6fc
:105ac800ea73044b0243a35b05744263e36be5632b
:105ad800a75b602101190321a118455a889be8b3e7
:105ae800e7b3c9a30229a0080d85c874255c6764bb
:105af800686c8b7c5bef9fff9ef7fcf7b7cfce956a
:105b0800ac95ac9555d7fbeffeff9ff7ffffffff66
:105b1800ffffffffffffffffffffffffffffffff8d
:105b2800ffffffffffffffffffffffffffffffff7d
:105b3800ffffffffffffffffffffffffffffbff7b5
:105b48009ef7ffffffffffffdfffffffbef7ffff2f
:105b5800ddf758dfab840764476cc65bc874a76c75
:105b6800255c2564c453424ba55b8553a55b6653ee
:105b78002a6c8a7427644764ea74ca74ca74497db3
:105b88002d9e76cf74b6ed84276c8774e8732f9dad
:105b980096d6d2c5b2c571c591bd8fb5296ceb84b7
:105ba8006974633a4229e22060182329011962299d
:105bb800a431274ae641c2208218a220a6410f94a8
:105bc80074bd32ad6d848442624246638453a45be3
:105bd800435323534563097c90b513c639ef9bf7ac
:105be800bcf7bcf7dcefdcefdce7bbdfbbdfdce7f7
:105bf800dbe7dbe79ae75ae77be77bef7befbcf76e
:105c080039e771ada54a634a466b867b4153a45375
:105c1800065c4974e55200190021067388a3a7abf6
:105c280009b468934010463a4f95cea5a974065c0e
:105c3800065c4f95bdf7bef7fbf773b6ab852d969f
:105c48008b8512bffaeffcf7ffffdfffffffffffb7
:105c5800ffffffffffffffffffffffffffffffff4c
:105c6800ffffffffffffffffffffffffffffffff3c
:105c7800ffffffffffffffffffffffffffffffff2c
:105c8800ffffffffffffdfffdfffffffffffffff5c
:105c9800fdf7dbef53be6a7c6974c65b0664466435
:105ca800c87482538253a3536353c463c45ba45b15
:105cb800434ba55307642664255ca66c465cc35316
:105cc800a86c8653a65b476c25648774297496cea6
:105cd800bcf715ce50bd50c5d2cd70bd097c087437
:105ce8008ea590ad51ad11a511a5c75aa64ae75288
:105cf8004542e75a8e9431ad93bdf4c5d3c514ce51
:105d08006c94055bc44a244bc6636453655b245397
:105d18006563a7732da58fb5b4de97ef35d714cf7c
:105d2800d3c692be71b651b651ae71aed2be71b67f
:105d380035cff9e7b9e77ae79be77bef9be7bcf755
:105d48009beff8deb7d630a5c65a845a2253c453ff
:105d5800c453a45b0774a86b634a457b85a328b426
:105d680029ac6462c01014ae99e7fbff90a5676c7c
:105d7800e55b6f8dfcf798dfad958c8ded8dac8d67
:105d880071aeb9e7fdffffffbef7feffffffffffa4
:105d9800ffffffffffffffffffffffffffffffff0b
:105da800fffffffffffffffffffffffffffffffffb
:105db800ffffffffffffffffffffffffffffffffeb
:105dc800feffdeffffffffffdfffdff7bfffbef7ce
:105dd800fdfffbf7baef12b68a7c75d734cfaa7ce1
:105de800444bc55b466ca4538353a45ba453624bda
:105df800c35be45b676c6664045c235c245cc34b34
:105e0800844bc55b624b025c866ce75b12b6ddf7c0
:105e1800bfffb5cd71c571cdb3cd93c5eda42563d5
:105e28000d9db0b5b2bd30ade75ac552ca736863af
:105e38004863ee9cf2bdd1bdf2c512c64ead0563f6
:105e4800624a03538453c5534343a55b255b4663aa
:105e5800cc9c6eb52dad6fb5d0bdcfb552ae52aea0
:105e680052ae52ae72b672b652ae11a6cfa5af9d63
:105e78008f9d2f95b2a596c6f8d67ae79be79ae745
:105e880079e799ef79e717dfb5ce0763613a2343de
:105e9800a453825384634563666b457b849b07ac3c
:105ea80009a4c66a69639bdffdf7bcff17d7c55b0a
:105eb800055c51a6f5c6ac95cb8ded8d8d8d51ae9b
:105ec800b9e7feffbfff9ffffffffdffffffffffdb
:105ed800ffffffffffffffffffffffffffffffffca
:105ee800ffffffffffffffffffffffffffffffffba
:105ef800ffffffffffffffffffffffffffffffffaa
:105f0800ffffffffffffffffffffffffffffdff7c1
:105f1800fffffffffeff3be7d4b50c7c94cef9ef03
:105f280055d7286c244b84536353224ba453634b9b
:105f38008353634bc3538353a353c353634b835359
:105f4800a45ba35b8253a353886c71b6faf7fbff7b
:105f58009bff53bd74c574cd52c551cd10b589830f
:105f680090bdb0bd4dad4563a773676b444a855a74
:105f7800eeacb1c5d1c512c6b1b50a7c2353445b9a
:105f8800655b8453c353e45b835b035be88bafc5fa
:105f98004fb590bd8fb56ead72bed3c6d5ceb5c662
:105fa80037d799e7bae7faefdbefdbeffcefbbe7b0
:105fb8009ae7daeffbefbaef7ae79befbcef9befdc
:105fc8009bef7bef7bef7befbcf7ddf7f3b56b7ceb
:105fd8004132634b8353435b4473668ba8a3e79baf
:105fe8002694235bcc84f7cefeffbefff6d6e5638e
:105ff800245c32b7ed8d0a86c97dec85f09d58d7b3
:10600800ddf7bfffdfffffffddfffefffeffffff46
:10601800ffffffffffffffffffffffffffffffff88
:10602800ffffffffffffffffffffffffffffffff78
:10603800ffffffffffffffffffffffffffffffff68
:10604800ffffffffffffffffffffffffffffffff58
:10605800deffffffbefffeffddf7d7d68d842e8d56
:1060680076d792b6865ba663e86b2d956553a65bdb
:106078008553a55364538453a4538453644b434baf
:106088008253825383530664886c476ccb8472bef8
:1060980036dfd2bd50ad51b5b2cd92cd92c5efb479
:1060a80070bd6fb5466b824aa352224ac66a0fb5c5
:1060b800b2c5b2c5aea4a97b8352e45a244bc65bd1
:1060c800654b64536353c152e7834db54fbd2fb53c
:1060d800aea4ea83e97b2c954c954b8d2b950c95ba
:1060e8002da54fadf2c517e79af79af75ae79bef38
:1060f800bbefbae7bbefbbef9bef9bef9bef9befd1
:106108009bef7bef7bef7bef9cef9cf75ae79ae7df
:10611800f5c6a6530243e252247b458b049348ac50
:10612800a79ca6848b9532aefbf79bf7b7efe042ae
:10613800c5746e9e8c85cc8dee95f1957be7fef748
:10614800ffffdff7def7fef7fef7def7bdf7def756
:10615800ffffffffffffffffffffffffffffffff47
:10616800ffffffffffffffffffffffffffffffff37
:10617800ffffffffffffffffffffffffffffffff27
:10618800fffffffffffffffffffffffffeffffff18
:10619800ffffbfffdfffdfffbdf7fdfffdf7b6c65f
:1061a800cd84096cab84e44af9ef77df2c8de342a8
:1061b800855b85538553a55b234ba5538553c65be8
:1061c8008553a55bc45ba8744764476c2664476c19
:1061d800276c47744c9d11be6fb5b2c592cd10bdea
:1061e800d2cdea83624ac352634a0a84d2cdf3cd40
:1061f80071bd897b0763a873a252c25224534453ca
:106208000343444be7730cad8fc56b9ca98b076b9d
:1062180028736873266bc773497c4c9d6dadcebde2
:10622800afbd4fbd70c530bd51bd96e6bbf7bbf7de
:106238007bef9befbcefbbef9be7bbef9bef9befcd
:106248009bef9bef9bef7bef7bef7cefddffb8d6ff
:10625800badf31a6286c035be372048be5ab48ac6c
:10626800e9a4eaa5ea9d6d95fbefbbf799e7a55b65
:106278004985c8744b85ed9dcf9ddadffcffdcffb7
:10628800fdfffdf7fcefbbdf1bd779c69defbef71f
:10629800ffffffffffffffffffffffffffffffff06
:1062a800fffffffffffffffffffffffffffffffff6
:1062b800ffffffffffffffffffffffffffffffffe6
:1062c800ffffffffffffffffffffffffffffdefff7
:1062d800ffff9ff7bfffdffffeffdcf7baef74bedb
:1062e8008b7c51b6b1be4974c75b664b855b645302
:1062f8006453a453634b8353c55b63538453875bd5
:10630800ae846b7c0564077de87408644664a76cfa
:10631800e45b456c256ca9848fb5d1c551c5b3d54f
:10632800cb8b64528352266390b512ce90b54b8cba
:106338000663265b6242866b866ba24aa25a824a31
:106348008563eb8c2c9d298c0663476b4573e8832a
:106358008b9c4ead8fb5afbd6fb5f2c5d1c5d1c55c
:1063680012d6b2d571c592c5b2bdb2bd55c65ae7ef
:10637800dcf79cef7be7bcefbcef9be79bef9bef69
:106388009bef9bef9bef9bef9bef7befbcff5ae7ed
:1063980038cfd19d8e9d4884c58b449ba5aba89bc7
:1063a80032cecfbea98d6d8dfcef9bef2d95e563a9
:1063b800656c476c496cd0a5dae7bcef9cf7fdff2c
:1063c800b9e7d3be0f9e8d8df1a558dfbdf7deff6f
:1063d800ffffffffffffffffffffffffffffffffc5
:1063e800ffffffffffffffffffffffffffffffffb5
:1063f800ffffffffffffffffffffffffffffffffa5
:10640800ffffffffffffffffffffffffffffffff94
:10641800ffffbfffbff7feffdbefd2ad08642864c4
:10642800686ca8744b8da97c276cc65b6553845334
:10643800434b835325648453a45b444b287437d758
:10644800fcf7b5c68974aa9529852864886c886c78
:10645800a76c866c666c276c4984f1c5b3cd0d9c1e
:10646800a76aefac2fad6fad90b52fad67638663ac
:10647800034bc563845b8563a66b666ba152278c4f
:106488004cad48846663a76b676b476b456ba77b0e
:10649800cb94aa8c69840c95cb946eadb0adb0b595
:1064a800d1bd12ced6e679f759ef59ef79e77ae7f9
:1064b8007bdfbce7ddef9ce77be7bbefbbe7bbef30
:1064c8009be79befbbefbbefbce79ce77aeffcffda
:1064d80074be11a68e95ca94437b85a3c5ab478b22
:1064e80094d690b6ab95af9d9ae77adf4974076466
:1064f8004764aa74f5c6faefdaefdbef12b60d952a
:106508004d8dcd95cc8db1b6d9e7fbf7feffffffda
:10651800ffffffffffffffffffffffffffffffff83
:10652800ffffffffffffffffffffffffffffffff73
:10653800ffffffffffffffffffffffffffffffff63
:10654800ffffffffffffffffffffffffdef7ffff7c
:10655800ffffbef7feffdbef4f95286c865ca76454
:10656800a86c27642b8d2fb632d74fb6e763444b00
:10657800634b26640664c65be763875b70a5faef26
:10658800d9ef8c844c8d6c8dafae876c2b7dac8d28
:106598006b8d09854774687c4ea58fb550bd30b5a5
:1065a800f4d5b2c5d1bd2b8c4b8c644aa342855b14
:1065b800266c8353c45b234bc34a0453e56384634b
:1065c800c573077c86638763a873066ba773055b2f
:1065d800497ccd9d8c8d8b854a854a852985677434
:1065e8002b9510b6f1bd12c614ced4c596c639dfa8
:1065f800bbe79be77be79bef9bef9befbbe7bbe72b
:10660800bbefbbefbbefbbe7bce7bcefbbf775c6a7
:10661800d6ce93be6e9d2884858b45930293678b57
:106628006c8c55d7f6e78f9dfaef99e70a6c2a6cc0
:10663800cc7c4a6c53b60e95cd840d8d6d958e9d90
:1066480030ae35cfd9dffcefdef7dfffffffffff0e
:10665800ffffffffffffffffffffffffffffffff42
:10666800ffffffffffffffffffffffffffffffff32
:10667800ffffffffffffffffffffffffffffffff22
:10668800ffffffffffffffffffffffffffffffff12
:10669800ffffbdeffcf753b6e663a7748664676433
:1066a800aa74f5c66f9dcc8c8563024bc663a45350
:1066b80025644664634bd2beab7c875b37d7fbf758
:1066c800b3c6286cad956b85cb8d897daa850c9654
:1066d800b0b670b60faeaea5cb8c0d9dd1c570bd52
:1066e80050bdf3cd0ead676b265b6763086c4974cc
:1066f800a663c663034b234bc55b67748a74086c37
:10670800655b655b8663666345632563255b455bff
:1067180089740e9e8b858a850d9e8c8daca58c9d6b
:106728006c9d6da5f0b5b4d637e7baf77aef7aef76
:106738007ae79befbbef9bef9befbbf79bef9befe2
:106748009bef9bef9bef9befbcefbcef7cf716c674
:106758007ae7d9ef11b6498c05834593048b067bfc
:10676800c75a295bcf8c92ad71a50b742e8df0a5fd
:10677800f3be8e9577dffbefdbefbbe7fbe7fcefc4
:10678800fdf7fdfffdffddf7fefffffffeffffff4b
:10679800ffffffffffffffffffffffffffffffff01
:1067a800fffffffffffffffffffffffffffffffff1
:1067b800ffffffffffffffffffffffffffffffffe1
:1067c800ffffffffffffffffffffffffdffffffff1
:1067d800feffddf738dfc763866ca46c2674697c1e
:1067e80098dffcef3195f6c64d8d2b7d656c856c79
:1067f800035ca14b045c877465534553e96ba8633c
:106808004653486cc86c0b8e897dea85c985a98575
:10681800ab958d954d958fa52d9d4ea50da54ead8e
:10682800cdacca8b2252624a665b45530453623a26
:106838000553a442e44aea7c4a85287d4c7c875b60
:10684800c75b865b255ba76bc66bc563e663e663c0
:106858002b85ac8d8c952faecfadd0b54ebd6ebd12
:10686800f0bd51c631beafa56f9d12b6f9ee7bf7ec
:106878009bf79bef9befbbef9bef9bef9bef9bef98
:106888009bef9bef9bef9bef9befbcef1def9ade1f
:10689800bcff35c62b842673468b2693268be7725e
:1068a800885aab526a4aca5a295b0c748e8416cf2e
:1068b800b3be30ae93bef6cedbeffceffff7dff7eb
:1068c800bfffbfffbfffdefffeffbdf7fefffffffd
:1068d800ffffffffffffffffffffffffffffffffc0
:1068e800ffffffffffffffffffffffffffffffffb0
:1068f800ffffffffffffffffffffffffffffffffa0
:10690800ffffffffffffffffffffffffbeffffffd0
:10691800fff7fbe70c85476c4774c563b2b5fcff0e
:10692800ddfffdffbae7d4c6e97486646664e35305
:10693800c66cc77446642243e6638453a65b6553fa
:1069480065538453c453887dc87d287e4986e9856c
:10695800ec958d95cfad30b66d9d6c9d0c9d8a8c58
:10696800834ae45ac4524242c44aa3428342a34ad5
:10697800c229842908538b95c995ab95c95ba74251
:10698800ab630e950c8d0d8d2a7cc873e97c6985e7
:10699800487df0b693b6b1ad50adb0c5b0bd4ead03
:1069a8004eadf0bdd4ded5d6d5de95d6b6d6d7de7b
:1069b800dbf79bf77aef9af77aef7aef9bf77aefa4
:1069c800dbf77bef9bf77bf7bcf79be7fae6b3a413
:1069d800ab62a6392552488be68a4793478b866a6d
:1069e8008a5a8b4a6a4a8952aa5289426b63d3ad42
:1069f800f7d674beafa58d954a852d9e99dffbef1e
:106a0800feffffffbfffbfffdfffdfffffffffff4f
:106a1800ffffffffffffffffffffffffffffffff7e
:106a2800ffffffffffffffffffffffffffffffff6e
:106a3800ffffffffffffffffffffffffffffffff5e
:106a4800ffffffffffffffffffffffffffffdfff6e
:106a5800ddeff7cec863244b2d9557dffdffffff11
:106a68007fefddefcfa52464c67466644664c874fe
:106a7800255c466c476ca553a55b634b624b8353ff
:106a88008453a874aa8d0b8e0a86e97509860a8e26
:106a98006a85cda5efad8ea5efad0b8d4563866bf1
:106aa800c873a3524663a44aa44a6442e3318129c5
:106ab800e431a631a74acda5298d6c8d284ba94272
:106ac800a94ae74aa4424f9553be46638a746c8d1f
:106ad8008c8d0b7d73b616d7b5d6f2c590b570b54b
:106ae80091c550c570c595e675de96deb6d6d7de7b
:106af80076cef8de7aef18e739e77aef5aef9aefb1
:106b0800f7de96cef8e6d8e63ae7f5b5084aa8499a
:106b1800a8418539455a2793069306930683465a12
:106b28008952ab528a4a8952a952894ac952a94afa
:106b3800d1947ae7bbef74be11a68e95709575be99
:106b48009be7fef7dfffdfffffffffffffffffff12
:106b5800ffffffffffffffffffffffffffffffff3d
:106b6800ffffffffffffffffffffffffffffffff2d
:106b7800ffffffffffffffffffffffffffffffff1d
:106b8800ffffffffffffffffffffffffbff7dfff75
:106b9800ddf7f0940b74d6cefcf7fef7bcefdff709
:106ba8001cdf6d7c876cc474e253476c486c71b60b
:106bb800f7e7d3be086c07648453e45b2985c77c78
:106bc800ab95cb8d0b8e2c8eca850c860b8e8a8549
:106bd800097dc87c8d9d0fae6d9daa7c445b824a61
:106be8004663c873444a654aa2316229c531063ae8
:106bf800e6398629063ab0a5044bcc84a94aaa4aa4
:106c08006a4ac95285420b7433b68c84c54aea6b0a
:106c18004f8d6f952e8df1b574ce74d6b6d654cef1
:106c2800b2cd55eeb3dd72d555e675deb6d696d63d
:106c380097d696d6b7d6b7debbffd8def8e6b7de6e
:106c4800d6deb6ded7de19ef53b564296741684151
:106c5800c84984398562279347a3e692a56ae5491e
:106c68002842694a894a8952a952894a894a894add
:106c78008a521084fbdefef7ddefdde739d714b664
:106c880015b67be7feffdef7bdeffff7ffffffff5f
:106c9800fffffffffffffffffffffffffffffffffc
:106ca800ffffffffffffffffffffffffffffffffec
:106cb800ffffffffffffffffffffffffffffffffdc
:106cc800ffffffffffffffffffffffffffffffffcc
:106cd8005ce7d5bddcf7fdfffffffff7fcf7b6ce9d
:106ce8004b746974676c676c086c6a74d5c6f6cea9
:106cf800ca6b07538963096c64538b952e9e2d9e2e
:106d08000b96ca85cb85cb8dec8d6b854d8d6974c3
:106d180006646774476c4453244b086caa84255b4b
:106d2800065b4863e85a2221e2206429e739e739fb
:106d3800e739c7396529cf94033a8b632842494a12
:106d48006a52a952e85228530f958e84864ae9520e
:106d580029530c6ccd84b0ad94ce74ceb6ce75ce1e
:106d680055d614d6b6ee75def3cdb6deb6de96d6bb
:106d780097de76d655d675d635ce96de56d6b6de9d
:106d880055ce75d679f773b5a539a53988418841a7
:106d9800a741a439277b479b47a30693665aa43982
:106da800c631083a684a88528952aa528952ab5a5f
:106db800494aab5ad39c5deffff7fff7fdf7fdf7a4
:106dc800ddef9cefbceffef7fffffff7ffffffffd4
:106dd800ffffffffffffffffffffffffffffffffbb
:106de800ffffffffffffffffffffffffffffffffab
:106df800ffffffffffffffffffffffffffffffff9b
:106e0800ffffffffffffffffffffffffffffdfffaa
:106e1800dfffdfff9ef7ffff7cefddf7d6cea7632e
:106e28006774466c8a74ee8cf8ce9ae7f4b5f194e0
:106e38001adf7be7fceffae7454bc97c8a7d0b8eae
:106e4800897dcb85ed95ae9531ae77df38d70e9538
:106e5800296c4453e142e663034ba242455b2a7c1a
:106e6800e6528229022124290429a3184529a6319a
:106e78000742a731e7392b63a531484aa639a63915
:106e8800e741c639263aa74a1095ac6b674aa9521a
:106e9800894acd6bc64a4b7c90adb5d6b7ded7def6
:106ea800b6de54ceb6de95d674d654d6b6e696e699
:106eb80056d6d7e675d617efd3c596deb8de76de9a
:106ec80096de38ef96de0a6ba11803216631e84199
:106ed800e741c339277be592069b27932752a639ba
:106ee800e731e7310742284a494a6a4a89528952b2
:106ef80069528952ca5a75b5ddf7def7ffffdef72a
:106f0800def7def7feffffffdff7dff7ffffffff2c
:106f1800ffffffffffffffffffffffffffffffff79
:106f2800ffffffffffffffffffffffffffffffff69
:106f3800ffffffffffffffffffffffffffffffff59
:106f4800ffffffffffffffffffffffffdef7ffff72
:106f5800dfffdfffdfff9ef7feff3adf8d840a7455
:106f68006e9d14cfd9e7fdf7fdf7fef7def7def7e4
:106f7800deffffffdef7fcefb4be4c850a8ee98525
:106f88002b96ec95d09d38d7dcf7ddf7fcf7b6ce1d
:106f9800c4426453266c224b234ba24263420653dd
:106fa8004542e1186429c320a3182529c320c639fe
:106fb800c639a631284208426529e839a539a539d4
:106fc8008539c639063a463a8f8cca5aca5aaa52dd
:106fd8008a52894a4a632863696bb2b536e676e60f
:106fe800b6e696de34ce95deb6e695e675de55de77
:106ff80076deb6de95d612c633ce74d697de56de6a
:10700800d8e69bfff1a4e12084316531c110a53198
:10701800063a454a888b269b0693e57ac741c739c5
:10702800083ac731a739a639e8410842a952ca5acd
:107038008952684a8852ac73d9d6dcf7dfffffff64
:10704800ffffffffffffffffffffffffffffffff48
:10705800ffffffffffffffffffffffffffffffff38
:10706800ffffffffffffffffffffffffffffffff28
:10707800ffffffffffffffffffffffffffffffff18
:10708800ffffffffffffffffffffffffffffdfff28
:10709800ffffffffdff7fffffeff1adfd9d6dcf7a0
:1070a800fdfffdffddf7ddf7feffddf7fefffeff6d
:1070b800ffffdef7fefffcef57cfcf9d8a85eb8df4
:1070c800287d2fa6faeffcefddf7ddf7109d84424f
:1070d800c342234b6453a55bc24a0453844ac1315b
:1070e800c331c4392329a2180421e420e320042150
:1070f8004429073aa631c7390842e739c639064252
:107108008531a7390742664a4a63c739494a8952cd
:10711800cb5aa952884ae95a4a6bd09c72c597e65d
:1071280015d696e6b7ee96e696e634de75de96de7a
:1071380075d674ce16df0a7c0e9df5de96ded7e690
:10714800f8eeb7de4a6b053ae53102218642864af7
:107158000542865a278b069b2693c572a641c639d7
:10716800073aa631a739e74128422842684a284207
:107178002842694a684a484af2a4defffeffffff38
:10718800ffffffffffffffffdfffdeffffffffff48
:10719800fffffffffffffffffffffffffefffefff9
:1071a800feffffffffffffffffffffffffffffffe8
:1071b800ffffffffffffffffffffffffffffffffd7
:1071c800ffffffffffffffffffffffffbff7ffff0f
:1071d800fef7def7ffffbef7bef7dff7dff7dff7f3
:1071e800ffffbfffbfffbffffffffeffdeffdef7b2
:1071f800feffdefffeffbbe777d7b3b6ee95c97497
:10720800e65b296cd5cedbef34be485b2763097497
:10721800076c434b6353234b6563e452a44a844a87
:10722800a229874a0221e320e320e320e420c420a6
:1072380004218529073ac731c639c531083ae739e3
:10724800e739e841a63125422642c741c741a73957
:107258000742494a694a8952ea62e9628e94254a94
:10726800d0ac56de56de56de92bdb2c5b2c5d2c52a
:10727800d3bd33c6f1b56663ab8cf4d696de35d68e
:10728800b7e615ce0542095b4221874aa863a64a9c
:10729800e3390773068be69a06938462c641e64192
:1072a800073aa6310842aa5aca5aa94a4942eb5a89
:1072b800eb5a2942494ae8418b521ce7fefffeff80
:1072c800fffffffffffffffffffffeffffffffffc7
:1072d800fffffffffffffffffffffffffefffeffb8
:1072e800feffffffffffffffffffffffffffffffa7
:1072f800ffffffffffffffffffffffffffffffff96
:10730800ffffffffffffffffffffffffdfffffffa5
:10731800fffffffffffffeffdef7feffffffdff7c8
:10732800dff7fffffffffffffffffefffdffbbf7dc
:1073380079ef58e794ce72bed3c6f8dfb8e7afa5a9
:10734800e342c65b6453c65be442675305648453f7
:10735800a6634663a452486bcd94e752844aa44a74
:10736800844a6442c33122210321c420e520e52058
:107378000421e320242185298952063ac639e739b0
:10738800c739e741e741c639e741e741a7398631bf
:10739800e841a739c739e741274a8852274a0a638b
:1073a800e649d1acd4cd56de96e655e636de95e60e
:1073b800b5de95d64fa5655be76bd4d6b6de96de0f
:1073c800f6e6ed9c6763c44a8332a75ba75be65287
:1073d8000031e782e592059b068bc359c539e6392a
:1073e800e639ea5aee7b2b63e739c839e739c639fb
:1073f800aa52cb5a494aa631694a75addef7deff73
:10740800deffdefffffffffffeffffffffffbef710
:10741800ffffffffffffffffffffffffdff7fff7a4
:10742800ffffffffdeffffffffffffffffffffff85
:10743800ffffffffffffffffffffffffffffffff54
:10744800ffffffffffffffffffffffffffffdfff64
:10745800dff7fffffffffefffef7bdeffdf7feffc3
:10746800fdffdbef79e758df74c60f95c96b675be3
:10747800e44a2453076c286ce65bc97491b614cfb0
:10748800086c2974e86b623a254be8636453c3427d
:10749800465ba96bef9c92b572ad464a2021254206
:1074a80045424542674a0321e420c420c520a41868
:1074b8000421c218e218c4314b63884aa631074236
:1074c800c739c739c639a639c639a739e841c739ce
:1074d800a739e839a631084ae73907422842484a15
:1074e800a541685a4f9ce9728fa4d4cd16d696de72
:1074f800d6e695d6ac8c445b856311b696d696d6ff
:1075080074d64663255b865b8553a5536553c44a89
:10751800a241c67a2693259326830452e439c85299
:107528006b6b4b63a852053ae539a9522842e739f3
:10753800694acb5aaa52c739c739ce7b1bdfffff2e
:10754800deffdeffffffffffffffdef7ffffffffae
:10755800ffffdef7ffffffffdff7ffffffffbef7cd
:10756800def7dff7ffffffffdfffffffffffffff94
:10757800ffffffffffffffffffffffffffffffff13
:10758800ffffffffffffffffffffffffdfffffff23
:10759800fffffffffffffefffef7feff79e737df84
:1075a80090a5c86b4453645b64538453e55b424bba
:1075b800a34ba34b4564876c2664097d2b85ca7c45
:1075c800cc842a7cf1b50e95054b86530653065399
:1075d800ef947bef37c6f6bdcb62a220c2182329f1
:1075e800c218232165310842c418c4202629c520a1
:1075f800c418c2186129854a696347420319a6312c
:10760800c739c739e739e739e739c739c739a73932
:10761800c739a7398631a739c739e741294208420e
:10762800e741c541909cac834752ed8bea6a32b57d
:1076380077d6b2ada6636353845b6b8496d696d631
:10764800d1bd255b855ba874e55b4243855b834ab6
:10765800e349898bc582468bc462234a68632c74cc
:10766800e5312742e95a674a884ac95a2842484aae
:10767800aa52aa52494ae739e7398a5295b5def73c
:107688009df7bef7bef79df7ffffffff9df73cefa5
:107698005cef9df7b9d63ce7dfffbef7dfffffffe2
:1076a800fff7dff7dfffffffffffffffffffffff32
:1076b800ffffffffffffffffffffffffffffffffd2
:1076c800ffffffffffffffffffffffffffffffffc2
:1076d800ffffbef79deffefffade708c496307538c
:1076e8002653855b845363538353834b824be45bfc
:1076f800045c86646664255c676c6874c97c0fa644
:10770800f8e7b7e794beb5c6a9638863496b39e75c
:10771800ddf7bef7dff7f4a4cd6a0529e420a31846
:107728002529c320e320c7396529c3180529052160
:10773800c31822218342e452a54aa4314429e739d7
:10774800c7398631a631c639c639e739a639a639c7
:107758000842c739c7398631c639a631a839e83948
:10776800e741c641274a32ad6439a220c220e42845
:107778006431c64a4353414b84532a7435c671adac
:107788004b8c455b6353656cc34bc353a763a129fb
:10779800855a477b467ba6834984e86b296ca96395
:1077a800063a4842aa52ca5aca5a694aca5aaa52f0
:1077b800ca5aeb5a694aa631e739aa5234a5def704
:1077c800ffffffffdeff9ef779ce718cce83ea6262
:1077d800a95a484a07420f849def9ef7def7def765
:1077e800beeffff7ffffffffdfffffffffffffff1a
:1077f800ffffffffffffffffffffffffffffffff91
:10780800ffffffffffffffffffffffffffffffff80
:10781800fffffffffffffeffddf7ddf73adfb3ad48
:10782800aa6b2653c763855b0343244b4453a55b6c
:10783800066447642764686c687450b6b2c64c8d99
:107848002864696c6a6c909db2ad31a58f949bf7e2
:10785800fdffbef7bff739cec949a4200429c420cb
:10786800c420e42003212429474a2321a218e42024
:107878004429033ac352a24a4342053ac218452949
:10788800c739c739e7410742e739c7390742c63917
:107898004529a6318531e739e739c639a739c739c6
:1078a800ca62a95a274aa5396531e32882180529e9
:1078b80003210653c45ba353a55be96be439622932
:1078c80044428663066c466cc45384530753402174
:1078d800a552877bc67be573066c486cc663a442d9
:1078e800e4310742284acb5acb5a694aaa52ca5aa3
:1078f800aa52494ae741c7390842c739aa52718c86
:1079080075add6bdef7b694ae739e7418539c64190
:107918008539ea6a0f8c44316d7334ad75ad7defee
:10792800def7beefffffdffffffffffffffffffff9
:10793800ffffffffffffffffffffffffffffffff4f
:10794800ffffffffffffffffffffffffffffdfff5f
:10795800ffffffff9defdef7ffffdef7dff7def744
:10796800ddf7dcef7adf58df37d7d6c654be33b63b
:10797800f5ce15cf35cf14c7aa7ca65b855be66329
:10798800686c4864496c37d77ae7bcff19e78f946d
:10799800fdfffdffddf77cefcb620429a218e42090
:1079a800c3200421a118c118c431874a642943217e
:1079b800e439a44aa24a8142844a65420321e32069
:1079c8000421042124298631c73908428631242913
:1079d80003218531a631c639a6398539643902298a
:1079e800cd8395c5ad83a6414431e320c420462903
:1079f8000221665b82538353a65b096c62210119dd
:107a080082290653e44ac763865b4753c329c331b7
:107a18002763245be46b256ca45b6553234b012a25
:107a280021218531c741c639694aaa5a494ae741dd
:107a3800c6390742e7398631a739e741e739e739d7
:107a4800e739e73986310842e741a739e641a539e0
:107a58000f8cd6c5d2ac4018ea6a85390b6bfadeb2
:107a6800ffffffffffffdfffffffdef7ffffffff67
:107a7800ffffffffffffffffffffffffffffffff0e
:107a8800ffffffffffffffffffffffffdeffffff1f
:107a9800dfffffffffffffffffffffffdff7ffff36
:107aa800ffffbef7def7fefffefffeffddf7dcf7a8
:107ab800fcf7b9e7b0a5a65b27642664a76c6764e2
:107ac80089746a7432b6faeffcf7bbefbcf75ae771
:107ad800d0949beffcffdcf737c660080429c3206d
:107ae8002531a318242903210119043a6642043ace
:107af8008342c34a8142a34aa552654a853103217c
:107b080004210421c320c320c420c420c320e420ae
:107b18008631e8392842453165392431f0b4f0b46a
:107b28006c83b1ac509ca541c6410329c4200521f2
:107b3800c431a563414b8453e8632a74e1182221b8
:107b48002221a64a023206534542e5396742854258
:107b5800255b4774a253e35b0343875b054ba0088f
:107b6800032166316639a639a639a639c739e741ee
:107b7800e741c639c639e739e739c739a631652932
:107b88008531c739e739e841c8410842a639c641b5
:107b9800485a6c7b686233bdb5cda96aa8622b6b65
:107ba80054ad9defffffffffffffffffffffffff4c
:107bb800ffffffffffffffffffffffffffffffffcd
:107bc800ffffffffffffffffffffffffffffffffbd
:107bd800ffffffffdfffffffffffffffffffdeffee
:107be800ffffffffdfffdfffffffdfffffffdef726
:107bf800bbef8d84c863686cc874c76c44548664d2
:107c0800286cf1addaeffbf7bbefd6c694add09494
:107c1800ec7b496392ad52a5d094a84a8218e42817
:107c2800e420c420a3182421e118c4298542a44ac9
:107c3800c34aa242a24ac452a44a644a44298210ae
:107c4800c3200429c320e420c420c420c420052163
:107c58002529c839a73986392852aa622c9c92cd81
:107c6800ed9b202020188120032924310529c318e1
:107c7800864a635b614b85536b74e96b2219232138
:107c88000321a4316229e431a53187390111c129c1
:107c9800c76ba353814be4536974c54a8421031904
:107ca800c520852047396739e849a739c739c73911
:107cb800e739c639e739c7392529e42003210321e3
:107cc800e31824214529c3188318c4202429a22095
:107cd800c2282018a5492fa4ea7a12bd53bd264a06
:107ce8004f8cbdf7deffbef7ffffdfffffffffff93
:107cf800ffffffffffffffffffffffffffffffff8c
:107d0800ffffffffffffffffffffffffffffffff7b
:107d1800fffffffffffffffffffffffffefffeff6d
:107d2800def7ffffdefffefffefffdfffeffbae707
:107d38008b74a96c2d96cb8d6b85a96c686c687457
:107d4800ce9db2be93be94c695c696c6b6ce12b6a2
:107d58006fa54a7c297cb0ad90a5ca6be539e318bc
:107d6800c518a618c618052102218229a442a44aca
:107d78006342a34ac44aa44a4442a231c218e42036
:107d8800e420c420a420c420e420c420e420a318b4
:107d980044294431653924314c7bd5cdd0ace451ec
:107da8004249a9820fb48eb4cb938020c42003210a
:107db800253ac542044b096ceb6b473ae31804219a
:107dc80003210321c639a6314321e2186221075352
:107dd800475b255b09748b84eb736a6bc420e520d1
:107de8000629e620c520c418242184298429842949
:107df800a431a4312321e32004210529c418e52056
:107e08000629a520c528e428e330a22864414a832e
:107e18000ca4cebc2dac476a844990a4ea6ac6413a
:107e2800dadedef7ffffdff7ffffdfffffffffff11
:107e3800ffffffffffffffffffffffffffffffff4a
:107e4800ffffffffffffffffffffffffffffdfff5a
:107e5800fffffffffffffffffffffffffeffdeff4c
:107e6800fefffeffbeff5bef77ce92a52f954a740b
:107e78000a7dcb8deb8dca85e874e974aa7c4d9593
:107e88004974c763497429740974c96ba86b06538c
:107e98006663c76bc66ba7638763a7630753a3298a
:107ea8002221e218e218e2182121053a6442a44a84
:107eb800a44aa34a6242e231822921212321e320f4
:107ec800c418c420e5200521e420c420e4200529a5
:107ed800a3208218c328e33020188c8bafac4462ef
:107ee800c99baec4ebb34bb46cace772e328c218c1
:107ef800253aa442e44ac86ba64ae010221902199e
:107f08008429e5392221e1184221a329475b475bef
:107f18000553c76b8a84e9732863632924290321dd
:107f2800e318e21822218229c231c231033a233ae6
:107f38006542e752c85aa531c318e420e420252930
:107f4800e52005298218a1208441cc8b50c550c555
:107f58004fcd70d530cdf0bc43410a73ad832b6b48
:107f68000f841be7ffffffffffffffffffffffff80
:107f7800ffffffffffffffffffffffffffffffff09
:107f8800ffffffffffffffffffffffffdff7ffff21
:107f9800ffffdfffdfffffffffffbef7bdf7ddf7e6
:107fa800ddf7bcf75be7f5bd309d709d2c8d4b8de3
:107fb8002d9e0c960b968ea60d9eac952e950d8d2e
:107fc800cc8cec8c2d95eb8c497c297ce86be76b91
:107fd800e66ba563845b44534453c6638663655b61
:107fe800a663655b0453433aa229e439864a844a66
:107ff80042426342844a24428331c1180221e31871
:10800800c420e420e420c420c418c420a420e42010
:10801800e428e328c32865416c83e551255a4ba41d
:108028008bb46bbcaccc4abc2ab489930229c11866
:10803800443ac54a0032a021c129854a864aa64a3f
:10804800c33161218229c229a12903326663e873f9
:10805800aa8caa8ca76b686b444262298329a33136
:10806800033aa44ac44aa34a8242a34a844a4763b9
:108078004863243a0119c218e320c3180529a4202b
:10808800c420c3282339097b10bd0fb54dcd8ed52b
:10809800abbc2ecd50cdcb9b6b8bb5cd71946952bb
:1080a80017c67defffffbef7ffffffffffffffffd4
:1080b800ffffffffffffffffffffffffffffffffc8
:1080c800ffffffffffffffffffffffffffffffffb8
:1080d800dfffbef7ffffffff1be7f7bd74ad32a55b
:1080e80052a532a552a550a56f9d2d8dcd9dee9d13
:1080f800ed950d96ac8dad9571b610ae2f9d6c8437
:10810800ed94ec94297c0874e773a76b8663656328
:10811800445ba56b487c4874c663a663845b835341
:108128008353835ba45b2453223a023220216021cb
:108138008129c331043a25422642e6392221032106
:10814800e320e420c420c420e4200529e420c4203e
:10815800a31804298220cb6a2f9ced938b938db4ae
:108168006cb46cc42bbc2abc8cbc0ba48439454aa7
:10817800644284426342c452265ba44a6342a44ace
:10818800a44ac552a44a84428342a442297c6984f1
:108198004984087c087c834a4342654aa54aa44a24
:1081a80082426142a242e44ae552c54a053a222186
:1081b800e21824210421e4200521e520a418e5285b
:1081c800043124392fa493d571d5b1dd2cd58ee592
:1081d8006ed5edc4aeb46a83e2300329a21854ad5b
:1081e800ffffffffbef7ffffffffffffffffffffe0
:1081f800ffffffffffffffffffffffffffffffff87
:10820800ffffffffffffffffffffffffffffffff76
:10821800ffffffffbef79df7bef7fffffdfffdff66
:10822800fcff9aef17df70a52d950ea6ed9ded9d2d
:10823800ac95ce9d51b6afa5ed8c2e9dad94cd9449
:108248008c8cac94097c26636663676b4663676baa
:10825800876b876b4563455ba76b2974c984e98481
:108268000a850a8588746453823ac34aa44ae65246
:10827800a74a674ae639a5310642674a674a06426d
:1082880065310429e420e420c420c4180521c41859
:10829800e4200429e42004290b6b0a734cac8cb449
:1082a800acbc30d50fd5acc4abb48ba48339655204
:1082b8004442c44aa34a6242a34aa34a8242a34a06
:1082c800c44a6242a342a34a0453655b0453c87379
:1082d800866ba76b6563e45a6242e452a442a342e8
:1082e800455b497ce97344420119c2182521462996
:1082f800e5208410a518c518c418e420e320032934
:10830800e228ed9392d50fd570e50ddd6ee54eddd3
:108318002ed5cebc6eac433981182421d2949df75a
:10832800ffffdef7ffffffffffffffffffffffff7e
:10833800ffffffffffffffffffffffffffffffff45
:10834800ffffffffffffffffffffffffffffffff35
:10835800ffffffffffffdef7bef7bef7b9d656c631
:1083680015be92ad51a54fa5aea58c956b8dac9d54
:1083780050b610b60d95cd94cd948c8cce94ce9ce1
:10838800ad94cd94ac94a97327638873276b686bfd
:10839800476b276b27638873c973265b455345531f
:1083a80045536653a75b65532453445b8342644239
:1083b800e4316429e318c2182221422142292321e9
:1083c800e320c320c320e420e420c420c418c41838
:1083d8006629c418e420e420032964394aa4abb40c
:1083e800ecc4eecceecccbbc0bb58aa4a341865230
:1083f800634a6342834aa452634aa34aa34a413a5e
:108408006342834aa44aa34a04530453e55283426d
:10841800265b834a6242a24a655b897c897c8a7ca6
:10842800286c0553023262210321e418c418c418c9
:10843800c420e5200529e420c320c3204329401097
:10844800c76aaeac4fcd4fd54ddd4ee54fd550d5b3
:10845800cfbc49832239a018642991945cefffffaf
:10846800bef7ffffffffffffffffffffffffffff5d
:10847800ffffffffffffffffffffffffffffffff04
:10848800ffffffffffffffffffffffffdfffffff14
:10849800ffffdeffdef7fffffffffffffeff7cefc2
:1084a800f9de19dfd8de74c6f0adefa52fae51b6f0
:1084b800d0adb1ad0f9d6d8cae944d8c6d942c8c60
:1084c800ae94ae9ccd9cad94a973276b686b476b3b
:1084d8000763686b8973686b686b48634763886b6d
:1084e8006863475b465b465b66636663876b676387
:1084f800e75a664ac43102210121e1200121e22024
:10850800e320e428e428e420e42004290529831052
:10851800c418c418e4182529821823292b9ccbac2d
:108528008ecdeec4cdc4ccbc4aa4ea936339eb83a8
:10853800ac946a84876b2763676b4a84ab8c097c2d
:108548004663a873ac940a7c065b265b265be552ff
:10855800c55247630553c76328746453845b645bdf
:108568002453a34283424442253ac4394329e22092
:1085780003210329a220c3202429e4280329601801
:10858800ab83ceb4efbcadbccdc4edc4eeb449836f
:10859800255a401842296a73d09c1adf9df79df727
:1085a800bef7deffdfffffffffffffffffffffff5d
:1085b800ffffffffffffffffffffffffffffffffc3
:1085c800ffffffffffffffffffffffffffffffffb3
:1085d800fffffffffffffffffefffeffffffffffa5
:1085e800def77bef36c6d2b56fa56d9532ae94be79
:1085f800b6ce19df5bef9cf7bcf73ae77aef14c603
:10860800cf9c2fa550adee9ceea40ea50e9d0e9d01
:10861800ad94ad94ce9cad94cd94ee9cae94eb838a
:10862800476b476367634763476b27632763476302
:10863800476b887369730863c85a6752833102218c
:10864800a218c320e320e320e3200429c420e42067
:10865800a41826290521c420e4208118a76aadacf6
:108668000ebd2fcdeec40bacaeb4a9720552ae9cb4
:108678006b8cec94cd9c6c8cea7b876b476b6b8c1a
:10868800cd942b84ea7b0e9d0e9d2a7c8763834aba
:10869800c96bed94ed8c29748653845384536453c9
:1086a8006453655b0453a34a634263422542464ac6
:1086b800c5410229c220c428c420c520e42882203c
:1086c800a96a2fa40d9cab934983255a0029002938
:1086d800e441c85a8e9430a5f09c11a557cebdff31
:1086e800beffffffffffdffffffffffffffffffff3
:1086f800ffffffffffffffffffffffffffffffff82
:10870800ffffffffffffffffffffffffffffffff71
:10871800fffffefffeffffffffffffffffffffff63
:10872800fefffefffdffbcf7bbefbcf7fdf7feff4a
:10873800fefffffffffffffffeffbdf7feffbcf7d9
:1087480039e795cef1bd6fad4fa52fa54fa52ea545
:108758000e9ded94cc94ac94cc94cc94cd94cd94c3
:10876800cd94ac944a8c097ca773866b476b476b96
:10877800686b686b486b486b486b486baa73696b8e
:10878800085ba75206424429e320c3202429042178
:10879800e320c320e420e420e520e52083202b7398
:1087a800cfb46db46db4afb4ea7a4120cc7befa4fa
:1087b800ad94ac94ad94ad94ee9ccd94ae94ef9cf6
:1087c800ef9cef9c0fa50f9dee9c2fa5ed94ad940b
:1087d8002a7ce9730e95ed940d8d8b840974086cd1
:1087e800a663855b497c4d9d4ea58c8c6d8c6d8cec
:1087f8004d8c2c84ec7bcc738b6b4a5be95ae95a21
:10880800e95a29634a6b8a73ab7bcb7b0c846d8cea
:10881800ef9c30a550a530a530a530a511a57bef5c
:10882800feffbef7ffffffffffffffffffffffff9a
:10883800ffffffffffffffffffffffffffffffff40
:10884800ffffffffffffffffffffffffffffffff30
:10885800fffffefffeffffffffffffffffffffff22
:10886800fffffffffeffddf7ddf7fdfffef7feff71
:10887800ffffdfffdff7deffbef77df737c6f6c580
:10888800d4bdf3bd13bed2bd71ad10a50fa50fa504
:108898002fa52fa52fa52fa50f9d0e9dce94ce9465
:1088a800cd94cd94cd94cd94cd94cd94cd948c8c01
:1088b8002a840a7c0a7c0a7cea7bca7b886ba96bbf
:1088c800686b28632963296be85a464aa5398431bd
:1088d8002329c218a218a218c318e3200429a22029
:1088e8004439696a4862e2300231c86a11a531a583
:1088f800ee9c2fa50fa50f9d30a530a54fa591add6
:1089080050a50f9d50a550a52fa52ea52fa570ad3c
:10891800ee9c2f9d2f9d70a52f9d4f9d4f9d4e9d89
:108928004e9d4f9d2e9dee94ef9450a530a5109d21
:10893800f09cf09cf09c119d329d329d2e9d2e9da9
:108948000e9d2e9d2e9d4e9d4ea52e9d11a531a5a9
:1089580051a552ad92b5f4bd76ceb7d67beffeffea
:10896800fefffefffffffffffffffeffffffffff12
:10897800ffffffffffffffffffffffffffffffffff
:10898800ffffffffffffffffffffffffffffffffef
:10899800ffffffffffffffffffffffffffffdfffff
:1089a800dfffffffffffdeffffffffffffffffff10
:1089b800ffffdfffdfffdfffdeffbef7feff7cef1d
:1089c800d9de56c615bef4bdd4b5b3b5b4b5d4bd5d
:1089d800d4bdd4bdd3b593b572ad51ad51ad31a5ac
:1089e80010a5109d109d10a530a530a52fa52fa569
:1089f8004fa54fa54ea52ea50e9d0e9d4ea50d9dce
:108a0800ac948c8c4b840a7cc97bca73696b496ba8
:108a18002963c75a464ae53983316331e220a118f0
:108a2800a220c3200329064acb7b0fa530a52fa57a
:108a38000e9d4fa50f9d30a530a50f9d4fa570ad7c
:108a48002fa570add2b570ad0e9d6fad92b592b534
:108a5800b3bd96d676ceb7d6b6d659e79aef7ae7ab
:108a68007ae7dbeffcf7dcf7dcf7fcfffcfffcff49
:108a7800dcffdcffddffddffddf7bceffefffdf710
:108a8800fdf7fdf7fdf7fdf7ddf7dcf7fdfffdff6f
:108a9800fdfffdfffdfffdfffdfffdfffeffdeff0c
:108aa800bdf7ffffffffdef7ffffffffffffffff41
:108ab800ffffffffffffffffffffffffffffffffbe
:108ac800ffffffffffffffffffffffffffffffffae
:108ad800ffffffffffffffffffffffffffffffff9e
:108ae800ffffffffffffdfffffffffffffffffffae
:108af800fffffffffffffffffffffeffbdf7deffea
:108b0800fefffffffffffefffefffefffefffeff73
:108b1800fefffefffefffefffdffddffddfffdffa9
:108b2800fdffbcf75be7b8d615be93ad51a551a5bf
:108b380051a530a50f9d0f9d2f9d2fa50e9d4fa5cb
:108b48004fa52fa52e9d2ea50e9ded9c0ea52fa5fc
:108b58002fa52fa52fa50fa510a530a5d19cf19c59
:108b6800cf940e9d70a5309dcf9430a52e9d2e9d3f
:108b78004ea54ea50d9d4fa52f9d70a570ad91ad2d
:108b880050a530a5309dce9430a575cedbffbbf740
:108b98007bef36ce94b5d5bdd5bdd5b5b4b5f6bd4c
:108ba80037c658cedad67cefddf7fdfffefffeffb5
:108bb800fefffefffefffefffeffdef7ffffffffeb
:108bc800fffffffffffffffffffffffffefffeffaf
:108bd800fefffefffefffefffefffeffdeffdeffe5
:108be800dfffffffffffdfffffffdeffffffffffee
:108bf800ffffffffffffffffffffffffffffffff7d
:108c0800ffffffffffffffffffffffffffffffff6c
:108c1800ffffffffffffffffffffffffffffffff5c
:108c2800ffffffffffffffffffffffffffffffff4c
:108c3800fffffffffffffffffefffefffeffffff3f
:108c4800ffffffffffffffffffffdeffffffffff4d
:108c5800ffffffffffffffffffffffffffffffff1c
:108c6800feffdeffdeffdeffbdf79df7bdf7bdf7b8
:108c7800bcf7dcf7dcf7bbf75ae7f9deb7ceb3b5dc
:108c8800109d109d30a50f9dee9c4fa50fa52fa5fb
:108c98002fa52fa52fa50fa50f9d0fa512a531a5af
:108ca8004fa52e9d2e9db2add4b553ad2fa50e9dcb
:108cb8000e9d4fa550a550a5309d34bedbf779ef2a
:108cc80055c672ad52a532a5119d32a5129d73ad40
:108cd8001ae79df7deff9df7bdf7bdf7bdf7bdf7b6
:108ce800bef79ef77def9defbef7fefffefffeff8e
:108cf800deffffffffffffffffffffffffffffff9d
:108d0800ffffffffffffffffffffffffffffffff6b
:108d1800ffffffffffffffffdfffdfffffffffff9b
:108d2800dfffffffffffffffffffdeffffffffff8c
:108d3800ffffffffffffffffffffffffffffffff3b
:108d4800ffffffffffffffffffffffffffffffff2b
:108d5800fffffffffffffffffffffffffefffeff1d
:108d6800feffffffffffffffffffffffffffffff0c
:108d7800fffffffffefffefffefffeffffffffffff
:108d8800ffffffffffffffffffffdfffffffffff0b
:108d9800ffffffffffffdfffdfffdfffdff7dfff83
:108da800ffffffffffffffffffffffffffffffffcb
:108db800fffffefffefffefffefffefffefffeffc2
:108dc800feffddf79bf73ae715bed09c31a510a54d
:108dd800cf9cae94cf9cf09c10a531a594b597d6a6
:108de80018df19dfbceffeffdef7bef7ddf7bcf7d3
:108df8007bef5ae75be73be7b9d67be7fdfffeff72
:108e0800feffddf7ddf7ddf7bdf7bdf79cefbdf73a
:108e1800ffffffffdefffffffffffffffefffeff7d
:108e2800deffffffffffffffffffdeffffffffff8c
:108e3800ffffffffffffffffffffffffdfffffff5a
:108e4800ffffffffffffffffffffffffdff7dfff72
:108e5800ffffffffffffffffffffffffffffffff1a
:108e6800bef7def7ffffffffffffffffffffffff7c
:108e7800fffffffffffffffffffffffffffffffffa
:108e8800ffffffffffffffffffffffffffffffffea
:108e9800fffffffffffffffffffffffffefffeffdc
:108ea800fefffeffffffffffffffffffffffffffcc
:108eb800ffffffffffffffffffffffffffffffffba
:108ec800ffffffffffffffffffffffffffffffffaa
:108ed800ffffffffffffffffffffffffffffffff9a
:108ee800ffffdef7bef7def7dfffdeffdff7dfffae
:108ef800ffffffffffffdeffdfffdfffffffdffffb
:108f0800defffefffeffdeffbdf79cef5cef9cef90
:108f1800bcf7dcf7fdfffdfffdfffdfffefffeffd9
:108f2800deffdfffdff7dff7ffffffff9ef7dfff63
:108f3800deffdef7dfffffffbef7def7ffffbef75e
:108f4800def7ffffffffffffdeffdfffffffdef7bc
:108f58009ef7ffffffffdfffdeffffff9df7deff4e
:108f6800fefffefffeffffffffffffffdfffdfff4c
:108f7800ffffffffffffffffdffffffffefffeff1b
:108f8800fefffefffefffefffeffffffffffffffee
:108f9800ffffffffdfffdfffffffffffffffffff19
:108fa800ffffffffffffffffdfffffffffffffffe9
:108fb800ffffffffffffffffffffffffffffffffb9
:108fc800ffffffffffffffffffffffffffffffffa9
:108fd800ffffffffffffffffffffffffffffffff99
:108fe800ffffffffffffffffffffffffffffffff89
:108ff800ffffffffffffffffffffffffffffffff79
:10900800fffffefffeffffffffffdfffffffffff8a
:10901800ffffffffffffffffffffffffdef7ffff81
:10902800ffffffffffffffffffffffffffffffff48
:10903800fffffeffffffffffffffffffffffffff39
:10904800ffffffffffffdeffdeffffffdfffffff8a
:10905800fffffefffefffefffeffffffffffffff1c
:10906800feffdefffffffffffff7ffffffffffff32
:10907800ffffffffdfffffffffffffffffffffff18
:10908800ffffffffdff7ffffffffffffdff7ffff38
:10909800ffffdfffdfffdfffffffdefffffffeff5a
:1090a800fefffefffeffffffffffffffffffffffcb
:1090b800ffffffffffffdfffffffffffffffffffd8
:1090c800ffffffffffffffffffffffffdefffeffca
:1090d800fffffffffefffefffeffffffffffffff9b
:1090e800ffffffffdef7ffffffffdfffffffffffd1
:1090f800ffffffffffffffffffffffffffffffff78
:10910800ffffffffffffffffffffffffffffffff67
:10911800ffffffffffffffffffffffffffffffff57
:10912800ffffffffffffffffffffffffffffffff47
:10913800ffffffffffffffffffffffffffffffff37
:10914800ffffffffffffffffffffffffffffffff27
:10915800ffffffffffffffffffffffffffffffff17
:10916800ffffffffffffffffffffffffffffffff07
:10917800fffffffffffffffffffffffffffffffff7
:10918800ffffffffffffffffffffffffffffffffe7
:10919800ffffffffffffffffffffffffffffffffd7
:1091a800ffffffffffffffffffffffffffffffffc7
:1091b800ffffffffffffffffffffffffffffffffb7
:1091c800ffffffffffffffffffffffffffffffffa7
:1091d800ffffffffffffffffffffffffffffffff97
:1091e800ffffffffffffffffffffffffffffffff87
:1091f800ffffffffffffffffffffffffffffffff77
:10920800ffffffffffffffffffffffffffffffff66
:10921800ffffffffffffffffffffffffffffffff56
:10922800ffffffffffffffffffffffffffffffff46
:10923800ffffffffffffffffffffffffffffffff36
:10924800ffffffffffffffffffffffffffffffff26
:10925800ffffffffffffffffffffffffffffffff16
:10926800ffffffffffffffffffffffffffffffff06
:10927800fffffffffffffffffffffffffffffffff6
:10928800ffffffffffffffffffffffffffffffffe6
:10929800ffffffffffffffffffffffffffffffffd6
:1092a800ffffffffffffffffffffffffffffffffc6
:1092b800ffffffffffffffffffffffffffffffffb6
:1092c800ffffffffffffffffffffffffffffffffa6
:1092d800ffffffffffffffffffffffffffffffff96
:1092e800ffffffffffffffffffffffffffffffff86
:1092f800ffffffffffffffffffffffffffffffff76
:10930800ffffffffffffffffffffffffffffffff65
:10931800ffffffffffffffffffffffffffffffff55
:10932800ffffffffffffffffffffffffffffffff45
:10933800ffffffffffffffffffffffffffffffff35
:10934800ffffffffffffffffffffffffffffffff25
:10935800ffffffffffffffffffffffffffffffff15
:10936800ffffffffffffffffffffffffffffffff05
:10937800fffffffffffffffffffffffffffffffff5
:10938800ffffffffffffffffffffffffffffffffe5
:10939800ffffffffffffffffffffffffffffffffd5
:1093a800ffffffffffffffffffffffffffffffffc5
:1093b800ffffffffffffffffffffffffffffffffb5
:1093c800ffffffffffffffffffffffffffffffffa5
:1093d800ffffffffffffffffffffffffffffffff95
:1093e800ffffffffffffffffffffffffffffffff85
:1093f800ffffffffffffffffffffffffffffffff75
:10940800ffffffffffffffffffffffffffffffff64
:10941800ffffffffffffffffffffffffffffffff54
:10942800ffffffffffffffffffffffffffffffff44
:10943800ffffffffffffffffffffffffffffffff34
:10944800ffffffffffffffffffffffffffffffff24
:10945800ffffffffffffffffffffffffffffffff14
:10946800ffffffffffffffffffffffffffffffff04
:10947800fffffffffffffffffffffffffffffffff4
:10948800ffffffffffffffffffffffffffffffffe4
:10949800ffffffffffffffffffffffffffffffffd4
:1094a800ffffffffffffffffffffffffffffffffc4
:1094b800ffffffffffffffffffffffffffffffffb4
:1094c800ffffffffffffffffffffffffffffffffa4
:1094d800ffffffffffffffffffffffffffffffff94
:1094e800ffffffffffffffffffffffffffffffff84
:1094f800ffffffffffffffffffffffffffffffff74
:10950800ffffffffffffffffffffffffffffffff63
:10951800ffffffffffffffffffffffffffffffff53
:10952800ffffffffffffffffffffffffffffffff43
:10953800ffffffffffffffffffffffffffffffff33
:10954800ffffffffffffffffffffffffffffffff23
:10955800ffffffffffffffffffffffffffffffff13
:10956800ffffffffffffffffffffffffffffffff03
:10957800fffffffffffffffffffffffffffffffff3
:10958800ffffffffffffffffffffffffffffffffe3
:10959800ffffffffffffffffffffffffffffffffd3
:1095a800ffffffffffffffffffffffffffffffffc3
:1095b800ffffffffffffffffffffffffffffffffb3
:1095c800ffffffffffffffffffffffffffffffffa3
:1095d800ffffffffffffffffffffffffffffffff93
:1095e800ffffffffffffffffffffffffffffffff83
:1095f800ffffffffffffffffffffffffffffffff73
:10960800ffffffffffffffffffffffffffffffff62
:10961800ffffffffffffffffffffffffffffffff52
:10962800ffffffffffffffffffffffffffffffff42
:10963800ffffffffffffffffffffffffffffffff32
:10964800ffffffffffffffffffffffffffffffff22
:10965800ffffffffffffffffffffffffffffffff12
:10966800ffffffffffffffffffffffffffffffff02
:10967800fffffffffffffffffffffffffffffffff2
:10968800ffffffffffffffffffffffffffffffffe2
:10969800ffffffffffffffffffffffffffffffffd2
:1096a800ffffffffffffffffffffffffffffffffc2
:1096b800ffffffffffffffffffffffffffffffffb2
:1096c800ffffffffffffffffffffffffffffffffa2
:1096d800ffffffffffffffffffffffffffffffff92
:1096e800ffffffffffffffffffffffffffffffff82
:1096f800ffffffffffffffffffffffffffffffff72
:10970800ffffffffffffffffffffffffffffffff61
:10971800ffffffffffffffffffffffffffffffff51
:10972800ffffffffffffffffffffffffffffffff41
:10973800ffffffffffffffffffffffffffffffff31
:10974800ffffffffffffffffffffffffffffffff21
:10975800ffffffffffffffffffffffffffffffff11
:10976800ffffffffffffffffffffffffffffffff01
:10977800fffffffffffffffffffffffffffffffff1
:10978800ffffffffffffffffffffffffffffffffe1
:10979800ffffffffffffffffffffffffffffffffd1
:1097a800ffffffffffffffffffffffffffffffffc1
:1097b800ffffffffffffffffffffffffffffffffb1
:1097c800ffffffffffffffffffffffffffffffffa1
:1097d800ffffffffffffffffffffffffffffffff91
:1097e800ffffffffffffffffffffffffffffffff81
:1097f800ffffffffffffffffffffffffffffffff71
:10980800ffffffffffffffffffffffffffffffff60
:10981800ffffffffffffffffffffffffffffffff50
:10982800ffffffffffffffffffffffffffffffff40
:10983800ffffffffffffffffffffffffffffffff30
:10984800ffffffffffffffffffffffffffffffff20
:10985800ffffffffffffffffffffffffffffffff10
:10986800ffffffffffffffffffffffffffffffff00
:10987800fffffffffffffffffffffffffffffffff0
:10988800ffffffffffffffffffffffffffffffffe0
:10989800ffffffffffffffffffffffffffffffffd0
:1098a800ffffffffffffffffffffffffffffffffc0
:1098b800ffffffffffffffffffffffffffffffffb0
:1098c800ffffffffffffffffffffffffffffffffa0
:1098d800ffffffffffffffffffffffffffffffff90
:1098e800ffffffffffffffffffffffffffffffff80
:1098f800ffffffffffffffffffffffffffffffff70
:10990800ffffffffffffffffffffffffffffffff5f
:10991800ffffffffffffffffffffffffffffffff4f
:10992800ffffffffffffffffffffffffffffffff3f
:10993800ffffffffffffffffffffffffffffffff2f
:10994800ffffffffffffffffffffffffffffffff1f
:10995800ffffffffffffffffffffffffffffffff0f
:10996800ffffffffffffffffffffffffffffffffff
:10997800ffffffffffffffffffffffffffffffffef
:10998800ffffffffffffffffffffffffffffffffdf
:10999800ffffffffffffffffffffffffffffffffcf
:1099a800ffffffffffffffffffffffffffffffffbf
:1099b800ffffffffffffffffffffffffffffffffaf
:1099c800ffffffffffffffffffffffffffffffff9f
:1099d800ffffffffffffffffffffffffffffffff8f
:1099e800ffffffffffffffffffffffffffffffff7f
:1099f800ffffffffffffffffffffffffffffffff6f
:109a0800ffffffffffffffffffffffffffffffff5e
:109a1800ffffffffffffffffffffffffffffffff4e
:109a2800ffffffffffffffffffffffffffffffff3e
:109a3800ffffffffffffffffffffffffffffffff2e
:109a4800ffffffffffffffffffffffffffffffff1e
:109a5800ffffffffffffffffffffffffffffffff0e
:109a6800fffffffffffffffffffffffffffffffffe
:109a7800ffffffffffffffffffffffffffffffffee
:109a8800ffffffffffffffffffffffffffffffffde
:109a9800ffffffffffffffffffffffffffffffffce
:109aa800ffffffffffffffffffffffffffffffffbe
:109ab800ffffffffffffffffffffffffffffffffae
:109ac800ffffffffffffffffffffffffffffffff9e
:109ad800ffffffffffffffffffffffffffffffff8e
:109ae800ffffffffffffffffffffffffffffffff7e
:109af800ffffffffffffffffffffffff00000080ea
:109b080000040084100010801004f7bd108400f8d1
:109b1800e007e0ff1f001ff8ff07ffff0c00100021
:109b280015001a001f00e002ec02f002f502fa022a
:109b3800ff0220042c04300435043a043f04600575
:109b48006c05700575057a057f05a006ac06b0069c
:109b5800b506ba06bf06e007ec07f007f507fa07ef
:109b6800ff0700600c60106015601a601f60e062fb
:109b7800ec62f062f562fa62ff6220642c64306481
:109b880035643a643f6460656c65706575657a65cf
:109b98007f65a066ac66b066b566ba66bf66e06704
:109ba800ec67f067f567fa67ff6700800c80108044
:109bb80015801a801f80e082ec82f082f582fa829a
:109bc800ff8220842c84308435843a843f846085e5
:109bd8006c85708575857a857f85a086ac86b0860c
:109be800b586ba86bf86e087ec87f087f587fa875f
:109bf800ff8700a80ca810a815a81aa81fa8e0aaf3
:109c0800ecaaf0aaf5aafaaaffaa20ac2cac30acb0
:109c180035ac3aac3fac60ad6cad70ad75ad7aadfe
:109c28007fada0aeacaeb0aeb5aebaaebfaee0af33
:109c3800ecaff0aff5affaafffaf00d00cd010d05b
:109c480015d01ad01fd0e0d2ecd2f0d2f5d2fad289
:109c5800ffd220d42cd430d435d43ad43fd460d5d4
:109c68006cd570d575d57ad57fd5a0d6acd6b0d6fb
:109c7800b5d6bad6bfd6e0d7ecd7f0d7f5d7fad74e
:109c8800ffd700f80cf810f815f81af81ff8e0fae2
:109c9800ecfaf0faf5fafafafffa20fc2cfc30fca0
:109ca80035fc3afc3ffc60fd6cfd70fd75fd7afdee
:109cb8007ffda0feacfeb0feb5febafebffee0ff23
:109cc800ecfff0fff5fffaffffff41088210e318f1
:109cd80025298631c7392842694acb5a0c630c6357
:109ce8000c63ae731084518cb294f39c54a596b552
:109cf800d7bd38c679cedbde1ce77defa80d07207f
:109d08001c00000000000000840e07200100000075
:109d180000000000001206203400000000000000cf
:109d2800180e0720080000000000000080ab072084
:109d38000400000001000000b0aa07203412062029
:109d48005400000000000000850e072001000000fc
:109d580000000000200e07200400000000000000a2
:109d6800860e07200100000000000000881206206f
:109d78001c0000000000000000e90620201400007c
:109d880000000000e00a07202c000000000000008e
:109d9800680e07201000000000000000870e072052
:109da8000100000000000000240e0720140000003d
:109db80000000000880e07200200000000000000dc
:109dc800780e07200c00000000000000240c07207b
:109dd8002800000000000000200b07202c000000d5
:109de8000000000000070720c80000000000000075
:109df800741506200c00000000000000f40607207f
:109e08000c00000000000000940c07200c0000006b
:109e180000000000800d07200c000000000000007a
:109e2800200a07203c00000000000000600b07200b
:109e38002c00000000000000a00b07202c000000f0
:109e48000000000020050720f400000000000000ca
:109e5800600d07200c00000000000000400d0720e6
:109e68001000000000000000a41206200c000000f2
:109e780000000000340d07200c0000000000000066
:109e8800200d07201400000000000000a00c07208f
:109e98002000000000000000580b07200800000008
:109ea80000000000140507200c000000000000005e
:109eb8000c0a072014000000000000004c0b0720cb
:109ec8000c000000000000008c0b07200c000000b4
:109ed800000000000c0d07200c000000000000002e
:109ee800c00c07201c000000000000000c0b07201d
:109ef80014000000000000006c0d07200c0000009a
:109f080000000000c40d0720180000000000000039
:109f180000bd0620001000000000000040aa062036
:109f2800c01200000000000080550620c03c000060
:109f38000000000000dd0620000c0000000000000a
:109f480040920620001800000000000014060720b8
:109f5800e000000000000000700c07202400000052
:109f68000000000000cd06200010000000000000e6
:109f780040a9072054000000010000001000000064
:109f88002c0100000000000020000000600000001c
:109f98000000000040000000600000000000000019
:109fa800800000002000000000000000c400000045
:109fb8003000000000000000000100001800000050
:109fc8000000000000000000000000000000000089
:109fd8008a0e07200200000000000000d00a0720b7
:109fe800100000000000000080150620004000005e
:109ff80000000000600a07203c000000000000008c
:10a00800380e0720080000000000000088ab072079
:10a01800010000000100000064000000b0120620ea
:10a02800480000000000000050ab07200c000000b2
:10a03800010000001d2c030ccd75020c49d7020c41
:10a04800400e07200400000000000000980b0720c5
:10a058000800000000000000440e07200400000073
:10a0680000000000180d0720080000000000000094
:10a07800480e0720040000000000000008ab07207d
:10a08800280000000100000065000000000000003a
:10a098000000000000000000000000006600000052
:10a0a80000000000000000000000000000000000a8
:10a0b8004c0e07200400000000000000dc0c072004
:10a0c80018000000000000002809072058000000c0
:10a0d80000000000f81206200c000000000000003c
:10a0e800f40c07201800000000000000c807072033
:10a0f800c000000000000000dc0d07200c0000007c
:10a1080000000000cc0b07205800000000000000f1
:10a11800041306207002000000000000a00a0720b7
:10a12800300000000000000088080720a0000000a0
:10a13800000000008e0e0720020000000100000051
:10a14800010000008c0e0720010000000000000044
:10a15800500e0720080000000000000080090720ba
:10a16800500000000000000074a807206c000000e8
:10a178000100000080a807207ca8072080a80720ed
:10a18800000000002500000028fd06200004000053
:10a1980000000000000000000000000000000000b7
:10a1a80000000000000000000000000000000000a7
:10a1b8009d2e030c000000000000000000000000bd
:10a1c8000000000049d2020c00000000000000005e
:10a1d8000000000000000000000000000000000077
:10a1e80020fd06200804000000000000d0aa072077
:10a1f8002000000001000000010000000300000032
:10a208000000000000000000000000000000000046
:10a2180000000000780d0720780d072008000000d6
:10a2280000000000580e0720080000000000000091
:10a23800e0a8072060000000010000000100000005
:10a248000300000000000000000000000000000003
:10a25800000000000000000031d5020c00000000e2
:10a268000000000000000000e12d030cb30c030cfb
:10a2780000000000000000000000000000000000d6
:10a2880000000000000000000000000000000000c6
:10a2980000000000000000000000000084ab072060
:10a2a800040000000100000001000000600e07200b
:10a2b8000400000000000000e80d07200c0000006a
:10a2c8000000000000000000b803000001000000ca
:10a2d800f0ff11201980020ced2d030cf12d030c59
:10a2e800f92d030cfd2d030c012e030c00000000ba
:10a2f800000000000000000000000000952e030c84
:10a30800f52d030c00000000952e030c952e030c70
:10a31800952e030c952e030c952e030c952e030ced
:10a32800952e030c952e030c952e030c952e030cdd
:10a33800952e030c952e030c952e030c952e030ccd
:10a34800952e030c952e030c952e030c990e030cd9
:10a35800990e030c990e030c990e030c952e030c01
:10a36800491c030c691c030c952e030c952e030c39
:10a37800952e030c952e030c952e030c952e030c8d
:10a38800952e030c952e030c952e030c952e030c7d
:10a39800952e030c952e030c952e030c952e030c6d
:10a3a800952e030c952e030c952e030cd100030c4f
:10a3b8009900030c6100030c2900030c952e030c73
:10a3c800952e030c952e030c952e030c952e030c3d
:10a3d800952e030c952e030c952e030c952e030c2d
:10a3e800952e030c952e030c952e030c2949020c6f
:10a3f8002949020c2949020c2949020c2949020c55
:10a408002949020c2949020c952e030c952e030ca0
:10a41800952e030c952e030c952e030c952e030cec
:10a42800952e030c952e030c952e030c952e030cdc
:10a43800952e030c952e030c952e030c952e030ccc
:10a44800952e030c952e030c952e030c952e030cbc
:10a45800952e030c952e030c952e030c952e030cac
:10a46800952e030c952e030c952e030c952e030c9c
:10a47800952e030c952e030c7d4e020c7d4e020c7e
:10a488007d4e020c7d4e020c7d4e020c7d4e020c60
:10a498007d4e020c952e030c952e030c952e030c65
:10a4a800952e030c952e030c952e030c952e030c5c
:10a4b800952e030c952e030c952e030c952e030c4c
:10a4c800952e030c952e030c952e030c952e030c3c
:10a4d800952e030c952e030c952e030c952e030c2c
:10a4e800952e030c952e030c952e030c952e030c1c
:10a4f800952e030c952e030c952e030c952e030c0c
:10a50800952e030c952e030c952e030c952e030cfb
:10a51800952e030c952e030c952e030c952e030ceb
:10a52800952e030c952e030c952e030c952e030cdb
:10a53800952e030c952e030c952e030c952e030ccb
:10a54800952e030c952e030c952e030c952e030cbb
:10a55800952e030c952e030c952e030c952e030cab
:10a56800952e030c952e030c952e030c952e030c9b
:10a57800952e030c952e030c952e030c952e030c8b
:10a58800952e030c952e030c952e030c952e030c7b
:10a59800952e030c952e030c952e030c952e030c6b
:10a5a800952e030c952e030c952e030c952e030c5b
:10a5b800952e030c952e030c952e030c952e030c4b
:10a5c800952e030c952e030c952e030c952e030c3b
:10a5d800952e030c952e030c952e030c952e030c2b
:10a5e800952e030c952e030c952e030c952e030c1b
:10a5f800952e030c952e030c952e030c952e030c0b
:10a60800952e030c952e030c952e030c952e030cfa
:10a61800952e030c952e030c952e030c952e030cea
:10a62800952e030c952e030c952e030c952e030cda
:10a638000000000000000000952e030c952e030c6e
:10a64800952e030c952e030c952e030c952e030cba
:10a65800952e030c952e030c952e030c952e030caa
:10a66800952e030c952e030c952e030c952e030c9a
:10a67800952e030c952e030c952e030c952e030c8a
:10a68800952e030c952e030c00000000000000001e
:020000040000fa
:020000040c00ee
:10a69800ffffffffffffffffffffffffffffffffc2
:10a6a800ffffffffffffffffffffffffffffffffb2
:10a6b800ffffffffffffffffffffffffffffffffa2
:10a6c800ffffffffffffffffffffffffffffffff92
:10a6d800ffffffffffffffffffffffffffffffff82
:10a6e800ffffffffffffffffffffffffffffffff72
:10a6f800ffffffffffffffffffffffffffffffff62
:10a70800ffffffffffffffffffffffffffffffff51
:10a71800ffffffffffffffffffffffffffffffff41
:10a72800ffffffffffffffffffffffffffffffff31
:10a73800ffffffffffffffffffffffffffffffff21
:10a74800ffffffffffffffffffffffffffffffff11
:10a75800ffffffffffffffffffffffffffffffff01
:10a76800fffffffffffffffffffffffffffffffff1
:10a77800ffffffffffffffffffffffffffffffffe1
:10a78800ffffffffffffffffffffffffffffffffd1
:10a79800ffffffffffffffffffffffffffffffffc1
:10a7a800ffffffffffffffffffffffffffffffffb1
:10a7b800ffffffffffffffffffffffffffffffffa1
:10a7c800ffffffffffffffffffffffffffffffff91
:10a7d800ffffffffffffffffffffffffffffffff81
:10a7e800ffffffffffffffffffffffffffffffff71
:10a7f800ffffffffffffffffffffffffffffffff61
:10a80800ffffffffffffffffffffffffffffffff50
:10a81800ffffffffffffffffffffdfffdfffdfffa0
:10a82800dfffdfffdfffdfffdfffdfffdfffdfff30
:10a83800dfffdfffdfffdfffdfffdfffdfffdfff20
:10a84800dfffdfffdfffdfffdfffdfffdfffdfff10
:10a85800dfffdfffdfffdfffdfffdfffdfffdfff00
:10a86800dfffdfffdfffdfffdfffdfffdfffdffff0
:10a87800dfffdfffdfffdfffdfffdfffdfffdfffe0
:10a88800dfffdfffdfffdfffdfffdfffdfffdfffd0
:10a89800dfffdfffdfffdfffdfffdfffdfffdfffc0
:10a8a800dfffdfffdfffdfffdfffdfffdfffdfffb0
:10a8b800dfffdfffdfffdfffdfffdfffdfffdfffa0
:10a8c800dfffdfffdffffffffffffffffffffffff0
:10a8d800ffffffffffffffffffffffffffffffff80
:10a8e800ffffffffffffffffffffffffffffffff70
:10a8f800ffffffffffffffffffffffffffffffff60
:10a90800ffffffffffffffffffffffffffffffff4f
:10a91800ffffffffffffffffffffffffffffffff3f
:10a92800ffffffffffffffffffffffffffffffff2f
:10a93800ffffffffffffffffffffffffffffffff1f
:10a94800ffffffffffffffffffffffffdfffdfff4f
:10a95800dfffdef7def7def7def7def7def7bef75e
:10a96800bef7bef7bef7bef7bef7bef7bef7bef737
:10a97800bef7bef7bef7bef7bef7bef7bef7bef727
:10a98800bef7bef7bef7bef7bef7bef7bef7bef717
:10a99800bef7bef7bef7bef7bef7bef7bef7bef707
:10a9a800bef7bef7bef7bef7bef7bef7bef7bef7f7
:10a9b800bef7bef7bef7bef7bef7bef7bef7bef7e7
:10a9c800bef7bef7bef7bef7bef7bef7bef7bef7d7
:10a9d800bef7bef7bef7bef7bef7bef7bef7bef7c7
:10a9e800bef7bef7bef7bef7bef7bef7bef7bef7b7
:10a9f800bef7bef7bef7bef7bef7bef7bef7bef7a7
:10aa0800bef7def7def7def7def7def7def7dfffad
:10aa1800dfffdfffffffffffffffffffffffffff7e
:10aa2800ffffffffffffffffffffffffffffffff2e
:10aa3800ffffffffffffffffffffffffffffffff1e
:10aa4800ffffffffffffffffffffffffffffffff0e
:10aa5800fffffffffffffffffffffffffffffffffe
:10aa6800ffffffffffffffffffffffffffffffffee
:10aa7800ffffffffffffffffffffffffffffffffde
:10aa8800ffffffffdfffdfffdef7def7bef7bef7f2
:10aa9800bef79ef79def9def7def7def7def7def9c
:10aaa8007def7def7def7def7def7def7def7def3e
:10aab8007def7def7def7def7def7def7def7def2e
:10aac8007def7def7def7def7def7def7def7def1e
:10aad8007def7def7def7def7def7def7def7def0e
:10aae8007def7def7def7def7def7def7def7deffe
:10aaf8007def7def7def7def7def7def7def7defee
:10ab08007def7def7def7def7def7def7def7defdd
:10ab18007def7def7def7def7def7def7def7defcd
:10ab28007def7def7def7def7def7def7def7defbd
:10ab38007def7def7def7def7def7def7def7defad
:10ab48007def7def7def7def9def9def9ef7bef7eb
:10ab5800bef7bef7def7def7dfffdfffffffffff21
:10ab6800ffffffffffffffffffffffffffffffffed
:10ab7800ffffffffffffffffffffffffffffffffdd
:10ab8800ffffffffffffffffffffffffffffffffcd
:10ab9800ffffffffffffffffffffffffffffffffbd
:10aba800ffffffffffffffffffffffffffffffffad
:10abb800ffffffffffffffffffffffffffffffff9d
:10abc800dfffdef7def7bef79ef79def7def5def67
:10abd8005ce73ce71ce71bdf1bdffbdefbdefbde85
:10abe800fbdefbdefbdefbdefbdefbdefbdefbde95
:10abf800fbdefbdefbdefbdefbdefbdefbdefbde85
:10ac0800fbdefbdefbdefbdefbdefbdefbdefbde74
:10ac1800fbdefbdefbdefbdefbdefbdefbdefbde64
:10ac2800fbdefbdefbdefbdefbdefbdefbdefbde54
:10ac3800fbdefbdefbdefbdefbdefbdefbdefbde44
:10ac4800fbdefbdefbdefbdefbdefbdefbdefbde34
:10ac5800fbdefbdefbdefbdefbdefbdefbdefbde24
:10ac6800fbdefbdefbdefbdefbdefbdefbdefbde14
:10ac7800fbdefbdefbdefbdefbdefbdefbdefbde04
:10ac8800fbdefbdefbde1bdf1bdf1ce73ce75ce7d4
:10ac98005def7def9def9ef7bef7def7def7dfff96
:10aca800ffffffffffffffffffffffffffffffffac
:10acb800ffffffffffffffffffffffffffffffff9c
:10acc800ffffffffffffffffffffffffffffffff8c
:10acd800ffffffffffffffffffffffffffffffff7c
:10ace800ffffffffffffffffffffffffffffffff6c
:10acf800ffffffffffffffffffffffffdfffdef7a5
:10ad0800bef79ef79def7def3ce71ce7fbdedad64a
:10ad1800bad699ce79ce59ce38c638c618c618c60e
:10ad280018c618c618c618c618c618c618c618c62b
:10ad380018c618c618c618c618c618c618c618c61b
:10ad480018c618c618c618c618c618c618c618c60b
:10ad580018c618c618c618c618c618c618c618c6fb
:10ad680018c618c618c618c618c618c618c618c6eb
:10ad780018c618c618c618c618c618c618c618c6db
:10ad880018c618c618c618c618c618c618c618c6cb
:10ad980018c618c618c618c618c618c618c618c6bb
:10ada80018c618c618c618c618c618c618c618c6ab
:10adb80018c618c618c618c618c618c618c618c69b
:10adc80018c618c638c638c659ce79ce99cebad65e
:10add800dad6fbde1ce73ce77def7def9ef7bef79a
:10ade800def7dfffdfffffffffffffffffffffffd4
:10adf800ffffffffffffffffffffffffffffffff5b
:10ae0800ffffffffffffffffffffffffffffffff4a
:10ae1800ffffffffffffffffffffffffffffffff3a
:10ae2800ffffffffffffffffffffffffffffffff2a
:10ae3800ffffffffffffffffdfffdef7bef79ef715
:10ae48007def5ce71bdfdbdebad69abe39a6d78575
:10ae580076651545d42c931c9314730c5204520434
:10ae6800520452045204520452045204520452042a
:10ae7800520452045204520452045204520452041a
:10ae8800520452045204520452045204520452040a
:10ae980052045204520452045204520452045204fa
:10aea80052045204520452045204520452045204ea
:10aeb80052045204520452045204520452045204da
:10aec80052045204520452045204520452045204ca
:10aed80052045204520452045204520452045204ba
:10aee80052045204520452045204520452045204aa
:10aef800520452045204520452045204520452049a
:10af08005204730c9314931cd42c15455665b77dc5
:10af1800189e59b679ce9ad6dbde1bdf5ce77def4b
:10af28009defbef7def7dfffffffffffffffffff2d
:10af3800ffffffffffffffffffffffffffffffff19
:10af4800ffffffffffffffffffffffffffffffff09
:10af5800fffffffffffffffffffffffffffffffff9
:10af6800ffffffffffffffffffffffffffffffffe9
:10af7800ffffffffdfffdef7bef79ef77def3ce741
:10af8800fbdedbd67abef895354db42493147304f2
:10af980052045204520452045204520452045204f9
:10afa80052045204520452045204520452045204e9
:10afb80052045204520452045204520452045204d9
:10afc80052045204520452045204520452045204c9
:10afd80052045204520452045204520452045204b9
:10afe80052045204520452045204520452045204a9
:10aff8005204520452045204520452045204520499
:10b008005204520452045204520452045204520488
:10b018005204520452045204520452045204520478
:10b028005204520452045204520452045204520468
:10b038005204520452045204520452045204520458
:10b048005204520452045204520452045204730427
:10b058007314b424154dd78539b679c6bad6fbde34
:10b068003ce77def9defbef7def7dfffffffffff59
:10b07800ffffffffffffffffffffffffffffffffd8
:10b08800ffffffffffffffffffffffffffffffffc8
:10b09800ffffffffffffffffffffffffffffffffb8
:10b0a800ffffffffffffffffffffffffffffffffa8
:10b0b800dfffdfffbef79ef77def3ce7fbdebace92
:10b0c80039a6565db424730c520452045204520437
:10b0d80052045204520452045204520452045204b8
:10b0e80052045204520452045204520452045204a8
:10b0f8005204520452045204520452045204520498
:10b108005204520452045204520452045204520487
:10b118005204520452045204520452045204520477
:10b128005204520452045204520452045204520467
:10b138005204520452045204520452045204520457
:10b148005204520452045204520452045204520447
:10b158005204520452045204520452045204520437
:10b168005204520452045204520452045204520427
:10b178005204520452045204520452045204520417
:10b188005204520452045204520452045204520407
:10b19800520452045204730cb3243555f89579c6f9
:10b1a8009ad6fbde3ce77def9ef7bef7dfffdfffb9
:10b1b800ffffffffffffffffffffffffffffffff97
:10b1c800ffffffffffffffffffffffffffffffff87
:10b1d800ffffffffffffffffffffffffffffffff77
:10b1e800ffffffffffffffffffffffffffffdfff87
:10b1f800def7bef79def5ce7fbdebace399e354d34
:10b208009314730452045204520452045204520414
:10b218005204520452045204520452045204520476
:10b228005204520452045204520452045204520466
:10b238005204520452045204520452045204520456
:10b248005204520452045204520452045204520446
:10b258005204520452045204520452045204520436
:10b268005204520452045204520452045204520426
:10b278005204520452045204520452045204520416
:10b288005204520452045204520452045204520406
:10b2980052045204520452045204520452045204f6
:10b2a80052045204520452045204520452045204e6
:10b2b80052045204520452045204520452045204d6
:10b2c80052045204520452045204520452045204c6
:10b2d8005204520452045204520473047314154560
:10b2e800d78d79c69ad6fbde5ce79defbef7def711
:10b2f800dfffffffffffffffffffffffffffffff76
:10b30800ffffffffffffffffffffffffffffffff45
:10b31800ffffffffffffffffffffffffffffffff35
:10b32800ffffffffffffffffffffffffdfffdef76e
:10b338009ef77def1ce7dbd679b656559314520479
:10b348005204520452045204520452045204520445
:10b358005204520452045204520452045204520435
:10b368005204520452045204520452045204520425
:10b378005204520452045204520452045204520415
:10b388005204520452045204520452045204520405
:10b3980052045204520452045204520452045204f5
:10b3a80052045204520452045204520452045204e5
:10b3b80052045204520452045204520452045204d5
:10b3c80052045204520452045204520452045204c5
:10b3d80052045204520452045204520452045204b5
:10b3e80052045204520452045204520452045204a5
:10b3f8005204520452045204520452045204520495
:10b408005204520452045204520452045204520484
:10b418005204520452045204520452045204520474
:10b428007314154d18a679c6bad61ce77def9ef79a
:10b43800def7dfffffffffffffffffffffffffff5d
:10b44800ffffffffffffffffffffffffffffffff04
:10b45800fffffffffffffffffffffffffffffffff4
:10b46800ffffffffffffffffffffdfffbef79ef7b6
:10b478005deffbdebaced77db424730452045204c8
:10b488005204520452045204520452045204520404
:10b498005204520452045204520c720c7314731462
:10b4a800731473147314731473147314731473145c
:10b4b800731473147314731473147314731473144c
:10b4c800731473147314731473147314731473143c
:10b4d800731473147314731473147314731473142c
:10b4e800731473147314731473147314731473141c
:10b4f800731473147314731473147314731473140c
:10b5080073147314731473147314731473147314fb
:10b5180073147314731473147314731473147314eb
:10b5280073147314731473147314731473147314db
:10b5380073147314731473147314731473147314cb
:10b548007314730c520c52045204520452045204e1
:10b558005204520452045204520452045204520433
:10b5680052047304931c767559be9ad6fbde5defc0
:10b578009defbef7dfffffffffffffffffffffffae
:10b58800ffffffffffffffffffffffffffffffffc3
:10b59800ffffffffffffffffffffffffffffffffb3
:10b5a800ffffffffffffffffdfffbef79def5ce739
:10b5b800fbde7ab65555730c5204520452045204f9
:10b5c8005204520452045204520452045204731492
:10b5d800b444f55c35759685d78df89d39ae59b666
:10b5e80059b659b659b659b659b659b659b659b6db
:10b5f80059b659b659b659b659b659b659b659b6cb
:10b6080059b659b659b659b659b659b659b659b6ba
:10b6180059b659b659b659b659b659b659b659b6aa
:10b6280059b659b659b659b659b659b659b659b69a
:10b6380059b659b659b659b659b659b659b659b68a
:10b6480059b659b659b659b659b659b659b659b67a
:10b6580059b659b659b659b659b659b659b659b66a
:10b6680059b659b659b659b659b659b659b659b65a
:10b6780059b659b659b659b659b659b659b659b64a
:10b6880039aef89dd78d96853575f564b444731435
:10b6980052045204520452045204520452045204f2
:10b6a800520452045204730c154518a679cefbded9
:10b6b8005ce79defbef7dfffffffffffffffffff28
:10b6c800ffffffffffffffffffffffffffffffff82
:10b6d800ffffffffffffffffffffffffffffffff72
:10b6e800ffffffffffffdfffbef79def3ce7fbde3d
:10b6f80059a6f434730452045204520452045204f6
:10b7080052045204520452047324d44cd795bbc635
:10b718003cdf9eefdef7ffffffffffffffffffffae
:10b72800ffffffffffffffffffffffffffffffff21
:10b73800ffffffffffffffffffffffffffffffff11
:10b74800ffffffffffffffffffffffffffffffff01
:10b75800fffffffffffffffffffffffffffffffff1
:10b76800ffffffffffffffffffffffffffffffffe1
:10b77800ffffffffffffffffffffffffffffffffd1
:10b78800ffffffffffffffffffffffffffffffffc1
:10b79800ffffffffffffffffffffffffffffffffb1
:10b7a800ffffffffffffffffffffffffffffffffa1
:10b7b800ffffffffffffffffffffffffffffffff91
:10b7c800ffffffffffffffffdef79eef5ddfbbc65a
:10b7d800f89dd4547324520452045204520452045f
:10b7e80052045204520452047304b42cd79559c617
:10b7f800dbde3ce79defbef7dfffffffffffffff4c
:10b80800ffffffffffffffffffffffffffffffff40
:10b81800ffffffffffffffffffffffffffffffff30
:10b82800ffffffffdfffbef79def3ce7dbd6389e4b
:10b83800b4245204520452045204520452045204ce
:10b848005204520493347685bbbe9eefdfffffffa0
:10b85800fffffffffffffffffffffffffffffffff0
:10b86800ffffffffffffffffffffffffffffffffe0
:10b87800ffffffffffffffffffffffffffffffffd0
:10b88800ffffffffffffffffffffffffffffffffc0
:10b89800ffffffffffffffffffffffffffffffffb0
:10b8a800ffffffffffffffffffffffffffffffffa0
:10b8b800ffffffffffffffffffffffffffffffff90
:10b8c800ffffffffffffffffffffffffffffffff80
:10b8d800ffffffffffffffffffffffffffffffff70
:10b8e800ffffffffffffffffffffffffffffffff60
:10b8f800ffffffffffffffffffffffffffffffff50
:10b90800ffffffffffffffffffffffffffffffff3f
:10b91800ffffbeefdbc697859334520452045204ee
:10b92800520452045204520452045204931cb78520
:10b9380059c6bad63ce79defbef7dfffffffffff12
:10b94800ffffffffffffffffffffffffffffffffff
:10b95800ffffffffffffffffffffffffffffffffef
:10b96800ffffdfffdef79def5ce7dbd61896b31c21
:10b97800520452045204520452045204520452040f
:10b98800933496851cd7def7ffffffffffffffff0d
:10b99800ffffffffffffffffdff7def7def7def752
:10b9a800def7def7def7def7def7def7def7def7e7
:10b9b800def7def7def7def7def7def7def7def7d7
:10b9c800def7def7def7def7def7def7def7def7c7
:10b9d800def7def7def7def7def7def7def7def7b7
:10b9e800def7def7def7def7def7def7def7def7a7
:10b9f800def7def7def7def7def7def7def7def797
:10ba0800def7def7def7def7def7def7def7def786
:10ba1800def7def7def7def7def7def7def7def776
:10ba2800def7def7def7def7def7def7def7def766
:10ba3800def7def7def7def7def7def7def7def756
:10ba4800def7dff7dff7ffffffffffffffffffff77
:10ba5800ffffffffffffdef73cd7978593345204c3
:10ba68005204520452045204520452045204931cc5
:10ba7800b78559c6dad63ce79defbef7dfffffff73
:10ba8800ffffffffffffffffffffffffffffffffbe
:10ba9800ffffffffffffffffffffffffffffffffae
:10baa800dfffdef79ef75ce7fbde389eb424520426
:10bab8005204520452045204520452047314156579
:10bac800dbc6def7ffffffffffffffffffffffff04
:10bad8009eef1cd79abe39a6f89df895f89df89d5b
:10bae800f89df89df89df89df89df89df89df89da6
:10baf800f89df89df89df89df89df89df89df89d96
:10bb0800f89df89df89df89df89df89df89df89d85
:10bb1800f89df89df89df89df89df89df89df89d75
:10bb2800f89df89df89df89df89df89df89df89d65
:10bb3800f89df89df89df89df89df89df89df89d55
:10bb4800f89df89df89df89df89df89df89df89d45
:10bb5800f89df89df89df89df89df89df89df89d35
:10bb6800f89df89df89df89df89df89df89df89d25
:10bb7800f89df89df89df89df89df89df89df89d15
:10bb8800f895f895189e59aebbc65ddfbef7ffff66
:10bb9800ffffffffffffffffffffdef7dbc6356d8f
:10bba80073145204520452045204520452045204ac
:10bbb800931cb78559c6dbde5ce79ef7def7dfff2f
:10bbc800ffffffffffffffffffffffffffffffff7d
:10bbd800ffffffffffffffffffffffffffffffff6d
:10bbe800def7bef77deffbde79aed42452045204b3
:10bbf80052045204520452045204732cd7957de720
:10bc0800ffffffffffffffffffff9eeffbcef89d4b
:10bc1800b78d39a6dbc63ddf9de79eefbef7bef7c1
:10bc2800bef7bef7bef7bef7bef7bef7bef7bef764
:10bc3800bef7bef7bef7bef7bef7bef7bef7bef754
:10bc4800bef7bef7bef7bef7bef7bef7bef7bef744
:10bc5800bef7bef7bef7bef7bef7bef7bef7bef734
:10bc6800bef7bef7bef7bef7bef7bef7bef7bef724
:10bc7800bef7bef7bef7bef7bef7bef7bef7bef714
:10bc8800bef7bef7bef7bef7bef7bef7bef7bef704
:10bc9800bef7bef7bef7bef7bef7bef7bef7bef7f4
:10bca800bef7bef7bef7bef7bef7bef7bef7bef7e4
:10bcb800bef7bef7bef7bef7bef7bef7bef7bef7d4
:10bcc800beef9eef7de71cd79abef89db78d59aea3
:10bcd8003cdfdef7ffffffffffffffffffff9de7f2
:10bce800d895932c5204520452045204520452041c
:10bcf8005204931cd79559cefbde5defbef7def7f5
:10bd0800ffffffffffffffffffffffffffffffff3b
:10bd1800ffffffffffffffffffffffffffffdfff4b
:10bd2800bef77def1ce7bac6153d52045204520413
:10bd38005204520452045204933c59b6bef7ffff12
:10bd4800ffffffffffff9eef7ab6b78d7ab65ddf84
:10bd5800bef7ffffffffffffffffffffffffffff34
:10bd6800ffffffffffffffffffffffffffffffffdb
:10bd7800ffffffffffffffffffffffffffffffffcb
:10bd8800ffffffffffffffffffffffffffffffffbb
:10bd9800ffffffffffffffffffffffffffffffffab
:10bda800ffffffffffffffffffffffffffffffff9b
:10bdb800ffffffffffffffffffffffffffffffff8b
:10bdc800ffffffffffffffffffffffffffffffff7b
:10bdd800ffffffffffffffffffffffffffffffff6b
:10bde800ffffffffffffffffffffffffffffffff5b
:10bdf800ffffffffffffffffffffffffffffffff4b
:10be0800ffffffffffffffffffffdfff9eef1cd7d6
:10be1800189ed795fccedff7ffffffffffffffff60
:10be2800def77ab6b33c5204520452045204520468
:10be380052045204d43418a679ce1bdf7defbef726
:10be4800dfffffffffffffffffffffffffffffff1a
:10be5800ffffffffffffffffffffffffdfffdef733
:10be68009ef73ce7dbd67665730c52045204520405
:10be7800520452045204b444babedff7ffffffff76
:10be8800ffffdff7dbc6b78d9abe9eefffffffff10
:10be9800ffffffffffffffffffffffffffffffffaa
:10bea800ffffffffffffffffffffffffffffffff9a
:10beb800ffffffffffffffffffffffffffffffff8a
:10bec800ffffffffffffffffffffffffffffffff7a
:10bed800ffffffffffffffffffffffffffffffff6a
:10bee800ffffffffffffffffffffffffffffffff5a
:10bef800ffffffffffffffffffffffffffffffff4a
:10bf0800ffffffffffffffffffffffffffffffff39
:10bf1800ffffffffffffffffffffffffffffffff29
:10bf2800ffffffffffffffffffffffffffffffff19
:10bf3800ffffffffffffffffffffffffffffffff09
:10bf4800fffffffffffffffffffffffffffffffff9
:10bf5800dfff5ddf189ef89d5ddfffffffffffff3e
:10bf6800ffffdfffbbc6b44c520452045204520414
:10bf7800520452045204154d38bebad63ce79def20
:10bf8800def7dfffffffffffffffffffffffffff02
:10bf9800ffffffffffffffffffffffffdfffbef712
:10bfa8005deffbde389e73145204520452045204af
:10bfb80052045204b33cbabeffffffffffffffff6e
:10bfc8009eef18a6189e9de7ffffffffffffffffec
:10bfd800ffffffffffffffffffffffffffffffff69
:10bfe800ffffffffffffffffffffffffffffffff59
:10bff800ffffffffffffffffffffffffffffffff49
:10c00800ffffffffffffffffffffffffffffffff38
:10c01800ffffffffffffffffffffffffffffffff28
:10c02800ffffffffffffffffffffffffffffffff18
:10c03800ffffffffffffffffffffffffffffffff08
:10c04800fffffffffffffffffffffffffffffffff8
:10c05800ffffffffffffffffffffffffffffffffe8
:10c06800ffffffffffffffffffffffffffffffffd8
:10c07800ffffffffffffffffffffffffffffffffc8
:10c08800ffffffffffffffffffffffffffffffffb8
:10c09800ffffffffdff71cd7b78ddbc6dff7ffff1a
:10c0a800ffffffffffffdbc6b444520452045204f3
:10c0b800520452045204730c967d59c6fbde5defa0
:10c0c800bef7dfffffffffffffffffffffffffffe1
:10c0d800ffffffffffffffffffffdfffdef79def23
:10c0e8001ce79abef4345204520452045204520417
:10c0f8005204732c7ab6dfffffffffffffff7de7d7
:10c10800b78dbbc6dff7ffffffffffffffffffff96
:10c11800ffffffffffffffffffffffffffffffff27
:10c12800ffffffffffffffffffffffffffffffff17
:10c13800ffffffffffffffffffffffffffffffff07
:10c14800fffffffffffffffffffffffffffffffff7
:10c15800ffffffffffffffffffffffffffffffffe7
:10c16800ffffffffffffffffffffffffffffffffd7
:10c17800ffffffffffffffffffffffffffffffffc7
:10c18800ffffffffffffffffffffffffffffffffb7
:10c19800ffffffffffffffffffffffffffffffffa7
:10c1a800ffffffffffffffffffffffffffffffff97
:10c1b800ffffffffffffffffffffffffffffffff87
:10c1c800ffffffffffffffffffffffffffffffff77
:10c1d800ffffffffffffffff9eeff89d59b6def759
:10c1e800ffffffffffffffff9abe932c520452048c
:10c1f8005204520452045204b324f8a579ce1ce721
:10c208009defbef7dfffffffffffffffffffffff11
:10c21800ffffffffffffffffffffdfffbef75def41
:10c22800fbd6d77d730c52045204520452045204b4
:10c238007314d895def7ffffffffffff7de7b78d8b
:10c248001cd7ffffffffffffffffffffffffffff01
:10c25800ffffffffffffffffffffffffffffffffe6
:10c26800ffffffffffffffffffffffffffffffffd6
:10c27800ffffffffffffffffffffffffffffffffc6
:10c28800ffffffffffffffffffffffffffffffffb6
:10c29800ffffffffffffffffffffffffffffffffa6
:10c2a800ffffffffffffffffffffffffffffffff96
:10c2b800ffffffffffffffffffffffffffffffff86
:10c2c800ffffffffffffffffffffffffffffffff76
:10c2d800ffffffffffffffffffffffffffffffff66
:10c2e800ffffffffffffffffffffffffffffffff56
:10c2f800ffffffffffffffffffffffffffffffff46
:10c30800ffffffffffffffffffffffffffffffff35
:10c31800ffffffffffffffffffffdef759ae39ae5c
:10c32800def7ffffffffffffdff7189e73145204cd
:10c3380052045204520452045204556538bedbdede
:10c348005defbef7dfffffffffffffffffffffff10
:10c35800ffffffffffffffffdfffdef79def1ce79b
:10c368009abed42452045204520452045204520471
:10c37800356d9eefffffffffffff9de7b78d1cd7d1
:10c38800ffffffffffffffffffffffffffffffffb5
:10c39800ffffffffffffffffffffffffffffffffa5
:10c3a800ffffffffffffffffffffffffffffffff95
:10c3b800ffffffffffffffffffffffffffffffff85
:10c3c800ffffffffffffffffffffffffffffffff75
:10c3d800ffffffffffffffffffffffffffffffff65
:10c3e800ffffffffffffffffffffffffffffffff55
:10c3f800ffffffffffffffffffffffffffffffff45
:10c40800ffffffffffffffffffffffffffffffff34
:10c41800ffffffffffffffffffffffffffffffff24
:10c42800ffffffffffffffffffffffffffffffff14
:10c43800ffffffffffffffffffffffffffffffff04
:10c44800fffffffffffffffffffffffffffffffff4
:10c45800ffffffffffffffffffffffffdef759ae04
:10c4680059aedff7ffffffffffffbeef567552041f
:10c4780052045204520452045204931cf7a579ce74
:10c488001ce79defdef7dfffffffffffffffffff6a
:10c49800ffffffffffffffffdfffbef75deffbdee4
:10c4a800b775730c52045204520452045204933c5c
:10c4b800fbceffffffffffffbef7d895dbceffffe8
:10c4c800ffffffffffffffffffffffffffffffff74
:10c4d800ffffffffffffffffffffffffffffffff64
:10c4e800ffffffffffffffffffffffffffffffff54
:10c4f800ffffffffffffffffffffffffffffffff44
:10c50800ffffffffffffffffffffffffffffffff33
:10c51800ffffffffffffffffffffffffffffffff23
:10c52800ffffffffffffffffffffffffffffffff13
:10c53800ffffffffffffffffffffffffffffffff03
:10c54800fffffffffffffffffffffffffffffffff3
:10c55800ffffffffffffffffffffffffffffffffe3
:10c56800ffffffffffffffffffffffffffffffffd3
:10c57800ffffffffffffffffffffffffffffffffc3
:10c58800ffffffffffffffffffffffffffffffffb3
:10c59800ffffffffffffffffffffffffffffbef7ec
:10c5a800f89dbbc6fffffffffffffffffbceb33cbd
:10c5b800520452045204520452045204355d38bee7
:10c5c800dbde5defbef7dfffffffffffffffffffd3
:10c5d800ffffffffffffffffdef79ef73ce7bac64e
:10c5e800f434520452045204520452045204b78dd3
:10c5f800dff7ffffffffffff7ab659b6dfffffff48
:10c60800ffffffffffffffffffffffffffffffff32
:10c61800ffffffffffffffffffffffffffffffff22
:10c62800ffffffffffffffffffffffffffffffff12
:10c63800ffffffffffffffffffffffffffffffff02
:10c64800fffffffffffffffffffffffffffffffff2
:10c65800ffffffffffffffffffffffffffffffffe2
:10c66800ffffffffffffffffffffffffffffffffd2
:10c67800ffffffffffffffffffffffffffffffffc2
:10c68800ffffffffffffffffffffffffffffffffb2
:10c69800ffffffffffffffffffffffffffffffffa2
:10c6a800ffffffffffffffffffffffffffffffff92
:10c6b800ffffffffffffffffffffffffffffffff82
:10c6c800ffffffffffffffffffffffffffffffff72
:10c6d800ffffffffffffffffffffffffffffffff62
:10c6e8009eefb78d5ddfffffffffffffdff7d795f9
:10c6f800520c52045204520452045204b42cf8ada1
:10c7080099ce3ce79defdef7ffffffffffffffff3e
:10c71800ffffffffffffdfffbef77deffbde399e68
:10c72800730c52045204520452045204b33c3cd7d2
:10c73800ffffffffffff5ddfb78dbeefffffffffce
:10c74800fffffffffffffffffffffffffffffffff1
:10c75800ffffffffffffffffffffffffffffffffe1
:10c76800ffffffffffffffffffffffffffffffffd1
:10c77800ffffffffffffffffffffffffffffffffc1
:10c78800ffffffffffffffffffffffffffffffffb1
:10c79800ffffffffffffffffffffffffffffffffa1
:10c7a800ffffffffffffffffffffffffffffffff91
:10c7b800ffffffffffffffffffffffffffffffff81
:10c7c800ffffffffffffffffffffffffffffffff71
:10c7d800ffffffffffffffffffffffffffffffff61
:10c7e800ffffffffffffffffffffffffffffffff51
:10c7f800ffffffffffffffffffffffffffffffff41
:10c80800ffffffffffffffffffffffffffffffff30
:10c81800ffffffffffffffffffffffffffffffff20
:10c82800fffffccef895dff7ffffffffffff3cdfc0
:10c83800b44452045204520452045204730c9685b0
:10c8480038c6fbde7defbef7dfffffffffffffff10
:10c85800ffffffffffffdfffbef75defdbd6565d93
:10c868005204520452045204520452049785def7cb
:10c87800ffffffffdff7189e1ccfffffffffffff43
:10c88800ffffffffffffffffffffffffffffffffb0
:10c89800ffffffffffffffffffffffffffffffffa0
:10c8a800ffffffffffffffffffffffffffffffff90
:10c8b800ffffffffffffffffffffffffffffffff80
:10c8c800ffffffffffffffffffffffffffffffff70
:10c8d800ffffffffffffffffffffffffffffffff60
:10c8e800ffffffffffffffffffffffffffffffff50
:10c8f800ffffffffffffffffffffffffffffffff40
:10c90800ffffffffffffffffffffffffffffffff2f
:10c91800ffffffffffffffffffffffffffffffff1f
:10c92800ffffffffffffffffffffffffffffffff0f
:10c93800ffffffffffffffffffffffffffffffffff
:10c94800ffffffffffffffffffffffffffffffffef
:10c95800ffffffffffffffffffffffffffffffffdf
:10c96800ffffdff7f89dfbceffffffffffffdff7bd
:10c97800b78d520452045204520452045204f4442f
:10c9880018bebad65defbef7dfffffffffffffff60
:10c99800ffffffffffffdef79ef73ce7bac6d42c88
:10c9a800520452045204520452047324bbbeffffc3
:10c9b800ffffffff5ddfd795def7fffffffffffffc
:10c9c800ffffffffffffffffffffffffffffffff6f
:10c9d800ffffffffffffffffffffffffffffffff5f
:10c9e800ffffffffffffffffffffffffffffffff4f
:10c9f800ffffffffffffffffffffffffffffffff3f
:10ca0800ffffffffffffffffffffffffffffffff2e
:10ca1800ffffffffffffffffffffffffffffffff1e
:10ca2800ffffffffffffffffffffffffffffffff0e
:10ca3800fffffffffffffffffffffffffffffffffe
:10ca4800ffffffffffffffffffffffffffffffffee
:10ca5800ffffffffffffffffffffffffffffffffde
:10ca6800ffffffffffffffffffffffffffffffffce
:10ca7800ffffffffffffffffffffffffffffffffbe
:10ca8800ffffffffffffffffffffffffffffffffae
:10ca9800ffffffffffffffffffffffffffffffff9e
:10caa800ffffffff5ddfd795dff7ffffffffffff0a
:10cab800dbc6732c52045204520452045204931cd1
:10cac800f7a599ce3ce79defdef7ffffffffffffdd
:10cad800ffffffffdfffdef77def1bdf59a6931493
:10cae80052045204520452045204d44c9eefffffe5
:10caf800ffffffff39a6dbc6ffffffffffffffffba
:10cb0800ffffffffffffffff1cd75ddffffffffffa
:10cb1800ffffffffffffffffffffffffffffffff1d
:10cb28003cdf3cd7dffffffffffffffffffffffffb
:10cb3800fffffffffffffffffffffffffffffffffd
:10cb4800ffffffffffffffffffffffffffffffffed
:10cb5800ffffffffffffffffffffffffffffffffdd
:10cb6800ffffffffffffffffffffffffffffffffcd
:10cb7800ffffffffffffffffffffffffffffffffbd
:10cb8800ffffffffffffffffffffffffffffffffad
:10cb9800ffffffffffffffffffffffffffffffff9d
:10cba800ffffffffffffffffffffffffffffffff8d
:10cbb800ffffffffffffffffffffffffffffffff7d
:10cbc800ffffffffffffffffffffffffffffffff6d
:10cbd800ffffffffffffffffffffffffffffffff5d
:10cbe800ffffffffdff7d8955ddfffffffffffffc8
:10cbf800beeff45452045204520452045204730c0b
:10cc0800968559ce1bdf7defbef7dfffffffffffe5
:10cc1800ffffffffdfffbef77deffbded785730465
:10cc280052045204520452045204b78ddfffffff2e
:10cc3800ffffbeefb78dbeefffffffffffffffff58
:10cc4800ffffffffffffffff39aed44c7ab69eef20
:10cc5800ffffffffffffffffffffffffffffffffdc
:10cc6800bac6d44c18a67de7ffffffffffffffff02
:10cc7800ffffffffffffffffffffffffffffffffbc
:10cc8800ffffffffffffffffffffffffffffffffac
:10cc9800ffffffffffffffffffffffffffffffff9c
:10cca800ffffffffffffffffffffffffffffffff8c
:10ccb800ffffffffffffffffffffffffffffffff7c
:10ccc800ffffffffffffffffffffffffffffffff6c
:10ccd800ffffffffffffffffffffffffffffffff5c
:10cce800ffffffffffffffffffffffffffffffff4c
:10ccf800ffffffffffffffffffffffffffffffff3c
:10cd0800ffffffffffffffffffffffffffffffff2b
:10cd1800ffffffffffffffffffffffffffffffff1b
:10cd2800ffffffffffffbbc659aeffffffffffff7f
:10cd3800ffffd8955204520452045204520472045c
:10cd4800556518c6fbde7defbef7dfffffffffff6f
:10cd5800ffffffffdfffbef75defdad6766552040f
:10cd6800520452045204520473149abeffffffff88
:10cd7800ffff3cdf189effffffffffffffffffffe6
:10cd8800ffffffffffffffff39ae520c731c567504
:10cd9800dbcedef7ffffffffffffffffffffffff19
:10cda800bac673247314155d9abebef7ffffffff62
:10cdb800ffffffffffffffffffffffffffffffff7b
:10cdc800ffffffffffffffffffffffffffffffff6b
:10cdd800ffffffffdef7beef9eefbef7ffffffff8f
:10cde800ffffffffffffffffffffffffffffffff4b
:10cdf800ffffffff7de7dff7fffffffffffffffffd
:10ce0800ffffffffffff1cd77ab6ffffffffffff03
:10ce1800ffffffffffffffffffffffffdfffbef783
:10ce28009eefdef7ffffffffffffffffffffffffa4
:10ce3800fffffffffffffffffffffffffffffffffa
:10ce4800ffffffffffffffffffffffffffffffffea
:10ce5800ffffffffffffffffffffffffffffffffda
:10ce6800ffffffffffff7de7b78ddef7ffffffff47
:10ce7800ffffbbc6731c52045204520452045204ee
:10ce8800144df7bdbad65defbef7dfffffffffff1a
:10ce9800ffffffffdfff9ef75ce7bad61545520498
:10cea8005204520452045204932c1cd7ffffffff74
:10ceb800ffffbabebbc6ffffffffffffffffffff7d
:10cec800ffffffffffffffff39ae520c5204520471
:10ced800932cd7953cdfffffffffffffffffffff0e
:10cee800bac67324520452047324767dfccedff74d
:10cef800ffffffffffffffffffffffffffffffff3a
:10cf0800ffffffffffffffffffffffffffffffff29
:10cf1800fffffbce978d5675567556757ab6def7b8
:10cf2800ffffffffffffffffffffffffffffffff09
:10cf3800ffff9de756751cd7ffffffffffffffffb1
:10cf4800ffffffffffff9abe9785dff7ffffffff99
:10cf5800ffffffffffffffffffffbef739a6567574
:10cf6800767596855ddfffffdff71cd7def7ffffdd
:10cf7800ffffffffffffffffffffffffffffffffb9
:10cf8800ffffffffffffffffffffbef73cd7dffffd
:10cf9800ffffffffffffffffffffffffffffffff99
:10cfa800ffffffffffffdff7b78d7de7ffffffff05
:10cfb800ffff3cd7933452045204520452045204e3
:10cfc800d434b6b59ad63ce79ef7def7ffffffffed
:10cfd800ffffffffdef79ef73ce79ad6d424520402
:10cfe8005204520452045204d44c5ddfffffffff89
:10cff800ffff39a63cdfffffffffffffffffffff3b
:10d00800ffffffffffffffff39ae520c520452042f
:10d018005204730cd44c59ae9eefffffffffffff85
:10d02800bac673245204520452045204b33cf8950d
:10d038007de7ffffffffffffffffffffffffffff92
:10d04800ffffffffffffffffffffffffffffffffe8
:10d058001ccf1565bbc6beefbef73cd7356d59aec4
:10d06800ffffffffffffffffffffffffffffffffc8
:10d07800ffffffff9de7dff7ffffffffffffffff5a
:10d08800ffffffffffff9abe9785dff7ffffffff58
:10d09800ffffffffffffffffffff9ab6567d7de70b
:10d0a800bef75ddf7de7ffff7de7356d7de7ffffbd
:10d0b800ffffffffffffffffffffffffffffffff78
:10d0c800ffffffffffffffffffff3cdf5675beefcf
:10d0d800ffffffffffffffffffffffffffffffff58
:10d0e800ffffffffffffffff18a63cdfffffffff6b
:10d0f800ffff7de7d45452045204520452045204f0
:10d10800931c96b599ce3ce79ef7def7ffffffff2d
:10d11800ffffffffdef79def3ce779ce931c52043b
:10d128005204520452045204f55c9ee7ffffffffcd
:10d13800ffffd78d7de7ffffffffffffffffffff2b
:10d14800ffffffffffffffff39ae520c52045204ee
:10d158005204520452047314356dbbc6def7ffff48
:10d16800bac6732452045204520452045204730c73
:10d17800f45c7ab6beefffffffffffffffffffff84
:10d18800ffffffffffffffffffffffffffffdef7d0
:10d19800b78d18a6ffffffffffffffffdbc6156572
:10d1a8009eefffff7ab63cd7ffffffff5ddf59ae6a
:10d1b800ffffbef759ae7de7ffffdff7bbc6f89d5f
:10d1c800f89dfbceffff9abe9785dff7bef759aef5
:10d1d800fbceffffffffffffffff39a69785bef7d6
:10d1e800ffffffffffff9de7f89db33cd78d59aeca
:10d1f800bef75ddf39aed89df89d3cd7ffffffff36
:10d20800dbc6dbc67ab6f89d1ccfb78db444f8955b
:10d218009ab6dfffffffffffffffffffffffffffe4
:10d22800ffffffffffffffff9ab6fbceffffffffe9
:10d23800ffff9eef15655204520452045204520433
:10d24800731496b579ce1ce79defdef7ffffffff5d
:10d25800ffffffffdef79def1ce779ce7314520442
:10d26800520452045204520415659eefffffffff5b
:10d27800ffffb7859de7fffffffffffffffffffff2
:10d28800ffffffffffffffff39ae520c52045204ad
:10d2980052045204520452045204732c97853cd70a
:10d2a8009abe732452045204520452045204520483
:10d2b8005204731c5675fbcedff7ffffffffffff1d
:10d2c800ffffffffffffffffffffffffffffbeefb7
:10d2d8001565fbceffffffffffffffff5ddf155d5d
:10d2e8003cd7dff79685babeffffffffdbc6356d7b
:10d2f800dff79eef56753cd7ffff7ab65675dbc64b
:10d30800dbc639aebeef9abe9785beef39a6b78d9c
:10d318009eefffffffffffffffff3cdf155df89d5e
:10d328005cdfdfffffffbef79abed4547ab61cd786
:10d33800def77ab6bbc63cd759ae35659eefffff20
:10d3480018a6f45418a6bbc65ddf59b6f454bbc67c
:10d358003cdfffffffffffffffffffffffffffffb8
:10d36800ffffffffffffffffdbc6bbc6ffffffff9f
:10d37800ffffbef7356d52045204520452045204a2
:10d38800730c75ad79ce1ce79defdef7dfffffff6d
:10d39800ffffffffdef79def1ce779ce730c520409
:10d3a8005204520452045204356dbeefffffffffd2
:10d3b800ffff97859eefffffffffffffffffffffc8
:10d3c800ffffffffffffffff39ae520c520452046c
:10d3d800520452045204520452045204932cb78d3e
:10d3e80039ae7324520452045204520452045204b3
:10d3f80052045204731c56755ddfffffffffffffe9
:10d40800ffffffffffffffffffffffffffff9eef95
:10d41800d44c3cd7ffffffffffffffff7de71565fb
:10d428001cd7dff79685babeffffffffdbc6356d59
:10d43800dff79eef56753cd7beef5675dbc6ffff8c
:10d44800ffffdff7ffff9abe567d19a6d7959eef1f
:10d45800ffffffffffffffffffffffff5ddfb78d50
:10d468001565f89d9eefffff7de715657de7ffffda
:10d47800ffffdfffdff7def75ddf35655ddfffff0d
:10d48800f8a5978dbef7ffffffff3cdf356dbeefb8
:10d49800ffffffffffffffffffffffffffffffff94
:10d4a800ffffffffffffffffdbcebabeffffffff5f
:10d4b800ffffdef735755204520452045204520439
:10d4c800520475ad59ce1ce79defdef7dfffffff75
:10d4d800ffffffffdef79def1ce779ce730c5204c8
:10d4e80052045204520452041565beefffffffffb9
:10d4f800ffffb7859de7ffffffffffffffffffff70
:10d50800ffffffffffffffff39ae520c520452042a
:10d51800520452045204520473141565babebef77d
:10d52800bac67324520452045204520452045204d8
:10d53800730cd44c59b69eefffffffffffffffffb0
:10d54800ffffffffffffffffffffffffffffbeef34
:10d55800155dfbceffffffffffffffff5ddf155de2
:10d568003cdfdff79685babeffffffffdbc6356df0
:10d57800dff79eef56753cd77de715655ddfffff4a
:10d58800ffffffffffff9abef554155d9abeffff30
:10d59800ffffffffffffffffffffffffffffdff7bb
:10d5a8003cd75675d895ffff7de715657de7ffffea
:10d5b800ffff3cdf18a6d895b78dd4543cdfffff9a
:10d5c80018a619a6ffffffffffff3cdf356dbeef72
:10d5d800ffffffffffffffffffffffffffffffff53
:10d5e800ffffffffffffffffbbc6dbc6ffffffff1d
:10d5f800ffffbef7356d5204520452045204520420
:10d60800730475ad59ce1ce79defdef7dfffffff12
:10d61800ffffffffdef79def1ce779ce931c520456
:10d628005204520452045204f55c9ee7ffffffffc8
:10d63800ffffd88d7de7ffffffffffffffffffff25
:10d64800ffffffffffffffff39ae520c52045204e9
:10d65800520452045204b44c18a69de7ffffffff82
:10d66800bac6732452045204520452045204933426
:10d67800d7955ddfffffffffffffffffffffffff06
:10d68800ffffffffffffffffffffffffffffdef7cb
:10d69800978539a6ffffffffffffffff9abe356d95
:10d6a800beeffff796859abeffffffffdbc6356d1d
:10d6b800dff79eef56753cd79eef356d1cd7ffff01
:10d6c800ffffffffffff9abe9685dbc6356d3cdf87
:10d6d800ffffffffffffffffffffffffffffffff52
:10d6e800ffffbbc6155ddef77de715657de7ffff2c
:10d6f800beef356dbbbebeef5ddf356d3cdfffffb6
:10d7080018a619a6ffffffffffff3cdf356dbeef30
:10d71800ffffffffffffffffffffffffffffffff11
:10d72800ffffffffffffffff7ab6fbceffffffff04
:10d73800ffff9eef1565520452045204520452042e
:10d74800731475ad79ce1ce79defdef7dfffffffa1
:10d75800ffffffffdef79def3ce779ceb4245204cc
:10d768005204520452045204d44c5de7fffffffff9
:10d77800ffff39a63cd7ffffffffffffffffffffbb
:10d78800ffffffffffffffff39ae520c52045204a8
:10d798005204932c97853cdfdfffffffffffffff5d
:10d7a800bac6732452045204520473245675fbce2d
:10d7b800def7ffffffffffffffffffffffffffff9a
:10d7c800ffffffffffffffffffffffffffffffff61
:10d7d800dbc6155ddbc6beefbeeffbcef55c7ab6e9
:10d7e800ffffffff189eb78d9eef5de7767d356dd5
:10d7f800dff79eef56753cd7def7b78df89d9eefa5
:10d808009eefdbc6bef79abe9785def77ab65675e9
:10d818007de7ffffffffffffdff7babe5ddfbef763
:10d828009defb78dd895ffff9eef356dfbcebef708
:10d838007de7f55c3cd7def7dbcef4543cdfffff39
:10d8480018a619a6ffffffffffff7ddff55c5ddf70
:10d85800bef7ffffffffffffffffffffffffffff19
:10d86800ffffffffffffffff189e5ddfffffffffca
:10d87800ffff7de7d4545204520452045204520468
:10d88800931c96b579ce1ce79defdef7ffffffffef
:10d89800ffffffffdef79ef73ce799ce153d5204e8
:10d8a8005204520452045204932c1cd7ffffffff6a
:10d8b800ffffbbc6babeffffffffffffffffffff73
:10d8c800ffffffffffffffff39ae520c5204731c2e
:10d8d800356dbbc6def7ffffffffffffffffffff52
:10d8e800bac6732452047314f4547ab6beefffff19
:10d8f800ffffffffffffffffffffffffffffffff30
:10d90800ffffffffffffffffffffffffffffffff1f
:10d91800dff7bbc6767d566d56759685767dd795ad
:10d928003cdfffff7de796855675b78d59aeb78dfd
:10d93800dff7beefb78d5ddfffff5ddfb78d567593
:10d94800767d59aedef7dbc6f89dffffdef7189e41
:10d9580059aeffffffffffffffffbbbe767d567589
:10d96800566df89d9eefffffdff759ae566dd895bf
:10d978009eef7ab6767dd78d189e97855de7ffff77
:10d9880059ae7ab6ffffffffffffdff7f89d567528
:10d9980019a6dfffffffffffffffffffffffffffee
:10d9a800ffffffffffffdef7b7859de7ffffffffe4
:10d9b800ffff3cdf933452045204520452045204d1
:10d9c800b42c96b599ce3ce79ef7def7ffffffff34
:10d9d800ffffffffdfff9ef75ce7bad6565d5204f4
:10d9e80052045204520452047314babeffffffffdc
:10d9f800ffff5ddff895ffffffffffffffffffff62
:10da0800ffffffffffffffff39ae730cd44c39aea9
:10da18009eefffffffffffffffffffffffffffff7f
:10da2800bac67324b33cf8957de7fffffffffffffd
:10da3800ffffffffffffffffffffffffffffffffee
:10da4800ffffffffffffffffffffffffffffffffde
:10da5800ffffffffdef7beefbeefdef7beef59ae0a
:10da68005675fcceffffdef79eefdef7dfffdef731
:10da7800ffffffffdef7ffffffffffffdef7beef51
:10da8800bef7dfffffffdff7def7ffffffffdff780
:10da9800def7ffffffffffffffffffffdef7beef31
:10daa800beefdff7ffffffffffffdff7beefbef7b9
:10dab800ffffffffbef7beefdff7def7ffffffff59
:10dac800dff7dff7ffffffffffffffffdff7beef27
:10dad800def7ffffffffffffffffffffffffffff77
:10dae800ffffffffffff5ddfd795def7ffffffffbb
:10daf800ffffbbc6731c5204520452045204520462
:10db0800f44cb6b59ad63ce79ef7def7ffffffff69
:10db1800ffffffffdfffbef75defbad6b77d7204e8
:10db280052045204520452045204d795dffffffff7
:10db3800ffffbeefb78d9eefffffffffffffffff69
:10db4800ffffffffffffffff39aed7955ddfffff48
:10db5800ffffffffffffffffffffffffffffffffcd
:10db6800bbc6767d1cd7dff7ffffffffffffffff78
:10db7800ffffffffffffffffffffffffffffffffad
:10db8800ffffffffffffffffffffffffffffffff9d
:10db9800ffffffffffffffffffffffffffffffff8d
:10dba8009de7beefffffffffffffffffffffffff48
:10dbb800ffffffffffffffffffffffffffffffff6d
:10dbc800ffffffffffffffffffffffffffffffff5d
:10dbd800ffffffffffffffffffffffffffffffff4d
:10dbe800ffffffffffffffffffffffffffffffff3d
:10dbf800ffffffffffffffffffffffffffffffff2d
:10dc0800ffffffffffffffffffffffffffffffff1c
:10dc1800ffffffffffffffffffffffffffffffff0c
:10dc2800ffffffffffff9abe7ab6ffffffffffff70
:10dc3800fffff89d52045204520452045204520445
:10dc48003565f7bdbad65defbef7dfffffffffff13
:10dc5800ffffffffdfffbef77deffbde189e93148b
:10dc680052045204520452045204d454beefffff2b
:10dc7800ffffffff59aebbbeffffffffffffffff28
:10dc8800ffffffffffffffff9eefdff7ffffffff35
:10dc9800ffffffffffffffffffffffffffffffff8c
:10dca8009eefdef7ffffffffffffffffffffffff16
:10dcb800ffffffffffffffffffffffffffffffff6c
:10dcc800ffffffffffffffffffffffffffffffff5c
:10dcd800ffffffffffffffffffffffffffffffff4c
:10dce800ffffffffffffffffffffffffffffffff3c
:10dcf800ffffffffffffffffffffffffffffffff2c
:10dd0800ffffffffffffffffffffffffffffffff1b
:10dd1800ffffffffffffffffffffffffffffffff0b
:10dd2800fffffffffffffffffffffffffffffffffb
:10dd3800ffffffffffffffffffffffffffffffffeb
:10dd4800ffffffffffffffffffffffffffffffffdb
:10dd5800ffffffffffffffffffffffffffffffffcb
:10dd6800ffffffffdef7d78d7de7ffffffffffff18
:10dd7800bef7f55c52045204520452045204730c68
:10dd8800767d18c6dbde7defbef7dfffffffffff06
:10dd9800ffffffffdfffbef77def1bdf7abeb42476
:10dda80052045204520452045204732cdbc6ffff7f
:10ddb800ffffffff7de7b78dbef7ffffffffffff08
:10ddc800ffffffffffffffffffffffffffffffff5b
:10ddd800ffffffffffffffffffffffffffffffff4b
:10dde800ffffffffffffffffffffffffffffffff3b
:10ddf800ffffffffffffffffffffffffffffffff2b
:10de0800ffffffffffffffffffffffffffffffff1a
:10de1800ffffffffffffffffffffffffffffffff0a
:10de2800fffffffffffffffffffffffffffffffffa
:10de3800ffffffffffffffffffffffffffffffffea
:10de4800ffffffffffffffffffffffffffffffffda
:10de5800ffffffffffffffffffffffffffffffffca
:10de6800ffffffffffffffffffffffffffffffffba
:10de7800ffffffffffffffffffffffffffffffffaa
:10de8800ffffffffffffffffffffffffffffffff9a
:10de9800ffffffffffffffffffffffffffffffff8a
:10dea800ffffffff3cd7f89ddff7fffffffffffff6
:10deb800fbce932c52045204520452045204931c75
:10dec800b79d58c61bdf7defbef7dfffffffffffe3
:10ded800ffffffffffffdef79ef73ce7bace354da9
:10dee800520452045204520452045204b78ddff70c
:10def800ffffffffdfff39a6dbc6ffffffffffffc6
:10df0800ffffffffffffffffffffffffffffffff19
:10df1800ffffffffffffffffffffffffffffffff09
:10df2800fffffffffffffffffffffffffffffffff9
:10df3800ffffffffffffffffffffffffffffffffe9
:10df4800ffffffffffffffffffffffffffffffffd9
:10df5800ffffffffffffffffffffffffffffffffc9
:10df6800ffffffffffffffffffffffffffffffffb9
:10df7800ffffffffffffffffffffffffffffffffa9
:10df8800ffffffffffffffffffffffffffffffff99
:10df9800ffffffffffffffffffffffffffffffff89
:10dfa800ffffffffffffffffffffffffffffffff79
:10dfb800ffffffffffffffffffffffffffffffff69
:10dfc800ffffffffffffffffffffffffffffffff59
:10dfd800ffffffffffffffffffffffffffffffff49
:10dfe800ffffdef7d8951cd7ffffffffffffdff726
:10dff800d795720c52045204520452045204d43c71
:10e00800d7b579ce3ce79defdef7ffffffffffffb7
:10e01800ffffffffffffdfffbef75defbad6f89502
:10e02800730c52045204520452045204b4443cdfa8
:10e03800ffffffffffff7de7b78d9ee7ffffffffb5
:10e04800ffffffffffffffffffffffffffffffffd8
:10e05800ffffffffffffffffffffffffffffffffc8
:10e06800ffffffffffffffffffffffffffffffffb8
:10e07800ffffffffffffffffffffffffffffffffa8
:10e08800ffffffffffffffffffffffffffffffff98
:10e09800ffffffffffffffffffffffffffffffff88
:10e0a800ffffffffffffffffffffffffffffffff78
:10e0b800ffffffffffffffffffffffffffffffff68
:10e0c800ffffffffffffffffffffffffffffffff58
:10e0d800ffffffffffffffffffffffffffffffff48
:10e0e800ffffffffffffffffffffffffffffffff38
:10e0f800ffffffffffffffffffffffffffffffff28
:10e10800ffffffffffffffffffffffffffffffff17
:10e11800ffffffffffffffffffffffffffffffff07
:10e12800ffffdbc618a6dff7ffffffffffff5ddf7e
:10e13800d44c52045204520452045204730c5575c0
:10e14800f7bdbad65ce7bef7dfffffffffffffffb3
:10e15800ffffffffffffdfffbef77deffbde79beae
:10e16800d42c520452045204520452045204d79537
:10e17800dff7ffffffffffffbbc639a6dff7ffff93
:10e18800ffffffffffffffffffffffffffffffff97
:10e19800ffffffffffffffffffffffffffffffff87
:10e1a800ffffffffffffffffffffffffffffffff77
:10e1b800ffffffffffffffffffffffffffffffff67
:10e1c800ffffffffffffffffffffffffffffffff57
:10e1d800ffffffffffffffffffffffffffffffff47
:10e1e800ffffffffffffffffffffffffffffffff37
:10e1f800ffffffffffffffffffffffffffffffff27
:10e20800ffffffffffffffffffffffffffffffff16
:10e21800ffffffffffffffffffffffffffffffff06
:10e22800fffffffffffffffffffffffffffffffff6
:10e23800ffffffffffffffffffffffffffffffffe6
:10e24800ffffffffffffffffffffffffffffffffd6
:10e25800ffffffffffffffffffffffffffffffffc6
:10e268007de7b78d7de7ffffffffffffdffff89535
:10e27800720c520452045204520452049324b69d60
:10e2880038c6fbde7defbef7dfffffffffffffffb6
:10e29800ffffffffffffffffdef79def3ce7bace72
:10e2a800766d730452045204520452045204b33c6f
:10e2b800fbceffffffffffffdef718a69abeffffaa
:10e2c800ffffffffffffffffffffffffffffffff56
:10e2d800ffffffffffffffffffffffffffffffff46
:10e2e800ffffffffffffffffffffffffffffffff36
:10e2f800ffffffffffffffffffffffffffffffff26
:10e30800ffffffffffffffffffffffffffffffff15
:10e31800ffffffffffffffffffffffffffffffff05
:10e32800fffffffffffffffffffffffffffffffff5
:10e33800ffffffffffffffffffffffffffffffffe5
:10e34800ffffffffffffffffffffffffffffffffd5
:10e35800ffffffffffffffffffffffffffffffffc5
:10e36800ffffffffffffffffffffffffffffffffb5
:10e37800ffffffffffffffffffffffffffffffffa5
:10e38800ffffffffffffffffffffffffffffffff95
:10e39800ffffffffffffffffffffffffffffbeefd6
:10e3a800d795fbceffffffffffffffff1cd7b4444d
:10e3b8005204520452045204520452041455d7b55c
:10e3c80099ce3ce79defdef7ffffffffffffffff62
:10e3d800ffffffffffffffffdfffbef75defdbdea5
:10e3e80059b6b3245204520452045204520452043b
:10e3f80056759eefffffffffffffbeefd795dbc609
:10e40800ffffffffffffffffffffffffffffffff14
:10e41800ffffffffffffffffffffffffffffffff04
:10e42800fffffffffffffffffffffffffffffffff4
:10e43800ffffffffffffffffffffffffffffffffe4
:10e44800ffffffffffffffffffffffffffffffffd4
:10e45800ffffffffffffffffffffffffffffffffc4
:10e46800ffffffffffffffffffffffffffffffffb4
:10e47800ffffffffffffffffffffffffffffffffa4
:10e48800ffffffffffffffffffffffffffffffff94
:10e49800ffffffffffffffffffffffffffffffff84
:10e4a800ffffffffffffffffffffffffffffffff74
:10e4b800ffffffffffffffffffffffffffffffff64
:10e4c800ffffffffffffffffffffffffffffffff54
:10e4d800ffffffffffffffffffffffffbef7189ed5
:10e4e8009abeffffffffffffffffbeef767d5204de
:10e4f80052045204520452045204931c969518c6ae
:10e50800dbde5defbef7dfffffffffffffffffff73
:10e51800ffffffffffffffffdfffdef79def1ce7b9
:10e528009ace766d73045204520452045204520473
:10e538007314189edff7ffffffffffff9eefd795cd
:10e54800bbc6dfffffffffffffffffffffffffff70
:10e55800ffffffffffffffffffffffffffffffffc3
:10e56800ffffffffffffffffffffffffffffffffb3
:10e57800ffffffffffffffffffffffffffffffffa3
:10e58800ffffffffffffffffffffffffffffffff93
:10e59800ffffffffffffffffffffffffffffffff83
:10e5a800ffffffffffffffffffffffffffffffff73
:10e5b800ffffffffffffffffffffffffffffffff63
:10e5c800ffffffffffffffffffffffffffffffff53
:10e5d800ffffffffffffffffffffffffffffffff43
:10e5e800ffffffffffffffffffffffffffffffff33
:10e5f800ffffffffffffffffffffffffffffffff23
:10e60800ffffffffffffffffffffffffffffffff12
:10e61800ffffffffffffffffffffbeeff89d7ab68a
:10e62800dff7ffffffffffffdff739a6731c520478
:10e63800520452045204520452041455b6b579ce09
:10e648001bdf7defbef7dfffffffffffffffffffd1
:10e65800ffffffffffffffffffffdfffbef75defdd
:10e66800dbde39aed42c5204520452045204520454
:10e678005204932c9abeffffffffffffffff9eefa0
:10e68800f89d79b6bef7ffffffffffffffffffff13
:10e69800ffffffffffffffffffffffffffffffff82
:10e6a800ffffffffffffffffffffffffffffffff72
:10e6b800ffffffffffffffffffffffffffffffff62
:10e6c800ffffffffffffffffffffffffffffffff52
:10e6d800ffffffffffffffffffffffffffffffff42
:10e6e800ffffffffffffffffffffffffffffffff32
:10e6f800ffffffffffffffffffffffffffffffff22
:10e70800ffffffffffffffffffffffffffffffff11
:10e71800ffffffffffffffffffffffffffffffff01
:10e72800fffffffffffffffffffffffffffffffff1
:10e73800ffffffffffffffffffffffffffffffffe1
:10e74800ffffffffffffffffffffffffffffffffd1
:10e75800ffffffffffffffff5ddfd78dbabedff7cb
:10e76800ffffffffffffffffbbc6933c52045204ad
:10e7780052045204520452049324969517bedad6d2
:10e788005ce79ef7def7ffffffffffffffffffffde
:10e79800ffffffffffffffffffffdfffdef79def3c
:10e7a8001ce79aced785730c5204520452045204c3
:10e7b80052045204b444dbc6ffffffffffffffff14
:10e7c800bef77ab6d78d5ddfdfffffffffffffffe4
:10e7d800ffffffffffffffffffffffffffffffff41
:10e7e800ffffffffffffffffffffffffffffffff31
:10e7f800ffffffffffffffffffffffffffffffff21
:10e80800ffffffffffffffffffffffffffffffff10
:10e81800ffffffffffffffffffffffffffffffff00
:10e82800fffffffffffffffffffffffffffffffff0
:10e83800ffffffffffffffffffffffffffffffffe0
:10e84800ffffffffffffffffffffffffffffffffd0
:10e85800ffffffffffffffffffffffffffffffffc0
:10e86800ffffffffffffffffffffffffffffffffb0
:10e87800ffffffffffffffffffffffffffffffffa0
:10e88800ffffffffffffffffffffffffffffffff90
:10e89800ffffffffbef7bbc6b78d1cd7ffffffff0b
:10e8a800fffffffffffffbced44c5204520452047b
:10e8b800520452045204730c356db6b579ce1ce778
:10e8c8007defbef7dfffffffffffffffffffffff4b
:10e8d800ffffffffffffffffffffffffdfffbef7a9
:10e8e8005deffbde79c635555204520452045204da
:10e8f800520452045204d44cdbc6ffffffffffff53
:10e90800ffffffff1cd7d79539ae7de7ffffffff5d
:10e91800ffffffffffffffffffffffffffffffffff
:10e92800ffffffffffffffffffffffffffffffffef
:10e93800ffffffffffffffffffffffffffffffffdf
:10e94800ffffffffffffffffffffffffffffffffcf
:10e95800ffffffffffffffffffffffffffffffffbf
:10e96800ffffffffffffffffffffffffffffffffaf
:10e97800ffffffffffffffffffffffffffffffff9f
:10e98800ffffffffffffffffffffffffffffffff8f
:10e99800ffffffffffffffffffffffffffffffff7f
:10e9a800ffffffffffffffffffffffffffffffff6f
:10e9b800ffffffffffffffffffffffffffffffff5f
:10e9c800ffffffffffffffffffffffffffffffff4f
:10e9d800def7fbced79559ae9eefffffffffffff97
:10e9e800fffffffffbced4545204520452045204da
:10e9f800520452045204d444b6a538c6dbde5def97
:10ea0800bef7def7ffffffffffffffffffffffff80
:10ea1800ffffffffffffffffffffffffdfffdef747
:10ea28009def3ce7bad638aed434520452045204af
:10ea38005204520452045204b4449abedff7ffff52
:10ea4800ffffffffffffbef7dbc6d79518a6fcce7a
:10ea58009eefdff7ffffffffffffffffffffffff57
:10ea6800ffffffffffffffffffffffffffffffffae
:10ea7800ffffffffffffffffffffffffffffffff9e
:10ea8800ffffffffffffffffffffffffffffffff8e
:10ea9800ffffffffffffffffffffffffffffffff7e
:10eaa800ffffffffffffffffffffffffffffffff6e
:10eab800ffffffffffffffffffffffffffffffff5e
:10eac800ffffffffffffffffffffffffffffffff4e
:10ead800ffffffffffffffffffffffffffffffff3e
:10eae800ffffffffffffffffffffffffffffffff2e
:10eaf800ffffffffffffffffffffffffffffffff1e
:10eb0800ffffffffffffffffffffbef77de7babe76
:10eb1800d79518a65ddfffffffffffffffffffff91
:10eb2800dff7babed44c52045204520452045204c1
:10eb380052045204b3249695f7bdbad63ce79def2c
:10eb4800def7dfffffffffffffffffffffffffff16
:10eb5800ffffffffffffffffffffffffffffdfffdd
:10eb6800bef77def1bdf79cef895b324520452042b
:10eb7800520452045204520452049334f89d9eeff6
:10eb8800ffffffffffffffffffffbef73cdf59aeb0
:10eb9800b78dd89559aedbc63cd77de77de77de7d5
:10eba8007de77de77de77de77de77de77de77de73d
:10ebb8007de77de77de77de77de77de77de77de72d
:10ebc8007de77de77de77de77de77de77de77de71d
:10ebd8007de77de77de77de77de77de77de77de70d
:10ebe8007de77de77de77de77de77de77de77de7fd
:10ebf8007de77de77de77de77de77de77de77de7ed
:10ec08007de77de77de77de77de77de77de77de7dc
:10ec18007de77de77de77de77de77de77de77de7cc
:10ec28007de77de77de77de77de77de77de77de7bc
:10ec38007de77de77de77de77de77de77de77de7ac
:10ec48007de75ddf1cd7babe39a6b78dd895bbc6a0
:10ec58007de7dfffffffffffffffffffffff9eefe7
:10ec680018a6933452045204520452045204520413
:10ec78005204931c557db6b579ce1bdf7defbef7e8
:10ec8800dfffffffffffffffffffffffffffffffac
:10ec9800ffffffffffffffffffffffffffffffff7c
:10eca800def7bef75deffbde79ceb785931c520425
:10ecb80052045204520452045204520473145675f6
:10ecc800fbcedff7ffffffffffffffffffffffffa9
:10ecd800def75de7fbce9abe39ae39ae19ae18a69f
:10ece80018a618a618a618a618a618a618a618a62c
:10ecf80018a618a618a618a618a618a618a618a61c
:10ed080018a618a618a618a618a618a618a618a60b
:10ed180018a618a618a618a618a618a618a618a6fb
:10ed280018a618a618a618a618a618a618a618a6eb
:10ed380018a618a618a618a618a618a618a618a6db
:10ed480018a618a618a618a618a618a618a618a6cb
:10ed580018a618a618a618a618a618a618a618a6bb
:10ed680018a618a618a618a618a618a618a618a6ab
:10ed780018a618a618a618a618a618a618a618a69b
:10ed880019ae39ae59aebbc61cd79eefdff7fffff1
:10ed9800ffffffffffffffffffffdff7fbce56750b
:10eda800731452045204520452045204520452047a
:10edb8007314356db6b559cefbde5def9ef7def701
:10edc800ffffffffffffffffffffffffffffffff4b
:10edd800ffffffffffffffffffffffffffffffff3b
:10ede800dfffdef79ef75ce7dbde59c6b7859314d5
:10edf800520452045204520452045204520452045b
:10ee0800933cb78d3cdfdef7ffffffffffffffffff
:10ee1800fffffffffffffffffffffffffffffffffa
:10ee2800ffffffffffffffffffffffffffffffffea
:10ee3800ffffffffffffffffffffffffffffffffda
:10ee4800ffffffffffffffffffffffffffffffffca
:10ee5800ffffffffffffffffffffffffffffffffba
:10ee6800ffffffffffffffffffffffffffffffffaa
:10ee7800ffffffffffffffffffffffffffffffff9a
:10ee8800ffffffffffffffffffffffffffffffff8a
:10ee9800ffffffffffffffffffffffffffffffff7a
:10eea800ffffffffffffffffffffffffffffffff6a
:10eeb800ffffffffffffffffffffffffffffffff5a
:10eec800ffffffffffffffffffffffffffffffff4a
:10eed800ffffffffffffdff75ddfd795933c52048d
:10eee8005204520452045204520452045204731439
:10eef800356db6ad38c6dbde5ce79ef7def7dfffc3
:10ef0800ffffffffffffffffffffffffffffffff09
:10ef1800fffffffffffffffffffffffffffffffff9
:10ef2800ffffdfffbef79def3ce7dad659c6967db7
:10ef3800931c5204520452045204520452045204c0
:10ef480052045204b33cb78dfbcebeefffffffff68
:10ef5800ffffffffffffffffffffffffffffffffb9
:10ef6800ffffffffffffffffffffffffffffffffa9
:10ef7800ffffffffffffffffffffffffffffffff99
:10ef8800ffffffffffffffffffffffffffffffff89
:10ef9800ffffffffffffffffffffffffffffffff79
:10efa800ffffffffffffffffffffffffffffffff69
:10efb800ffffffffffffffffffffffffffffffff59
:10efc800ffffffffffffffffffffffffffffffff49
:10efd800ffffffffffffffffffffffffffffffff39
:10efe800ffffffffffffffffffffffffffffffff29
:10eff800ffffffffffffffffffffffffffffffff19
:10f00800ffffffffffffffffffffffffffffffff08
:10f01800ffffbef7fbceb795b44452045204520426
:10f028005204520452045204520452047314356dab
:10f03800b6ad38c6bad63ce79defbef7dfffffff97
:10f04800ffffffffffffffffffffffffffffffffc8
:10f05800ffffffffffffffffffffffffffffffffb8
:10f06800ffffffffdfffbef79def3ce7bad659c6ab
:10f07800b78db32452045204520452045204520469
:10f08800520452045204520c732cf45c18a6dbcec2
:10f098005ddfbeefdff7ffffffffffffffffffffb3
:10f0a800ffffffffffffffffffffffffffffffff68
:10f0b800ffffffffffffffffffffffffffffffff58
:10f0c800ffffffffffffffffffffffffffffffff48
:10f0d800ffffffffffffffffffffffffffffffff38
:10f0e800ffffffffffffffffffffffffffffffff28
:10f0f800ffffffffffffffffffffffffffffffff18
:10f10800ffffffffffffffffffffffffffffffff07
:10f11800fffffffffffffffffffffffffffffffff7
:10f12800ffffffffffffffffffffffffffffffffe7
:10f13800ffffffffffffffffffffffffffffffffd7
:10f14800ffffffffffffffffdfffbeef5de7fbce27
:10f1580039a6155d932c720c5204520452045204c1
:10f1680052045204520452045204931c5575b6ad0d
:10f1780038c6bad63ce79defbef7dfffffffffffbb
:10f18800ffffffffffffffffffffffffffffffff87
:10f19800ffffffffffffffffffffffffffffffff77
:10f1a800ffffffffffffdfffbef79def3ce7dad66b
:10f1b80059c6f79df43c730c52045204520452048d
:10f1c8005204520452045204520452045204731c4e
:10f1d800d44c156d567dd78d189e59b659b659b66b
:10f1e80059b659b659b659b659b659b659b659b69f
:10f1f80059b659b659b659b659b659b659b659b68f
:10f2080059b659b659b659b659b659b659b659b67e
:10f2180059b659b659b659b659b659b659b659b66e
:10f2280059b659b659b659b659b659b659b659b65e
:10f2380059b659b659b659b659b659b659b659b64e
:10f2480059b659b659b659b659b659b659b659b63e
:10f2580059b659b659b659b659b659b659b659b62e
:10f2680059b659b659b659b659b659b659b659b61e
:10f2780059b659b659b659b659b659b659b659b60e
:10f2880059b659b6189ed78d567d156dd44c732432
:10f2980052045204520452045204520452045204b6
:10f2a800520452045204730cb334768db6b538c682
:10f2b800bad63ce77defbef7dfffffffffffffff9a
:10f2c800ffffffffffffffffffffffffffffffff46
:10f2d800ffffffffffffffffffffffffffffffff36
:10f2e800ffffffffffffffffdfffbef79def3ce7dc
:10f2f800dbde59ce18b655659314520452045204f5
:10f308005204520452045204520452045204520445
:10f31800520452045204520c730c73147314731471
:10f32800731473147314731473147314731473149d
:10f33800731473147314731473147314731473148d
:10f34800731473147314731473147314731473147d
:10f35800731473147314731473147314731473146d
:10f36800731473147314731473147314731473145d
:10f37800731473147314731473147314731473144d
:10f38800731473147314731473147314731473143d
:10f39800731473147314731473147314731473142d
:10f3a800731473147314731473147314731473141d
:10f3b800731473147314731473147314731473140d
:10f3c80073147314730c520c5204520452045204f2
:10f3d8005204520452045204520452045204520475
:10f3e8005204520473141455969dd6b559cedbdedb
:10f3f8003ce79defbef7dfffffffffffffffffffcb
:10f40800ffffffffffffffffffffffffffffffff04
:10f41800fffffffffffffffffffffffffffffffff4
:10f42800ffffffffffffffffffffdfffbef79defbf
:10f438005ce7fbde99ce38beb795f444730c5204f2
:10f448005204520452045204520452045204520404
:10f4580052045204520452045204520452045204f4
:10f4680052045204520452045204520452045204e4
:10f4780052045204520452045204520452045204d4
:10f4880052045204520452045204520452045204c4
:10f4980052045204520452045204520452045204b4
:10f4a80052045204520452045204520452045204a4
:10f4b8005204520452045204520452045204520494
:10f4c8005204520452045204520452045204520484
:10f4d8005204520452045204520452045204520474
:10f4e8005204520452045204520452045204520464
:10f4f8005204520452045204520452045204520454
:10f508005204520452045204520452045204520443
:10f518005204520452045204520452045204520433
:10f52800730cb4345585b6adf7bd79cefbde5ce718
:10f538009defbef7dfffffffffffffffffffffffae
:10f54800ffffffffffffffffffffffffffffffffc3
:10f55800ffffffffffffffffffffffffffffffffb3
:10f56800ffffffffffffffffffffffffdfffdef7ec
:10f578009ef77def1ce7bad658c618b6967dd43ce0
:10f58800730c52045204520452045204520452049a
:10f5980052045204520452045204520452045204b3
:10f5a80052045204520452045204520452045204a3
:10f5b8005204520452045204520452045204520493
:10f5c8005204520452045204520452045204520483
:10f5d8005204520452045204520452045204520473
:10f5e8005204520452045204520452045204520463
:10f5f8005204520452045204520452045204520453
:10f608005204520452045204520452045204520442
:10f618005204520452045204520452045204520432
:10f628005204520452045204520452045204520422
:10f638005204520452045204520452045204520412
:10f648005204520452045204520452045204520402
:10f65800520452045204520452045204730cb32c40
:10f66800357596a5d6b538c6bad61ce77def9ef790
:10f67800def7dfffffffffffffffffffffffffffdb
:10f68800ffffffffffffffffffffffffffffffff82
:10f69800ffffffffffffffffffffffffffffffff72
:10f6a800ffffffffffffffffffffffffffffdfff82
:10f6b800def7bef77def5ce7fbde9ad638c6f7b516
:10f6c8009685f444931c5204520452045204520482
:10f6d8005204520452045204520452045204520472
:10f6e8005204520452045204520452045204520462
:10f6f8005204520452045204520452045204520452
:10f708005204520452045204520452045204520441
:10f718005204520452045204520452045204520431
:10f728005204520452045204520452045204520421
:10f738005204520452045204520452045204520411
:10f748005204520452045204520452045204520401
:10f7580052045204520452045204520452045204f1
:10f7680052045204520452045204520452045204e1
:10f7780052045204520452045204520452045204d1
:10f7880052045204520452045204520452045204c1
:10f7980052045204520452047314d43c557596a56d
:10f7a800b6b518c69ad6fbde3ce77defbef7def7a6
:10f7b800dfffffffffffffffffffffffffffffff71
:10f7c800ffffffffffffffffffffffffffffffff41
:10f7d800ffffffffffffffffffffffffffffffff31
:10f7e800ffffffffffffffffffffffffffffffff21
:10f7f800dfffdfffbef79ef77def3ce7dbde99ce4c
:10f8080038c618b6b79d556dd434931c730c520482
:10f818005204520452045204520452045204520430
:10f828005204520452045204520452045204520420
:10f838005204520452045204520452045204520410
:10f848005204520452045204520452045204520400
:10f8580052045204520452045204520452045204f0
:10f8680052045204520452045204520452045204e0
:10f8780052045204520452045204520452045204d0
:10f8880052045204520452045204520452045204c0
:10f8980052045204520452045204520452045204b0
:10f8a80052045204520452045204520452045204a0
:10f8b8005204520452045204520452045204520490
:10f8c8005204520452045204520452045204520480
:10f8d800730c731cb3343565769596a5b6b538c6e2
:10f8e80099cedbde3ce77def9ef7bef7def7dfff64
:10f8f800ffffffffffffffffffffffffffffffff10
:10f90800ffffffffffffffffffffffffffffffffff
:10f91800ffffffffffffffffffffffffffffffffef
:10f92800ffffffffffffffffffffffffffffffffdf
:10f93800ffffffffdfffdef7bef79def7def3ce740
:10f94800fbde9ad659cef7bdd7b5b79d767d35651e
:10f95800f44cb334931c7314730c520452045204c1
:10f9680052045204520452045204520452045204df
:10f9780052045204520452045204520452045204cf
:10f9880052045204520452045204520452045204bf
:10f9980052045204520452045204520452045204af
:10f9a800520452045204520452045204520452049f
:10f9b800520452045204520452045204520452048f
:10f9c800520452045204520452045204520452047f
:10f9d800520452045204520452045204520452046f
:10f9e800520452045204520452045204520452045f
:10f9f800520452045204520452045204520452044f
:10fa080052045204720c7314931cb32cd444145d26
:10fa1800557d969596adb6b5f7bd59ce9ad6fbde0f
:10fa28003ce75def9defbef7def7dfffffffffff6f
:10fa3800ffffffffffffffffffffffffffffffffce
:10fa4800ffffffffffffffffffffffffffffffffbe
:10fa5800ffffffffffffffffffffffffffffffffae
:10fa6800ffffffffffffffffffffffffffffffff9e
:10fa7800ffffffffffffffffdfffdef7bef79def92
:10fa88007def3ce71bdfdbde9ad659ce18c6d7bd23
:10fa9800b6b596b555ad54a534a534a514a514a589
:10faa80014a514a514a514a514a514a514a514a586
:10fab80014a514a514a514a514a514a514a514a576
:10fac80014a514a514a514a514a514a514a514a566
:10fad80014a514a514a514a514a514a514a514a556
:10fae80014a514a514a514a514a514a514a514a546
:10faf80014a514a514a514a514a514a514a514a536
:10fb080014a514a514a514a514a514a514a514a525
:10fb180014a514a514a514a514a514a514a514a515
:10fb280014a514a514a514a514a514a514a514a505
:10fb380014a514a514a514a514a514a514a514a5f5
:10fb480014a514a514a534a554a555ad96b5b6b5f8
:10fb5800d7bd18c659ce9ad6dad61bdf3ce77def5b
:10fb68009defbef7def7dfffffffffffffffffffa1
:10fb7800ffffffffffffffffffffffffffffffff8d
:10fb8800ffffffffffffffffffffffffffffffff7d
:10fb9800ffffffffffffffffffffffffffffffff6d
:10fba800ffffffffffffffffffffffffffffffff5d
:10fbb800ffffffffffffffffffffdfffdfffdef7b6
:10fbc800bef79ef77def5def3ce71bdffbdebad6a5
:10fbd8009ad679ce59ce38c638c638c618c618c689
:10fbe80018c618c618c618c618c618c618c618c61d
:10fbf80018c618c618c618c618c618c618c618c60d
:10fc080018c618c618c618c618c618c618c618c6fc
:10fc180018c618c618c618c618c618c618c618c6ec
:10fc280018c618c618c618c618c618c618c618c6dc
:10fc380018c618c618c618c618c618c618c618c6cc
:10fc480018c618c618c618c618c618c618c618c6bc
:10fc580018c618c618c618c618c618c618c618c6ac
:10fc680018c618c618c618c618c618c618c618c69c
:10fc780018c618c618c618c618c618c618c618c68c
:10fc880018c618c618c638c638c659ce79ce9ad6f8
:10fc9800bad6fbde1bdf3ce75def7def9ef7bef7d4
:10fca800def7dfffdfffffffffffffffffffffffc5
:10fcb800ffffffffffffffffffffffffffffffff4c
:10fcc800ffffffffffffffffffffffffffffffff3c
:10fcd800ffffffffffffffffffffffffffffffff2c
:10fce800ffffffffffffffffffffffffffffffff1c
:10fcf800ffffffffffffffffffffffffffffffff0c
:10fd0800dfffdef7def7bef79ef79def7def5defd5
:10fd18005ce73ce71ce71bdffbdefbdefbdefbde14
:10fd2800fbdefbdefbdefbdefbdefbdefbdefbde03
:10fd3800fbdefbdefbdefbdefbdefbdefbdefbdef3
:10fd4800fbdefbdefbdefbdefbdefbdefbdefbdee3
:10fd5800fbdefbdefbdefbdefbdefbdefbdefbded3
:10fd6800fbdefbdefbdefbdefbdefbdefbdefbdec3
:10fd7800fbdefbdefbdefbdefbdefbdefbdefbdeb3
:10fd8800fbdefbdefbdefbdefbdefbdefbdefbdea3
:10fd9800fbdefbdefbdefbdefbdefbdefbdefbde93
:10fda800fbdefbdefbdefbdefbdefbdefbdefbde83
:10fdb800fbdefbdefbdefbdefbdefbdefbdefbde73
:10fdc800fbdefbdefbdefbde1bdf1ce73ce75ce764
:10fdd8005def7def9def9ef7bef7def7def7dfff05
:10fde800dfffffffffffffffffffffffffffffff3b
:10fdf800ffffffffffffffffffffffffffffffff0b
:10fe0800fffffffffffffffffffffffffffffffffa
:10fe1800ffffffffffffffffffffffffffffffffea
:10fe2800ffffffffffffffffffffffffffffffffda
:10fe3800ffffffffffffffffffffffffffffffffca
:10fe4800ffffffffdfffdfffdef7def7bef7bef7de
:10fe58009ef79ef79def9def7def7def7def7defa8
:10fe68007def7def7def7def7def7def7def7def2a
:10fe78007def7def7def7def7def7def7def7def1a
:10fe88007def7def7def7def7def7def7def7def0a
:10fe98007def7def7def7def7def7def7def7deffa
:10fea8007def7def7def7def7def7def7def7defea
:10feb8007def7def7def7def7def7def7def7defda
:10fec8007def7def7def7def7def7def7def7defca
:10fed8007def7def7def7def7def7def7def7defba
:10fee8007def7def7def7def7def7def7def7defaa
:10fef8007def7def7def7def7def7def7def7def9a
:10ff08007def7def7def7def9def9def9ef79ef7f7
:10ff1800bef7bef7def7def7dfffdfffffffffff0d
:10ff2800ffffffffffffffffffffffffffffffffd9
:10ff3800ffffffffffffffffffffffffffffffffc9
:10ff4800ffffffffffffffffffffffffffffffffb9
:10ff5800ffffffffffffffffffffffffffffffffa9
:10ff6800ffffffffffffffffffffffffffffffff99
:10ff7800ffffffffffffffffffffffffffffffff89
:10ff8800ffffffffffffffffffffdfffdfffdfffd9
:10ff9800dfffdef7def7def7def7bef7bef7bef708
:10ffa800bef7bef7bef7bef7bef7bef7bef7bef7a1
:10ffb800bef7bef7bef7bef7bef7bef7bef7bef791
:10ffc800bef7bef7bef7bef7bef7bef7bef7bef781
:10ffd800bef7bef7bef7bef7bef7bef7bef7bef771
:10ffe800bef7bef7bef7bef7bef7bef7bef7bef761
:10fff800bef7bef7bef7bef7bef7bef7bef7bef751
:020000040c01ed
:10000800bef7bef7bef7bef7bef7bef7bef7bef740
:10001800bef7bef7bef7bef7bef7bef7bef7bef730
:10002800bef7bef7bef7bef7bef7bef7bef7bef720
:10003800bef7bef7bef7bef7bef7bef7bef7bef710
:10004800bef7bef7bef7def7def7def7def7dfff57
:10005800dfffdfffdfffffffffffffffffffffff08
:10006800ffffffffffffffffffffffffffffffff98
:10007800ffffffffffffffffffffffffffffffff88
:10008800ffffffffffffffffffffffffffffffff78
:10009800ffffffffffffffffffffffffffffffff68
:1000a800ffffffffffffffffffffffffffffffff58
:1000b800ffffffffffffffffffffffffffffffff48
:1000c800ffffffffffffffffffffffffffffffff38
:1000d800ffffffffffffdfffdfffdfffdfffdfffc8
:1000e800dfffdfffdfffdfffdfffdfffdfffdfff18
:1000f800dfffdfffdfffdfffdfffdfffdfffdfff08
:10010800dfffdfffdfffdfffdfffdfffdfffdffff7
:10011800dfffdfffdfffdfffdfffdfffdfffdfffe7
:10012800dfffdfffdfffdfffdfffdfffdfffdfffd7
:10013800dfffdfffdfffdfffdfffdfffdfffdfffc7
:10014800dfffdfffdfffdfffdfffdfffdfffdfffb7
:10015800dfffdfffdfffdfffdfffdfffdfffdfffa7
:10016800dfffdfffdfffdfffdfffdfffdfffdfff97
:10017800dfffdfffdfffdfffdfffdfffdfffdfff87
:10018800dfffdfffdfffdfffdfffffffffffffff17
:10019800ffffffffffffffffffffffffffffffff67
:1001a800ffffffffffffffffffffffffffffffff57
:1001b800ffffffffffffffffffffffffffffffff47
:1001c800ffffffffffffffffffffffffffffffff37
:1001d800ffffffffffffffffffffffffffffffff27
:1001e800ffffffffffffffffffffffffffffffff17
:1001f800ffffffffffffffffffffffffffffffff07
:10020800fffffffffffffffffffffffffffffffff6
:10021800ffffffffffffffffffffffffffffffffe6
:10022800ffffffffffffffffffffffffffffffffd6
:10023800ffffffffffffffffffffffffffffffffc6
:10024800ffffffffffffffffffffffffffffffffb6
:10025800ffffffffffffffffffffffffffffffffa6
:10026800ffffffffffffffffffffffffffffffff96
:10027800ffffffffffffffffffffffffffffffff86
:10028800ffffffffffffffffffffffffffffffff76
:10029800ffffffffffffffffffffffffffffffff66
:1002a800ffffffffffffffffffffffffffffffff56
:1002b800ffffffffffffffffffffffffffffffff46
:1002c800ffffffffffffffffffffffffffffffff36
:1002d800ffffffffffffffffffffffffffffffff26
:1002e800ffffffffffffffffffffffffffffffff16
:1002f800ffffffffffffffffffffffffffffffff06
:10030800fffffffffffffffffffffffffffffffff5
:020000040000fa
:020000040c01ed
:10031800ffffffffffffffffffffffffffffffffe5
:10032800ffffffffffffffffffffffffffffffffd5
:10033800ffffffffffffffffffffffffffffffffc5
:10034800ffffffffffffffffffffffffffffffffb5
:10035800ffffffffffffffffffffffffffffffffa5
:10036800ffffffffffffffffffffffffffffffff95
:10037800ffffffffffffffffffffffffffffffff85
:10038800ffffffffffffffffffffffffffffffff75
:10039800ffffffffffffffffffffffffffffffff65
:1003a800ffffffffffffffffffffffffffffffff55
:1003b800ffffffffffffffffffffffffffffffff45
:1003c800ffffffffffffffffffffffffffffffff35
:1003d800ffffffffffffffffffffffffffffffff25
:1003e800ffffffffffffffffffffffffffffffff15
:1003f800ffffffffffffffffffffffffffffffff05
:10040800fffffffffffffffffffffffffffffffff4
:10041800ffffffffffffffffffffffffffffffffe4
:10042800ffffffffffffffffffffffffffffffffd4
:10043800ffffffffffffffffffffffffffffffffc4
:10044800ffffffffffffffffffffffffffffffffb4
:10045800ffffffffffffffffffffffffffffffffa4
:10046800ffffffffffffffffffffffffffffffff94
:10047800ffffffffffffffffffffffffffffffff84
:10048800ffffffffffffffffffffffffffffffff74
:10049800ffffffffffffffffffffdfffdfffdfffc4
:1004a800dfffdfffdfffdfffdfffdfffdfffdfff54
:1004b800dfffdfffdfffdfffdfffdfffdfffdfff44
:1004c800dfffdfffdfffdfffdfffdfffdfffdfff34
:1004d800dfffdfffdfffdfffdfffdfffdfffdfff24
:1004e800dfffdfffdfffdfffdfffdfffdfffdfff14
:1004f800dfffdfffdfffdfffdfffdfffdfffdfff04
:10050800dfffdfffdfffdfffdfffdfffdfffdffff3
:10051800dfffdfffdfffdfffdfffdfffdfffdfffe3
:10052800dfffdfffdfffdfffdfffdfffdfffdfffd3
:10053800dfffdfffdfffdfffdfffdfffdfffdfffc3
:10054800dfffdfffdfffffffffffffffffffffff13
:10055800ffffffffffffffffffffffffffffffffa3
:10056800ffffffffffffffffffffffffffffffff93
:10057800ffffffffffffffffffffffffffffffff83
:10058800ffffffffffffffffffffffffffffffff73
:10059800ffffffffffffffffffffffffffffffff63
:1005a800ffffffffffffffffffffffffffffffff53
:1005b800ffffffffffffffffffffffffffffffff43
:1005c800ffffffffffffffffffffffffdfffdfff73
:1005d800dfffdef7def7def7def7bef7bef7bef7c2
:1005e800bef7bef7bef7bef7bef7bef7bef7bef75b
:1005f800bef7bef7bef7bef7bef7bef7bef7bef74b
:10060800bef7bef7bef7bef7bef7bef7bef7bef73a
:10061800bef7bef7bef7bef7bef7bef7bef7bef72a
:10062800bef7bef7bef7bef7bef7bef7bef7bef71a
:10063800bef7bef7bef7bef7bef7bef7bef7bef70a
:10064800bef7bef7bef7bef7bef7bef7bef7bef7fa
:10065800bef7bef7bef7bef7bef7bef7bef7bef7ea
:10066800bef7bef7bef7bef7bef7bef7bef7bef7da
:10067800bef7bef7bef7bef7bef7bef7bef7bef7ca
:10068800bef7bef7bef7def7def7def7def7dfff11
:10069800dfffdfffffffffffffffffffffffffffa2
:1006a800ffffffffffffffffffffffffffffffff52
:1006b800ffffffffffffffffffffffffffffffff42
:1006c800ffffffffffffffffffffffffffffffff32
:1006d800ffffffffffffffffffffffffffffffff22
:1006e800ffffffffffffffffffffffffffffffff12
:1006f800ffffffffffffffffffffffffffffffff02
:10070800ffffffffffffdfffdef7def7bef7bef7f5
:10071800bef79ef79ef79def9def7def7def7def96
:100728007def7def7def7def7def7def7def7def61
:100738007def7def7def7def7def7def7def7def51
:100748007def7def7def7def7def7def7def7def41
:100758007def7def7def7def7def7def7def7def31
:100768007def7def7def7def7def7def7def7def21
:100778007def7def7def7def7def7def7def7def11
:100788007def7def7def7def7def7def7def7def01
:100798007def7def7def7def7def7def7def7deff1
:1007a8007def7def7def7def7def7def7def7defe1
:1007b8007def7def7def7def7def7def7def7defd1
:1007c8007def7def7def9def9def9def9ef7bef7ef
:1007d800bef7bef7def7def7dfffffffffffffff25
:1007e800ffffffffffffffffffffffffffffffff11
:1007f800ffffffffffffffffffffffffffffffff01
:10080800fffffffffffffffffffffffffffffffff0
:10081800ffffffffffffffffffffffffffffffffe0
:10082800ffffffffffffffffffffffffffffffffd0
:10083800ffffffffffffffffffffffffffffffffc0
:10084800dfffdef7def7bef79ef79def7def5def8a
:100858005ce73ce73ce71cdf1cdf1bdffbdefbde65
:10086800fbdefbdefbdefbdefbdefbdefbdefbdeb8
:10087800fbdefbdefbdefbdefbdefbdefbdefbdea8
:10088800fbdefbdefbdefbdefbdefbdefbdefbde98
:10089800fbdefbdefbdefbdefbdefbdefbdefbde88
:1008a800fbdefbdefbdefbdefbdefbdefbdefbde78
:1008b800fbdefbdefbdefbdefbdefbdefbdefbde68
:1008c800fbdefbdefbdefbdefbdefbdefbdefbde58
:1008d800fbdefbdefbdefbdefbdefbdefbdefbde48
:1008e800fbdefbdefbdefbdefbdefbdefbdefbde38
:1008f800fbdefbdefbdefbdefbdefbdefbdefbde28
:10090800fbde1bdf1bdf1bdf1ce71ce73ce75ce7ac
:100918005def7def9def9ef7bef7def7def7dfffb9
:10092800ffffffffffffffffffffffffffffffffcf
:10093800ffffffffffffffffffffffffffffffffbf
:10094800ffffffffffffffffffffffffffffffffaf
:10095800ffffffffffffffffffffffffffffffff9f
:10096800ffffffffffffffffffffffffffffffff8f
:10097800ffffffffffffffffffffffffdfffdef7c8
:10098800bef79ef79def7def3ce73ce71bdffbce14
:10099800babe59a6188ef885d77db775b76db76ded
:1009a800b76db76db76db76db76db76db76db76d1f
:1009b800b76db76db76db76db76db76db76db76d0f
:1009c800b76db76db76db76db76db76db76db76dff
:1009d800b76db76db76db76db76db76db76db76def
:1009e800b76db76db76db76db76db76db76db76ddf
:1009f800b76db76db76db76db76db76db76db76dcf
:100a0800b76db76db76db76db76db76db76db76dbe
:100a1800b76db76db76db76db76db76db76db76dae
:100a2800b76db76db76db76db76db76db76db76d9e
:100a3800b76db76db76db76db76db76db76db76d8e
:100a4800b76dd775f87df88539967aaebac6dbd614
:100a5800dbd6fbde1ce73ce77def9def9ef7bef79c
:100a6800def7dfffdffffffffffffffffffffffff7
:100a7800ffffffffffffffffffffffffffffffff7e
:100a8800ffffffffffffffffffffffffffffffff6e
:100a9800ffffffffffffffffffffffffffffffff5e
:100aa800ffffffffffffffffffffffffffffffff4e
:100ab800ffffffffffffffffdfffdef7bef79ef739
:100ac8007def5ce71cdffbce9ab6f885564dd42443
:100ad800b31c9314730c730c730452045204520421
:100ae800520452045204520452045204520452044e
:100af800520452045204520452045204520452043e
:100b0800520452045204520452045204520452042d
:100b1800520452045204520452045204520452041d
:100b2800520452045204520452045204520452040d
:100b380052045204520452045204520452045204fd
:100b480052045204520452045204520452045204ed
:100b580052045204520452045204520452045204dd
:100b680052045204520452045204520452045204cd
:100b780052045204520452045204520452045204bd
:100b880052047304730c730c930c9314b41c153d2a
:100b9800b76d399e9abebacedbde1bdf3ce77def30
:100ba8009defbef7def7dfffffffffffffffffff51
:100bb800ffffffffffffffffffffffffffffffff3d
:100bc800ffffffffffffffffffffffffffffffff2d
:100bd800ffffffffffffffffffffffffffffffff1d
:100be800ffffffffffffffffffffffffffffffff0d
:100bf800ffffffffdfffdef7bef79ef77def3ce765
:100c08001cd79ab6b76d1535931452045204520482
:100c1800520452045204520452045204520452041c
:100c2800520452045204520452045204520452040c
:100c380052045204520452045204520452045204fc
:100c480052045204520452045204520452045204ec
:100c580052045204520452045204520452045204dc
:100c680052045204520452045204520452045204cc
:100c780052045204520452045204520452045204bc
:100c880052045204520452045204520452045204ac
:100c9800520452045204520452045204520452049c
:100ca800520452045204520452045204520452048c
:100cb800520452045204520452045204520452047c
:100cc800520452045204520452045204520452046c
:100cd8005204730cd424565518969ac6bad6fbde1d
:100ce8003ce77def9defbef7def7dfffffffffff7d
:100cf800fffffffffffffffffffffffffffffffffc
:100d0800ffffffffffffffffffffffffffffffffeb
:100d1800ffffffffffffffffffffffffffffffffdb
:100d2800ffffffffffffffffffffffffffffffffcb
:100d3800dfffdfffbef79ef77def3ce7fbd6599e4e
:100d4800564d93147304520452045204520452042c
:100d580052045204520452045204520452045204db
:100d680052045204520452045204520452045204cb
:100d780052045204520452045204520452045204bb
:100d880052045204520452045204520452045204ab
:100d9800520452045204520452045204520452049b
:100da800520452045204520452045204520452048b
:100db800520452045204520452045204520452047b
:100dc800520452045204520452045204520452046b
:100dd800520452045204520452045204520452045b
:100de800520452045204520452045204520452044b
:100df800520452045204520452045204520452043b
:100e0800520452045204520452045204520452042a
:100e18005204520452047304730cf434d77d79b627
:100e2800bad6fbde3ce77def9ef7bef7dfffdfffbc
:100e3800ffffffffffffffffffffffffffffffffba
:100e4800ffffffffffffffffffffffffffffffffaa
:100e5800ffffffffffffffffffffffffffffffff9a
:100e6800ffffffffffffffffffffffffffffdfffaa
:100e7800def7bef79def5ce71cdf7aa635459314d5
:100e880052045204520452045204520452045204aa
:100e9800520452045204520452045204520452049a
:100ea800520452045204520452045204520452048a
:100eb800520452045204520452045204520452047a
:100ec800520452045204520452045204520452046a
:100ed800520452045204520452045204520452045a
:100ee800520452045204520452045204520452044a
:100ef800520452045204520452045204520452043a
:100f08005204520452045204520452045204520429
:100f18005204520452045204520452045204520419
:100f28005204520452045204520452045204520409
:100f380052045204520452045204520452045204f9
:100f480052045204520452045204520452045204e9
:100f5800520452045204520452045204730cd42c06
:100f6800b77d79bebad6fbde5ce77defbef7def76c
:100f7800dfffffffffffffffffffffffffffffff99
:100f8800ffffffffffffffffffffffffffffffff69
:100f9800ffffffffffffffffffffffffffffffff59
:100fa800ffffffffffffffffffffffffdfffdef792
:100fb800bef77def3ce7dbbe965d93145204520406
:100fc8005204520452045204520452045204520469
:100fd8005204520452045204520452045204520459
:100fe8005204520452045204520452045204520449
:100ff8005204520452045204520452045204520439
:101008005204520452045204520452045204520428
:101018005204520452045204520452045204520418
:101028005204520452045204520452045204520408
:1010380052045204520452045204520452045204f8
:1010480052045204520452045204520452045204e8
:1010580052045204520452045204520452045204d8
:1010680052045204520452045204520452045204c8
:1010780052045204520452045204520452045204b8
:1010880052045204520452045204520452045204a8
:101098005204520452045204520452045204520498
:1010a800730c153df89579c6bad61ce77def9ef707
:1010b800bef7dfffffffffffffffffffffffffffa1
:1010c800ffffffffffffffffffffffffffffffff28
:1010d800ffffffffffffffffffffffffffffffff18
:1010e800ffffffffffffffffffffdfffbef79ef7da
:1010f8005def1cdf3996d42c730452045204520459
:101108005204520452045204520452045204520427
:1011180052045204731c932cb33cd44cf45cf45c1e
:10112800f45cf45cf45cf45cf45cf45cf45cf45c37
:10113800f45cf45cf45cf45cf45cf45cf45cf45c27
:10114800f45cf45cf45cf45cf45cf45cf45cf45c17
:10115800f45cf45cf45cf45cf45cf45cf45cf45c07
:10116800f45cf45cf45cf45cf45cf45cf45cf45cf7
:10117800f45cf45cf45cf45cf45cf45cf45cf45ce7
:10118800f45cf45cf45cf45cf45cf45cf45cf45cd7
:10119800f45cf45cf45cf45cf45cf45cf45cf45cc7
:1011a800f45cf45cf45cf45cf45cf45cf45cf45cb7
:1011b800f45cf45cf45cf45cf45cf45cf45cf45ca7
:1011c800d44cb43c932c7324730c52045204520430
:1011d8005204520452045204520452045204520457
:1011e800520452049314766d59b69ad6fbde5def1d
:1011f8009defbef7dfffffffffffffffffffffffd2
:10120800ffffffffffffffffffffffffffffffffe6
:10121800ffffffffffffffffffffffffffffffffd6
:10122800ffffffffffffffffdfffbef79def5ce75c
:10123800fbceb76d93145204520452045204520464
:1012480052045204520452045204731cb33c155df8
:10125800f8959abefbce3cdf5ddf7de77de77de755
:101268007de77de77de77de77de77de77de77de756
:101278007de77de77de77de77de77de77de77de746
:101288007de77de77de77de77de77de77de77de736
:101298007de77de77de77de77de77de77de77de726
:1012a8007de77de77de77de77de77de77de77de716
:1012b8007de77de77de77de77de77de77de77de706
:1012c8007de77de77de77de77de77de77de77de7f6
:1012d8007de77de77de77de77de77de77de77de7e6
:1012e8007de77de77de77de77de77de77de77de7d6
:1012f8007de77de77de77de77de77de77de77de7c6
:101308007de75ddf3cdf1cd7babe39a6566db44415
:10131800732c5204520452045204520452045204cc
:10132800520452045204730c153d18a679cedbde24
:101338005ce79defbef7dfffffffffffffffffff4b
:10134800ffffffffffffffffffffffffffffffffa5
:10135800ffffffffffffffffffffffffffffffff95
:10136800ffffffffffffdfffbef79def3ce7dbc698
:101378005655730c52045204520452045204520437
:1013880052045204520c9334767d7ab65ddfdef750
:10139800ffffffffffffffffffffffffffffffff55
:1013a800ffffffffffffffffffffffffffffffff45
:1013b800ffffffffffffffffffffffffffffffff35
:1013c800ffffffffffffffffffffffffffffffff25
:1013d800ffffffffffffffffffffffffffffffff15
:1013e800ffffffffffffffffffffffffffffffff05
:1013f800fffffffffffffffffffffffffffffffff5
:10140800ffffffffffffffffffffffffffffffffe4
:10141800ffffffffffffffffffffffffffffffffd4
:10142800ffffffffffffffffffffffffffffffffc4
:10143800ffffffffffffffffffffffffffffffffb4
:10144800ffffffffffffffffffffffffdff77de766
:10145800bbc6d795d44c7314520452045204520498
:1014680052045204520452047304d42cf89559c6f9
:10147800dbde3ce79defbef7dfffffffffffffff6f
:10148800ffffffffffffffffffffffffffffffff64
:10149800ffffffffffffffffffffffffffffffff54
:1014a800ffffffffdfffbef79def3ce7dbc63545db
:1014b8007304520452045204520452045204520453
:1014c8005204b44cd7953cdfbef7ffffffffffff88
:1014d800ffffffffffffffffffffffffffffffff14
:1014e800ffffffffffffffffffffffffffffffff04
:1014f800fffffffffffffffffffffffffffffffff4
:10150800ffffffffffffffffffffffffffffffffe3
:10151800ffffffffffffffffffffffffffffffffd3
:10152800ffffffffffffffffffffffffffffffffc3
:10153800ffffffffffffffffffffffffffffffffb3
:10154800ffffffffffffffffffffffffffffffffa3
:10155800ffffffffffffffffffffffffffffffff93
:10156800ffffffffffffffffffffffffffffffff83
:10157800ffffffffffffffffffffffffffffffff73
:10158800ffffffffffffffffffffffffffffffff63
:10159800ffffdff77de739a6f45c731452045204a9
:1015a800520452045204520452045204b324d78df4
:1015b80059c6dad63ce79defbef7dfffffffffff16
:1015c800ffffffffffffffffffffffffffffffff23
:1015d800ffffffffffffffffffffffffffffffff13
:1015e800ffffdfffbef79def5ce7dbc63545730401
:1015f8005204520452045204520452045204932cca
:10160800b78d3cdfdff7ffffffffffffffffffffa7
:10161800ffffdfffbef77de73cdf1cd7fbd6fbd61d
:10162800fbd6fbd6fbd6fbd6fbd6fbd6fbd6fbd62a
:10163800fbd6fbd6fbd6fbd6fbd6fbd6fbd6fbd61a
:10164800fbd6fbd6fbd6fbd6fbd6fbd6fbd6fbd60a
:10165800fbd6fbd6fbd6fbd6fbd6fbd6fbd6fbd6fa
:10166800fbd6fbd6fbd6fbd6fbd6fbd6fbd6fbd6ea
:10167800fbd6fbd6fbd6fbd6fbd6fbd6fbd6fbd6da
:10168800fbd6fbd6fbd6fbd6fbd6fbd6fbd6fbd6ca
:10169800fbd6fbd6fbd6fbd6fbd6fbd6fbd6fbd6ba
:1016a800fbd6fbd6fbd6fbd6fbd6fbd6fbd6fbd6aa
:1016b800fbd6fbd6fbd6fbd6fbd6fbd6fbd6fcd699
:1016c8001cd73cdf9de7def7ffffffffffffffffb3
:1016d800ffffffffffffffff7de719a6b444520c91
:1016e8005204520452045204520452045204b31cc9
:1016f800d78d59c6dad63ce79defbef7dfffffff6f
:10170800ffffffffffffffffffffffffffffffffe1
:10171800ffffffffffffffffffffffffffffffffd1
:10172800dfffdef79ef75ce7fbce564d73045204ed
:1017380052045204520452045204520cf45cbbc6c4
:10174800def7ffffffffffffffffffffbeef1cd726
:101758007ab69685f45cb344933c933493349334cb
:101768009334933493349334933493349334933439
:101778009334933493349334933493349334933429
:101788009334933493349334933493349334933419
:101798009334933493349334933493349334933409
:1017a80093349334933493349334933493349334f9
:1017b80093349334933493349334933493349334e9
:1017c80093349334933493349334933493349334d9
:1017d80093349334933493349334933493349334c9
:1017e80093349334933493349334933493349334b9
:1017f80093349334933493349334933493349334a9
:101808009334933cb444155db78d9abe3cdfbef764
:10181800ffffffffffffffffffffdfff3cd756750e
:10182800731c5204520452045204520452045204c7
:10183800b424d79558c6dbde5ce79ef7def7dffffa
:10184800ffffffffffffffffffffffffffffffffa0
:10185800ffffffffffffffffffffffffffffffff90
:10186800def7bef77def1cd7976573045204520468
:101878005204520452045204731c76855ddfffff44
:10188800ffffffffffffffff9de759ae356d933c5c
:101898005204520452045204520452045204520490
:1018a8005204520452045204520452045204520480
:1018b8005204520452045204520452045204520470
:1018c8005204520452045204520452045204520460
:1018d8005204520452045204520452045204520450
:1018e8005204520452045204520452045204520440
:1018f8005204520452045204520452045204520430
:10190800520452045204520452045204520452041f
:10191800520452045204520452045204520452040f
:1019280052045204520452045204520452045204ff
:1019380052045204520452045204520452045204ef
:1019480052045204520452045204730cb44456759f
:101958009abe9eefffffffffffffffffffff9eef17
:1019680018a6932c520452045204520452045204ee
:101978005204d42cf8a559cefbde5defbef7def796
:10198800ffffffffffffffffffffffffffffffff5f
:10199800ffffffffffffffffffffffffffffdfff6f
:1019a800bef77def3cdf188e9314520452045204a4
:1019b8005204520452047324d8959eefffffffff90
:1019c800ffffffff9eef59aef45473145204520404
:1019d800520452045204520452045204520452044f
:1019e800520452045204520452045204520452043f
:1019f800520452045204520452045204520452042f
:101a0800520452045204520452045204520452041e
:101a1800520452045204520452045204520452040e
:101a280052045204520452045204520452045204fe
:101a380052045204520452045204520452045204ee
:101a480052045204520452045204520452045204de
:101a580052045204520452045204520452045204ce
:101a680052045204520452045204520452045204be
:101a780052045204520452045204520452045204ae
:101a8800520452045204520452045204520452049e
:101a9800731c15659abebef7ffffffffffffffff30
:101aa800def77ab6b33c520452045204520452048c
:101ab80052047304154d18b679ce1bdf7defbef7bf
:101ac800dfffffffffffffffffffffffffffffff3e
:101ad800ffffffffffffffffffffffffdfffdef757
:101ae8009ef73ce79ab6b41c5204520452045204be
:101af80052045204731cf89dbef7ffffffffffff5f
:101b0800dffffcce356d731c52045204520452049c
:101b1800520452045204520452045204520452040d
:101b280052045204520452045204520452045204fd
:101b380052045204520452045204520452045204ed
:101b480052045204520452045204520452045204dd
:101b580052045204520452045204520452045204cd
:101b680052045204520452045204520452045204bd
:101b780052045204520452045204520452045204ad
:101b8800520452045204520452045204520452049d
:101b9800520452045204520452045204520452048d
:101ba800520452045204520452045204520452047d
:101bb800520452045204520452045204520452046d
:101bc800520452045204520452045204520452045d
:101bd80052045204732c767d3cdfffffffffffffaa
:101be800ffffdff7babeb33c52045204520452045a
:101bf80052045204730c766d18bebad63ce79defba
:101c0800def7dfffffffffffffffffffffffffff25
:101c1800ffffffffffffffffffffffffdfffbef735
:101c28005deffbd6564d730452045204520452041d
:101c38005204731cd895bef7ffffffffffffdef7c6
:101c480059aeb33c52045204520452045204520492
:101c580052045204520452045204520452045204cc
:101c680052045204520452045204520452045204bc
:101c780052045204520452045204520452045204ac
:101c8800520452045204520452045204520452049c
:101c9800520452045204520452045204520452048c
:101ca800520452045204520452045204520452047c
:101cb800520452045204520452045204520452046c
:101cc800520452045204520452045204520452045c
:101cd800520452045204520452045204520452044c
:101ce800520452045204520452045204520452043c
:101cf800520452045204520452045204520452042c
:101d0800520452045204520452045204520452041b
:101d18005204520452045204d454babedff7ffffef
:101d2800ffffffffdfff9abe9334520452045204b0
:101d3800520452045204b324d79d38c6dbde5def4b
:101d4800bef7def7ffffffffffffffffffffffff0d
:101d5800ffffffffffffffffffffdfffbef79def66
:101d68003ce7398e730c5204520452045204520454
:101d78005204567d9eefffffffffffffbef7f89d61
:101d8800732c520452045204520452045204520452
:101d9800520452045204520452045204520452048b
:101da800520452045204520452045204520452047b
:101db800520452045204520452045204520452046b
:101dc800520452045204520452045204520452045b
:101dd800520452045204520452045204520452044b
:101de800520452045204520452045204520452043b
:101df800520452045204520452045204520452042b
:101e0800520452045204520452045204520452041a
:101e1800520452045204520452045204520452040a
:101e280052045204520452045204520452045204fa
:101e380052045204520452045204520452045204ea
:101e480052045204520452045204520452045204da
:101e580052045204520452045204933459b6dff720
:101e6800ffffffffffffdff719a6731c52045204a0
:101e78005204520452045204154df7b579ce1ce7aa
:101e88009defbef7dfffffffffffffffffffffff35
:101e9800ffffffffffffffffffffdef7bef75def6e
:101ea800fbcef53452045204520452045204520434
:101eb800f4545ddfffffffffffffbef7f89d7324bb
:101ec800520452045204520452045204520452045a
:101ed800520452045204520452045204520452044a
:101ee800520452045204520452045204520452043a
:101ef800520452045204520452045204520452042a
:101f08005204520452045204520452045204520419
:101f18005204520452045204520452045204520409
:101f280052045204520452045204520452045204f9
:101f380052045204520452045204520452045204e9
:101f480052045204520452045204520452045204d9
:101f580052045204520452045204520452045204c9
:101f680052045204520452045204520452045204b9
:101f780052045204520452045204520452045204a9
:101f88005204520452045204520452045204520499
:101f9800520452045204520452045204932c59b667
:101fa800dff7ffffffffffffbeef9685730c5204bc
:101fb80052045204520452047314968d18c6dbde80
:101fc8005defbef7def7ffffffffffffffffffff3d
:101fd800ffffffffffffffffdfffdef79def3ce79f
:101fe800188e730c52045204520452045204732c77
:101ff8009abeffffffffffffdff739ae73245204dd
:102008005204520452045204520452045204520418
:102018005204520452045204520452045204520408
:1020280052045204520452045204520452045204f8
:1020380052045204520452045204520452045204e8
:1020480052045204520452045204520452045204d8
:1020580052045204520452045204520452045204c8
:1020680052045204520452045204520452045204b8
:1020780052045204520452045204520452045204a8
:102088005204520452045204520452045204520498
:102098005204520452045204520452045204520488
:1020a8005204520452045204520452045204520478
:1020b8005204520452045204520452045204520468
:1020c8005204520452045204520452045204520458
:1020d80052045204520452045204520452049334d7
:1020e8009abeffffffffffffffff3cdfd44c520407
:1020f800520452045204520452041445f7ad79cee6
:102108001ce79defbef7dfffffffffffffffffffad
:10211800ffffffffffffffffdfffbef75deffbd60f
:10212800153d520452045204520452045204968536
:10213800def7ffffffffffffdbc6933452045204b4
:1021480052045204520452045204520452045204d7
:1021580052045204520452045204520452045204c7
:1021680052045204520452045204520452045204b7
:1021780052045204520452045204520452045204a7
:102188005204520452045204520452045204520497
:102198005204520452045204520452045204520487
:1021a8005204520452045204520452045204520477
:1021b8005204520452045204520452045204520467
:1021c8005204520452045204520452045204520457
:1021d8005204520452045204520452045204520447
:1021e8005204520452045204520452045204520437
:1021f8005204520452045204520452045204520427
:102208005204520452045204520452045204520416
:102218005204520452045204520452045204520406
:10222800d44c3cdfffffffffffffffff59ae7314e5
:10223800520452045204520452049314b68d18c620
:10224800dbde5defbef7dffffffffffffffffffff6
:10225800ffffffffffffffffdef79ef73ce759a6f2
:10226800730c52045204520452045204933c1cd777
:10227800ffffffffffff7de715655204520452047c
:102288005204520452045204520452045204520496
:102298005204520452045204520452045204520486
:1022a8005204520452045204520452045204520476
:1022b8005204520452045204520452045204520466
:1022c8005204520452045204520452045204520456
:1022d8005204520452045204520452045204520446
:1022e8005204520452045204520452045204520436
:1022f8005204520452045204520452045204520426
:102308005204520452045204520452045204520415
:102318005204520452045204520452045204520405
:1023280052045204520452045204520452045204f5
:1023380052045204520452045204520452045204e5
:1023480052045204520452045204520452045204d5
:1023580052045204520452045204520452045204c5
:1023680052045675beefffffffffffff9eef156596
:10237800520452045204520452047304355dd7b512
:1023880099ce3ce79defdef7ffffffffffffffff62
:10239800ffffffffffffdfffbef77def1cdf765d6e
:1023a8007304520452045204520452049685def710
:1023b800fffffffffffff89d730c52045204520405
:1023c8005204520452045204520452045204520455
:1023d8005204520452045204520452045204520445
:1023e8005204520452045204520452045204520435
:1023f8005204520452045204520452045204520425
:102408005204520452045204520452045204520414
:102418005204520452045204520452045204520404
:1024280052045204520452045204520452045204f4
:1024380052045204520452045204520452045204e4
:1024480052045204520452045204520452045204d4
:1024580052045204520452045204520452045204c4
:1024680052045204520452045204520452045204b4
:1024780052045204520452045204520452045204a4
:102488005204520452045204520452045204520494
:102498005204520452045204520452045204520484
:1024a800520473247ab6ffffffffffffffff59b600
:1024b800731c52045204520452045204b324b7a5a4
:1024c80038c6fbde7defbef7dfffffffffffffff34
:1024d800ffffffffffffdfffbef75defdbc6d42c7a
:1024e80052045204520452045204731cdbc6ffff08
:1024f800ffffffff3cdfb44452045204520452046d
:102508005204520452045204520452045204520413
:102518005204520452045204520452045204520403
:1025280052045204520452045204520452045204f3
:1025380052045204520452045204520452045204e3
:1025480052045204520452045204520452045204d3
:1025580052045204520452045204520452045204c3
:1025680052045204520452045204520452045204b3
:1025780052045204520452045204520452045204a3
:102588005204520452045204520452045204520493
:102598005204520452045204520452045204520483
:1025a8005204520452045204520452045204520473
:1025b8005204520452045204520452045204520463
:1025c8005204520452045204520452045204520453
:1025d8005204520452045204520452045204520443
:1025e8005204520415659eefffffffffffff7de7d2
:1025f800d44c52045204520452045204730c767d93
:10260800f7bdbad65ce7bef7dfffffffffffffffae
:10261800ffffffffffffdef79ef73ce77aae930c64
:10262800520452045204520452041565beefffffcf
:10263800ffffffff18a673145204520452045204f9
:10264800520452045204731c9334731452045204f7
:102658005204520452045204520452045204720c9a
:10266800933c731c52045204520452045204520400
:1026780052045204520452045204520452045204a2
:102688005204520452045204520452045204520492
:102698005204520452045204520452045204520482
:1026a8005204520452045204520452045204520472
:1026b8005204520452045204520452045204520462
:1026c8005204520452045204520452045204520452
:1026d8005204520452045204520452045204520442
:1026e8005204520452045204520452045204520432
:1026f8005204520452045204520452045204520422
:102708005204520452045204520452045204520411
:102718005204520452045204520452045204520401
:1027280052045204731c9abeffffffffffffdfff36
:10273800d795520452045204520452045204355d8f
:10274800d7b599ce3ce79ef7def7ffffffffffff07
:10275800ffffffffdfffdef79def1cdfd77d520491
:102768005204520452045204520c189edfffffff19
:10277800ffff9eef1565520452045204520452049e
:10278800520452045204d454dbcef89d933c5204b4
:102798005204520452045204520452045204932c18
:1027a8009abe39a6d44c520c520452045204520414
:1027b8005204520452045204520452045204520461
:1027c8005204520452045204520452045204520451
:1027d8005204520452045204520452045204520441
:1027e8005204520452045204520452045204520431
:1027f8005204520452045204520452045204520421
:102808005204520452045204520452045204520410
:102818005204520452045204520452045204520400
:1028280052045204520452045204520452045204f0
:1028380052045204520452045204520452045204e0
:1028480052045204520452045204520452045204d0
:1028580052045204520452045204520452045204c0
:10286800520452045204767ddef7ffffffffffff9c
:10287800dbc6732452045204520452045204d43462
:10288800b6a558c61bdf7defbef7dfffffffffffd2
:10289800ffffffffdfffbef77deffbde364d520483
:1028a80052045204520452047324bbc6ffffffffb4
:1028b800fffffcce73245204520452045204520403
:1028c800520452045204d4547de7dff71cd7567dd6
:1028d800732452045204520452045204520493348e
:1028e8001cd7dfff5ddf978d9334520452045204e6
:1028f8005204520452045204520452045204520420
:10290800520452045204520452045204520452040f
:1029180052045204520452045204520452045204ff
:1029280052045204520452045204520452045204ef
:102938005204520c731452045204520452045204a6
:1029480052045204720cd454933452045204520464
:1029580052045204520452045204520452045204bf
:1029680052045204520452045204520452045204af
:10297800520452045204520452045204520452049f
:10298800520452045204520452045204520452048f
:10299800520452045204520452045204520452047f
:1029a800520452045204b4445de7ffffffffffffe7
:1029b8005de7d44c52045204520452045204931c4e
:1029c800969d18c6dbde7defbef7dfffffffffff3a
:1029d800ffffffffdfffbef75deffbd6d42c5204ed
:1029e8005204520452045204b3445ddfffffffff58
:1029f800ffff18a6730c52045204520452045204e6
:102a0800520452045204d4547de7ffffffffbeef87
:102a18009abef45c73145204520452045204933460
:102a28001cd7ffffffffdef7dbc6356d731c5204b2
:102a380052045204520452045204520452045204de
:102a480052045204520452045204520452045204ce
:102a5800730cd44cd89559ae39ae7685933452045c
:102a680052045204520452045204520452045204ae
:102a78005204767d39a69334520452045204520407
:102a880052045204932c3cd79785520452045204a2
:102a980052045204520452045204932c978559ae9e
:102aa80039a6356d730c5204731c731c52045204fe
:102ab800520452045204520452045204520452045e
:102ac80052045204520452045204731c73145204e4
:102ad800520452045204520452045204520452043e
:102ae800520452045204730cdbc6ffffffffffffc2
:102af800def7356d52045204520452045204730c2a
:102b0800768df7bdbad65defbef7dfffffffffff9b
:102b1800ffffffffdfff9ef75ce7babeb31c52045e
:102b28005204520452045204f454beefffffffff54
:102b3800dff7567d520452045204520452045204e0
:102b4800520452045204d4547de7fffffffffffff5
:102b5800ffff7de7f89db3445204520452049334b6
:102b68001cd7ffffffffffffffff9eef39aed44cde
:102b7800520c520452045204520452045204520495
:102b88005204520452045204520452045204730c64
:102b9800567d5ddf3cdfbbbefbce7de7bbbeb344ed
:102ba800520452045204520452045204520452046d
:102bb800520cd78ddbc6933c520452045204520483
:102bc80052045204932c7de7d78d520452045204c8
:102bd800520452045204520473247ab67de7bbbef1
:102be800dbce1cd7b4445204d895189e731c5204eb
:102bf800520452045204520452045204520452041d
:102c08005204520452045204732418a6b78552047d
:102c180052045204520452045204520452045204fc
:102c28005204520452045204f89dffffffffffffb5
:102c3800ffffb78d52045204520452045204730c1d
:102c48005575b6b59ad63ce79ef7dfffffffffff45
:102c5800ffffffffdef79ef73ce77aae93145204be
:102c680052045204520452045675dff7ffffffff67
:102c78009eef156552045204520452045204520441
:102c8800520452045204d4547de7ffffffffffffb4
:102c9800ffffffffdff71cd7767d732c52049334b8
:102ca8001cd7ffffffffffffffffffffffff5ddff9
:102cb800b78d9334520452045204520452045204fd
:102cc8005204520452045204520452045204b444aa
:102cd8003ddfbbc6d44c520c731c767d9eef189e0c
:102ce8007314731cb44c731452045204b3449334d5
:102cf80052049334d44c730c5204731cb444d4540b
:102d0800b444731c932c7de7d78d52047324b44cc0
:102d18007324520452045204d44c9ee7f89d730c59
:102d2800731cf45c7324933cdbc6fbced4549334fd
:102d3800730c933cd454d454b34473145204731c8a
:102d4800b444932cd454b444d4541cd77ab6d44c39
:102d5800932c520452045204520452045204520452
:102d68005204520452045204767ddff7ffffffff3e
:102d7800ffff39a673145204520452045204520439
:102d8800356596b599ce3ce79ef7def7ffffffff66
:102d9800ffffffffdef79ef73ce779a69314520486
:102da8005204520452045204b785ffffffffffff8d
:102db8007de7d4545204520452045204520452047b
:102dc800520452045204d4547de7ffffffffffff73
:102dd800ffffffffffffffffbef79abe15659334a5
:102de8001cd7fffffffffffffffffffffffffffff6
:102df800dff7dbc65675731c5204520452045204a2
:102e08005204520452045204520452045204978544
:102e18009eef3575520452045204731cdbc61cd74e
:102e28009334155d5ddfd44c5204731cfbc618a6a1
:102e38007314b795fbce933c7324f89d5ddf5ddf7b
:102e48003cd7b78d93347de7d78d932c39ae1cd7fb
:102e5800f454520452045204b4447de7babeb44454
:102e6800720c5204731c39ae9eefbeef3cd7f89d2e
:102e78001565dbc63cd75ddf3cdf767d5204f45c2c
:102e88003cd79abe7de7fbcebbc6beef9ee73cd7dc
:102e9800978d5204520452045204520452045204ac
:102ea8005204520452045204155ddff7ffffffff7e
:102eb800ffff7ab6731452045204520452045204a7
:102ec800155596b579ce1ce79defdef7ffffffff9e
:102ed800ffffffffdef79def1ce7599e930c52049e
:102ee8005204520452045204d895ffffffffffff1b
:102ef8005ddfd44c5204520452045204520452046a
:102f0800520452045204d4547de7ffffffffffff31
:102f1800ffffffffffffffffffffffff7de7f89dbc
:102f28001cd7ffffffffffffffffffffffffffffb4
:102f3800ffffffffbeef39ae932c52045204520438
:102f4800520452045204520452045204520439a640
:102f58007de7f454520452045204731439ae7de7e9
:102f6800933c35659eefd454520473243cd759ae34
:102f7800731cf89d3cdfb33c356d9de7f895d45440
:102f88005675978593347de7d89539a65ddf767dac
:102f98007314520452045204731cf8959eef3cdfdc
:102fa800d795b444520cb344dbc6fbcef55c933cd6
:102fb800f45c767dd44cd454fbcedbc6732c155d03
:102fc800def71cd7356df454f45c1cd79ab6f45c64
:102fd80093345204520452045204520452045204c8
:102fe8005204520452045204d454def7ffffffff88
:102ff800ffffbbc6731c52045204520452047304ec
:10300800144d75ad79ce1ce79defdef7dfffffffae
:10301800ffffffffdef79def1ce7399e930c52047c
:103028005204520452045204f89dffffffffffffb1
:103038005ddfd44c52045204520452045204520428
:10304800520452045204d4547de7fffffffffffff0
:10305800ffffffffffffffffffffffff5de7f895a3
:103068001cd7ffffffffffffffffffffffffffff73
:10307800ffffffff9eef18a6933452045204520438
:10308800520452045204520452045204520459aed7
:103098005ddfd454520452045204731439a67de7f8
:1030a800933c35659eefd454520473243cd759aef3
:1030b800731cf89d3cdfb33c39ae5cdfb44c520462
:1030c80052045204932c7de7fbce5ddf767d730cb2
:1030d80052045204520452045204731c56759abe88
:1030e8009eeffbced44c5204babedbc67324520406
:1030f800730c933c15657675dbc61cd7933c155d40
:10310800beef767d520452049334fbce59ae520c76
:1031180052045204520452045204520452045204f7
:103128005204520452045204d454bef7ffffffff66
:10313800ffffdbce731c5204520452045204730482
:10314800f44c75ad59ce1ce79defdef7dfffffffae
:10315800ffffffffdef79def1ce7599e9314520413
:103168005204520452045204b78dffffffffffffc1
:103178007de7d454520452045204520452045204b7
:10318800520452045204d4547de7ffffffffffffaf
:10319800ffffffffffffffff9eef7ab6d454933483
:1031a8001cd7ffffffffffffffffffffffffffff32
:1031b800bef7bbc61565731c520452045204520470
:1031c8005204520452045204520452045204f89d08
:1031d8009de71565520452045204731cbabe1cd7ed
:1031e800933435659eeff454520473243cd759ae9a
:1031f800731cf89d3cdfb33c7ab61cd7933c520451
:1032080052045204932c7de7dbc69de7b78d730cff
:1032180052045204520452045204520452047324b5
:1032280097859eef18a65204babedbc673245204d3
:10323800356d1cd71cd7bbc65ddf1cd7933c155d0d
:103248009eef356d520452049334fbce59ae520ca6
:1032580052045204520452045204520452045204b6
:103268005204520452045204f55cdef7ffffffffdc
:10327800ffff9abe7314520452045204520472049b
:10328800145575ad59ce1ce79defdef7dfffffff44
:10329800ffffffffdef79def1ce779a693145204aa
:1032a8005204520452045204767dffffffffffffd1
:1032b8009eef1565520452045204520452045204fb
:1032c800520452045204d4547de7ffffffffffff6e
:1032d800ffffffffdef7fbce5675732452049334cd
:1032e8001cd7ffffffffffffffffffffdff73cdffc
:1032f8009685932c520452045204520452045204e8
:1033080052045204520452045204520452041565e1
:10331800beef18a673245204730c15657de739a611
:10332800731c15659eef356d5204b44c5ddf59aec4
:10333800731cf89d3cdfb33c189e7de7f45452049f
:103348007324933c93347de7d79559ae5de7356d8b
:10335800520c5204520452047324933c720c5204cb
:10336800d44c7de739ae52049abefbce932c731c25
:103378007ab63cd7d44c731c7ab61cd7933c155def
:103388009eef356d520452049334fbce7ab6720c1c
:103398005204520452045204520452045204520475
:1033a80052045204520452045675dff7ffffffff20
:1033b800ffff59ae731452045204520452045204cb
:1033c800155d75ad59ce1ce79defdef7dffffffffa
:1033d800ffffffffdef79ef73ce79ab6931452040f
:1033e80052045204520452041565def7ffffffff32
:1033f800dff7567552045204520452045204520420
:10340800520452045204d4547de7ffffffffffff2c
:10341800ffff5ddfd795933452045204520493346e
:103428001cd7ffffffffffffffff7de718a6b4448f
:10343800520c5204520452045204520452045204cc
:103448005204520452045204520452045204732483
:1034580059ae9eef9abef89d39ae5ddf9eef356d91
:10346800730cb44c5ddffbcef895dbc6beef59aeee
:10347800731cf89d3cdfb33cf55c7de7dbc6d89553
:103488007ab659ae93347de7b78db33cdbc63cd7eb
:10349800d44c520452045204566d1ccf39aef89dd8
:1034a800dbc67de7356d5204189e7de7f89d56759d
:1034b80039a67de7b795f89d5ddf1cd7933c155d70
:1034c8009eef356d5204520473249abe5ddfd89581
:1034d800356d5204520452045204520452045204e8
:1034e8005204520452045204f895fffffffffffff5
:1034f800ffffd895720c520452045204520473040c
:10350800356596b579ce1ce79defdef7ffffffff27
:10351800ffffffffdef79ef73ce7bac6b42452046c
:103528005204520452045204b44c9de7ffffffffbb
:10353800fffff895720c52045204520452045204cc
:10354800520452045204d4547de7ffffffff9eef5c
:1035580059b6d44c730c5204520452045204933496
:103568001cd7ffffffffbef7babef45c731452040a
:103578005204520452045204520452045204520493
:103588005204520452045204520452045204520483
:10359800932cd78dfbce3cd7fbce59ae3cd73cdf26
:1035a800b78d9334767dfbce1cd7f89d39a6b78da1
:1035b8007314767d7ab6933473145675dbce1cd7a4
:1035c8009abe156573249abe56755204f454babe51
:1035d8009785520452045204933418a61cd73cd73a
:1035e800bbc6567573145204b44c9abe1cd7b79513
:1035f800d44c7ab61cd7babed89539ae932cd44cd5
:10360800bbbef4545204520452041565dbc6fcd602
:10361800767d520452045204520452045204520455
:10362800520452045204720cbabeffffffffffffa0
:10363800dff7567552045204520452045204730cb4
:10364800557d96b599ce3ce79ef7def7ffffffff65
:10365800ffffffffdfff9ef75ce7dad6153d520458
:1036680052045204520452049334fcceffffffff6d
:10367800ffffdbce731c520452045204520452045e
:10368800520452045204d4547de7dff7dbc6356d8b
:10369800731c5204520452045204520452049334c8
:1036a8001cd7dff71cd7767d7324520452045204ca
:1036b8005204520452045204520452045204520452
:1036c8005204520452045204520452045204520442
:1036d800520452047314731c7314520cd44c39a63c
:1036e800fccef45c52047314731c5204520c520c3a
:1036f80052045204730c5204520452047314731c7f
:10370800730c52045204730c520452045204730c86
:10371800520c520452045204520452047314731c7f
:10372800730c5204520452045204720c731c520c4f
:103738005204720c731c730c5204720c520452041f
:10374800730c520452045204520452047314731436
:1037580052045204520452045204520452045204b1
:10376800520452045204b33c5ddfffffffffffff2a
:103778009eeff55c5204520452045204520473142e
:10378800558db6b59ad63ce79ef7def7ffffffffeb
:10379800ffffffffdfffbef75defdbd67665520464
:1037a8005204520452045204731459aeffffffff2f
:1037b800ffff9eeff4545204520452045204520480
:1037c800520452045204d454bbc6b78d93345204e5
:1037d8005204520452045204520452045204732ce8
:1037e8007ab618a6b33c520c52045204520452043e
:1037f8005204520452045204520452045204520411
:103808005204520452045204520452045204520400
:1038180052045204520452045204520452047314bf
:10382800933473145204520452045204520452043e
:1038380052045204520452045204520452045204d0
:1038480052045204520452045204520452045204c0
:1038580052045204520452045204520452045204b0
:1038680052045204520452045204520452045204a0
:103878005204520452045204520452045204520490
:103888005204520452045204520452045204520480
:103898005204520452045204520452045204520470
:1038a8005204520452045675bef7ffffffffffff94
:1038b8001cd7933452045204520452045204b324c1
:1038c8005595f7bdbad65ce7bef7dffffffffffff0
:1038d800ffffffffdfffbef77deffbde1896730cdf
:1038e80052045204520452045204767ddef7ffff5c
:1038f800ffffdff7f89d720c520452045204520481
:10390800520452045204731c933c730c5204520424
:103918005204520452045204520452045204720cc7
:10392800933c731452045204520452045204520435
:1039380052045204520452045204520452045204cf
:1039480052045204520452045204520452045204bf
:1039580052045204520452045204520452045204af
:10396800520452045204520452045204520452049f
:10397800520452045204520452045204520452048f
:10398800520452045204520452045204520452047f
:10399800520452045204520452045204520452046f
:1039a800520452045204520452045204520452045f
:1039b800520452045204520452045204520452044f
:1039c800520452045204520452045204520452043f
:1039d800520452045204520452045204520452042f
:1039e80052045204731c59aeffffffffffffffff95
:1039f80059ae730c52045204520452045204f44453
:103a080055a518c6dbde7defbef7dfffffffffff22
:103a1800ffffffffdfffdef77def1bdf7ab6b31c8a
:103a28005204520452045204520493345ddfffffdf
:103a3800ffffffff1cd7933c520452045204520468
:103a480052045204520452045204520452045204be
:103a580052045204520452045204520452045204ae
:103a6800520452045204520452045204520452049e
:103a7800520452045204520452045204520452048e
:103a8800520452045204520452045204520452047e
:103a9800520452045204520452045204520452046e
:103aa800520452045204520452045204520452045e
:103ab800520452045204520452045204520452044e
:103ac800520452045204520452045204520452043e
:103ad800520452045204520452045204520452042e
:103ae800520452045204520452045204520452041e
:103af800520452045204520452045204520452040e
:103b080052045204520452045204520452045204fd
:103b180052045204520452045204520452045204ed
:103b280052045204d4547de7ffffffffffffbeefae
:103b3800156552045204520452045204730c15655c
:103b480055ad58c61bdf7defbef7dfffffffffff58
:103b5800ffffffffffffdef79ef73ce7bac61545fc
:103b680052045204520452045204730c189effff6c
:103b7800ffffffffdff7b78d5204520452045204cf
:103b8800520452045204520452045204520452047d
:103b9800520452045204520452045204520452046d
:103ba800520452045204520452045204520452045d
:103bb800520452045204520452045204520452044d
:103bc800520452045204520452045204520452043d
:103bd800520452045204520452045204520452042d
:103be800520452045204520452045204520452041d
:103bf800520452045204520452045204520452040d
:103c080052045204520452045204520452045204fc
:103c180052045204520452045204520452045204ec
:103c280052045204520452045204520452045204dc
:103c380052045204520452045204520452045204cc
:103c480052045204520452045204520452045204bc
:103c580052045204520452045204520452045204ac
:103c68005204731c59aeffffffffffffffffdbcebf
:103c7800932c52045204520452045204731455856e
:103c880096b579ce3ce79defdef7ffffffffffff1c
:103c9800ffffffffffffdfffbef75defdbd6d77d3e
:103ca800730c52045204520452045204f4547de733
:103cb800ffffffffffff5ddfd4545204520452049c
:103cc800520452045204520452045204520452043c
:103cd800520452045204520452045204520452042c
:103ce800520452045204520452045204520452041c
:103cf800520452045204520452045204520452040c
:103d080052045204520452045204520452045204fb
:103d180052045204520452045204520452045204eb
:103d280052045204520452045204520452045204db
:103d380052045204520452045204520452045204cb
:103d480052045204520452045204520452045204bb
:103d580052045204520452045204520452045204ab
:103d6800520452045204520452045204520452049b
:103d7800520452045204520452045204520452048b
:103d8800520452045204520452045204520452047b
:103d9800520452045204520452045204520452046b
:103da800520415659eefffffffffffffbef79685e4
:103db800520452045204520452045204d43c349d16
:103dc800f7bdbad65ce7bef7dfffffffffffffffd7
:103dd800ffffffffffffdfffbef77deffbde79b6da
:103de800b31c52045204520452045204731439a6e8
:103df800ffffffffffffffff7ab673245204520450
:103e080052045204520452045204520452045204fa
:103e180052045204520452045204520452045204ea
:103e280052045204520452045204520452045204da
:103e380052045204520452045204520452045204ca
:103e480052045204520452045204520452045204ba
:103e580052045204520452045204520452045204aa
:103e6800520452045204520452045204520452049a
:103e7800520452045204520452045204520452048a
:103e8800520452045204520452045204520452047a
:103e9800520452045204520452045204520452046a
:103ea800520452045204520452045204520452045a
:103eb800520452045204520452045204520452044a
:103ec800520452045204520452045204520452043a
:103ed800520452045204520452045204520452042a
:103ee800b33cfbcefffffffffffffffffbce932c92
:103ef80052045204520452045204720c156d55ad0a
:103f080038c6fbde7defbef7dfffffffffffffffd9
:103f1800ffffffffffffffffdef79ef73ce7bace8c
:103f28007665730452045204520452045204b44491
:103f38003cd7ffffffffffffdef7f895731c520425
:103f480052045204520452045204520452045204b9
:103f580052045204520452045204520452045204a9
:103f68005204520452045204520452045204520499
:103f78005204520452045204520452045204520489
:103f88005204520452045204520452045204520479
:103f98005204520452045204520452045204520469
:103fa8005204520452045204520452045204520459
:103fb8005204520452045204520452045204520449
:103fc8005204520452045204520452045204520439
:103fd8005204520452045204520452045204520429
:103fe8005204520452045204520452045204520419
:103ff8005204520452045204520452045204520409
:1040080052045204520452045204520452045204f8
:1040180052045204520452045204520452047324a7
:1040280059aedff7ffffffffffff9eef356d52042c
:1040380052045204520452045204b32c5595b6b596
:1040480099ce3ce79defdef7ffffffffffffffff85
:10405800ffffffffffffffffdfffbef75defdbdec8
:1040680039a6b31c52045204520452045204520c8e
:10407800767dbeefffffffffffff9eef968573146f
:104088005204520452045204520452045204520478
:104098005204520452045204520452045204520468
:1040a8005204520452045204520452045204520458
:1040b8005204520452045204520452045204520448
:1040c8005204520452045204520452045204520438
:1040d8005204520452045204520452045204520428
:1040e8005204520452045204520452045204520418
:1040f8005204520452045204520452045204520408
:1041080052045204520452045204520452045204f7
:1041180052045204520452045204520452045204e7
:1041280052045204520452045204520452045204d7
:1041380052045204520452045204520452045204c7
:1041480052045204520452045204520452045204b7
:10415800520452045204520452045204731cf89d2f
:10416800bef7ffffffffffffdff739ae731c5204f6
:104178005204520452045204730c145d55a518c617
:10418800dbde5defbef7dfffffffffffffffffff97
:10419800ffffffffffffffffdfffbef79def1ce7fd
:1041a8009ace765d730452045204520452045204a7
:1041b800731c39a6dff7ffffffffffff9eef978510
:1041c800731c5204520452045204520452045204fe
:1041d8005204520452045204520452045204520427
:1041e8005204520452045204520452045204520417
:1041f8005204520452045204520452045204520407
:1042080052045204520452045204520452045204f6
:1042180052045204520452045204520452045204e6
:1042280052045204520452045204520452045204d6
:1042380052045204520452045204520452045204c6
:1042480052045204520452045204520452045204b6
:1042580052045204520452045204520452045204a6
:104268005204520452045204520452045204520496
:104278005204520452045204520452045204520486
:104288005204520452045204520452045204520476
:10429800520452045204520452047324f89dbeef8f
:1042a800ffffffffffffffffdbceb33c52045204ca
:1042b8005204520452045204b324349596b579ce6c
:1042c8001bdf7defbef7dffffffffffffffffffff5
:1042d800ffffffffffffffffffffdef7bef75def0a
:1042e800dbde59aed42c5204520452045204520458
:1042f80052049334babeffffffffffffffffbeef7c
:10430800f895932c52045204520452045204520455
:1043180052045204520452045204520452045204e5
:1043280052045204520452045204520452045204d5
:1043380052045204520452045204520452045204c5
:1043480052045204520452045204520452045204b5
:1043580052045204520452045204520452045204a5
:104368005204520452045204520452045204520495
:104378005204520452045204520452045204520485
:104388005204520452045204520452045204520475
:104398005204520452045204520452045204520465
:1043a8005204520452045204520452045204520455
:1043b8005204520452045204520452045204520445
:1043c8005204520452045204520452045204520435
:1043d8005204520452045204b33c39aebef7fffff4
:1043e800ffffffffffff3cdff55c5204520452045d
:1043f800520452045204730c146d55a518c6dad62b
:104408005ce7bef7def7ffffffffffffffffffffe1
:10441800ffffffffffffffffffffdfffbef79def7f
:104428001ce79aceb77d730c52045204520452040e
:1044380052045204b444dbc6ffffffffffffffff37
:10444800def79abed44c730c520452045204520440
:1044580052045204520452045204520452045204a4
:104468005204520452045204520452045204520494
:104478005204520452045204520452045204520484
:104488005204520452045204520452045204520474
:104498005204520452045204520452045204520464
:1044a8005204520452045204520452045204520454
:1044b8005204520452045204520452045204520444
:1044c8005204520452045204520452045204520434
:1044d8005204520452045204520452045204520424
:1044e8005204520452045204520452045204520414
:1044f8005204520452045204520452045204520404
:1045080052045204520452045204520452045204f3
:104518005204520473141565dbcedff7ffffffff6b
:10452800ffffffff5ddf356d520452045204520451
:10453800520452047304d4443495b6b579ce1ce7ba
:104548007defbef7dfffffffffffffffffffffff6e
:10455800ffffffffffffffffffffffffdef7bef7d5
:104568005defdbde79c6354d730452045204520404
:10457800520452045204d44cdbc6dfffffffffff96
:10458800ffffffff5ddfd795933c520452045204ae
:104598005204520452045204520452045204520463
:1045a8005204520452045204520452045204520453
:1045b8005204520452045204520452045204520443
:1045c8005204520452045204520452045204520433
:1045d8005204520452045204520452045204520423
:1045e8005204520452045204520452045204520413
:1045f8005204520452045204520452045204520403
:1046080052045204520452045204520452045204f2
:1046180052045204520452045204520452045204e2
:1046280052045204520452045204520452045204d2
:1046380052045204520452045204520452045204c2
:1046480052045204520452045204520452045204b2
:104658005204d44c18a69de7ffffffffffffffffa2
:10466800ffff5ddf356d730c52045204520452048f
:10467800520452049324348555ad38c6dbde5def11
:10468800bef7def7ffffffffffffffffffffffffa4
:10469800ffffffffffffffffffffffffdfffdef76b
:1046a8009def3ce7bad639aed434520452045204d2
:1046b8005204520452045204b3447ab6def7ffffa0
:1046c800ffffffffffffdff73cdfd795d44c7324d4
:1046d8005204520452045204520452045204520422
:1046e8005204520452045204520452045204520412
:1046f8005204520452045204520452045204520402
:1047080052045204520452045204520452045204f1
:1047180052045204520452045204520452045204e1
:1047280052045204520452045204520452045204d1
:1047380052045204520452045204520452045204c1
:1047480052045204520452045204520452045204b1
:1047580052045204520452045204520452045204a1
:104768005204520452045204520452045204520491
:104778005204520452045204520452045204520481
:10478800520452045204520452045204932cf45416
:1047980018a65ddfdff7ffffffffffffffffdfff6b
:1047a8001cd7155d52045204520452045204520498
:1047b80052047314146d34a5f7bdbad63ce79defc7
:1047c800def7dfffffffffffffffffffffffffff3a
:1047d800ffffffffffffffffffffffffffffdfff01
:1047e800bef77def1bdf79cef895b324520452044f
:1047f800520452045204520452047324d8957de79b
:10480800ffffffffffffffffffffffff7de7babed0
:10481800f895356db33c7324731c731c731c731c9f
:10482800731c731c731c731c731c731c731c731c08
:10483800731c731c731c731c731c731c731c731cf8
:10484800731c731c731c731c731c731c731c731ce8
:10485800731c731c731c731c731c731c731c731cd8
:10486800731c731c731c731c731c731c731c731cc8
:10487800731c731c731c731c731c731c731c731cb8
:10488800731c731c731c731c731c731c731c731ca8
:10489800731c731c731c731c731c731c731c731c98
:1048a800731c731c731c731c731c731c731c731c88
:1048b800731c731c731c731c731c731c731c731c78
:1048c800731c731c7324b4445675189edbc69eef84
:1048d800ffffffffffffffffffffffffbef779b6f8
:1048e800b44452045204520452045204520452046e
:1048f800730cf45c349db6b579ce1bdf7defbef743
:10490800dfffffffffffffffffffffffffffffffcf
:10491800ffffffffffffffffffffffffffffffff9f
:10492800def7bef75deffbde79ced78d931c520420
:10493800520452045204520452045204731415656a
:10494800bbc6bef7ffffffffffffffffffffffff35
:10495800dff7bef79de73cd7fbcedbc6dbc6dbc681
:10496800dbc6dbc6dbc6dbc6dbc6dbc6dbc6dbc637
:10497800dbc6dbc6dbc6dbc6dbc6dbc6dbc6dbc627
:10498800dbc6dbc6dbc6dbc6dbc6dbc6dbc6dbc617
:10499800dbc6dbc6dbc6dbc6dbc6dbc6dbc6dbc607
:1049a800dbc6dbc6dbc6dbc6dbc6dbc6dbc6dbc6f7
:1049b800dbc6dbc6dbc6dbc6dbc6dbc6dbc6dbc6e7
:1049c800dbc6dbc6dbc6dbc6dbc6dbc6dbc6dbc6d7
:1049d800dbc6dbc6dbc6dbc6dbc6dbc6dbc6dbc6c7
:1049e800dbc6dbc6dbc6dbc6dbc6dbc6dbc6dbc6b7
:1049f800dbc6dbc6dbc6dbc6dbc6dbc6dbc6dbc6a7
:104a0800dbcefbce3cdf9eefbef7dffffffffffff5
:104a1800ffffffffffffffffdff71cd7767d732443
:104a28005204520452045204520452045204730ca5
:104a3800f44c349596b559cefbde5def9ef7def764
:104a4800ffffffffffffffffffffffffffffffff6e
:104a5800ffffffffffffffffffffffffffffffff5e
:104a6800dfffdef79ef75ce7dbde59c6b785931cf0
:104a7800520452045204520452045204520452047e
:104a8800932c7685fbcebef7ffffffffffffffffee
:104a9800ffffffffffffffffffffffffffffffff1e
:104aa800ffffffffffffffffffffffffffffffff0e
:104ab800fffffffffffffffffffffffffffffffffe
:104ac800ffffffffffffffffffffffffffffffffee
:104ad800ffffffffffffffffffffffffffffffffde
:104ae800ffffffffffffffffffffffffffffffffce
:104af800ffffffffffffffffffffffffffffffffbe
:104b0800ffffffffffffffffffffffffffffffffad
:104b1800ffffffffffffffffffffffffffffffff9d
:104b2800ffffffffffffffffffffffffffffffff8d
:104b3800ffffffffffffffffffffffffffffffff7d
:104b4800ffffffffffffffffffffffffffffffff6d
:104b5800ffffffffdff73cdfd895b444520452044f
:104b6800520452045204520452045204730cf44c7a
:104b7800349575ad38c6dbde5ce79ef7def7dfff00
:104b8800ffffffffffffffffffffffffffffffff2d
:104b9800ffffffffffffffffffffffffffffffff1d
:104ba800ffffdfffbef79def3ce7dad659c6b785b2
:104bb800b3245204520452045204520452045204bc
:104bc8005204520c932c56759abe5ddfdff7ffff37
:104bd800ffffffffffffffffffffffffffffffffdd
:104be800ffffffffffffffffffffffffffffffffcd
:104bf800ffffffffffffffffffffffffffffffffbd
:104c0800ffffffffffffffffffffffffffffffffac
:104c1800ffffffffffffffffffffffffffffffff9c
:104c2800ffffffffffffffffffffffffffffffff8c
:104c3800ffffffffffffffffffffffffffffffff7c
:104c4800ffffffffffffffffffffffffffffffff6c
:104c5800ffffffffffffffffffffffffffffffff5c
:104c6800ffffffffffffffffffffffffffffffff4c
:104c7800ffffffffffffffffffffffffffffffff3c
:104c8800ffffffffffffffffffffffffffffffff2c
:104c98009eefdbceb78db33c73145204520452041a
:104ca80052045204520452045204730cf44c3495c6
:104cb80075ad38c6bad63ce79defbef7dffffffffc
:104cc800ffffffffffffffffffffffffffffffffec
:104cd800ffffffffffffffffffffffffffffffffdc
:104ce800ffffffffdfffbef79def3ce7dad659c6af
:104cf800d795b42c7304520452045204520452043b
:104d08005204520452045204731cd44c567d39aeda
:104d18001cd79de7beefbef7def7dff7dff7dff75b
:104d2800dff7dff7dff7dff7dff7dff7dff7dff7cb
:104d3800dff7dff7dff7dff7dff7dff7dff7dff7bb
:104d4800dff7dff7dff7dff7dff7dff7dff7dff7ab
:104d5800dff7dff7dff7dff7dff7dff7dff7dff79b
:104d6800dff7dff7dff7dff7dff7dff7dff7dff78b
:104d7800dff7dff7dff7dff7dff7dff7dff7dff77b
:104d8800dff7dff7dff7dff7dff7dff7dff7dff76b
:104d9800dff7dff7dff7dff7dff7dff7dff7dff75b
:104da800dff7dff7dff7dff7dff7dff7dff7dff74b
:104db800dff7dff7dff7dff7dff7dff7dff7dff73b
:104dc800dff7def7bef7beef9eef5ddf9ab6978599
:104dd800f45c932c520452045204520452045204b8
:104de80052045204520452047314f45c349575ada1
:104df80038c6bad63ce79defbef7dfffffffffffdf
:104e0800ffffffffffffffffffffffffffffffffaa
:104e1800ffffffffffffffffffffffffffffffff9a
:104e2800ffffffffffffdfffbef79def3ce7dad68e
:104e380059c6f8a5154d730c520452045204520475
:104e48005204520452045204520452045204730c81
:104e5800731c9334156556759685b78db78db78dc8
:104e6800b78db78db78db78db78db78db78db78d1a
:104e7800b78db78db78db78db78db78db78db78d0a
:104e8800b78db78db78db78db78db78db78db78dfa
:104e9800b78db78db78db78db78db78db78db78dea
:104ea800b78db78db78db78db78db78db78db78dda
:104eb800b78db78db78db78db78db78db78db78dca
:104ec800b78db78db78db78db78db78db78db78dba
:104ed800b78db78db78db78db78db78db78db78daa
:104ee800b78db78db78db78db78db78db78db78d9a
:104ef800b78db78db78db78db78db78db78db78d8a
:104f0800b78d978d767d356db444731c7314520438
:104f180052045204520452045204520452045204d9
:104f2800520452045204b32c1475349d96b538c6f5
:104f3800bad63ce79defbef7def7ffffffffffffa6
:104f4800ffffffffffffffffffffffffffffffff69
:104f5800ffffffffffffffffffffffffffffffff59
:104f6800ffffffffffffffffdef7bef79def3ce708
:104f7800dbde59ce18b6766db3247304520452049e
:104f88005204520452045204520452045204520469
:104f98005204520452045204520452045204520459
:104fa8005204520452045204520452045204520449
:104fb8005204520452045204520452045204520439
:104fc8005204520452045204520452045204520429
:104fd8005204520452045204520452045204520419
:104fe8005204520452045204520452045204520409
:104ff80052045204520452045204520452045204f9
:1050080052045204520452045204520452045204e8
:1050180052045204520452045204520452045204d8
:1050280052045204520452045204520452045204c8
:1050380052045204520452045204520452045204b8
:1050480052045204520452045204520452045204a8
:105058005204520452045204520452045204520498
:1050680052047314d444348d34a5d6b559cedbde3e
:105078003ce79defbef7def7fffffffffffffffff7
:10508800ffffffffffffffffffffffffffffffff28
:10509800ffffffffffffffffffffffffffffffff18
:1050a800ffffffffffffffffffffdfffbef79defe3
:1050b8005ce7fbde99ce18bed79d35559314730473
:1050c8005204520452045204520452045204520428
:1050d8005204520452045204520452045204520418
:1050e8005204520452045204520452045204520408
:1050f80052045204520452045204520452045204f8
:1051080052045204520452045204520452045204e7
:1051180052045204520452045204520452045204d7
:1051280052045204520452045204520452045204c7
:1051380052045204520452045204520452045204b7
:1051480052045204520452045204520452045204a7
:105158005204520452045204520452045204520497
:105168005204520452045204520452045204520487
:105178005204520452045204520452045204520477
:105188005204520452045204520452045204520467
:105198005204520452045204520452045204730c2e
:1051a800b3341475349d75adf7bd99cefbde5ce75d
:1051b8009defbef7dfffffffffffffffffffffffd2
:1051c800ffffffffffffffffffffffffffffffffe7
:1051d800ffffffffffffffffffffffffffffffffd7
:1051e800ffffffffffffffffffffffffdfffbef730
:1051f8009ef77def1ce7bad659c6f7b5b78d154da2
:105208009314730452045204520452045204520474
:1052180052045204520452045204520452045204d6
:1052280052045204520452045204520452045204c6
:1052380052045204520452045204520452045204b6
:1052480052045204520452045204520452045204a6
:105258005204520452045204520452045204520496
:105268005204520452045204520452045204520486
:105278005204520452045204520452045204520476
:105288005204520452045204520452045204520466
:105298005204520452045204520452045204520456
:1052a8005204520452045204520452045204520446
:1052b8005204520452045204520452045204520436
:1052c8005204520452045204520452045204520426
:1052d80052045204520452045204730cb334146539
:1052e800349555a5d6b558c6bad61ce75def9ef7d6
:1052f800bef7dfffffffffffffffffffffffffff1f
:10530800ffffffffffffffffffffffffffffffffa5
:10531800ffffffffffffffffffffffffffffffff95
:10532800ffffffffffffffffffffffffffffdfffa5
:10533800def7bef77def3ce7fbde9ad638c6f7b559
:10534800b7953555b424730c5204520452045204d0
:105358005204520452045204520452045204520495
:105368005204520452045204520452045204520485
:105378005204520452045204520452045204520475
:105388005204520452045204520452045204520465
:105398005204520452045204520452045204520455
:1053a8005204520452045204520452045204520445
:1053b8005204520452045204520452045204520435
:1053c8005204520452045204520452045204520425
:1053d8005204520452045204520452045204520415
:1053e8005204520452045204520452045204520405
:1053f80052045204520452045204520452045204f5
:1054080052045204520452045204520452045204e4
:1054180052045204730c931cd43c3575559555a50c
:10542800b6b518c69ad6fbde3ce77defbef7def7c9
:10543800dfffffffffffffffffffffffffffffff94
:10544800ffffffffffffffffffffffffffffffff64
:10545800ffffffffffffffffffffffffffffffff54
:10546800ffffffffffffffffffffffffffffffff44
:10547800dfffdef7bef79ef77def3ce7dbde99ce78
:1054880038c6d7b5d7a5967d1555d42c7314730c8b
:105498005204520452045204520452045204520454
:1054a8005204520452045204520452045204520444
:1054b8005204520452045204520452045204520434
:1054c8005204520452045204520452045204520424
:1054d8005204520452045204520452045204520414
:1054e8005204520452045204520452045204520404
:1054f80052045204520452045204520452045204f4
:1055080052045204520452045204520452045204e3
:1055180052045204520452045204520452045204d3
:1055280052045204520452045204520452045204c3
:1055380052045204520452045204520452045204b3
:10554800520452045204520452045204730c730c51
:105558009324d44415655585349d75adb6b538c6c4
:1055680099cedbde3ce77def9ef7bef7def7dfff87
:10557800ffffffffffffffffffffffffffffffff33
:10558800ffffffffffffffffffffffffffffffff23
:10559800ffffffffffffffffffffffffffffffff13
:1055a800ffffffffffffffffffffffffffffffff03
:1055b800ffffffffdfffdef7bef79def5def3ce784
:1055c800fbde9ad659ce17bed7b5b6a596955675b1
:1055d800355d144dd43cd434b42cb32cb32cb32c3b
:1055e800b32cb32cb32cb32cb32cb32cb32cb32cbb
:1055f800b32cb32cb32cb32cb32cb32cb32cb32cab
:10560800b32cb32cb32cb32cb32cb32cb32cb32c9a
:10561800b32cb32cb32cb32cb32cb32cb32cb32c8a
:10562800b32cb32cb32cb32cb32cb32cb32cb32c7a
:10563800b32cb32cb32cb32cb32cb32cb32cb32c6a
:10564800b32cb32cb32cb32cb32cb32cb32cb32c5a
:10565800b32cb32cb32cb32cb32cb32cb32cb32c4a
:10566800b32cb32cb32cb32cb32cb32cb32cb32c3a
:10567800b32cb32cb32cb32cb32cb32cb32cb32c2a
:10568800b32cb32cb42cd434f4441455356d55854f
:10569800559555a575adb6b5f7bd58c69ad6dbde96
:1056a8003ce75def9defbef7def7dfffffffffff93
:1056b800fffffffffffffffffffffffffffffffff2
:1056c800ffffffffffffffffffffffffffffffffe2
:1056d800ffffffffffffffffffffffffffffffffd2
:1056e800ffffffffffffffffffffffffffffffffc2
:1056f800ffffffffffffffffdfffdef7bef79defb6
:105708007def3ce71bdfdbde9ad659ce18c6d7bd46
:10571800b6b596b596ad96a5969d969d769d769dc1
:10572800769d769d769d769d769d769d769d769dd9
:10573800769d769d769d769d769d769d769d769dc9
:10574800769d769d769d769d769d769d769d769db9
:10575800769d769d769d769d769d769d769d769da9
:10576800769d769d769d769d769d769d769d769d99
:10577800769d769d769d769d769d769d769d769d89
:10578800769d769d769d769d769d769d769d769d79
:10579800769d769d769d769d769d769d769d769d69
:1057a800769d769d769d769d769d769d769d769d59
:1057b800769d769d769d769d769d769d769d769d49
:1057c800769d769d769d76a555a555ad75adb6b5f4
:1057d800d7bd18c659ce9ad6dbde1bdf3ce77def76
:1057e8009defbef7def7dfffffffffffffffffffc5
:1057f800ffffffffffffffffffffffffffffffffb1
:10580800ffffffffffffffffffffffffffffffffa0
:10581800ffffffffffffffffffffffffffffffff90
:10582800ffffffffffffffffffffffffffffffff80
:10583800ffffffffffffffffffffdfffdfffdef7d9
:10584800bef79ef77def5def3ce71bdffbdebad6c8
:105858009ad679ce59ce58c638c638c618c618c68c
:1058680018c618c618c618c618c618c618c618c640
:1058780018c618c618c618c618c618c618c618c630
:1058880018c618c618c618c618c618c618c618c620
:1058980018c618c618c618c618c618c618c618c610
:1058a80018c618c618c618c618c618c618c618c600
:1058b80018c618c618c618c618c618c618c618c6f0
:1058c80018c618c618c618c618c618c618c618c6e0
:1058d80018c618c618c618c618c618c618c618c6d0
:1058e80018c618c618c618c618c618c618c618c6c0
:1058f80018c618c618c618c618c618c618c618c6b0
:1059080018c618c618c638c638c659ce79ce9ad61b
:10591800bad6fbde1bdf3ce75def7def9ef7bef7f7
:10592800def7dfffdfffffffffffffffffffffffe8
:10593800ffffffffffffffffffffffffffffffff6f
:10594800ffffffffffffffffffffffffffffffff5f
:10595800ffffffffffffffffffffffffffffffff4f
:10596800ffffffffffffffffffffffffffffffff3f
:10597800ffffffffffffffffffffffffffffffff2f
:10598800dfffdef7bef7bef79ef79def7def5def19
:105998003ce73ce71ce71bdffbdefbdefbdefbde58
:1059a800fbdefbdefbdefbdefbdefbdefbdefbde27
:1059b800fbdefbdefbdefbdefbdefbdefbdefbde17
:1059c800fbdefbdefbdefbdefbdefbdefbdefbde07
:1059d800fbdefbdefbdefbdefbdefbdefbdefbdef7
:1059e800fbdefbdefbdefbdefbdefbdefbdefbdee7
:1059f800fbdefbdefbdefbdefbdefbdefbdefbded7
:105a0800fbdefbdefbdefbdefbdefbdefbdefbdec6
:105a1800fbdefbdefbdefbdefbdefbdefbdefbdeb6
:105a2800fbdefbdefbdefbdefbdefbdefbdefbdea6
:105a3800fbdefbdefbdefbdefbdefbdefbdefbde96
:105a4800fbdefbdefbdefbde1bdf1ce73ce73ce7a7
:105a58005def7def9def9ef7bef7bef7def7dfff48
:105a6800dfffffffffffffffffffffffffffffff5e
:105a7800ffffffffffffffffffffffffffffffff2e
:105a8800ffffffffffffffffffffffffffffffff1e
:105a9800ffffffffffffffffffffffffffffffff0e
:105aa800fffffffffffffffffffffffffffffffffe
:105ab800ffffffffffffffffffffffffffffffffee
:105ac800ffffffffdfffdfffdef7def7bef7bef702
:105ad8009ef79ef79def9def7def7def7def7defcc
:105ae8007def7def7def7def7def7def7def7def4e
:105af8007def7def7def7def7def7def7def7def3e
:105b08007def7def7def7def7def7def7def7def2d
:105b18007def7def7def7def7def7def7def7def1d
:105b28007def7def7def7def7def7def7def7def0d
:105b38007def7def7def7def7def7def7def7deffd
:105b48007def7def7def7def7def7def7def7defed
:105b58007def7def7def7def7def7def7def7defdd
:105b68007def7def7def7def7def7def7def7defcd
:105b78007def7def7def7def7def7def7def7defbd
:105b88007def7def7def7def9def9def9ef79ef71b
:105b9800bef7bef7def7def7dfffdfffffffffff31
:105ba800fffffffffffffffffffffffffffffffffd
:105bb800ffffffffffffffffffffffffffffffffed
:105bc800ffffffffffffffffffffffffffffffffdd
:105bd800ffffffffffffffffffffffffffffffffcd
:105be800ffffffffffffffffffffffffffffffffbd
:105bf800ffffffffffffffffffffffffffffffffad
:105c0800ffffffffffffffffffffffffdfffdfffdc
:105c1800dfffdef7def7def7bef7bef7bef7bef74b
:105c2800bef7bef7bef7bef7bef7bef7bef7bef7c4
:105c3800bef7bef7bef7bef7bef7bef7bef7bef7b4
:105c4800bef7bef7bef7bef7bef7bef7bef7bef7a4
:105c5800bef7bef7bef7bef7bef7bef7bef7bef794
:105c6800bef7bef7bef7bef7bef7bef7bef7bef784
:105c7800bef7bef7bef7bef7bef7bef7bef7bef774
:105c8800bef7bef7bef7bef7bef7bef7bef7bef764
:105c9800bef7bef7bef7bef7bef7bef7bef7bef754
:105ca800bef7bef7bef7bef7bef7bef7bef7bef744
:105cb800bef7bef7bef7bef7bef7bef7bef7bef734
:105cc800bef7bef7bef7bef7def7def7def7dfff9b
:105cd800dfffdfffffffffffffffffffffffffff0c
:105ce800ffffffffffffffffffffffffffffffffbc
:105cf800ffffffffffffffffffffffffffffffffac
:105d0800ffffffffffffffffffffffffffffffff9b
:105d1800ffffffffffffffffffffffffffffffff8b
:105d2800ffffffffffffffffffffffffffffffff7b
:105d3800ffffffffffffffffffffffffffffffff6b
:105d4800ffffffffffffffffffffffffffffffff5b
:105d5800ffffffffffffdfffdfffdfffdfffdfffeb
:105d6800dfffdfffdfffdfffdfffdfffdfffdfff3b
:105d7800dfffdfffdfffdfffdfffdfffdfffdfff2b
:105d8800dfffdfffdfffdfffdfffdfffdfffdfff1b
:105d9800dfffdfffdfffdfffdfffdfffdfffdfff0b
:105da800dfffdfffdfffdfffdfffdfffdfffdffffb
:105db800dfffdfffdfffdfffdfffdfffdfffdfffeb
:105dc800dfffdfffdfffdfffdfffdfffdfffdfffdb
:105dd800dfffdfffdfffdfffdfffdfffdfffdfffcb
:105de800dfffdfffdfffdfffdfffdfffdfffdfffbb
:105df800dfffdfffdfffdfffdfffdfffdfffdfffab
:105e0800dfffdfffdfffdfffdfffffffffffffff3a
:105e1800ffffffffffffffffffffffffffffffff8a
:105e2800ffffffffffffffffffffffffffffffff7a
:105e3800ffffffffffffffffffffffffffffffff6a
:105e4800ffffffffffffffffffffffffffffffff5a
:105e5800ffffffffffffffffffffffffffffffff4a
:105e6800ffffffffffffffffffffffffffffffff3a
:105e7800ffffffffffffffffffffffffffffffff2a
:105e8800ffffffffffffffffffffffffffffffff1a
:105e9800ffffffffffffffffffffffffffffffff0a
:105ea800fffffffffffffffffffffffffffffffffa
:105eb800ffffffffffffffffffffffffffffffffea
:105ec800ffffffffffffffffffffffffffffffffda
:105ed800ffffffffffffffffffffffffffffffffca
:105ee800ffffffffffffffffffffffffffffffffba
:105ef800ffffffffffffffffffffffffffffffffaa
:105f0800ffffffffffffffffffffffffffffffff99
:105f1800ffffffffffffffffffffffffffffffff89
:105f2800ffffffffffffffffffffffffffffffff79
:105f3800ffffffffffffffffffffffffffffffff69
:105f4800ffffffffffffffffffffffffffffffff59
:105f5800ffffffffffffffffffffffffffffffff49
:105f6800ffffffffffffffffffffffffffffffff39
:105f7800ffffffffffffffffffffffffffffffff29
:105f8800ffffffffffffffffffffffffffffffff19
:020000040000fa
:020000040c01ed
:105f9800b6ffff3da9ffff309cffff238fffff16d1
:105fa80082ffff0975fffc0069ffef005cffe3005b
:105fb8004fffd60042ffc90035ffbc0028ffaf00e5
:105fc8001bffa2000eff960000000000000000006a
:105fd8006df1cb14ebffff6ae9ffff686af1c912a4
:105fe80026ffff710006ffff9111ffff5c0000f123
:105ff800ff7c01fbff480000ddff6800e8ff33007d
:1060080000c8ff5300d4ff1f0000b4ff3f00bfffcc
:106018000a00009fff2a00aaf60000008aff160067
:1060280000000000000028ffdc0000001cffd40076
:10603800000000000000000056ffae0000004aff0c
:10604800a500000000000000000084ff80000000a0
:1060580078ff77000000000000000000b2ff520047
:106068000000a6ff48000000000000000000e0ff5c
:1060780024000000d4ff1900000000000000000efa
:10608800fff401000006faeb000000000038d4d449
:10609800d4dafff9d4d4d4d8fff7d4d4d44c0044fc
:1060a800ffffffffffffffffffffffffffffff5c9b
:1060b8000000000000a1ff57000000a9ff530000e6
:1060c80000000000000000daff1f000000e1ff1cd4
:1060d800000000000000000013ffe700000018ffa8
:1060e800e60000000000000000004cffaf000000c8
:1060f80050ffaf00000000004cffffffffffffff55
:10610800ffffffffffffffff68004cffffffffffe0
:10611800ffffffffffffffffffff6800010404040c
:10612800dbff23040404e0ff1f0404040100000053
:10613800000afdf100000011ffeb00000000000064
:1061480000000037ffc300000041ffba0000000054
:10615800000000000065ff9400000072ff89000045
:106168000000000000000093ff65000000a3ff5836
:10617800000000000000000000c1ff37000000d44c
:10618800ff28000000000000000000000000ece014
:10619800000000000000000000000000ece000002b
:1061a80000000000000000226786f7f187724306ae
:1061b800000000089ffefffffffffffffff07b00ce
:1061c80000a1ffffe6aaf7f099c1f2ff660016fded
:1061d800ffa40700ece0000006460e003dffff327a
:1061e8000000ece000000000000030ffff5200005b
:1061f800ece000000000000003e2ffe14401ece0f5
:106208000000000000000043f6ffffe4fae304008a
:1062180000000000000029b2feffffffed9e3a00db
:106228000000000000002073f8ffffffffb919000d
:10623800000000000000ece760b7ffffd404000096
:1062480000000000ece000005fffff4b00000000d2
:106258000000ece0000004fdff6b020000000000fd
:10626800ece000003affff5043ca7c421b07ece415
:106278003c7cedffe00944ffffffffffffffffff4e
:10628800ffdd2b00127ec0e8fbffffffecba6809b8
:106298000000000000000111eee000000000000016
:1062a800000000000000ece000000000000000001a
:1062b80000000000ece0000000000000000000000a
:1062c8000000726c000000000000000000047fe085
:1062d800f9d86d0000000000000030feea0e000052
:1062e800000090ffffffffff7a000000000000bce5
:1062f800ff6b0000000019fbff681572fff7140020
:106308000000004bffd8040000000060ffc300003d
:1063180000c5ff5f00000003d5ff4f00000000002c
:1063280089ff8800000084ff8d00000067ffc1001e
:1063380000000000009aff740000006effa100003a
:106348000ce7fe350000000000009aff7400000012
:106358006fffa1000082ffa6000000000000008778
:10636800ff8800000084ff8e001af5f82000000066
:106378000000000059ffc3000000c5ff61009eff38
:106388008a005ad1f8e68f0b0012f6fe580d6eff00
:10639800f9172efdec1054fffcc7e9ffb600007c8e
:1063a800ffffffffff8700b9ff6e00d8ff55000d04
:1063b800d5ff47000175e1fde07a0346ffdb0524c0
:1063c800ffe50000006aff9c0000000000000002da
:1063d800d1ff53004dffb900000038ffc90000008d
:1063e8000000000063ffc400005fffaa0000002750
:1063f800ffdd0000000000000ae5ff3800005eff36
:10640800ad0000002affdc0000000000007effa9ac
:106418000000004affc400000044ffc9000000005b
:106428000018f3f9220000001cfff308000083ffa6
:106438009e00000000009aff8e0000000000caffc6
:10644800920e3ef0ff4d000000002afcee12000004
:1064580000000041fcffffffffc30100000000b582
:10646800ff72000000000000004accf8e998100014
:106478000000000054baecfbebb340000000000041
:106488000000000000000099fffffffffffffe670c
:106498000000000000000000000045ffffae2b0eca
:1064a8003ed8fff51100000000000000000090ff3a
:1064b800eb0600000040ffff4a000000000000005b
:1064c800000099ffcf0000000022ffff53000000ea
:1064d80000000000000073fff61200000068ffffd4
:1064e8002500000000000000000016f6ff9d0000d7
:1064f8003cf0ffaa0000000000000000000000605f
:10650800ffff7b82f9ffba0c0000000000000000ca
:106518000000000094fffffffc8805000000000059
:106528000000000000000036d2ffffffaf010000ae
:10653800000000000000000000006dfdffdba6ff6a
:10654800ffa0030000000072fffc12000074ffffb0
:10655800a80a008fffffab05000000c4ffc40000bd
:106568001afaffbb0100000087ffffb5080020fdf5
:10657800ff67000064ffff40000000000080ffff8d
:10658800be0ca0ffed0e00007effff19000000000a
:10659800000078ffffdaffff6f00000071ffff2e99
:1065a8000000000000000071ffffffb501000000bf
:1065b8003affff9f0000000000000684feffffd3a3
:1065c8001500000000c4ffffb13b12112e76dfff5b
:1065d800ffbffdffd41600000018d0ffffffffff2c
:1065e800ffffffe65e0061feffd5170000000563b0
:1065f800b9e8faf2ddad620900000064feffd618c2
:1066080026ffff7111ffff5c01fbff4800e8ff3325
:1066180000d4ff1f00bfff0a00aaf6000000002fe9
:10662800f7fe3f000008d9ff9a00000081ffea103a
:10663800000013f3ff8100000078fffb1b0000003f
:10664800d5ffae00000018ffff6700000053fffff2
:106658002b0000008dffee01000000aeffcd000012
:106668000000c1ffba00000000d4ffa6000000002f
:10667800d8ffa400000000c5ffb800000000b2ff6a
:10668800cc0000000096ffeb000000005dffff2734
:1066980000000021ffff6400000000dfffab0000e6
:1066a800000082fffa1900000019f7ff7f000000c0
:1066b8000089ffe90f0000000adcff9700000000d6
:1066c80030f3fa3905d2ff8a000000000038fdffd8
:1066d80047000000000096ffde080000000021fdd2
:1066e800ff6b0000000000b6ffdb00000000004e5a
:1066f800ffff39000000000bfbff7c0000000000da
:10670800caffb800000000008dfff2020000000080
:106718006bffff150000000058ffff280000000075
:1067280044ffff3b0000000040ffff3f0000000067
:1067380055ffff2c0000000069ffff180000000053
:1067480089fff80400000000c6ffc200000000092d
:10675800faff85000000004bffff4300000000b374
:10676800ffe4020000001ffdff750000000094ff19
:10677800e30b00000035fdff4c00000003cafc8954
:10678800000000000000000000aefff5000000005f
:106798000000000000000091ffda00000000000087
:1067a800000000000074ffbf00000000000012039a
:1067b80000000057ffa300000000170092efac6430
:1067c8001d3aff880c4c93d9ef00bbffffffffe099
:1067d800ffe6f9ffffffff174a6c8095a9f5ffff59
:1067e800bd9c87735f100000000057ffe7ffac00f7
:1067f8000000000000000026f2ff36e4ff710000f0
:106808000000000008d1ffbb006cfffa3a0000004e
:1068180000009bffff480007e4ffe31500000000ad
:1068280057d9d50100006df88e1100000000000353
:1068380023000000081e0000000000000000000007
:106848000008fffc00000000000000000000000835
:10685800fffc000000000000000000000008fffc32
:10686800000000000000000000000008fffc00001d
:1068780000000000000000000008fffc000000000d
:10688800000098ffffffffffffffffffffffff90e4
:1068980098ffffffffffffffffffffffff900204ce
:1068a8000404040bfffc04040404040200000000b8
:1068b8000008fffc000000000000000000000008c5
:1068c800fffc000000000000000000000008fffcc2
:1068d800000000000000000000000008fffc0000ad
:1068e80000000000000000000008fffc000000009d
:1068f800000000000088ffff4600affffa0d00de31
:10690800ffb40011ffff5b0048fff1090080ff970b
:106918000000bdff2d00000003040404040403e08c
:10692800ffffffffffe4e0ffffffffffe4000000c1
:106938006ef2c812ebffff6ae9ffff686af2c61140
:106948000000000000000074ffed060000000000d9
:106958000000d3ff940000000000000033ffff3563
:106968000000000000000092ffd5000000000000b9
:106978000005ebff760000000000000051fffc1a44
:1069880000000000000000b0ffb700000000000099
:106998000015faff58000000000000006ffff00823
:1069a80000000000000000cfff9900000000000078
:1069b800002dffff39000000000000008dffda0005
:1069c80000000000000004e8ff7b00000000000059
:1069d800004cfffd1d00000000000000acffbc00e3
:1069e80000000000000011f8ff5c0000000000003b
:1069f800006afff30a00000000000000caff9e00c2
:106a080000000000000029ffff3e00000000000019
:106a18000088ffde01000000000000000000001bed
:106a280090d8f7f1d07d0e00000000003bf0ffff8a
:106a3800ffffffffdd2300000015eaffe3531214f8
:106a480058e8ffd40700008cfff725000000002d50
:106a5800f9ff6b0001e9ff9a000000000000a1ffa8
:106a6800d60026ffff4a0000000000004fffff236a
:106a780059ffff1700000000000019ffff567cffb8
:106a8800f70000000000000001f8ff7d8bffe30025
:106a980000000000000000e5ff9299ffdb00000005
:106aa8000000000000dcff9e9affdc0000000000f0
:106ab800000000ddff9c8fffe400000000000000e4
:106ac80000e5ff8d7bfff70000000000000001f8e3
:106ad800ff7e54ffff1700000000000019ffff5958
:106ae80020ffff4a0000000000004effff2500d6ef
:106af800ff990000000000009fffe701006dfff60e
:106b0800230000000029f8ff87000008d7ffe252a1
:106b1800121357e6ffe61200000028e1ffffffff0f
:106b2800ffffed3600000000001081d3f3f7d78d8a
:106b380018000000000000000eb0fff00000002b5d
:106b4800d9fffff0000058f4ffedfff0048fffffbe
:106b5800a66efff041fefe7d0072fff0007c4f0044
:106b68000077fff0000000000078fff00000000050
:106b78000078fff0000000000078fff0000000003f
:106b88000078fff0000000000078fff0000000002f
:106b98000078fff0000000000078fff0000000001f
:106ba8000078fff0000000000078fff0000000000f
:106bb8000078fff0000000000078fff000000000ff
:106bc8000078fff0000000000078fff000000000ef
:106bd8000078fff00000055db2e1f8f1cd81150005
:106be80000000046dbffffffffffffffe938000062
:106bf80030feffe26f250c2373f2ffeb11000090cb
:106c0800990a000000000050ffff73000001000017
:106c1800000000000000eaffac00000000000000d7
:106c280000000000ccffb8000000000000000000d9
:106c38000000e4ff9f000000000000000000002c9e
:106c4800ffff5d00000000000000000000a8ffeb4f
:106c58000d00000000000000000054ffff67000066
:106c68000000000000000033f3ffaf000000000048
:106c78000000000028eaffcf0d000000000000001f
:106c88000022e5ffdb18000000000000000020e102
:106c9800ffdd1c00000000000000001ddfffdc1d00
:106ca80000000000000000001bdcffdb1c000000ef
:106cb800000000000019daffd91a000000000000e7
:106cc800000017d7ffda1d040404040404040402b6
:106cd800a1ffffffffffffffffffffffff90a8ffe0
:106ce800ffffffffffffffffffffff9000002a8568
:106cf800c8e9faf1d292250000001daefeffffffa1
:106d0800fffffffff75600004affffb2541c0a229c
:106d180069eafff9250000783b0000000000003810
:106d2800fdff900000000000000000000000d6fffa
:106d3800c00000000000000000000000c2ffc10009
:106d48000000000000000000000af2ff94000000ac
:106d58000000000000000098fffa2d00000000026b
:106d680004071b51bffff2530000000000b0fffff3
:106d7800ffffee811e000000000000b0ffffffffd4
:106d8800fff1ab3400000000000000030f3070daa0
:106d9800fffb5a0000000000000000000008c0ffd0
:106da800f2110000000000000000000048ffff533f
:106db800000000000000000000002fffff6300003b
:106dc80000000000000000005bffff46110000000b
:106dd80000000000000fd6ffed0ababf743d180886
:106de8000c2767ddffff6a00baffffffffffffff09
:106df800fffff4700000116aaed2e7f9f2e0bb764b
:106e08001a0000000000000000000000005bffff07
:106e18008c000000000000000000000021f1ffffce
:106e28008c0000000000000000000004c7ffefff16
:106e38008c0000000000000000000083ffc1bfffbd
:106e48008c0000000000000000003dfcf92ccbff86
:106e58008c000000000000000010e1ff7300d3ff69
:106e68008c0000000000000000aaffb70100d7ff57
:106e78008c0000000000000062ffe8160000d8ff48
:106e88008c00000000000025f4fe46000000d8ff3a
:106e98008c000000000005cbff8b00000000d8ff2d
:106ea8008c000000000089ffcb0500000000d8ff1f
:106eb8008c0000000042fdf2240000000000d8ff12
:106ec8008c00000013e4ff5d000000000000d8ff04
:106ed8008c00000066ffffffffffffffffffffffc3
:106ee800ffffff7468ffffffffffffffffffffffcc
:106ef800ffffff7413303030303030303030dfff78
:106f0800a130301500000000000000000000d8ff8c
:106f18008c00000000000000000000000000d8ff06
:106f28008c00000000000000000000000000d8fff6
:106f38008c00000000000000000000000000d8ffe6
:106f48008c000000000affffffffffffffffffffad
:106f58000400001fffffffffffffffffffff04000c
:106f68000033ffff12040404040404040000004773
:106f7800fffa00000000000000000000005cffe8cd
:106f8800000000000000000000000070ffd50000b5
:106f980000000000000000000084ffc200000000a4
:106fa8000000000000000099ffaf00000000000092
:106fb8000000000000adffe5d4eefdf6d89a3300de
:106fc800000000a5fffffffffffffffffe8c010091
:106fd8000003533b1c08082262d9ffff7f00000012
:106fe800000000000000000dd2fff80f00000000b4
:106ff80000000000000052ffff4d000000000000ec
:107008000000000020ffff650000000000000000f5
:10701800000026ffff5700000000000000000000ed
:1070280062ffff270d07000000000000001ae1ffc3
:10703800c9003ce68e4b200b143484effff4330078
:107048003affffffffffffffffffe23c00000042a7
:1070580097cdedfbf7e3b4660a00000000000000de
:10706800003493ceeffcf5e01e000000000998ff05
:10707800ffffffffffff2800000007c7ffffa95021
:107088001f0b12370d00000098fff64700000000a4
:10709800000000000026fdff5e0000000000000068
:1070a80000000093ffd30100000000000000000072
:1070b80000ddff7b0000000000000000000019ff59
:1070c800ff4b0e7ed4f3f3cc770b00003fffff415c
:1070d800d8ffffffffffffd51b005cffffd3ea6b64
:1070e8001f0a2689feffc3006affffe41b00000099
:1070f800000086ffff416fffff58000000000000fe
:107108000ef8ff875dffff1300000000000000d7a6
:10711800ffa747ffff1a00000000000000c1ffadf5
:1071280019feff4c00000000000000d7ff9800c7c0
:10713800ffaa00000000000017fdff65005efffecb
:107148004d000000000099fff6150000bbfff77d19
:10715800220a30a6ffff7c0000000ebaffffffffe7
:10716800ffffff9502000000000356b9e5f9e6ac01
:1071780042000000c4ffffffffffffffffffffff0c
:10718800ffa4c4ffffffffffffffffffffffff9ffd
:107198000304040404040404040438ffff4b00003f
:1071a8000000000000000000a9ffd7010000000057
:1071b800000000000021fcff670000000000000044
:1071c80000000093ffec0900000000000000000030
:1071d80012f5ff84000000000000000000007dffa1
:1071e800f91900000000000000000008e9ffa100f4
:1071f80000000000000000000066ffff30000000f3
:1072080000000000000001d9ffbe000000000000df
:107218000000000050ffff4d0000000000000000cb
:107228000000c4ffd9010000000000000000003980
:10723800ffff6900000000000000000000aeffed45
:107248000a00000000000000000024fdff86000086
:10725800000000000000000097fffa1a000000007c
:10726800000000000015f6ffa30000000000000069
:1072780000000081ffff3200000000000000000055
:1072880009ebffc00000000000000000000000340f
:107298009adbf5f7dda23a000000000087feffff49
:1072a800ffffffffff910100005fffffbd411316c5
:1072b80045c3ffff670000ccffcc050000000009b4
:1072c800d5ffcd0000f1ff7e0000000000008bff1d
:1072d800f00000ddff8300000000000098ffdf00e1
:1072e800009fffdf0e0000000013e5ff8e00001d69
:1072f800f0ffcd2d000024ccffd70f00000032e8ae
:10730800fffeaa94f8ffb115000000000014d5ff95
:10731800ffffff920000000000002abcfffdbdf146
:10732800ffffb02000000042f4ffc32a000d70eff9
:10733800ffee390012ecffad040000000019c8ff91
:10734800e80e6bfffb130000000000001bfbff6949
:1073580095ffd50000000000000000d4ff9290ffc8
:10736800e20000000000000001e9ff885cffff5612
:1073780000000000000062ffff4b08dcfff8822bd2
:107388000b133599fbffc8020027dcffffffffff47
:10739800ffffffc6150000000967b7e5f9f9e4b17a
:1073a800580200000000003da2dcf6e7c05f0600be
:1073b8000000000191ffffffffffffffc81700005b
:1073c8000078ffffa9340b1d67eaffd105000ef610
:1073d800ff99000000000027f0ff78005dffff1a0a
:1073e80000000000000076ffe90481ffe5000000ce
:1073f800000000001bffff3a92ffe30000000000be
:10740800000000f8ff697efffe0c0000000000008d
:1074180021ffff8341ffff7c000000000005b6ff4d
:10742800ff8c01ccfffa7d20051451cde9fbff84c8
:107438000020ddffffffffffffe935fdff770000bc
:107448000f7ed2f8f9dd8d1819ffff5800000000f3
:1074580000000000000045ffff32000000000000af
:107468000000000088fff004000000000000000099
:107478000005dfffaa000000000000000000007403
:10748800ffff3a00000000000000000059fcffaeba
:107498000000000d3c120a1f50b0ffffd60e00007e
:1074a8000024ffffffffffffffa810000000001be4
:1074b800ddf5fdf2d29a3d000000000070f2ca141a
:1074c800ebffff6aeaffff686bf2c61100000000dd
:1074d80000000000000000000000000000000000a4
:1074e80000000000000000006ef2c812ebffff6a07
:1074f800e9ffff686af2c61100007df4c40e0002bd
:10750800f8ffff5e0002f8ffff5c000078f3c10c93
:107518000000000000000000000000000000000063
:107528000000000000000000000000000000000053
:107538000000000000000000000000000000000043
:107548000000cafffc0a0001f3ffcb000023ffff85
:107558007a000059fffe2200008effbf000000c81d
:10756800ff59000008fae8060000000000000000cb
:107578000000000000000000000000000000000003
:1075880000000000000d7b850000000000000000e6
:10759800000d7bedff98000000000000000d7bed62
:1075a800fffdac2d00000000000d7bedfffa9e27cb
:1075b80000000000000d7bedfff48f1c00000000b0
:1075c800000d7bedffed811300000000000058ed79
:1075d800ffe4730c000000000000000097ffffb0fc
:1075e8003e0000000000000000000d6fddffffd22c
:1075f800670b00000000000000000250c1fffff010
:10760800912700000000000000000031a2f9fffef1
:10761800bb4f0300000000000000001883ebffffd1
:10762800e1550000000000000000000864d4ff9845
:10763800000000000000000000000000455e00009f
:10764800010404040404040404040404040170ff91
:10765800ffffffffffffffffffffff6470ffffff5c
:10766800ffffffffffffffffff64000000000000b7
:107678000000000000000000000000000000000002
:1076880000000000000001040404040404040404cd
:107698000404040170ffffffffffffffffffffff70
:1076a800ff6470ffffffffffffffffffffffff64a7
:1076b8000000000000000000000000000000857bc2
:1076c8000d000000000000000000000098ffed7ba6
:1076d8000d0000000000000000002daefeffed7b55
:1076e8000d00000000000000000029a1fbffed7b59
:1076f8000d0000000000000000001f94f7ffed7b64
:107708000d0000000000000000001788f1ffed7b6d
:107718000d000000000000000000107beaffed589b
:1077280000000000000000000038adffff970000d7
:10773800000000000a63ceffffdd6f0d00000000af
:10774800258eefffffc15002000000034eb9feff77
:10775800f9a231000000000055e1ffffeb8318009b
:1077680000000000000098ffd3640800000000003b
:10777800000000005e45000000000000000000005e
:1077880000000000002481c2eafaf5d6901e00002d
:1077980070fffffffffffffffff13c0023fcb85520
:1077a8001d0a1d5de5ffe207001b00000000000048
:1077b8003cffff46000000000000000001f6ff65e6
:1077c80000000000000000000cfcff550000000055
:1077d800000000007dfff9160000000000000067af
:1077e800fdff79000000000000028cffff89000007
:1077f8000000000001a3fffa640000000000000080
:107808006ffff4410000000000000000dfff5d0092
:10781800000000000000000afffb04000000000058
:1078280000000011e0c60000000000000000000099
:107838000000000000000000000000000000000040
:10784800000000000000003ce4e43a0000000000f2
:10785800000000a7ffffa70000000000000000a62e
:10786800ffffa5000000000000000039e4e3370036
:1078780000000000000000000000001863abd4ea1c
:10788800fbf1d29c4a01000000000000000000004b
:107898001792f9ffffffffffffffffffd74300002d
:1078a8000000000000003cebfffaa95c2c12091f45
:1078b8003d89e2fffe770000000000004cf9ffadb3
:1078c8001c00000000000000000688fdff670000a3
:1078d800000024f0ff7a0000000000000000000013
:1078e800000061fff624000000bfff9300000003c2
:1078f8005ec2ebf5dcbe8621000099ffa200003cc9
:10790800ffe10a00000bb3ffffffffffffff670067
:107918000015f8f70c00a5ff7100000098fff16a48
:107928001c0c2fd6ff5b000000b7ff4801e9ff1ac7
:10793800000027feff4600000000caff4f000000bd
:1079480084ff7228ffdc0000007fffc300000000f6
:1079580000d7ff430000006dff8442ffb70000001e
:10796800acff820000000000e4ff3800000072ff56
:107978008457ffa8000000c2ff6c0000000006fc4e
:10798800ff2c0000008bff6e59ffb0000000b8ff0d
:10799800790000000031ffff25000000c5ff3f47c8
:1079a800ffc60000008cffba0000000093ffff39fb
:1079b80000002dffec041ffff506000036ffff89cd
:1079c8001d1069fbadffb1182ed4ff7c0000e0ff4d
:1079d8004a0000009bffffffffffcd09c5ffffff27
:1079e800ffc406000086ffc50100000376d8f9e34e
:1079f8009110001cb5f3e58c0a00000017f0ff8316
:107a0800000000000000000000000000000000006e
:107a1800000000005affff980b0000000000000063
:107a28000000000000000000000000006cfcffeef9
:107a38008d4a1c0a040f2c548bcb22000000000036
:107a4800000000003ccfffffffffffffffffffff2d
:107a5800f71d00000000000000000000004090c872
:107a6800edfcfef2d4a5601000000000000000004c
:107a780000000000000000000001000000000000fd
:107a8800000000000000000000000000000000638b
:107a9800ffff45000000000000000000000000009b
:107aa80000c7ffffa9000000000000000000000060
:107ab80000002afff6fff913000000000000000094
:107ac800000000008fffabd8ff700000000000002e
:107ad800000000000006ebff648bffd300000000ed
:107ae8000000000000000057fffd1834ffff3700ba
:107af800000000000000000000bbffb90000d6ff36
:107b08009b00000000000000000020feff5a00005b
:107b180079fff20b000000000000000083fff1096c
:107b280000001efeff620000000000000002e3ffec
:107b38009d00000000bfffc5000000000000004bd2
:107b4800ffff3e0000000061ffff29000000000069
:107b580000afffed353434343441fcff8d000000b4
:107b6800000017fbffffffffffffffffffffea0516
:107b78000000000077ffffffffffffffffffffff91
:107b8800ff5400000000d9ffb8000000000000000a
:107b980006eaffb70000003fffff530000000000a7
:107ba8000000008afffd1d0000a3ffe8050000009b
:107bb800000000000024feff7f000ff6ff88000091
:107bc8000000000000000000bdffe0026bfffe2483
:107bd8000000000000000000000056ffff46ceff36
:107be800be000000000000000000000005e9ffaa38
:107bf80048fffffffffffdf3e0ba7b1f00000048ce
:107c0800fffffffffffffffffffffb7b000048ffb9
:107c1800ff3f0404050f2e73e9ffff570048ffffdd
:107c28003c00000000000025f7ffc40048ffff3caf
:107c380000000000000000b4fff30048ffff3c0014
:107c4800000000000000a1fff60048ffff3c000014
:107c58000000000000c4ffd10048ffff3c00000006
:107c680000000034fcff6e0048ffff3f0404040ad4
:107c78002365e5ffb0060048ffffffffffffffff9a
:107c8800ffbf5c02000048ffffffffffffffffff91
:107c9800f5b649000048ffff3c000000051747ae55
:107ca800ffff8b0048ffff3c000000000000009b26
:107cb800ffff3e48ffff3c0000000000000021ffde
:107cc800ff9048ffff3c0000000000000006ffff97
:107cd800a848ffff3c000000000000002cffff96b2
:107ce80048ffff3c00000000000000a9ffff5548c6
:107cf800ffff3f040404071848b6ffffcc0348ff02
:107d0800ffffffffffffffffffffc4160048ffff55
:107d1800fffffffffff5dda8500100000000000095
:107d280000085facdbf4fcf1d6aa67120000000083
:107d380056e7ffffffffffffffffff9e00000082e7
:107d4800fffff58c3c160a1e56b1fa29000062ffa7
:107d5800ffd31e0000000000000012000014f0ff16
:107d6800e61400000000000000000000007dffff96
:107d780058000000000000000000000000d4ffe7e9
:107d880004000000000000000000000011ffffa632
:107d980000000000000000000000000036ffff792e
:107da80000000000000000000000000046ffff681f
:107db80000000000000000000000000046ffff6710
:107dc80000000000000000000000000037ffff78fe
:107dd80000000000000000000000000016ffffa2e5
:107de80000000000000000000000000000e1ffe1ca
:107df8000100000000000000000000000094ffffe8
:107e0800490000000000000000000000002cfdfff9
:107e1800d70800000000000000000000000095ffe7
:107e2800ffba0e000000000000000000000008bdbe
:107e3800ffffe97b33130b20386aa709000000080d
:107e480091fcffffffffffffffffff0c000000009a
:107e5800002483c4ebfbfcf1d8a5660348ffffffb1
:107e6800fffffff8e5bd7d22000000000048ffff8e
:107e7800fffffffffffffffffda11400000048ff09
:107e8800ff3f040406163573d9ffffe025000048bc
:107e9800ffff3c0000000000000278fcffdc0c0043
:107ea80048ffff3c000000000000000071ffff8c4d
:107eb8000048ffff3c000000000000000000cfff6a
:107ec800f30d48ffff3c00000000000000000066c2
:107ed800ffff5248ffff3c000000000000000000c8
:107ee80028ffff8848ffff3c00000000000000005a
:107ef8000004ffffa948ffff3c000000000000004d
:107f0800000000f2ffb748ffff3c0000000000003f
:107f180000000000f7ffae48ffff3c000000000033
:107f28000000000008ffff9b48ffff3c0000000026
:107f3800000000000037ffff7948ffff3c00000009
:107f48000000000000007bffff3a48ffff3c0000f4
:107f580000000000000007e5ffe30548ffff3c00c4
:107f68000000000000000098ffff6c0048ffff3c85
:107f78000000000000000b9dffffbc040048ffff4d
:107f88003f04040c1e498bedffffc411000048ff9d
:107f9800fffffffffffffffffff07f040000004827
:107fa800fffffffffffbebd5a2630c000000000002
:107fb80048ffffffffffffffffffffe448ffffff52
:107fc800ffffffffffffffe448ffff3f0404040437
:107fd8000404040348ffff3c000000000000000008
:107fe80048ffff3c000000000000000048ffff3c85
:107ff800000000000000000048ffff3c00000000f7
:108008000000000048ffff3c0000000000000000e6
:1080180048ffff3f040404040404040148ffffff71
:10802800ffffffffffffff6448ffffffffffffffaa
:10803800ffffff6448ffff3c000000000000000055
:1080480048ffff3c000000000000000048ffff3c24
:10805800000000000000000048ffff3c0000000096
:108068000000000048ffff3c000000000000000086
:1080780048ffff3c000000000000000048ffff3ff1
:10808800040404040404040348ffffffffffffff88
:10809800ffffffe448ffffffffffffffffffffe4d5
:1080a80048ffffffffffffffffffffe448ffffff61
:1080b800ffffffffffffffe448ffff3f0404040446
:1080c8000404040348ffff3c000000000000000017
:1080d80048ffff3c000000000000000048ffff3c94
:1080e800000000000000000048ffff3c0000000006
:1080f8000000000048ffff3c0000000000000000f6
:1081080048ffff3c000000000000000048ffff3f60
:10811800040404040404040148fffffffffffffff9
:10812800ffffff5c48ffffffffffffffffffff5c54
:1081380048ffff3c000000000000000048ffff3c33
:10814800000000000000000048ffff3c00000000a5
:108158000000000048ffff3c000000000000000095
:1081680048ffff3c000000000000000048ffff3c03
:10817800000000000000000048ffff3c0000000075
:108188000000000048ffff3c000000000000000065
:108198000000000000003488c2e8f8faeed1a45bc1
:1081a8001400000000002abeffffffffffffffffd3
:1081b800ffffd20000000053f6ffffb059230d0e59
:1081c80025589cec6000000041faffe93c000000e3
:1081d8000000000000050400000ae1fff22700008b
:1081e80000000000000000000000006effff6900b2
:1081f80000000000000000000000000000cbffeac3
:1082080007000000000000000000000000000dfe54
:10821800ffa60000000000000000000000000000b1
:1082280034ffff74000000000000000000000000a0
:10823800000046ffff600000000000009cfffffff9
:10824800ffffff5047ffff630000000000009cff96
:10825800ffffffffff5037ffff790000000000001d
:108268000204040437ffff5013ffff9f00000000c3
:1082780000000000000034ffff5000daffe80100b2
:10828800000000000000000034ffff500087ffffdf
:108298005200000000000000000034ffff50001de5
:1082a800f7ffe20f000000000000000034ffff505d
:1082b800000077ffffd4200000000000000034ff1a
:1082c800ff500000019cfffff39144190808173e76
:1082d8008effff50000000006df2ffffffffffff61
:1082e800ffffffffff500000000000106bb3e0f637
:1082f800fdf7ead2a9723a0648ffff3c00000000e9
:10830800000000000084ffff48ffff3c0000000061
:10831800000000000084ffff48ffff3c0000000051
:10832800000000000084ffff48ffff3c0000000041
:10833800000000000084ffff48ffff3c0000000031
:10834800000000000084ffff48ffff3c0000000021
:10835800000000000084ffff48ffff3c0000000011
:10836800000000000084ffff48ffff3c0000000001
:10837800000000000084ffff48ffff3f04040404de
:10838800040404040485ffff48ffffffffffffff0d
:10839800ffffffffffffffff48ffffffffffffff9c
:1083a800ffffffffffffffff48ffff3c000000004b
:1083b800000000000084ffff48ffff3c00000000b1
:1083c800000000000084ffff48ffff3c00000000a1
:1083d800000000000084ffff48ffff3c0000000091
:1083e800000000000084ffff48ffff3c0000000081
:1083f800000000000084ffff48ffff3c0000000071
:10840800000000000084ffff48ffff3c0000000060
:10841800000000000084ffff48ffff3c0000000050
:10842800000000000084ffff48ffff3c0000000040
:10843800000000000084ffffe0ffffffffffff5880
:108448008bd9fffffff1b83000008bfffc03000061
:10845800000088fffc000000000088fffc0000000e
:10846800000088fffc000000000088fffc000000fe
:10847800000088fffc000000000088fffc000000ee
:10848800000088fffc000000000088fffc000000de
:10849800000088fffc000000000088fffc000000ce
:1084a800000088fffc000000000088fffc000000be
:1084b800000088fffc000000000088fffc000000ae
:1084c800000088fffc0000007bc3f7ffffdea42b41
:1084d800e0ffffffffffff5800000000006cfffff8
:1084e8001800000000006cffff1800000000006c7e
:1084f800ffff1800000000006cffff1800000000dc
:10850800006cffff1800000000006cffff1800005f
:108518000000006cffff1800000000006cffff184f
:1085280000000000006cffff1800000000006cff56
:10853800ff1800000000006cffff1800000000009a
:108548006cffff1800000000006cffff180000001f
:1085580000006cffff1800000000006cffff18000f
:10856800000000006cffff1800000000006cffff17
:108578001800000000006cffff1800000000006ced
:10858800ffff1800000000006cffff15000000004e
:10859800007cfffe050000000000bdffd4000c2396
:1085a800091c8cffff750030ffffffffffbb0500b4
:1085b80022ddf9f5cb6d04000000000048ffff3c08
:1085c800000000000000005effff930048ffff3c32
:1085d80000000000000046faffa9020048ffff3c27
:1085e800000000000031f3ffbc06000048ffff3c1c
:1085f8000000000020e7ffcd0d00000048ffff3c11
:1086080000000013d8ffdb160000000048ffff3c05
:10861800000009c6ffe722000000000048ffff3cf9
:108628000004b2fff13000000000000048ffff3cea
:1086380001a0fff8410000000000000048ffff3cd7
:108648008affff5f000000000000000048ffffa84d
:10865800ffffffa4000000000000000048ffffff2c
:10866800f5caffff5f0000000000000048ffffe8b8
:108678003413e3fff42600000000000048ffff4623
:1086880000003cfcffce07000000000048ffff3c54
:108698000000007affff91000000000048ffff3c47
:1086a80000000001b9ffff4d0000000048ffff3c3b
:1086b8000000000016e6ffec1b00000048ffff3c2e
:1086c800000000000041fdffc002000048ffff3c21
:1086d80000000000000080ffff7f000048ffff3c13
:1086e80000000000000002bffffc3d0048ffff3c07
:1086f8000000000000000019e9ffe31248ffff3cfa
:10870800000000000000000048ffff3c00000000df
:108718000000000048ffff3c0000000000000000cf
:1087280048ffff3c000000000000000048ffff3c3d
:10873800000000000000000048ffff3c00000000af
:108748000000000048ffff3c00000000000000009f
:1087580048ffff3c000000000000000048ffff3c0d
:10876800000000000000000048ffff3c000000007f
:108778000000000048ffff3c00000000000000006f
:1087880048ffff3c000000000000000048ffff3cdd
:10879800000000000000000048ffff3c000000004f
:1087a8000000000048ffff3c00000000000000003f
:1087b80048ffff3c000000000000000048ffff3cad
:1087c800000000000000000048ffff633434343428
:1087d8003434343248fffffffffffffffffffff88d
:1087e80048fffffffffffffffffffff848ffffff06
:1087f8009f000000000000000000000035ffffffa0
:10880800b048fffffff40c0000000000000000006b
:108818000097ffffffb048ffeff9ff60000000007e
:10882800000000000008efffe9ffb048ffe9aeffd5
:10883800c00000000000000000005bffe4aeffb0d5
:1088480048fff74dfffe210000000000000000bdba
:10885800ff85baffb048fffe04e8ff800000000073
:1088680000000020feff24c4ffb048ffff048dff76
:10887800df0100000000000081ffc100c9ffb0480f
:10888800ffff092cffff41000000000001e0ff602e
:1088980000ceffb048ffff0c00ccffa10000000095
:1088a8000044fff20b00d0ffb048ffff0c006cff44
:1088b800f40c00000000a6ff9c0000d0ffb048ffa9
:1088c800ff0c0012f8ff6100000010f7ff3b0000ea
:1088d800d0ffb048ffff0c0000abffc10000006aea
:1088e800ffd9000000d0ffb048ffff0c00004bff8d
:1088f800fe220000ccff78000000d0ffb048ffff48
:108908000c000003e6ff81002dfffc1a000000d0d8
:10891800ffb048ffff0c0000008affe0018fffb4a2
:1089280000000000d0ffb048ffff0c0000002aff45
:10893800ff47ebff5300000000d0ffb048ffff0cdb
:1089480000000000c9ffe4ffeb0600000000d0ffb4
:10895800b048ffff0c0000000069ffffff8f000018
:10896800000000d0ffb048ffff0c0000000010f826
:10897800ffff2e0000000000d0ffb048ffff0c00f2
:1089880000000000a8ffcc000000000000d0ffb0ed
:1089980048ffffe30e000000000000000000c8ffd1
:1089a8009048ffffff97000000000000000000c88b
:1089b800ff9048fffffffe3e00000000000000009f
:1089c800c8ff9048ffe8efffd9080000000000004a
:1089d80000c8ff9048ffdf64ffff8600000000002a
:1089e8000000c8ff9048ffee00befffb300000000b
:1089f800000000c8ff9048fff90023f6ffcc0300f1
:108a080000000000c8ff9048ffff010074ffff75d9
:108a18000000000000c8ff9048ffff080003cbffdc
:108a2800f62400000000c8ff9048ffff0c00002e4d
:108a3800faffbe01000000c8ff9048ffff0c0000cd
:108a48000084ffff65000000c8ff9048ffff0c008e
:108a5800000007d7fff01a0000c7ff9048ffff0c7f
:108a6800000000003bfeffaf0000c4ff9048ffff7e
:108a78000c000000000094ffff5400bdff9048ff69
:108a8800ff0c00000000000ce1ffe811b4ff904863
:108a9800ffff0c00000000000049ffff9ea7ff90a9
:108aa80048ffff0c00000000000000a3ffffdafff2
:108ab8009048ffff0c0000000000000013eaffffd1
:108ac800ff9048ffff0c000000000000000058ff66
:108ad800ffff9048ffff0c000000000000000000ae
:108ae800b2ffff900000000000207ec0e8f9f8e522
:108af800b971120000000000000000068bfaffffa9
:108b0800fffffffffffff26b00000000000007b946
:108b1800ffffd468270e102a6edeffff91000000c9
:108b2800000093ffff980400000000000008aeff5b
:108b3800ff630000002afdffbf01000000000000e5
:108b4800000006d8ffec0e000087ffff340000008d
:108b58000000000000000053ffff690000d7ffd6a7
:108b6800000000000000000000000006efffb80051
:108b780012ffff9b00000000000000000000000042
:108b8800bdfff0002bffff75000000000000000093
:108b98000000000096ffff1241ffff660000000082
:108ba800000000000000000087ffff2240ffff6771
:108bb80000000000000000000000000088ffff2106
:108bc80029ffff7600000000000000000000000000
:108bd80098ffff1211ffff9e000000000000000038
:108be80000000000bfffef0000d5ffd90000000023
:108bf8000000000000000007f1ffb7000087ffff3a
:108c0800370000000000000000000056ffff66006b
:108c1800002afdffc201000000000000000007d983
:108c2800ffea0c00000093ffff9a04000000000018
:108c38000009b1ffff5e0000000007baffffd5671b
:108c4800260d0f2a6fdfffff8a00000000000006d4
:108c58008cfbfffffffffffffffff0640000000039
:108c68000000000000207fc1e9faf9e4b86e1000a6
:108c78000000000048fffffffffff9eac89033003b
:108c8800000048ffffffffffffffffffff9b0400ff
:108c980048ffff3f04040d2968dcffff900048fff0
:108ca800ff3c00000000000dd1fffc1c48ffff3c0a
:108cb80000000000000051ffff6048ffff3c00007b
:108cc8000000000021ffff7c48ffff3c000000007f
:108cd800000025ffff6d48ffff3c0000000000007a
:108ce8005cffff4148ffff3c000000000015daff71
:108cf800e00248ffff3c0003103378e6fffe4f0018
:108d080048ffffffffffffffffffee56000048ff91
:108d1800fffffffffae4b9721200000048ffff3faf
:108d28000402000000000000000048ffff3c0000b3
:108d3800000000000000000048ffff3c00000000a9
:108d480000000000000048ffff3c00000000000099
:108d58000000000048ffff3c000000000000000089
:108d6800000048ffff3c0000000000000000000079
:108d780048ffff3c0000000000000000000048ff22
:108d8800ff3c0000000000000000000000000000a0
:108d980000207ec0e8f9f8e5b86f11000000000077
:108da800000000068bfafffffffffffffffff067e1
:108db80000000000000007b9ffffd468270e102a42
:108dc8006edeffff8d000000000093ffff98040097
:108dd800000000000008aeffff600000002afdff51
:108de800bf01000000000000000006d8ffeb0d00e6
:108df8000087ffff3400000000000000000000535f
:108e0800ffff670000d7ffd6000000000000000049
:108e180000000006efffb70012ffff9b00000000f4
:108e28000000000000000000bdfff0002bffff75f0
:108e380000000000000000000000000096ffff1284
:108e480041ffff6600000000000000000000000075
:108e580087ffff2140ffff670000000000000000bf
:108e68000000000088ffff2129ffff7600000000b6
:108e7800000000000000000098ffff1211ffff9e95
:108e8800000000000000000000000000bfffee002e
:108e980000d5ffd900000000000000000000000716
:108ea800f1ffba000087ffff370000000000000054
:108eb80000000056ffff6a00002afdffc201000003
:108ec80000000000000007d9ffef0d00000093ff2d
:108ed800ff9a0400000000000009b1ffff6a0000cb
:108ee800000007baffffd567260d0f2a6fdfffffc7
:108ef8009f000000000000068cfbffffffffffff44
:108f0800fffff87a010000000000000000207fc188
:108f1800e9faffffffb71a00000000000000000098
:108f280000000000000013dafff84700000000000e
:108f3800000000000000000000000024ebfff642e3
:108f48000000000000000000000000000000000019
:108f58003bf8fff43c0000000000000000000000a7
:108f6800000000000057fefff2380000000000007b
:108f780000000000000000000000567c7c6c02002d
:108f880048fffffffffffbeecf9a3f0000000048bd
:108f9800ffffffffffffffffffffad08000048ffd7
:108fa800ff3f0404091e55c5ffff9f000048ffff4f
:108fb8003c000000000004bdfffe200048ffff3c0d
:108fc80000000000000048ffff610048ffff3c0070
:108fd800000000000020ffff7c0048ffff3c00006d
:108fe8000000000024ffff730048ffff3c00000062
:108ff80000000058ffff4b0048ffff3c0000000046
:10900800000ad1ffe6050048ffff3f0404071d5989
:10901800d2fffa48000048fffffffffffffffffff6
:10902800df4300000048ffffffffffffffffc4050d
:109038000000000048ffff3c0000007bffff4000ed
:1090480000000048ffff3c00000006d9ffd90700d8
:10905800000048ffff3c0000000045ffff830000c0
:109068000048ffff3c0000000000aafffa2b0000a8
:1090780048ffff3c00000000001bf3ffc60100484a
:10908800ffff3c00000000000074ffff6a0048ff7b
:10909800ff3c00000000000004d4fff11a48ffff65
:1090a8003c000000000000003effffae0000004151
:1090b8009edbf3faedcc964c0a000005a5fffffff6
:1090c800ffffffffffff66000092ffffa538140cab
:1090d800275eb5f4110013f9ffa700000000000097
:1090e800000b00003effff4f0000000000000000e2
:1090f800000047ffff4f00000000000000000000d4
:109108001fffffaf0000000000000000000000c3c8
:10911800ffffa51500000000000000000026e9ff81
:10912800fff5983400000000000000001fbaffffa0
:10913800ffffce5f030000000000000040abfaff15
:10914800ffffd12a00000000000000001678e8ffa9
:10915800ffee240000000000000000000b9bffff52
:10916800a90000000000000000000001c6fff30095
:109178000000000000000000000083ffff0900005d
:10918800000000000000000091fff3000a0000004a
:1091980000000000001bebffac0093c87e461d0bcf
:1091a80009246ae5fff5280094ffffffffffffff92
:1091b800ffffe13b00002179b3d2e5f8f7e3b4669d
:1091c8000a000000b8ffffffffffffffffffffffe0
:1091d800ffffff44b8ffffffffffffffffffffff99
:1091e800ffffff440204040404047affff0f040491
:1091f8000404040100000000000078ffff0c0000d8
:109208000000000000000000000078ffff0c0000d4
:109218000000000000000000000078ffff0c0000c4
:109228000000000000000000000078ffff0c0000b4
:109238000000000000000000000078ffff0c0000a4
:109248000000000000000000000078ffff0c000094
:109258000000000000000000000078ffff0c000084
:109268000000000000000000000078ffff0c000074
:109278000000000000000000000078ffff0c000064
:109288000000000000000000000078ffff0c000054
:109298000000000000000000000078ffff0c000044
:1092a8000000000000000000000078ffff0c000034
:1092b8000000000000000000000078ffff0c000024
:1092c8000000000000000000000078ffff0c000014
:1092d8000000000000000000000078ffff0c000004
:1092e8000000000000000000000078ffff0c0000f4
:1092f8000000000000000000000078ffff0c0000e4
:10930800000000007cffff0c0000000000000000cf
:109318000094ffec7cffff0c000000000000000040
:109328000094ffec7cffff0c000000000000000030
:109338000094ffec7cffff0c000000000000000020
:109348000094ffec7cffff0c000000000000000010
:109358000094ffec7cffff0c000000000000000000
:109368000094ffec7cffff0c0000000000000000f0
:109378000094ffec7cffff0c0000000000000000e0
:109388000094ffec7cffff0c0000000000000000d0
:109398000094ffec7cffff0c0000000000000000c0
:1093a8000094ffec7cffff0c0000000000000000b0
:1093b8000094ffec7cffff0c0000000000000000a0
:1093c8000094ffec7bffff0c000000000000000091
:1093d8000094ffeb6dffff16000000000000000086
:1093e80000a0ffd74cffff3c000000000000000079
:1093f80000caffb80ff9ff95000000000000000048
:1094080028feff6c0099fffb440000000000000ae2
:10941800c4ffee130012defffa913910091e5dd465
:10942800ffff510000001fcdffffffffffffffff01
:10943800ed4e00000000000255a9dff5f6debd6a1a
:1094480012000000d2ffcc00000000000000000065
:109458000010f8ff9d77ffff2700000000000000c4
:10946800000063ffff421dfeff81000000000000b6
:10947800000000bdffe40200c0ffda0000000000a9
:1094880000000019fdff8b000065ffff350000009c
:109498000000000071ffff30000010f8ff8f00008f
:1094a8000000000000caffd500000000aeffe60281
:1094b800000000000024ffff790000000053ffffb8
:1094c8004300000000007efffe1f0000000007efc1
:1094d800ff9d0000000000d7ffc200000000000050
:1094e8009cfff00700000032ffff6700000000004b
:1094f8000041ffff520000008cfff912000000003d
:10950800000001e3ffac000001e3ffb00000000031
:10951800000000008afff70e003effff5500000024
:1095280000000000002effff5a0093fff108000022
:1095380000000000000000d3ffab01e3ff9e000025
:10954800000000000000000078fff233ffff420037
:109558000000000000000000001dfeffa6ffe5025d
:109568000000000000000000000000c1fffdff8cab
:1095780000000000000000000000000065ffffff81
:109588003000000000000000000000000011f8ff9b
:10959800d50000000000000087ffff180000000051
:1095a80000000086ffff5e0000000000000015febe
:1095b800ff8943ffff5900000000000000d0ffffb3
:1095c800ab0000000000000055ffff4508f7ff9ab8
:1095d8000000000000001cfffffff2060000000072
:1095e800000096fff80900bcffdb00000000000047
:1095f80066ffd7f7ff46000000000000d6ffbd0059
:109608000078ffff1d0000000000b1ff99c1ff9323
:10961800000000000017ffff79000035ffff5e0023
:1096280000000007f4ff587effe00000000000582b
:10963800ffff35000002eeff9f0000000047ffff1c
:109648001634ffff2e0000000098ffee0200000015
:10965800adffe00000000092ffcf0001e7ff7b00b4
:10966800000000d9ffad000000006affff220000e3
:1096780000ddff8500009dffc800000019ffff699d
:109688000000000026ffff63000028ffff3a0000eb
:1096980051fffe1800005affff250000000000e2fd
:1096a800ffa4000073ffec0300000cf8ff63000048
:1096b8009bffe10000000000009fffe50000beffe7
:1096c800a500000000b8ffb00000dcff9d0000000e
:1096d8000000005bffff240af9ff5a000000006c3d
:1096e800fff4051bffff5900000000000018fffff2
:1096f8005e45fffd130000000020ffff3d59fffeff
:109708001600000000000000d4ff9784ffc5000089
:1097180000000000d4ff7f96ffd100000000000089
:10972800000091ffc7b5ff7b00000000000087ff25
:10973800b7c6ff8d00000000000000004dfff2e3f7
:10974800ff300000000000003bffe7efff4900008a
:109758000000000000000dfbffffe5000000000016
:10976800000002ecfffffa0b000000000000000000
:1097780000c6ffff9b0000000000000000a3ffffe1
:10978800c10000000000000000000082ffff51003f
:109798000000000000000056ffff7d0000000000f0
:1097a8002bf9ffa300000000000000002dfbff7c48
:1097b800000080ffff4300000000000001c6ffd149
:1097c80005000006d4ffda07000000000069fffc6e
:1097d800350000000037fdff810000000018efff92
:1097e8008c0000000000008ffff928000000a9ff8e
:1097f800dc090000000000000adeffc0000048ff8e
:10980800ff41000000000000000043ffff6009de88
:10981800ff9b000000000000000000009effec9984
:10982800ffe50f0000000000000000000010e7ff47
:10983800ffff4f0000000000000000000000006b68
:10984800ffffc90000000000000000000000000346
:10985800cdfffffe3a0000000000000000000000fd
:1098680076fff0c8ffd606000000000000000000e8
:1098780022f6ff692afaff800000000000000000bd
:1098880000bbffc9020089fff92a000000000000a0
:109898000060fffc3000000be1ffc5010000000084
:1098a8000016edff8d0000000050ffff6b00000068
:1098b8000000a8ffe30c0000000000b3fff21c004a
:1098c80000004bffff5000000000000021f6ffb22f
:1098d80000000ce1ffb100000000000000007bff69
:1098e800ff560092fff41e00000000000000000672
:1098f800d7ffe811bbfff0120000000000000000d5
:1099080027fcff9233feff890000000000000000e2
:10991800acfff21500a8fff61a00000000000033a3
:10992800feff7c000023faff97000000000000bb48
:10993800ffe60a00000094fffa230000000041ff40
:10994800ff660000000016f3ffa400000000c8ff37
:10995800d703000000000080fffd2d000051ffff2d
:10996800500000000000000ce9ffb20003d5ffc55d
:1099780000000000000000006dffff3960ffff3ba2
:10998800000000000000000005dcffc2e0ffaf009f
:1099980000000000000000000059fffffffc280045
:1099a80000000000000000000001cdffff9900004a
:1099b8000000000000000000000060ffff3400000d
:1099c8000000000000000000000058ffff30000009
:1099d8000000000000000000000058ffff300000f9
:1099e8000000000000000000000058ffff300000e9
:1099f8000000000000000000000058ffff300000d9
:109a08000000000000000000000058ffff300000c8
:109a18000000000000000000000058ffff300000b8
:109a28000000000000000000000058ffff300000a8
:109a38000000000098ffffffffffffffffffffff91
:109a4800ffa498ffffffffffffffffffffffff9d42
:109a580002040404040404040404bafff8290000fe
:109a6800000000000000005effff7c000000000016
:109a78000000000016edffd1050000000000000006
:109a88000000a9fffc340000000000000000004ea8
:109a9800ffff8b0000000000000000000fe5ffdb67
:109aa800090000000000000000009afffe400000ce
:109ab8000000000000000040feff9a0000000000c7
:109ac8000000000009dbffe50f00000000000000b7
:109ad80000008bffff4e0000000000000000003374
:109ae800fcffa800000000000000000004d0ffec0c
:109af800160000000000000000007cffff5d000071
:109b08000000000000000028f8ffb7000000000077
:109b18000000000001c4fff31e0000000000000068
:109b280000006cffff6f040404040404040404032d
:109b3800e8ffffffffffffffffffffffffecf0ff66
:109b4800ffffffffffffffffffffffecc4ffffff6b
:109b5800ffff84c4ffffffffff84c4ffa5040404c4
:109b680002c4ffa400000000c4ffa400000000c459
:109b7800ffa400000000c4ffa400000000c4ffa46c
:109b880000000000c4ffa400000000c4ffa40000ff
:109b98000000c4ffa400000000c4ffa400000000ef
:109ba800c4ffa400000000c4ffa400000000c4ff1c
:109bb800a400000000c4ffa400000000c4ffa4002b
:109bc800000000c4ffa400000000c4ffa4000000bf
:109bd80000c4ffa400000000c4ffa400000000c4eb
:109be800ffa504040402c4ffffffffff84c4ffffb6
:109bf800ffffff8489ffdd0100000000000000294d
:109c0800ffff3f0000000000000000caff9e0000a8
:109c18000000000000006afff30b000000000000d5
:109c28000012f9ff5d0000000000000000acffbd5d
:109c380000000000000000004cfffe1e00000000b5
:109c480000000004e8ff7c00000000000000008d18
:109c5800ffdb00000000000000002effff3b0000bb
:109c6800000000000000cfff9b0000000000000083
:109c7800006ffff1090000000000000015faff5a0c
:109c88000000000000000000b0ffba000000000063
:109c980000000051fffd1c0000000000000005eb63
:109ca800ff79000000000000000092ffd8000000cb
:109cb800000000000033ffff380000000000000033
:109cc80000d3ff98000000000000000074ffef08b8
:109cd8004cfffffffffff84cfffffffffff80104f9
:109ce800040472fff80000000070fff80000000094
:109cf80070fff80000000070fff80000000070ff1f
:109d0800f80000000070fff80000000070fff80085
:109d180000000070fff80000000070fff80000006d
:109d28000070fff80000000070fff80000000070ed
:109d3800fff80000000070fff80000000070fff856
:109d48000000000070fff80000000070fff800003d
:109d5800000070fff80000000070fff8000000002d
:109d680070fff80104040472fff84cffffffffffc7
:109d7800f84cfffffffffff800000000000f8044d1
:109d880000000000000000000000007affe4080066
:109d9800000000000000000009e9ffff7400000057
:109da8000000000000006dffa9f7ec0d00000000a6
:109db80000000005e1fc1f91ff800000000000008a
:109dc8000060ffa70018f6f213000000000002d799
:109dd800ff3300008cff8c000000000054ffbf0020
:109de800000015f4f71b00000000ccff4b0000003a
:109df8000087ff9800000047ffd50100000000120f
:109e0800f2fa230000c0ff6200000000000082ff99
:109e1800a40039ffe70700000000000010effd2c48
:109e2800b3ff7a00000000000000007dffb00000d2
:109e3800000404040404040404040404040110ffda
:109e4800ffffffffffffffffffffff7c10ffffff8c
:109e5800ffffffffffffffffff7c00006c80801902
:109e680000005bffff9b0000007efffd3800000044
:109e78008bffd6090000007eff9200000000095aff
:109e8800a7dcf5f9e2a93b00000001daffffffffbc
:109e9800fffffffe620000008fcf702c0c1856e207
:109ea800fff10d00000400000000000042ffff4a1f
:109eb80000000000000000000005ffff6700000030
:109ec80000000000020404f8ff7000001779bde4e8
:109ed800f8ffffffffff700056f4ffffffffffffd3
:109ee800ffffff702dfaffec742e0e030000ffff3a
:109ef800708fffff34000000000007ffff70b1ff04
:109f0800e100000000000035ffff70a3fff8090022
:109f180000000005baffff7061ffffb32f0b235b42
:109f2800d3f3ebff7005c1fffffffffffff03fa872
:109f3800ff70000674cff7f5dc951e0075ff700002
:109f4800a0ffd80000000000000000000000a0fff3
:109f5800d80000000000000000000000a0ffd800aa
:109f680000000000000000000000a0ffd800000072
:109f78000000000000000000a0ffd8000000000062
:109f8800000000000000a0ffd50000000000000055
:109f980000000000a0ffce003eaee5f9e8ae4200aa
:109fa8000000a0ffc474feffffffffffff8f00004b
:109fb800a0ffeffea9380f0e40c4ffff6c00a0ff02
:109fc800ffad000000000008cfffed09a0ffff393a
:109fd80000000000000053ffff50a0fffa0400003b
:109fe800000000000fffff85a0ffe1000000000057
:109ff800000000edffa0a0ffda0000000000000054
:10a0080000e3ffaba0ffe30000000000000000ee4b
:10a01800ff9fa0fffc0700000000000012ffff8464
:10a02800a0ffff430000000000005affff4ea0ff02
:10a03800ffbc02000000000ad5ffeb07a0fff4fff9
:10a04800b33d0f0c3fc6ffff6600a0ff7c87fffff4
:10a05800ffffffffff870000a0ff410046b3e7fabc
:10a06800e8ad3f00000000000000000b68bce4f908
:10a07800e6c99327000031daffffffffffffff3d2e
:10a088000018e8ffee6f200b2859920000a1fff995
:10a0980031000000000000000af4ff9900000000f1
:10a0a8000000000041ffff4c00000000000000001d
:10a0b8005bffff2600000000000000006effff1b92
:10a0c80000000000000000005effff250000000007
:10a0d8000000000045ffff4a0000000000000000eb
:10a0e8000ff8ff96000000000000000000acfff829
:10a0f8002c000000000000000020f0ffea671b0aa7
:10a108002345973700003de5ffffffffffffff44b2
:10a118000000001274c5e8fcf3cf801300000000b3
:10a1280000000000000000a0ffd8000000000000b0
:10a138000000000000a0ffd80000000000000000a0
:10a14800000000a0ffd80000000000000000000090
:10a1580000a0ffd80000000000000000000000a0e0
:10a16800ffd80000000000000000000000a0ffd899
:10a17800000000259adef8ebbf56009cffd80000cf
:10a1880057f9ffffffffffffa58effd80032faff48
:10a19800e65a130c3194fff1ffd800b9fff82a00f2
:10a1a8000000000088ffffd815feff9b000000009c
:10a1b800000010faffd849ffff4f00000000000020
:10a1c80000c7ffd864ffff2700000000000000a5bb
:10a1d800ffd870ffff1b0000000000000099ffd8a7
:10a1e80066ffff23000000000000009fffd84cff1f
:10a1f800ff4600000000000000b7ffd818ffff8de1
:10a2080000000000000005edffd800c0fff21e00ae
:10a21800000000006dffffd8003afcffde54120a70
:10a228002b86fceeffd8000061fbffffffffffff5e
:10a23800a366ffd80000002a9ee1f9ebbf58003959
:10a24800ffd800000000000c6cc7eaf5d89327007f
:10a258000000000027dafffffffffffff75b0000a9
:10a268000010e4ffde55130b39bffffb34000095e7
:10a27800fff31f0000000008e2ffbe0005efff85a6
:10a2880000000000000076fffd183dffff450404b4
:10a29800040404044dffff405affffffffffffffc8
:10a2a800ffffffffff576dfffffffffffffffffff0
:10a2b800ffffff5c5dffff220000000000000000c0
:10a2c800000042ffff4700000000000000000000ff
:10a2d80009f2ff9b00000000000000000000009849
:10a2e800fffb410000000000000000000010deff3e
:10a2f800f8852d0b0b1f4f9f9e00000024ccfffffd
:10a30800ffffffffffffb000000000055bb3dff8b1
:10a31800f9e5ba6d1b000000000000001089d8f8ac
:10a32800f1d47600000010d9ffffffffff80000086
:10a338000082ffff7d18153e19000000cbffc80002
:10a3480000000000000000ebff9400000000000087
:10a358000001f4ff8400000000002a8de3ffffffe6
:10a36800ffffff4c0094ffffffffffffffff4c00c4
:10a37800020404f4ff850404040100000000f4ff53
:10a38800840000000000000000f4ff8400000000ca
:10a3980000000000f4ff840000000000000000f44a
:10a3a800ff840000000000000000f4ff84000000ab
:10a3b8000000000000f4ff8400000000000000001e
:10a3c800f4ff840000000000000000f4ff84000097
:10a3d800000000000000f4ff8400000000000000fe
:10a3e80000f4ff840000000000000000f4ff840077
:10a3f80000000000000000f4ff84000000000000de
:10a40800000000239adff8ebba560033ffd80000ab
:10a418004df7ffffffffffffaa5cffd80026f7fffd
:10a42800e659120d349effeeffd800acfff7290065
:10a438000000000088ffffd810fbff960000000016
:10a4480000000cf5ffd845ffff4b0000000000009e
:10a4580000bfffd864ffff26000000000000009d39
:10a46800ffd870ffff1b0000000000000091ffd81c
:10a4780065ffff250000000000000096ffd849ff97
:10a48800ff4700000000000000adffd814fdff8f5b
:10a4980000000000000002e5ffd800b7fff320002d
:10a4a8000000000065ffffd80032fbffe156120aea
:10a4b8002b87fcf1ffd800005bfbffffffffffffce
:10a4c800ad94ffd8000000299ee1f9edc05f019727
:10a4d800ffd800000000000000000000009bffd52e
:10a4e8000000000000000000000000b3ffc50000ed
:10a4f800000000000000000009efff9e00110700a7
:10a5080000000000000089ffff550048e68e4a2041
:10a518000d092f9effffd2030048ffffffffffff3b
:10a52800ffffffd9230000095ca2d1eefbf9e8bace
:10a538006b0a0000a0ffd800000000000000000027
:10a548000000a0ffd800000000000000000000008c
:10a55800a0ffd80000000000000000000000a0ffdd
:10a56800d80000000000000000000000a0ffd80094
:10a5780000000000000000000000a0ffd80000005c
:10a588000000000000000000a0ffd20035a3e3fa9d
:10a59800efc56e050000a0ffc16dfdffffffffffc7
:10a5a800ffc30800a0ffecfdba4312103abeffff3c
:10a5b8007800a0ffffbf030000000008e0ffce0006
:10a5c800a0ffff440000000000008dfff800a0ff7e
:10a5d800fb060000000000006dffff06a0ffe20080
:10a5e80000000000000068ffff08a0ffd80000007e
:10a5f8000000000068ffff08a0ffd800000000006e
:10a60800000068ffff08a0ffd8000000000000005d
:10a6180068ffff08a0ffd80000000000000068ffe6
:10a62800ff08a0ffd80000000000000068ffff0836
:10a63800a0ffd80000000000000068ffff08a0ff8e
:10a64800d80000000000000068ffff08a0ffd80045
:10a6580000000000000068ffff0800006cf4a5007f
:10a66800c6ffff066df4a500000000000000000012
:10a6780000000000a0ffd800a0ffd800a0ffd8006d
:10a68800a0ffd800a0ffd800a0ffd800a0ffd800e6
:10a69800a0ffd800a0ffd800a0ffd800a0ffd800d6
:10a6a800a0ffd800a0ffd800a0ffd800a0ffd800c6
:10a6b800000000006cf4a50000000000c6ffff06c3
:10a6c800000000006df4a50000000000000000007c
:10a6d8000000000000000000000000000000000072
:10a6e80000000000a0ffd80000000000a0ffd80074
:10a6f80000000000a0ffd80000000000a0ffd80064
:10a7080000000000a0ffd80000000000a0ffd80053
:10a7180000000000a0ffd80000000000a0ffd80043
:10a7280000000000a0ffd80000000000a0ffd80033
:10a7380000000000a0ffd80000000000a0ffd80023
:10a7480000000000a0ffd80000000000a0ffd80013
:10a7580000000000a0ffd80000000000a0ffd80003
:10a7680000000000a0ffd80000000000a2ffd500f4
:10a7780000000000c1ffc1001f130e62feff84002d
:10a788008cffffffffeb180069e8fbecad2700002a
:10a79800a0ffd000000000000000000000a0ffd0d3
:10a7a80000000000000000000000a0ffd000000032
:10a7b80000000000000000a0ffd000000000000022
:10a7c80000000000a0ffd000000000000000000012
:10a7d80000a0ffd000000000000000000000a0ff63
:10a7e800d0000000000029ebffc40aa0ffd0000041
:10a7f800000021e5ffce0f00a0ffd00000001add09
:10a80800ffd6140000a0ffd0000014d5ffde1b0007
:10a818000000a0ffcf000ecdffe52200000000a041
:10a82800ffca04bdffeb2a0000000000a0ffbd9294
:10a83800ffff69000000000000a0fff0ffffffe835
:10a84800190000000000a0ffffd749f4ffc0030073
:10a85800000000a0ffe410005dffff86000000007c
:10a86800a0ffd00000009efffe4a000000a0ffd01d
:10a878000000000ad5ffed1e0000a0ffd000000078
:10a88800002bf5ffc70500a0ffd000000000006204
:10a89800ffff9000a0ffd0000000000000a3ffff12
:10a8a80053000000a0ffd8a0ffd8a0ffd8a0ffd871
:10a8b800a0ffd8a0ffd8a0ffd8a0ffd8a0ffd8a09d
:10a8c800ffd8a0ffd8a0ffd8a0ffd8a0ffd8a0ff2e
:10a8d800d8a0ffd8a0ffd8a0ffd8a0ffd8a0ffd845
:10a8e800a0ffd800a0ff730041b0e9f8e1a22e0054
:10a8f800001789d6f6f4ce780700a0ff9c78fffff2
:10a90800fffffffff64137ecffffffffffffc0042b
:10a91800a0ffeefea2310c2075f8ffe0e5e7611a12
:10a928000d35bfffff63a0ffffad000000000087eb
:10a93800fffffb2e000000000decffb3a0ffff3966
:10a94800000000000035ffffb1000000000000a972
:10a95800ffd9a0fff904000000000018ffff7700ee
:10a9680000000000008cffe6a0ffe10000000000ee
:10a978000014ffff6000000000000088ffe8a0ff4f
:10a98800d800000000000014ffff5c000000000079
:10a998000088ffe8a0ffd800000000000014ffffb7
:10a9a8005c00000000000088ffe8a0ffd80000005d
:10a9b80000000014ffff5c00000000000088ffe8b2
:10a9c800a0ffd800000000000014ffff5c0000009a
:10a9d80000000088ffe8a0ffd80000000000001475
:10a9e800ffff5c00000000000088ffe8a0ffd8001f
:10a9f800000000000014ffff5c0000000000008859
:10aa0800ffe8a0ffd800000000000014ffff5c0072
:10aa1800000000000088ffe8a0ffd8000000000048
:10aa28000014ffff5c00000000000088ffe8000041
:10aa3800a0ff730036a2e2f9f0c670060000a0ff7e
:10aa48009c72fdffffffffffffc30800a0ffeefea3
:10aa5800bb4312103abeffff7800a0ffffc00300ff
:10aa680000000008e0ffcf00a0ffff440000000046
:10aa780000008dfff800a0fffb06000000000000aa
:10aa88006dffff06a0ffe20000000000000068ff65
:10aa9800ff08a0ffd80000000000000068ffff08c2
:10aaa800a0ffd80000000000000068ffff08a0ff1a
:10aab800d80000000000000068ffff08a0ffd800d1
:10aac80000000000000068ffff08a0ffd800000099
:10aad8000000000068ffff08a0ffd8000000000089
:10aae800000068ffff08a0ffd80000000000000079
:10aaf80068ffff08a0ffd80000000000000068ff02
:10ab0800ff080000000000096fbfeaf9e2b95b0521
:10ab180000000000002ddfffffffffffffffc81d43
:10ab280000000019e9ffea681d0a2171f1ffd60942
:10ab38000000a0fff82c000000000039fcff87008f
:10ab48000cf9ff9800000000000000a4ffe803448f
:10ab5800ffff4b0000000000000055ffff3663ffb9
:10ab6800ff25000000000000002effff526effffcf
:10ab78001b0000000000000023ffff665affff27ac
:10ab88000000000000000030ffff583dffff5000ac
:10ab98000000000000005affff3705ecffa000008e
:10aba8000000000000abfff305008dfffb33000041
:10abb8000000003dfdff8f00000bdaffed6c1d0962
:10abc8002072f2ffde1000000020cdffffffffff24
:10abd800ffffd4220000000000075fbce5faeabbd3
:10abe8006505000000000000a0ff76003aade5f919
:10abf800e8af45000000a0ff9c6afcffffffffffd5
:10ac0800ff910100a0ffebfdae3a0f0f44cdffff0f
:10ac18006f00a0ffffb000000000000ee0ffee098b
:10ac2800a0ffff3600000000000071ffff51a0ffe9
:10ac3800f6030000000000001affff86a0ffdf00f7
:10ac480000000000000001f9ffa0a0ffd9000000eb
:10ac58000000000000e5ffaba0ffe40000000000da
:10ac6800000000f3ff9fa0fffd08000000000000a7
:10ac78001dffff83a0ffff470000000000006affe0
:10ac8800ff4ca0ffffc0030000000014e1ffea062c
:10ac9800a0fff6ffb73e10114ad4ffff6500a0ffe2
:10aca800b787ffffffffffffff890000a0ffc90074
:10acb80046b2e7fae8ae40000000a0ffd600000068
:10acc8000000000000000000a0ffd8000000000005
:10acd800000000000000a0ffd800000000000000f5
:10ace80000000000a0ffd8000000000000000000e5
:10acf8000000a0ffd80000000000000000000000d5
:10ad0800a0ffd80000000000000000000000a0ff25
:10ad1800d800000000000000000000000000002132
:10ad280097ddf8eabf570034ffd8000050f7ffff5f
:10ad3800ffffffffa35effd8002ef8ffe458130db6
:10ad48003297ffe8ffd800b6fff7270000000000a1
:10ad58008affffd813fdff9900000000000011fad8
:10ad6800ffd849ffff4e00000000000000c7ffd8d1
:10ad780064ffff2700000000000000a6ffd870ff56
:10ad8800ff1b0000000000000099ffd865ffff24aa
:10ad980000000000000000a0ffd84bffff460000a5
:10ada8000000000000bbffd817ffff8d0000000067
:10adb800000007f0ffd800bdfff11d0000000000f3
:10adc80074ffffd80038fcffde53120a2c8afded11
:10add800ffd800005efbffffffffffffa08fffd83b
:10ade8000000002aa0e2f9eabd55009cffd8000047
:10adf8000000000000000000009fffd800000000d5
:10ae080000000000000000a0ffd8000000000000c3
:10ae18000000000000a0ffd80000000000000000b3
:10ae2800000000a0ffd800000000000000000000a3
:10ae380000a0ffd80000000000000000000000a0f3
:10ae4800ffd80000000000000000000000a0ffd8ac
:10ae5800a0ff6f001691defdff13a0ff8826e2ff1a
:10ae6800fffff300a0ffacd8f0701e0f3700a0ff63
:10ae7800fff12a0000000000a0ffff6e00000000a4
:10ae88000000a0fffd10000000000000a0ffe5008a
:10ae9800000000000000a0ffd80000000000000033
:10aea800a0ffd800000000000000a0ffd8000000ac
:10aeb80000000000a0ffd800000000000000a0ff74
:10aec800d800000000000000a0ffd800000000002b
:10aed8000000a0ffd800000000000000a0ffd8007c
:10aee8000000000000000000000038a0d4f0f9e6df
:10aef800b96e1d000099ffffffffffffffffa300d2
:10af08004dffff9b2e0d0f3782df3a008affdd00d1
:10af180000000000000100007cffef1300000000ab
:10af28000000000025f8ffdf5a05000000000000bf
:10af38000045e7ffffe98d2b0000000000000c70c2
:10af4800d9ffffffbb31000000000000003fa8fc54
:10af5800fffb5000000000000000002cdaffe603b1
:10af6800000000000000000051ffff1d0500000068
:10af78000000000069ffff1289b8672e0f071d65e2
:10af8800f3ffc2008cffffffffffffffffdf25007d
:10af98001269bce7f9fbeabe700b00000000003f35
:10afa800800600000000000000b8ff0c0000000050
:10afb80000000bf8ff0c0000000000005affff0c17
:10afc8000000000030b3feffffffffffff608cffb3
:10afd800ffffffffffffff6002046effff0f040487
:10afe800040100006cffff0c0000000000006cff73
:10aff800ff0c0000000000006cffff0c00000000c8
:10b0080000006cffff0c0000000000006cffff0c4c
:10b018000000000000006cffff0c000000000000b2
:10b028006cffff0c00000000000068ffff1200002a
:10b038000000000053ffff400000000000001bfd5f
:10b04800ffd3350a1b1f00000092ffffffffff7ca4
:10b05800000000036ccef5f4d6500000c8ffb40021
:10b068000000000000008cffecc8ffb400000000e6
:10b078000000008cffecc8ffb400000000000000d6
:10b088008cffecc8ffb4000000000000008cffec4f
:10b09800c8ffb4000000000000008cffecc8ffb43b
:10b0a800000000000000008cffecc8ffb4000000a6
:10b0b800000000008cffecc8ffb400000000000096
:10b0c800008cffecc8ffb40000000000000097fff0
:10b0d800ecc7ffb800000000000000b7ffecbaffa3
:10b0e800d700000000000008f2ffec92fffd3200dc
:10b0f800000000007cffffec3dffffe053180c3020
:10b1080090fef2ffec0094ffffffffffffffbe5e23
:10b11800ffec000053b7eafbecbd63022dffec0027
:10b12800cfffcd000000000000000097fff70f6e72
:10b13800ffff2a00000000000005ecffa50013f93e
:10b14800ff870000000000004fffff440000acff35
:10b15800e2010000000000abffe10100004bffff2f
:10b1680040000000000ff7ff8100000003e6ff9d8c
:10b178000000000064fffe210000000089fff109c3
:10b18800000000c0ffbe000000000028ffff5700bd
:10b19800001efeff5d000000000000c7ffb30000b6
:10b1a80078fff10a00000000000066fffa1200d4e0
:10b1b800ff9a000000000000000ef6ff612dffff5f
:10b1c800390000000000000000a4ffad81ffd70097
:10b1d800000000000000000043ffefcdff760000f4
:10b1e8000000000000000001e0fffffc1900000063
:10b1f8000000000000000081ffffb4000000000014
:10b20800000000008dfff506000000000079ffff38
:10b2180086000000000002efff8f47ffff3e00009e
:10b22800000000c9ffffd5000000000036ffff48fe
:10b2380009f7ff80000000001afef4f8ff23000061
:10b24800000079fff80900bbffc2000000006aff98
:10b25800bdc8ff7100000000bdffba000075fff90e
:10b268000a000000baff7f88ffbf00000008f7ff50
:10b278007300002fffff46000010faff373ffffb67
:10b2880011000044ffff2b000000e7ff8800005b6f
:10b29800ffeb0204f0ff5b000087ffe40000000002
:10b2a800a2ffca0000acff9d0000a8ffa90000cac9
:10b2b800ff9d000000005cfffc0e07f3ff4b000041
:10b2c8005afff1040efcff560000000017feff496c
:10b2d80046fff207000010fbff3d4bfffd12000088
:10b2e800000000d0ff8689ffa800000000bdff8293
:10b2f80089ffc70000000000008affbcc6ff560097
:10b308000000006fffc3c2ff80000000000000447f
:10b31800ffeff7f70c0000000020fff5f2ff3900ff
:10b32800000000000007f6ffffb200000000000068
:10b33800d2ffffef0300000000000000b7ffff602e
:10b3480000000000000083ffffab000000000000c9
:10b358000bdaffdb0b000000000022f4ffad000059
:10b3680035fbff950000000001c1ffe51300000058
:10b378007bfffe4400000070fffe45000000000255
:10b38800c3ffe20e0026f6ff8e000000000000203a
:10b39800f0ff9f02c6ffd207000000000000005b1c
:10b3a800ffffb1fff82c000000000000000000a61d
:10b3b800ffffff700000000000000000000042ffd7
:10b3c800fff7120000000000000000000bd9ffff8b
:10b3d800ffaa0000000000000000009afff467feca
:10b3e800ff610000000000000050ffff660092ffb0
:10b3f800f324000000000019ebffb4000009d9ff96
:10b40800ca0500000001b9ffeb1800000037fcff77
:10b418008600000070ffff52000000000084fffd5e
:10b428003f002df8ffa000000000000005ceffe25d
:10b4380011000000c6ffd700000000000000008ec9
:10b44800fffd1a60ffff3700000000000002e5ff63
:10b45800b8000af0ff9700000000000043ffff5803
:10b46800000096ffef0800000000009efff00800b3
:10b478000031ffff570000000007f0ff99000000af
:10b4880000ccffb70000000053ffff3900000000a8
:10b4980066fffc1a000000aeffd800000000000d97
:10b4a800f4ff7700000ff8ff790000000000009c0f
:10b4b800ffd6000062fffd1c00000000000037ffff
:10b4c800ff3000b7ffba0000000000000000d1ff05
:10b4d8008710faff5a00000000000000006cffd33c
:10b4e8005afff109000000000000000010f6ffbd3f
:10b4f800ff9b00000000000000000000a2ffffff0b
:10b508003b000000000000000000003dffffda00e3
:10b51800000000000000000000000dfcff7b0000a0
:10b5280000000000000000000065fffd1e00000094
:10b538000000000000000000ceffb5000000000081
:10b548000000000000005fffff3d00000000000059
:10b5580000140a196ef7ffaf000000000000000099
:10b56800b0ffffffffdb11000000000000000096a5
:10b57800f4fbe0921400000000000000000000004e
:10b5880070ffffffffffffffffffe00070ffffffff
:10b59800ffffffffffffdf00010404040404043978
:10b5a800fbff7d000000000000000cdbffc1030072
:10b5b8000000000000009fffee1d000000000000da
:10b5c8000055ffff53000000000000001deeff9a29
:10b5d8000000000000000002c0ffd70a00000000c1
:10b5e8000000007afff8300000000000000036fb81
:10b5f800ff6f000000000000000cdbffb601000038
:10b6080000000000009fffe7160000000000000097
:10b6180056fffe4a0404040404040400dfffffff8d
:10b62800ffffffffffffff10e8ffffffffffffff28
:10b63800ffffff1000000000000155b4e7bb000049
:10b64800000003b0ffffffc00000000067ffffa875
:10b65800300b00000000b4ffdb0300000000000016
:10b66800caffab00000000000000ccffa4000000ef
:10b6780000000000ccffa400000000000000ccff88
:10b68800a400000000000000d3ff9f00000000009d
:10b698000011f9ff7d000000011545c8fff01a00f0
:10b6a800000038fffff0a3230000000038ffffee82
:10b6b800a02200000000001343c8fff01a00000099
:10b6c80000000012faff7e00000000000000d4ff16
:10b6d800a000000000000000ccffa4000000000053
:10b6e8000000ccffa400000000000000ccffa40074
:10b6f800000000000000caffaa00000000000000cf
:10b70800b5ffd9020000000000006bffffa52f0a5b
:10b718000000000005b8ffffffc0000000000002a5
:10b728005eb9eabc50ffbc50ffbc50ffbc50ffbc28
:10b7380050ffbc50ffbc50ffbc50ffbc50ffbc507a
:10b74800ffbc50ffbc50ffbc50ffbc50ffbc50ffbb
:10b75800bc50ffbc50ffbc50ffbc50ffbc50ffbcee
:10b7680050ffbc50ffbc50ffbc50ffbc50ffbc504a
:10b77800ffbc50ffbc50ffbc1bf6db9d3000000037
:10b7880000001cfffffffd630000000000164edcf8
:10b79800fff7160000000000003bffff5800000004
:10b7a80000000006ffff6e00000000000000ffff21
:10b7b8007000000000000000ffff700000000000a3
:10b7c8000000ffff7000000000000000fcff780090
:10b7d800000000000000dbffb000000000000000d7
:10b7e80069ffff922d0c000000000057c1feffdc2e
:10b7f800000000000051bbfeffdc0000000065fff8
:10b80800ff8a280900000000d9ffab0000000000f3
:10b818000000fcff7600000000000000ffff700041
:10b82800000000000000ffff7000000000000000a2
:10b83800ffff7000000000000007ffff6e0000001f
:10b848000000003cffff5700000000154eddfff52b
:10b85800140000001cfffffffb5a000000001bf74c
:10b86800da982900000000000043c4f6e7bb5e0533
:10b8780000000000116750fdffffffffffe070258b
:10b888000f4fdd9898de500f2772e2ffffffffff92
:10b89800fc4d671100000000055dbae7f6c33f00e4
:020000040000fa
:020000040c01ed
:10b8a800ffffffffffffffffffffffffffffffffa0
:10b8b800deffbbfe96f551f40df34bea29ea6bea7d
:10b8c8000df372f4d7f51cffffffffffffff9ef794
:10b8d8009ef7ffffffffffffffffffffffffffffd9
:10b8e800ffffffffffffffffffffffffffffffff60
:10b8f800ffffffffffffffffffffffffffffffff50
:10b90800ffffffffffffffffffffffffffffffff3f
:10b91800ffffffffffffffffffffffffffffffff2f
:10b92800ffffffffffffffffffffffffffffffff1f
:10b93800ffffffffffffffffffffffffffffffff0f
:10b94800ffffffffffffffffffffffffffffffffff
:10b95800ffffffffffffffffffffffffffffffffef
:10b96800ffffffffffffffffffffffffffffffffdf
:10b97800ffffffffffffffffffffffffffffffffcf
:10b98800ffffffffffffffffffffffffffffffffbf
:10b99800ffffffffffffffffffffffffffff79fe36
:10b9a800ecea68e9e6e8e6e8e6e8e6e8e6e8e6e894
:10b9b800e6e8e6e806e988e952f4dfff3ce7ae731b
:10b9c80092949defffffffffffffffffffffffffc9
:10b9d800ffffffffffffffffffffffffffffffff6f
:10b9e800ffffffffffffffffffffffffffffffff5f
:10b9f800ffffffffffffffffffffffffffffffff4f
:10ba0800ffffffffffffffffffffffffffffffff3e
:10ba1800ffffffffffffffffffffffffffffffff2e
:10ba2800ffffffffffffffffffffffffffffffff1e
:10ba3800ffffffffffffffffffffffffffffffff0e
:10ba4800fffffffffffffffffffffffffffffffffe
:10ba5800ffffffffffffffffffffffffffffffffee
:10ba6800ffffffffffffffffffffffffffffffffde
:10ba7800ffffffffffffffffffffffffffffffffce
:10ba8800ffffffffffffffffffff1cfff0f306e9cb
:10ba9800e6e8e6e8e6e8e6e8e6e8e6e8e6e8e6e82e
:10baa800e6e8e6e8e6e8e6e847e959febad68e733e
:10bab8008e735ce7ffffffffffffffffffffffff46
:10bac800ffffffffffffffffffffffffffffffff7e
:10bad800ffffffffffffffffffffffffffffffff6e
:10bae800ffffffffffffffffffffffffffffffff5e
:10baf800ffffffffffffffffffffffffffffffff4e
:10bb0800ffffffffffffffffffffffffffffffff3d
:10bb1800ffffffffffffffffffffffffffffffff2d
:10bb2800ffffffffffffffffffffffffffffffff1d
:10bb3800ffffffffffffffffffffffffffffffff0d
:10bb4800fffffffffffffffffffffffffffffffffd
:10bb5800ffffffffffffffffffffffffffffffffed
:10bb6800ffffffffffffffffffffffffffffffffdd
:10bb7800ffffffffffffffff79fee9e9e6e8e6e8e0
:10bb8800e6e8e6e8e6e8e6e8e6e8e6e8e6e8e6e83d
:10bb9800e6e8e6e8e6e8e6e8e6e80aea7df779cee8
:10bba80079cedfffffffffffffffffffffffffff74
:10bbb800ffffffffffffffffffffffffffffffff8d
:10bbc800ffffffffffffffffffffffffffffffff7d
:10bbd800ffffffffffffffffffffffffffffffff6d
:10bbe800ffffffffffffffffffffffffffffffff5d
:10bbf800ffffffffffffffffffffffffffffffff4d
:10bc0800ffffffffffffffffffffffffffffffff3c
:10bc1800ffffffffffffffffffffffffffffffff2c
:10bc2800ffffffffffffffffffffffffffffffff1c
:10bc3800ffffffffffffffffffffffffffffffff0c
:10bc4800fffffffffffffffffffffffffffffffffc
:10bc5800ffffffffffffffffffffffffffffffffec
:10bc6800ffffffffffff38f688e9e6e8e6e8e6e8c9
:10bc7800e6e8e6e8e6e8e6e8e6e8e6e8e6e8e6e84c
:10bc8800e6e8e6e8e6e8e6e8e6e8e6e852f4dfffb4
:10bc9800ffffffffffffffffffffffffffffffffac
:10bca800ffffffffdfff1ce77defffffffffffff49
:10bcb800ffffffffffffffff9def1bdfffffffff02
:10bcc800ffffffffffffffffffffffffffffffff7c
:10bcd800ffffffffffffffffffffffffffffffff6c
:10bce800ffffffffffffffffffffffffffffffff5c
:10bcf800ffffffffffffffffffffffffffffffff4c
:10bd0800ffffffffffffffffffffffffffffffff3b
:10bd1800ffffffffffffffffffffffffffffffff2b
:10bd2800ffffffffffffffffffffffffffffffff1b
:10bd3800ffffffffffffffffffffffffffffffff0b
:10bd4800fffffffffffffffffffffffffffffffffb
:10bd5800ffffffffbafea8e9e6e8e6e8e6e8e6e85e
:10bd680026e96ef3c8e9e6e8e6e8e6e8e6e8e6e8a4
:10bd7800e6e8e6e847e92df347e9e6e888e9dbfe87
:10bd8800ffffffffffffffffffffffffffffffffbb
:10bd9800ffffffff55ad0421c739fbdeffffffffa3
:10bda800ffffffffffff5ce7a631e318b294ffff38
:10bdb800ffffffffffffffffffffffffffffffff8b
:10bdc800ffffffffffffffffffffffffffffffff7b
:10bdd800ffffffffffffffffffffffffffffffff6b
:10bde800ffffffffffffffffffffffffffffffff5b
:10bdf800ffffffffffffffffffffffffffffffff4b
:10be0800ffffffffffffffffffffffffffffffff3a
:10be1800ffffffffffffffffffffffffffffffff2a
:10be2800ffffffffffffffffffffffffffffffff1a
:10be3800ffffffffffffffffffffffffffffffff0a
:10be4800ffffdeffedeae6e8e6e8e6e8e6e8e6e832
:10be5800d3f4ffffbafea8e9e6e8e6e8e6e8e6e894
:10be6800e6e806e955f5ffff17f647e9e6e8edeae3
:10be7800beffffffffffffffffffffffffffffff0b
:10be8800ffffffffe739000000008e73ffffffff91
:10be9800ffffffffdfffeb5a000000002842bef75c
:10bea800ffffffffffffffffffffffffffffffff9a
:10beb800ffffffffffffffffffffffffffffffff8a
:10bec800ffffffffffffffffffffffffffffffff7a
:10bed800ffffffffffffffffffffffffffffffff6a
:10bee800ffffffffffffffffffffffffffffffff5a
:10bef800ffffffffffffffffffffffffffffffff4a
:10bf0800ffffffffffffffffffffffffffffffff39
:10bf1800ffffffffffffffffffffffffffffffff29
:10bf2800ffffffffffffffffffffffffffffffff19
:10bf3800ffffd3f4e6e8e6e8e6e8e6e8e6e86df3ce
:10bf4800deffffffffff13f5e6e8e6e8e6e8e6e8d0
:10bf5800e6e830f4dfffffffdeffcff3e6e8e6e8d0
:10bf6800b3f4ffffffffffffffffffffffffffff30
:10bf7800ffffdef704210000000082103ce7ffff0e
:10bf8800fffffffffbdee4200000000065295deff6
:10bf9800ffffffffffffffffffffffffffffffffa9
:10bfa800ffffffffffffffffffffffffffffffff99
:10bfb800ffffffffffffffffffffffffffffffff89
:10bfc800ffffffffffffffffffffffffffffffff79
:10bfd800ffffffffffffffffffffffffffffffff69
:10bfe800ffffffffffffffffffffffffffffffff59
:10bff800ffffffffffffffffffffffffffffffff49
:10c00800ffffffffffffffffffffffffffffffff38
:10c01800ffffffffffffffffffffffffffffffff28
:10c028005cffc9e9e6e8e6e8e6e8e6e809ea3cff95
:10c03800ffffffffffffdfff0cf3e6e8e6e8e6e8b7
:10c048006aea5dffffffffffffff9dff2aeae6e8c0
:10c05800e9e91cfffffffffffffffffffffffffff7
:10c06800ffff7defa210000000000000718cffffb1
:10c07800ffffffff34a5210800000000e3181ce7bc
:10c08800ffffd39c4d6bae73bef7dfff75ad2c631e
:10c09800aa52aa52aa52aa52ab5acf7b3ce73ce713
:10c0a8006d6b4d6b4d6b4d6b4d6b4d6b6d6b718c43
:10c0b800fbdeffffbef796b54d6baa52aa52aa52f5
:10c0c800aa52cb5a92947defffffffffb6b56d6b76
:10c0d800aa52aa52aa52aa52cb5aae731bdf3ce705
:10c0e8004d6b4d6b1bdfffffffffffff79ce4d6be5
:10c0f80030849ef755ad4d6b3084bef792944d6bee
:10c108004d6b4d6b4d6b4d6b4d6bef7bf7bddfff93
:10c11800d7f506e9e6e8e6e8e6e8e6e896f5ffff9b
:10c12800ffffffffffffffff79fe67e9e6e806e98b
:10c1380058feffffffffffffffffffffd6f526e9d1
:10c14800e6e86febffffffffffffffffffffffffcb
:10c15800ffff3ce7410800000000000008429ef78e
:10c16800ffffffff294a0000000000008210bad636
:10c17800ffff8a520000c3189def14a54108000074
:10c18800000000000000000000000000718cbad61a
:10c19800210800000000000000000000000000006e
:10c1a800cb5adef7b6b562100000000000000000b0
:10c1b8000000000020002c63ffffd7bd61080000cd
:10c1c80000000000000000000000000010849ad663
:10c1d8000000000059ceffffffffffff55ad000034
:10c1e80086317def8e73000086317def2842000096
:10c1f800000000000000000000000000a210bad6f5
:10c2080010f4e6e8e6e8e6e8e6e8e6e875f5ffffb4
:10c21800ffffffffffffffffffff30f4e6e826e91f
:10c2280058feffffffffffffffffffffbeff2df3dd
:10c23800e6e8e6e896f5ffffffffffffffffffffd9
:10c24800ffff79ce00000000e3180000821099cead
:10c25800ffff9ad64108000082102000410859cefd
:10c26800ffff8a520000c3185defe841000000009c
:10c278006210a318a318a318a318a31810849ad699
:10c2880021080000a210a318a318a3184108000051
:10c2980045295ce7ae7300000000a21004210421c8
:10c2a800c3182000000061089def494a0000000003
:10c2b8004108a318a318a318a318a31810849ad682
:10c2c8000000000059ceffffffffffff55ad000043
:10c2d80086317def8e73000086317def28420000a5
:10c2e8004108a318a318a318821000000000518c5d
:10c2f8006aeae6e8e6e8e6e8e6e8e6e809ea5dff8d
:10c30800ffffffffffffffffffffbeff6aeae6e850
:10c31800ccea9effffffffffffffffffffff5cff71
:10c32800a8e9e6e82aea7dffffffffffffffffff1e
:10c33800ffff34a500000000cf7b41080000cf7b41
:10c34800dfffeb5a000000004d6b82102108d7bdbb
:10c35800ffff8a520000c3181ce7652900008631d8
:10c36800bad6fbdefbdefbdefbdefbde7def9ad61c
:10c378002108000079cefbdefbdefbded29421082b
:10c38800e3181bdfcb5a0000863199ce1ce71ce767
:10c398001bdf0c6300000000bad6663100000421e0
:10c3a8009ad6fbdefbdefbdefbdefbde7def9ad6fc
:10c3b8000000000059ceffffffffffff55ad000052
:10c3c80086317def8e73000086317def28420000b4
:10c3d8006d6bfbdefbdefbdebad604210000ec62ef
:10c3e80046e9e6e8e6e847e954f5c8e9e6e830f45e
:10c3f800fffffffffffffffffffffffff7f527e945
:10c4080006e954f5fffffffffffffffffffffffff8
:10c4180054f506e9e6e852f4ffffffffffffffffd0
:10c42800ffffcf7b00002000f7bd24210000a210f1
:10c4380059ce04210000c31838c6c318000034a51b
:10c44800ffff8a520000c3181ce765290000518cc1
:10c45800ffffffffffffffffffffffffffffbad652
:10c46800210800007defffffffffffffd7bd410858
:10c47800e4201ce708420000eb5affffffffffff24
:10c48800ffff18c600000000bad6652900002c631b
:10c49800ffffffffffffffffffffffffffffbad612
:10c4a800000000000421452945294529e31800001a
:10c4b80086317def8e73000086317def28420000c3
:10c4c800ef7bffffffffffffffffc73900008a5226
:10c4d800e6e8e6e806e955f5ffff54f5e6e806e97b
:10c4e800f7f5ffffffffffffffffffffdeff6ef324
:10c4f800e6e867e9fafeffffffffffffffffffff28
:10c508009dff6beae6e806e918feffffffffffff65
:10c51800ffffcb5a000062103ce74d6b00000000a3
:10c52800e73921080000ef7b1ce7e4200000ef7bdf
:10c53800ffff8a520000c3181ce765290000b29467
:10c54800ffffffffffffffffffffffffffffbad661
:10c55800210800008e73cf7bcf7bcf7b494a000038
:10c5680086317def08420000eb5affffffffffff17
:10c57800ffff58c600000000bad6652900006d6ba1
:10c58800ffffffffffffffffffffffffffffbad621
:10c598000000000000000000000000000000000093
:10c5a80086317def8e73000086317def28420000d2
:10c5b800494ab294b294b294518ca21000002c63f0
:10c5c800e6e8e6e82df3beffffffffff4df3e6e8e0
:10c5d8008bea7dffffffffffffffffffffff7cfff1
:10c5e800e9e9e6e84df3beffffffffffffffffffae
:10c5f800ffffb9fe67e9e6e8acea9effffffffff31
:10c60800def7294a0000a3187defdad641080000ba
:10c6180000000000821099ce7def24210000aa526c
:10c62800ffff8a520000c3181ce765290000929496
:10c63800ffffffffffffffffffffffffffffbad670
:10c6480021080000000000000000000000000000b9
:10c658001084ffff08420000eb5affffffffffffb7
:10c66800ffff58c600000000bad6652900006d6bb0
:10c67800ffffffffffffffffffffffffffffbad630
:10c6880000000000c318042104210421a31800009d
:10c6980086317def8e73000086317def28420000e1
:10c6a8000000000000000000000000000000b2943c
:10c6b80046e967e93bffffffffffffff9afe67e9d7
:10c6c80006e9d3f4ffffffffffffffffffffffffb8
:10c6d80076f506e926e9f7f5ffffffffffffffff05
:10c6e800ffffffffb2f4e6e847e9fbfeffffffffad
:10c6f800bef7a6310000e420dfffffff694a000013
:10c708000000000008429ef79ef786310000652968
:10c71800ffff8a520000c3181ce7652900002c633c
:10c72800ffffffffffffffffffffffffffffbad67f
:10c7380021080000000000000000000000000000c8
:10c74800eb5adef78a520000694adef7ffffffff67
:10c75800ffff55ad00000000bad665290000494a20
:10c76800ffffffffffffffffffffffffffffbad63f
:10c7780000000000b6b51ce71ce71ce7d39c0000ce
:10c7880086317def8e73000086317def28420000f0
:10c79800000000000000000000000000e420fbdeb4
:10c7a800abeaf7f5ffffffffffffffffffff51f4c5
:10c7b800e6e826e999feffffffffffffffffffff07
:10c7c8009dffcceae6e8c8e93cffffffffffffff5b
:10c7d800ffffffff3cff2aeac9e93cffffffffff1d
:10c7e8007def24210000a631ffffffff14a52108db
:10c7f80000000000518cffffbef7e7390000e31886
:10c80800bef78a520000c3183ce7a6310000210891
:10c81800694aaa52aa52aa52aa52aa52d39c9ad692
:10c8280021080000f39c55ad55ad55adeb5a0000fd
:10c8380045295ce72c6300004108494aaa52aa52dc
:10c848008a52a210000020003ce7a739000000002f
:10c85800aa524d6b4d6b4d6b4d6b4d6bd39c9ad65d
:10c868000000000059ceffffffffffff55ad00009d
:10c8780086317def8e73000086317def28420000ff
:10c88800494ab294b294b294b294b2949ad6ffff41
:10c89800bafedeffffffffffffffffffffff58feaf
:10c8a800e6e8e6e8eceabeffffffffffffffffff59
:10c8b800ffff1bff67e9e6e8cff3dfffffffffff9e
:10c8c800ffffffffffff38f62debbeffffffffff67
:10c8d800fbdec3180000cb5affffffff1bdf24213c
:10c8e8000000a3183ce7ffffdfff294a0000821081
:10c8f8005def8a520000c3189def4d6b00000000e9
:10c908000000000000000000000000006d6b9ad6d7
:10c91800210800007defffffffffffff75ad20003e
:10c9280045293ce7f39c20000000000000000000bf
:10c93800000000000000a631dfff518c000000005d
:10c948000000000000000000000000000c639ad600
:10c958000000000059ceffffffffffff55ad0000ac
:10c9680086317def8e73000086317def284200000e
:10c97800ef7bffffffffffffffffffffffffffff53
:10c98800ffffffffffffffffffffffff9dffccea59
:10c99800e6e8e6e806e995f5ffffffffffffffff82
:10c9a800ffffbeffabeae6e867e959feffffffffbe
:10c9b800ffffffffffffffff1bffffffffffffff63
:10c9c800bad6e7394529718cffffffffffffdbde91
:10c9d800d39cdbdeffffffffffff8e734529652930
:10c9e8003ce76d6b4529e7399ef79defaa52042174
:10c9f800a318a318a318a318c3186529f7bddbde6d
:10ca0800663145299deffffffffffffff7bd652951
:10ca1800694a5def5ce7cb5a0421a318a318a31851
:10ca2800a318e318e73959ceffff9ef7aa5204214d
:10ca3800a318a318a318a318a318452975addbdefe
:10ca4800652965299ad6ffffffffffffd6b565293f
:10ca5800aa527def518c4529aa527def2c634529b6
:10ca68009294ffffffffffffffffffffffffffffa6
:10ca7800fffffffffffffffffffffffff3f406e9e4
:10ca8800e6e8e6e8e6e867e91bffffffffffffffd0
:10ca9800ffff71f4e6e8e6e8e6e84aeabeffffffd2
:10caa800ffffffffffffffffffffffffffffffff8e
:10cab800dfff5def5ce79ef7ffffffffffffffff74
:10cac800ffffffffffffffffffff9def5ce75ce756
:10cad800dfff7def5ce75defffffffffbef73ce7a1
:10cae800fbdefbdefbdefbdefbde5defffffdfffd9
:10caf8005ce75ce7ffffffffffffffffdef75ce798
:10cb08007defffffffffbef73ce7fbdefbdefbde52
:10cb1800fbde1bdf7defffffffffffffbef71ce71c
:10cb2800fbdefbdefbdefbdefbde3ce7ffffdfffc1
:10cb38005ce75ce7dfffffffffffffffbef75ce797
:10cb48007defffff9ef75ce77defffff7def5ce782
:10cb58009ef7ffffffffffffffffffffffffffff46
:10cb6800ffffffffffffffffffff79fe47e9e6e852
:10cb7800e6e8e6e8e6e8e6e86ef3beffffffffff5b
:10cb880079fe67e9e6e8e6e8e6e8e6e892f4dfff3a
:10cb9800ffffffffffffffffffffffffffffffff9d
:10cba800ffffffffffffffffffffffffffffffff8d
:10cbb800ffffffffffffffffffffffffffffffff7d
:10cbc800ffffffffffffffffffffffffffffffff6d
:10cbd800ffffffffffffffffffffffffffffffff5d
:10cbe800ffffffffffffffffffffffffffffffff4d
:10cbf800ffffffffffffffffffffffffffffffff3d
:10cc0800ffffffffffffffffffffffffffffffff2c
:10cc1800ffffffffffffffffffffffffffffffff1c
:10cc2800ffffffffffffffffffffffffffffffff0c
:10cc3800fffffffffffffffffffffffffffffffffc
:10cc4800ffffffffffffffffffffffffffffffffec
:10cc5800ffffffffffffffff3cff09eae6e8e6e80a
:10cc6800e6e8e6e8e6e8e6e827e938f6ffffdfff6a
:10cc7800abeae6e8e6e8e6e8e6e8e6e888e9fbfea7
:10cc8800ffffffffffffffffffffffffffffffffac
:10cc9800ffffffffffffffffffffffffffffffff9c
:10cca800ffffffffffffffffffffffffffffffff8c
:10ccb800ffffffffffffffffffffffffffffffff7c
:10ccc800ffffffffffffffffffffffffffffffff6c
:10ccd800ffffffffffffffffffffffffffffffff5c
:10cce800ffffffffffffffffffffffffffffffff4c
:10ccf800ffffffffffffffffffffffffffffffff3c
:10cd0800ffffffffffffffffffffffffffffffff2b
:10cd1800ffffffffffffffffffffffffffffffff1b
:10cd2800ffffffffffffffffffffffffffffffff0b
:10cd3800fffffffffffffffffffffffffffffffffb
:10cd4800ffffffffffffdffff0f3e6e8e6e8e6e8b6
:10cd5800e6e8e6e8e6e8e6e8e6e8e9e9d6f58ef3a7
:10cd6800e6e8e6e8e6e8e6e8e6e8e6e8e6e80deb21
:10cd7800befffffffffffffffffffffffffffffffc
:10cd8800ffffffffffffffffffffffffffffffffab
:10cd9800ffffffffffffffffffffffffffffffff9b
:10cda800ffffffffffffffffffffffffffffffff8b
:10cdb800ffffffffffffffffffffffffffffffff7b
:10cdc800ffffffffffffffffffffffffffffffff6b
:10cdd800ffffffffffffffffffffffffffffffff5b
:10cde800ffffffffffffffffffffffffffffffff4b
:10cdf800ffffffffffffffffffffffffffffffff3b
:10ce0800ffffffffffffffffffffffffffffffff2a
:10ce1800ffffffffffffffffffffffffffffffff1a
:10ce2800ffffffffffffffffffffffffffffffff0a
:10ce3800ffffffffffff5cff67e9e6e8e6e8e6e8db
:10ce4800e6e8e6e8e6e8e6e8e6e8e6e806e9e6e849
:10ce5800e6e8e6e8e6e8e6e8e6e8e6e8e6e8e6e85a
:10ce6800f3f4ffffffffffffffffffffffffffffe1
:10ce7800ffffffffffffffffffffffffffffffffba
:10ce8800ffffffffffffffffffffffffffffffffaa
:10ce9800ffffffffffffffffffffffffffffffff9a
:10cea800ffffffffffffffffffffffffffffffff8a
:10ceb800ffffffffffffffffffffffffffffffff7a
:10cec800ffffffffffffffffffffffffffffffff6a
:10ced800ffffffffffffffffffffffffffffffff5a
:10cee800ffffffffffffffffffffffffffffffff4a
:10cef800ffffffffffffffffffffffffffffffff3a
:10cf0800ffffffffffffffffffffffffffffffff29
:10cf1800ffffffffffffffffffffffffffffffff19
:10cf2800ffffffffffffffff59fe09eae6e8e6e81b
:10cf3800e6e8e6e8e6e8e6e8e6e8e6e8e6e8e6e879
:10cf4800e6e8e6e8e6e8e6e8e6e8e6e8e6e82aea23
:10cf580058feffffffffffffffffffffffffffff81
:10cf6800ffffffffffffffffffffffffffffffffc9
:10cf7800ffffffffffffffffffffffffffffffffb9
:10cf8800ffffffffffffffffffffffffffffffffa9
:10cf9800ffffffffffffffffffffffffffffffff99
:10cfa800ffffffffffffffffffffffffffffffff89
:10cfb800ffffffffffffffffffffffffffffffff79
:10cfc800ffffffffffffffffffffffffffffffff69
:10cfd800ffffffffffffffffffffffffffffffff59
:10cfe800ffffffffffffffffffffffffffffffff49
:10cff800ffffffffffffffffffffffffffffffff39
:10d00800ffffffffffffffffffffffffffffffff28
:10d01800ffffffffffffffffffff3cff6ef3e6e8a8
:10d02800e6e8e6e8e6e8e6e8e6e8e6e8e6e8e6e888
:10d03800e6e8e6e8e6e8e6e8e6e8e6e88eeb3cff60
:10d04800ffffffffffffffffffffffffffffffffe8
:10d05800ffffffffffffffffffffffffffffffffd8
:10d06800ffffffffffffffffffffffffffffffffc8
:10d07800ffffffffffffffffffffffffffffffffb8
:10d08800ffffffffffffffffffffffffffffffffa8
:10d09800ffffffffffffffffffffffffffffffff98
:10d0a800ffffffffffffffffffffffffffffffff88
:10d0b800ffffffffffffffffffffffffffffffff78
:10d0c800ffffffffffffffffffffffffffffffff68
:10d0d800ffffffffffffffffffffffffffffffff58
:10d0e800ffffffffffffffffffffffffffffffff48
:10d0f800ffffffffffffffffffffffffffffffff38
:10d10800ffffffffffffffffffffffffdfffd7f579
:10d11800edea88e9e6e8e6e8e6e8e6e8e6e8e6e8eb
:10d12800e6e8e6e8e6e888e90debf7f5ffffffff3c
:10d13800fffffffffffffffffffffffffffffffff7
:10d14800ffffffffffffffffffffffffffffffffe7
:10d15800ffffffffffffffffffffffffffffffffd7
:10d16800ffffffffffffffffffffffffffffffffc7
:10d17800ffffffffffffffffffffffffffffffffb7
:10d18800ffffffffffffffffffffffffffffffffa7
:10d19800ffffffffffffffffffffffffffffffff97
:10d1a800ffffffffffffffffffffffffffffffff87
:10d1b800ffffffffffffffffffffffffffffffff77
:10d1c800ffffffffffffffffffffffffffffffff67
:10d1d800ffffffffffffffffffffffffffffffff57
:10d1e800ffffffffffffffffffffffffffffffff47
:10d1f800ffffffffffffffffffffffffffffffff37
:10d20800beff1cffb6f58ff34aea67e9e6e887e94f
:10d218002aea8ff3b6f51cffbefffffffffffffff3
:10d22800ffffffffffffffffffffffffffffffff06
:10d23800fffffffffffffffffffffffffffffffff6
:10d24800ffffffffffffffffffffffffffffffffe6
:10d25800ffffffffffffffffffffffffffffffffd6
:10d26800ffffffffffffffffffffffffffffffffc6
:10d27800ffffffffffffffffffffffffffffffffb6
:10d28800ffffffffffffffffffffffffffffffffa6
:10d29800ffffffffffffffffffffffffffffffff96
:10d2a800ffffffffffffffffffffffffffffffff86
:10d2b800ffffffffffffffffffffffffffffffff76
:10d2c800ffffffffffffffffffffffffffffffff66
:10d2d800ffffffffffffffffffffffffffffffff56
:020000040000fa
:020000040c01ed
:10d2e8002de9f04febb00a900d46089114460992cb
:10d2f8009b46ddf8d0a1ddf8d48100230360cdf88a
:10d30800008053465a462146284606f051ffcbf87e
:10d31800e000a0b907462368002b51d02a6803fb18
:10d3280002f1b1fbf3f39a4203d05c23cbf8e0306f
:10d3380005e0b1f1805f43d35c23cbf8e030dbf844
:10d34800e000002839d1dbf81430002b00f04686c5
:10d358000bf120040bf14c05294620460df0eefb9d
:10d3680048bb9bf8203003f0fb03022b04d0dbf80a
:10d378002430082b40f044860a9f3e682246099bc9
:10d388001968089b186813f0bdff14f0e9fb3860b2
:10d39800002800f03086099b1b680193089b1b68d6
:10d3a80000932b462246314600f00affcbf8e000f6
:10d3b800304610f07ffedbf8e0006bb0bde8f08f80
:10d3c800002318931a9319930af12104b8f12c0f2a
:10d3d80005d9b94601230593212606973ce01e236b
:10d3e800cbf8e03000f096be3f23cbf8e03000f0f9
:10d3f80091be4023cbf8e03000f08cbe199e711925
:10d4080018a815f0a2f800286fd0002d6ad0e31de7
:10d4180007352544073e361bf218189913f8010ff3
:10d428008854ab42f8d103230593dbf8103059ea4e
:10d43800030300f08583204615f053fb0446dbf810
:10d44800e030002b40f06686a4eb0a0606f10c03d8
:10d458009845c4d3a245c2d8204615f081f8051ec8
:10d46800c2db05f10c031e44b045c2d323449a45e0
:10d47800bfd804f10806b049204611f0a7fb0028e0
:10d48800bcd1ae49204611f0a1fb002840f03c86f3
:10d49800ab49204611f09afb60bbaa49204611f01f
:10d4a80095fb00286bd1a849204611f08ffb002876
:10d4b80040f0ad80a549204611f088fb002800f017
:10d4c8004981dbf81830002bafd00bf140030793ec
:10d4d800002d00f0ae85237a002b00f0ae85334690
:10d4e800069fd9e0032305939fe75323cbf8e03049
:10d4f80000f010bedbf8540008b110f0dbfd9448d2
:10d50800a0fb05304008cbf85800800014f028fb39
:10d51800cbf8540048b3dbf85830b3f5807f00f2fd
:10d528007285e3b1224606980346ff25167adbf892
:10d538005410ce54567adbf8541019444e70967a2b
:10d54800dbf8541019448e70dbf854101944cd7070
:10d55800013004330332dbf858108842e6d1002347
:10d56800cbf8e030022305935fe7dbf85830002b57
:10d57800f5d00023cbf85830532300f045bd9bf875
:10d588004c30032b11d033bb022d40f042850123d0
:10d59800cbf85c30227a637a03eb0223cbf868304d
:10d5a800cbf86430cbf8603011e0dbf858309d429e
:10d5b80000f22d855db1e21d07352544032312f8dd
:10d5c800010fdbf85410c8540433aa42f7d10023e2
:10d5d800cbf8e03029e7022b40f01f85062d40f0fc
:10d5e8001e850123cbf85c30227a637a03eb022391
:10d5f800cbf86030a27ae37a03eb0223cbf86430ed
:10d60800227b637b03eb0223cbf86830dfe79bf8d0
:10d618004c30032b13d013f0fb0321d1022d40f023
:10d6280004850123cbf86c30227a637a03eb02235a
:10d63800cbf87830cbf87430cbf870300ce0012d93
:10d6480040f0ef840123cbf86c30237acbf87830a4
:10d65800cbf87430cbf870300023cbf8e030e4e638
:10d66800022bf9d1062d40f0e2840123cbf86c306f
:10d67800227a637a03eb0223cbf87030a27ae37a3a
:10d6880003eb0223cbf87430227b637b03eb02238a
:10d69800cbf87830e0e737467e1cb54203d013f864
:10d6a800012f002af7d14e2f00f2cb84bb1c0c931c
:10d6b800184614f055fa0b90002800f0ce84002389
:10d6c8008355e31d421e04f10800384413f8011f76
:10d6d80002f8011f8342f9d10c9b9d42c0f04a8594
:10d6e800ed1a681c14f03cfa0646002800f048853c
:10d6f800002343555db107f109032344421e013d50
:10d70800284413f8011f02f8011f8242f9d132465a
:10d718000b9f394607980df0f6fe0546384610f07f
:10d72800c9fc304610f0c6fccbf8e050002d3ff4a1
:10d738007cae00f0efbc00bf1ce0020c24e0020c41
:10d748002ce0020c34e0020c3ce0020c44e0020c39
:10d75800abaaaaaaa749204611f038fa00287cd01b
:10d76800dbf81830002b3ff460ae0bf14003079351
:10d778000023629364936393002d00f07084237aee
:10d7880023b33346e91d21446ff00600001bc71878
:10d798008b4203d013f8012f002af8d1bb1c0c933d
:10d7a8009d4240f261847b1e4e2b11d900230b93be
:10d7b80059250b9810f07efc0023649363936298bc
:10d7c80010f078fccbf8e05000f0a4bc069fe5e729
:10d7d8007b1c0d93184614f0c3f90b90002800f039
:10d7e80048840023c355e31d421e1f4413f8011f3c
:10d7f80002f8011fbb42f9d10d9bf35c002b40f0ee
:10d808003b840c9b1a469d4201d24b25d1e7cdf8ab
:10d8180000b0eb1ab21863a962a814f0d2fc05464e
:10d828000028c6d1002162a813f0c2ff629a0b9e9d
:10d83800314607980df067fe0546304610f03afc71
:10d84800002364936393629810f034fccbf8e050a3
:10d85800002d3ff4eaad00f05dbc6749204611f0a9
:10d86800b5f9002800f0ff80dbf81830002b3ff4f2
:10d87800dcad0bf140030d93002362936493639333
:10d88800042d40f2fc83237a002b00f00f843346ea
:10d89800012713f8012f12b10137bd42f9d1fb1c42
:10d8a80007939d4240f208847b1e4e2b00f212849f
:10d8b8007b1c0b93184614f053f90c90002800f0c9
:10d8c8000f840023c355e31d421ed81913f8011f06
:10d8d80002f8011f8342f9d1f3199b78002b40f01d
:10d8e8000484079ab35c002b00f0588407f10b03fb
:10d8f80023440699944600e011464a1c0ceb0200aa
:10d90800854203d913f8010f0028f5d107920f912a
:10d918000b9bf35c0e93881c14f022f90b900028e3
:10d928005fd000230b9a0798135460b107f10a01de
:10d9380021441046013a0f9b034411f8010f02f8e5
:10d94800010f9a42f9d10437079b3b440f931a46bb
:10d958009d4240f21784f35c002b00f013841346b9
:10d9680008322244ef1a069b0133bb4204d012f856
:10d97800011f0029f8d11f46781c14f0f1f8079010
:10d98800002833d000230799cb555fb10f9bda1dd0
:10d9980022444b1e781e084412f8011f03f8011f89
:10d9a8008342f9d10f9b01331f44bd422cbfed1bad
:10d9b800069d0e9b13b3cdf800b02b46f21963a950
:10d9c80062a814f0fefb0546002840f05d83639bc7
:10d9d800649a9a4238bf6493002162a813f0e8fe63
:10d9e80021e0002307930b9353254de3002307936e
:10d9f800532549e34ce0020c54e0020c691c62a870
:10da080014f0a3fd002800f07583629b00225a558c
:10da18004db10737e319069a13f8010f6299885434
:10da280001329542f8d1629b0093079b0b9f3a46bf
:10da38000c9e31460d980af077fc0546304610f0ea
:10da480039fb384610f036fb079810f033fb0023fb
:10da580064936393629810f02dfbcbf8e050002d8f
:10da68003ff4e3ac56e3b449204611f0aff878b977
:10da7800b249204611f0aaf848bb237913f0200fc9
:10da88004ad0dbf81c30002b4ad14ff00109d2e410
:10da9800072d40f031830123cbf89c30227a637a3a
:10daa80003eb0223cbf8a030a37acbf8a430e37ab7
:10dab800cbf8a830237bcbf8ac30637bcbf8b03005
:10dac800a37bcbf8b4300023cbf8e030ade4092dcc
:10dad80040f016830123cbf8b830237a627a02eb40
:10dae8000322a37a03eb0222e37a03eb0223cbf8a7
:10daf800bc30237b627b02eb0322a37b03eb022275
:10db0800e37b03eb0223cbf8c030237ccbf8c43093
:10db18000023cbf8e03088e44523cbf8e030f9e285
:10db2800059b03f13100800000f10c0122465944a5
:10db380058440ff06ef8cbf8e0000028a5d0e9e2d1
:10db48000025204613f004fd814628b9002d40f039
:10db5800e18270e40125f4e73923cbf8e030d9e21b
:10db68000bf14c08089b1f68099b1d68ee1df60801
:10db7800f81d42463146c00813f0b1fb3418042f93
:10db88003dd907f1030a424631464feada0013f05d
:10db9800a6fb059005f103094fead9010e44344468
:10dba80042464fea9a0013f09afb059b23441c4611
:10dbb800044407f1010a4fea9909424649464feae7
:10dbc8009a0013f08cfb6e1cb10804440c444246c6
:10dbd8004fea5a0013f083fb2044814476084246fa
:10dbe8003146780813f07bfb8144b1446d08424606
:10dbf8002946384613f073fb81444d449de205f1f4
:10dc080003094fead906f81c42463146800813f04a
:10dc180066fb34440444022fcbd86e1c4fea9609a5
:10dc2800781c42464946400813f059fba1448144f8
:10dc3800022fdbd1d2e729461ba812f0f5fd18b94f
:10dc48005323cbf8e0307de2dbf8e030002b40f0e6
:10dc58007982cdf800b0199b189a1ca91ba814f05a
:10dc6800b0facbf8e000002840f06c821c9b9d4283
:10dc780000f068825b23cbf8e03063e20bf14c02e2
:10dc8800099b1968089b186813f03cfb044613f0bd
:10dc980067ff0a9b1860002838d0dbf8e030002bbb
:10dca80040f05c8234b100210a980268d1540133f3
:10dcb8009c42fad10bf14c0014f014fe8146002866
:10dcc80000f086810a9b1f6806971b990b91089b99
:10dcd8001a680d92099b1e680f96dbf848307bbbcb
:10dce800072806d800fb02f5ec1d24f00704a5421e
:10dcf80010d1cdf800900f9b0d9a0b99069803f060
:10dd0800bfff0790079bcbf8e03027e25323cbf8ff
:10dd1800e03023e2009033468846084603f0b0ff1f
:10dd280007900028eed1009623462a4641463846f9
:10dd38000df034fde6e700bf5ce0020c64e0020c85
:10dd480003900f9b02930d9b01934aaf009742ab40
:10dd58003aaa25a91ea80af0cff841ac39ad1daee4
:10dd68000df19008ba4648af2b464d46cdf840b065
:10dd7800ddf82cb0994617e00c9b1a6802fb05f2f7
:10dd8800d31d05990968daf8000005900e98006817
:10dd9800009023f007035944059858440df0fefc01
:10dda8000af1040abc4219d00434059404360c96ce
:10ddb80008f10408cdf8388059f8041f2068009548
:10ddc800d8f8003032685944584403f059ff079096
:10ddd800002840f00081072de2d8cde7a946ddf8fc
:10dde80040b003950f9b02930d9b019362ab009388
:10ddf8005aab52aa33a92ca80af07ef8072d67d986
:10de0800e80832ab10932cab0c9362afad4b0e937a
:10de1800ad4b0f93dff8b8c2ac4ee646ddf82cc028
:10de2800cdf844b048e008f10108059b1b6822447e
:10de380043450fd901fb03833d6800fb03530cebfb
:10de480003055344914615f801bb09f801bf9d42eb
:10de5800f9d1e8e701310b9b1b6899421bd20c9b57
:10de680005931b68002bf5d0def8004004fb00f496
:10de78000f9a12680e9d2d6802fb015832680d9d9d
:10de880005fb0822069d00fb0252013addf81c80c2
:10de98000ceb000acee70c9b04330c9304370e9b63
:10dea80004330e930f9b04330f930ef1040e0436c4
:10deb80039aa109b9a4208d0109b043310930b93f5
:10dec8001b68002be7d00799c9e7ddf844b019e7cc
:10ded8000d9b05fb03f310932cab139332ab1493f8
:10dee80062ab784a0f92784a0e92784a0d92784a35
:10def8000c929a46cdf854b057e00134059ba342e2
:10df080010d00b9917a814f0c1f903460028f4d0d3
:10df1800e208e14301f007018b400698815c0b435e
:10df28008354eae701354e44dbf800309d421ad2ab
:10df3800daf8003008ebc303334417930e9b1c68d0
:10df48000f9b1b6804fb07340c9b1b680d9a126817
:10df580003fb052309fb03f3109a02fb043409ebc6
:10df680004030593cde70137129b9844119b1b6866
:10df78009f4206d2dbf80030002bf4d0079d2e46d6
:10df8800d6e7139b043313930af1040a0f9a043259
:10df98000f920e9a04320e920d9a04320d920c9a38
:10dfa80004320c9233aa9a420fd0139b9b461b68eb
:10dfb80003fb09f31293149b0433149311931b6806
:10dfc800002bded0079fb846d4e7ddf854b099e6b9
:10dfd8001f23079396e6ddf840b093e60bf14c015a
:10dfe8000bf120000ff087fccbf8e00000283ff48d
:10dff800e2a9fff7e2b95323cbf8e030fff7d8b92d
:10e008003820fff7dab92623cbf8e03082e0262360
:10e0180000e01e23cbf8e0307ce02a23fae729232e
:10e02800f8e72b23cbf8e03074e02c23fae72d2314
:10e03800f8e700230b93592406e000230b93592497
:10e0480002e000230b9359240b9810f033f80020ba
:10e0580010f030f8cbf8e0405ce05324f4e70023fc
:10e068000b934b25fff7a5bb00230b934b25fff71d
:10e07800a0bb5325fff79dbb4825fff79abb00239c
:10e0880007930b930c931e250c9810f013f80b981c
:10e0980010f010f8079810f00df8002364936393bc
:10e0a800629810f007f8cbf8e05033e000230793ac
:10e0b8000b930c935925e7e7002307930b930c93d5
:10e0c8004b25e1e7c01f030c881f030ca41f030c9a
:10e0d8006c1f030c002307930b930c935925d3e76c
:10e0e8000c9b07930b935325cee7002307930b93c1
:10e0f8004825c9e75325c7e74923cbf8e03009e0ad
:10e108004a23cbf8e03005e0dbf8103059ea030386
:10e118003ff420ad00231b931d931c93dbf848307c
:10e12800002b7ff41dad099b1d680bf14c0229469d
:10e13800089b186813f0d3f80544dbf8e030002b8f
:10e148003ff479ad00241a94199418980ff0b2ff8f
:10e158001894dbf8e030002b3ff490ad00231d93ba
:10e168001c931b980ff0a6fffff7e9b80023337044
:10e17800fff7cdba012013f0f3fc06460028f5d1cd
:10e18800532461e7012013f0ebfc079000283ff4cb
:10e198002dac0023079a1370069f03e40b9bf35cd6
:10e1a8000e93012013f0dcfc0b9000283ff419ac0f
:10e1b80000230b9a1370069b0793fff7c4bb00bf9d
:020000040000fa
:020000040c01ed
:10e1c8002de9f04fa1b0099007919046994619465c
:10e1d80010460cf0b3fc059020bb98f80030032bd8
:10e1e80036d02b9b2a9a03fb02f30493d9f8043008
:10e1f800102b00f0a180d8f80430082b00f0a18182
:10e20800049b002b00f09381099b9b46079f1e46a9
:10e21800039300230893069305931d461c46da468c
:10e22800bb46c8e24a462b992a9813f06bf8014678
:10e23800002800f08281079b013b099a013a1818cf
:10e2480013f8011f02f8011f8342f9d1002174e17c
:10e25800d8f80c20d8f80800d8f8041001238b400f
:10e268001ab9d9f80c20d9f808009a4228bf1a46da
:10e2780006920eab1ea9002243f8042f9942fbd147
:10e288004ff0ff331f93069b002baad083464ff015
:10e29800000acdf82080cdf828903be04ff0ff33fe
:10e2a80003643e680135082d2bd049fa05f303f0c5
:10e2b800010448fa05f303f0010303eb4403039a4e
:10e2c80042fa05f404f0010404eb4303049a42fa09
:10e2d80005f404f0010404eb430406eb840756f844
:10e2e8002430002bddd1442013f03afc46f82400fa
:10e2f800031f00f13c01002243f8042f9942fbd18f
:10e30800cce7c6f840a00af1010a0bf1040b069b02
:10e318009a450cd09bf800909bf801809bf802303e
:10e3280003939bf803300493059d0faebde7ddf81a
:10e338002080ddf8289054e7d8f80430102b7ff4bb
:10e348005aaf049b002b00f0f280099b1846ddf8b9
:10e358001ca0d34657469c469e46002246469846f1
:10e3680091e0022b08d0042b47d0062b52d0002175
:10e378000d4603910b466fe09af800309af8014079
:10e38800059304eb03239bb29af8021006919af8be
:10e398000350089505eb01218db203959af80450b6
:10e3a80009959af805100a9101eb0525adb2d9f83f
:10e3b8001010002900f08580059904eb0124d9f894
:10e3c80014108c4202d04ff6ff7145e00899069c64
:10e3d80001eb0424d9f818108c4202d04ff6ff71d3
:10e3e8003ae009990a9c04eb0124d9f81c10611a37
:10e3f80018bf4ff0ff3189b22ee039787b7803ebf4
:10e4080001239bb2bc78f97801eb042189b21d463f
:10e41800039321e09bf800109bf8013003eb0123e4
:10e428009bb29bf802409bf8031001eb042189b2d0
:10e4380003919bf804409bf8051001eb04218db271
:10e448009bf806409bf8071001eb042189b203e012
:10e458001d4603934ff6ff713478acbb190a08f8d0
:10e46800121008f1010101f81230013206300ef1e4
:10e47800040e0cf1080c0bf1080b0af1060a04371c
:10e48800049b934252d099f80030002b7ff469af77
:10e49800079b13f81250013313f8124004eb0523bd
:10e4a8009bb2d9f810100029d2d004eb0524d9f872
:10e4b8001410611a18bf4ff0ff3189b21d4603933b
:10e4c800cae74ff6ff71c7e7022c19d0042c22d0f7
:10e4d800062ccad11c0a8cf800408cf80130039c29
:10e4e800230a8cf802308cf803402b0a8cf804308d
:10e4f8008cf805500b0a8cf806308cf80710b4e736
:10e50800190a0170437003990b0a8370c1702b0ab2
:10e5180003714571a9e71c0a8ef800408ef8013096
:10e528000b0a8ef802308ef803109ee7b04698f872
:10e538000030032b00f019820021084621b0bde805
:10e54800f08f98f80030062b0bd0022b7ff458aed2
:10e55800cdf80090079b00220499099803f09af8d7
:10e56800e5e7cdf80090079b01220499099803f08c
:10e5780091f8dce7079b1d5dd9f81030002b00f0ff
:10e58800f480d9f81400a84214bfff23002308938d
:10e59800069505951ce004fb05f30e932a4607999a
:10e5a8000ea812f0f4fcc0eb0022012303fa05f5d3
:10e5b800013db2fbf5f5edb2d9f81030e3b1d9f869
:10e5c8001430834214bfff23002308930695059552
:10e5d80098f80030002b40f01f81d8f80420082a52
:10e5e80000f0d980102a40f00981099a531c03f8d9
:10e5f800145002f81450d0e0ff230893e6e7022bea
:10e6080017d0032b6ad0042b00f08780062bdfd1ac
:10e61800d9f80430082b00f098809bf800509bf83c
:10e62800023005939bf8043006939bf80630089354
:10e63800cee7d9f80430082b13d03d78bb78059382
:10e648003b790693d9f81030002b00f09b807b783b
:10e6580003eb0523d9f814108b4228d0ff23089325
:10e66800b6e704eb44030799cd5c4a1cd25c0592db
:10e678008a1cd35c0693d9f81030002b7fd0d9f8c8
:10e6880014309d4202d0ff230893a1e7d9f818302f
:10e69800059a9a4202d0ff23089399e7d9f81c30cb
:10e6a800069a934214bfff230023089390e7fb7850
:10e6b800059903eb0123d9f818108b4202d0ff23e8
:10e6c800089385e77b79069a03eb0223d9f81c2087
:10e6d800934214bfff230023089379e7d9f8042055
:10e6e800082a12d1079b185dd9f80c3083424cd9ff
:10e6f800d9f8083013f8205003eb800043780593cd
:10e7080083780693c378089362e704fb02f30e93b9
:10e7180007990ea812f03bfce6e7d9f80430082b5d
:10e7280009d0079b13f82450023313f824300893b8
:10e73800069505954ce7079b13f81450013313f819
:10e74800143008930695059542e7079a12f8245065
:10e75800531c13f824300593931c13f824300693a4
:10e76800d31c13f82430089332e706950595ff2348
:10e7780008932de706950595ff23089328e7ff23bf
:10e78800089325e7ff23089322e7ff230893002532
:10e79800069505951ce7099b1d5501340af1080ae1
:10e7a800039b0433039306360bf1080b0637049bcf
:10e7b800a3423ff4bcae99f80030002b7ff41fafa2
:10e7c800d9f80450082d3ff4d5ae102d7ff4e3aef0
:10e7d800079a12f81450d9f81030002bcad0531cdd
:10e7e80013f8140000eb0520d9f81430984214bf30
:10e7f800ff230023089306950595e9e6c2f108036f
:10e8080045fa03f30121914001390b40dbb221465f
:10e81800099810f01ffbc0e7022b1fd0032b35d03f
:10e82800042b00f08380062bb7d1d8f80430082bce
:10e8380000f092808af801508af80050059b8af807
:10e8480003308af80230069b8af805308af80430cb
:10e85800089b8af807308af806309ee7d8f8043013
:10e86800082b08d075703570059bf370b370069b44
:10e878007371337191e704eb44030999cd544a1c31
:10e888000598d0548a1c0699d15486e7ac46059958
:10e898008e46069b0b9308980a9005f0010201f03a
:10e8a800010101eb420203f0010303eb42020146be
:10e8b80000f0010303eb420320aa02eb830353f8a1
:10e8c800440c002856d001230c940d950c460b9d42
:10e8d8004cfa03f202f001024efa03f101f00101d1
:10e8e80001eb420245fa03f101f0010101eb42019b
:10e8f80044fa03f202f0010202eb410250f822004e
:10e90800002839d00133082be2d10c9c0d9d036cf3
:10e91800002b33dbd8f80420082a02d1099a1355b2
:10e928003be72146099810f095fa36e7d8f8043005
:10e93800082b09d0102b7ff430af039b5d701d703e
:10e948000899d970997028e7099b03f81450013386
:10e95800089a03f8142020e7039b1d700599597045
:10e9680006999970089ada7017e70fa812f0defd79
:10e978000021e2e55221e0e55221dee55221dce505
:020000040000fa
:020000040c01ed
:10e988005f000000200000000000070000000000f9
:10e99800000000000000000021000400140008002e
:10e9a800020014000000040000000000220009001a
:10e9b80007000b00010014000000090050000000cf
:10e9c80023001200140012000000140000001200be
:10e9d8009000000024000e00170010000100150030
:10e9e80000000e00f80100002500150014001700b3
:10e9f80001001400000015003c030000260014006c
:10ea0800140015000100140000001400e0040000c8
:10ea1800270004000700060001001400000004009d
:10ea28007006000028000700180008000100140004
:10ea3800000007008c0600002900080018000800e4
:10ea48000000140000000800340700002a000e002f
:10ea58000d000f000100150000000e00f407000073
:10ea68002b000e000d0010000100100000000e0029
:10ea7800ac0800002c000500070008000100030096
:10ea880000000500640900002d00070003000900cc
:10ea98000100090000000700880900002e0004009a
:10eaa800040008000200040000000400a00900009f
:10eab8002f000b0014000a000000140000000b00d7
:10eac800b009000030000e0014001000010014000e
:10ead80000000e008c0a000031000800140010002d
:10eae8000200140000000800a40b000032000e0011
:10eaf800140010000100140000000e00440c000077
:10eb080033000e00140010000100140000000e0075
:10eb18005c0d000034001000140010000000140008
:10eb280000001000740e000035000e0014001000e4
:10eb38000100140000000e00b40f000036000e00a3
:10eb4800140010000100140000000e00cc1000009a
:10eb580037000e00140010000100140000000e0021
:10eb6800e411000038000e00140010000100140029
:10eb780000000e00fc12000039000e001400100006
:10eb88000100140000000e00141400003a000400f4
:10eb98000f00080002000f00000004002c15000000
:10eba8003b0006001300080000000f0000000600ec
:10ebb800681500003c000e000f0010000100120054
:10ebc80000000e00dc1500003d000e0008001000db
:10ebd80001000e0000000e00b01600003e000e00fe
:10ebe8000f0010000100120000000e0020170000a6
:10ebf8003f000c0014000c000000140000000c0082
:10ec0800f417000040001700170019000100140055
:10ec180000001700e4180000410012001400120060
:10ec28000000140000001200f81a000042000f0053
:10ec3800140012000200140000000f00601c000005
:10ec4800430010001400120001001400000010001e
:10ec58008c1d000044001100140014000200140070
:10ec680000001100cc1e000045000c00140010002c
:10ec78000200140000000c002020000046000c00d8
:10ec880014000f000200140000000c001021000006
:10ec980047001200140014000100140000001200c4
:10eca80000220000480010001400150002001400a3
:10ecb8000000100068230000490008001400090043
:10ecc8000100140000000800a82400004a00090000
:10ecd80019000800fdff1400000009004825000085
:10ece8004b00100014001100020014000000100076
:10ecf8002c2600004c000c0014000f000200140029
:10ed080000000c006c2700004d00150014001900cd
:10ed180002001400000015005c2800004e001100dd
:10ed2800140015000200140000001100002a000061
:10ed38004f00140014001600010014000000140015
:10ed4800542b000050000e001400110002001400a3
:10ed580000000e00e42c00005100140019001600f9
:10ed68000100140000001400fc2d000052000f00e8
:10ed7800140011000200140000000f00f02f000022
:10ed880053000e0014000f000100140000000e00d4
:10ed98001c31000054001000140010000000140082
:10eda8000000100034320000550010001400140058
:10edb8000200140000001000743300005600110017
:10edc800140011000000140000001100b434000009
:10edd80057001a0014001a000000140000001a005e
:10ede800083600005800110014001000000014003c
:10edf8000000110010380000590010001400100025
:10ee08000000140000001000643900005a000e00d1
:10ee1800140010000100140000000e00a43a0000c5
:10ee28005b0007001800090002001400000007003a
:10ee3800bc3b00005c000b0014000a00000014003a
:10ee480000000b00643c00005d000700180009008a
:10ee58000000140000000700403d00005e000e00a6
:10ee68000d0010000100140000000e00e83d000035
:10ee78005f000e0003000c00ffffffff00000e0004
:10ee8800a03e000060000600050008000100160012
:10ee980000000600cc3e000061000d000f001000cd
:10eea80001000f0000000d00ec3e000062000e00a3
:10eeb800150011000200150000000e00b03f000010
:10eec80063000c000f000d0001000f0000000c0093
:10eed800d840000064000e00150011000100150064
:10eee80000000e008c41000065000e000f001000ad
:10eef80001000f0000000e00b442000066000b0085
:10ef080015000a000000150000000b0088430000ef
:10ef180067000e001600110001000f0000000e002f
:10ef28007044000068000e00150011000200150072
:10ef380000000e00a4450000690004001500070049
:10ef48000200150000000400cc4600006a0008001a
:10ef58001c000700feff1500000008002047000005
:10ef68006b000d0015000f000200150000000d00d9
:10ef7800004800006c00030015000700020015009f
:10ef880000000300144900006d0016000f001a006d
:10ef980002000f0000001600544900006e000e0029
:10efa8000f00110002000f0000000e00a04a000030
:10efb8006f000f000f00110001000f0000000f008c
:10efc800744b000070000e001600110002000f00c4
:10efd80000000e00584c000071000e0016001100d1
:10efe80001000f0000000e008c4d000072000a00a6
:10eff8000f000c0002000f0000000a00c04e0000c5
:10f0080073000c000f000d0001000f0000000c0041
:10f01800584f000074000a0013000a000000130093
:10f0280000000a000c50000075000d000f001100d0
:10f0380002000f0000000d00cc50000076000f0009
:10f048000f000e0000000f0000000f00905100009c
:10f05800770016000f00160000000f0000001600d1
:10f068007452000078000f000f000f0000000f001e
:10f0780000000f00c053000079000f0016000e00ba
:10f0880000000f0000000f00a45400007a000c00dc
:10f098000f000d0001000f0000000c00f0550000eb
:10f0a8007b000a0018000b000000140000000a0092
:10f0b800a45600007c0003001c000f000600150089
:10f0c80000000300945700007d000a0018000b00a0
:10f0d8000000140000000a00e85700007e000e003f
:10f0e8000400100001000c0000000e00d8580000b9
:020000040000fa
:020000040c01ed
:10f0f800b0f1ff3f00f05a832de9f04184b0054696
:10f10800044643781f2b3dd8dfe813f029003f0061
:10f118004e005b006b008a0042014b015401430220
:10f128004c0208033c003b034d033c001a0230022a
:10f1380059019a013c003c00b502e6023c00e1029c
:10f148003c0051026a027e022000e501d0f8cc3a68
:10f15800002b40f3b982002600f2a917abe2082180
:10f1680000200af05bfdc84d286810f075fd0023eb
:10f1780064222146c5480ef065fd28600423a3706b
:10f188000c23637004b0bde8f081c14a00231370fa
:10f198005370406905f12c03009302234a2112f0b1
:10f1a800cfff0c236b70ede7406905f13003009346
:10f1b800072305f184024a2112f047fe0c236b70e5
:10f1c800e0e7b34a0723137000235370406905f141
:10f1d8003403009302234a2112f0b2ff0c236b7010
:10f1e800d0e790f88a3003eb43035b00024652f8fd
:10f1f800840fc5f88b0090889279a5f88f0085f860
:10f20800912005f19202c5f88020686905f138015e
:10f21800009103334a2112f018fe0c236b70b1e7fa
:10f2280090f88a8008eb48067600f21d8b30831828
:10f2380059789f783f0447ea0127835c1f43c5f844
:10f24800a47100210cf06cfb0fb1874201d00e2392
:10f258006370d4f880300022a4f89a21b8f1000f26
:10f2680000f0908019461e4401204ff0090c6427d5
:10f278001de090462ae0062b64d0072b69d0052ba9
:10f288004ad09ef803209ef80430013302fb033372
:10f29800bef8012013449bb25a1eb5f89ae192b207
:10f2a800964598bfa5f89a3106318e426bd08e46a6
:10f2b8004a79002addd00b7903fb02220244d3b23b
:10f2c80003f1ff385ffa88f8024618469ef80030c6
:10f2d800092b43d0cfd92c2b4fd013d9472b16d07d
:10f2e800642bced185f8ad7285f8d82285f8d982fd
:10f2f800bef80130a5f8da329ef80530023b85f8f1
:10f30800ac32bee7132bbcd185f8d222b9e7bef8e0
:10f318000130a5f8d632b4e795f88430802b08d0b0
:10f328009ef8033085f8ca32bef80130a5f8c83215
:10f33800a7e795f886301f2bf2d89ef803300133e3
:10f34800dbb2efe785f8cb22bef80130a5f8cc3266
:10f3580097e7bef80130a5f8ce3292e785f8adc23e
:10f3680085f8d02285f8d1829ef804209ef80530d1
:10f3780002fb033385f8ac3283e7bef80130a5f809
:10f38800d4327ee7012084f89f0106236370f9e6f2
:10f3980000f13c03428c0d2110f0a8ff0c236b7088
:10f3a800f0e600f14003828c182110f09fff0c2337
:10f3b8006b70e7e60223037009234370e2e64ff41b
:10f3c800fa7012f0d3f9d5f8c85a324b1b689d422f
:10f3d8002cd9ed1afd2d28bffd25d4f8f4222c4e8a
:10f3e800d11831700a0a727004f53e712a46194420
:10f3f800b01c12f097fe606904f14c030093ab1c3b
:10f4080032464a2112f09cfe0c236370214a13688d
:10f418002b441360204a1368013313605bb1d4f89e
:10f42800d82a1e4951f823009047abe60023194a11
:10f438001360194a13601f2363700323e370a1e666
:10f44800c378012b2cd05ab242b1022b7ff49aae6a
:10f4580090f8a931b3b30023c37093e6b0f8cc3267
:10f4680001339bb20a4a13701b0a537055239370d9
:10f47800406905f17003009303234a2112f060feee
:10f488000c236b707ee600bff40d072045fa020cd2
:10f49800140407205c0a07209c0a0720f013030cb9
:10f4a8004ff4fa7012f062f94db1686905f174030e
:10f4b8000093012305f2a9124a2112f0c6fc0c237d
:10f4c80063705fe6d0f8d83a322098471f236b70f4
:10f4d8000323eb7056e6c378042b19d0052b22d0f2
:10f4e800032b7ff44faeb0f8cc3201339bb2b04a55
:10f4f80013701b0a537001239370406905f1500380
:10f50800009303234a2112f01bfe0c236b7039e68b
:10f518004ff4fa7012f02af9d5f8d83a64209847cf
:10f5280009236b702ee690f8a93113b10323c37039
:10f5380028e6d0f8d83a6420984709236b7021e66a
:10f54800b0f8cc328df80c301b0a8df80d30012341
:10f558008df80e30406905f150030093032303aa88
:10f568004a2112f0edfd0c236b700be64ff4fa7094
:10f5780012f0fcf8686905f154030093012303aa0b
:10f588004a2112f062fc642012f0f0f80c236b7030
:10f59800f8e513f0ddf900287ff4f4ad28460ef005
:10f5a8002bfaefe50ef028fa0c236b70eae5002839
:10f5b8003ff4e8add0f88030002b3ff4e3adb0f86d
:10f5c800d4327b4a13701b0a5370406905f16003fb
:10f5d800009302234a2112f0b3fd0c236b70d1e58e
:10f5e80000238361c36180f8203090f8ca324069f3
:10f5f80005f164020092013305f2a9124a2112f0c2
:10f6080024fc0c236b70bde590f8a931c0f8d03a02
:10f61800002b3ff4b7ad90f89f219342c8bfc0f8c4
:10f62800d02a90f8aa31ff2b04d000f5d5717c3090
:10f638000bf0d6fdd4f8d02a531ec4f8cc3aabb19f
:10f6480094f89f319a423ff79dadb4f8c832584ab2
:10f6580013701b0a5370606904f14403009302237a
:10f668004a2112f06dfd0c2363708be5092363704a
:10f678000223237086e5d0f8d03a90f89f21934270
:10f688003ff780ad90f8ca22406905f14801009122
:10f6980003fb02f305f2a9124a2112f0d6fb0c2350
:10f6a8006b706fe505f17c000bf09afd0136d5f81b
:10f6b800cc3ab34208dd95f8ca3206fb03f3f918d1
:10f6c800fb5cff2beed1f1e7092363705ae50ef0de
:10f6d80093f90c236b7055e590f8a931c0f8d03a2e
:10f6e800002b3ff44fad90f89f219342c8bfc0f85c
:10f6f800d02a90f8aa31ff2b04d000f5d5717c30c0
:10f708000bf06efdd4f8d03a013bc4f8cc3a13b1f3
:10f718001823637036e50923637033e5037eff2bf6
:10f728000ed05a1ed2b2fd2a07d890f8d82293429a
:10f7380003d390f8d912994205d20a23637021e5c0
:10f74800092343701ee5417e11f00f05f5d0981e80
:10f75800801ac0b2e37ea17e41ea0321637f227f43
:10f7680042ea0322042d06d0052d07d0012de4d14d
:10f7780010f0aaffe1e710f073ffdee710f08aff50
:10f78800dbe70c4dd0f8d83a286898472b68013346
:10f798002b60642b03dd0923637001222a60142087
:10f7a80011f0e4ffeee4ff230370ebe4704700bfc1
:08f7b800140407205cab0720dc
:020000040000fa
:020000040c01ed
:10f7c0002de9f04f8db0099090f8cc87b8f1000f7b
:10f7d0004ad0b8f1010f00f0cf80b8f1020f00f06d
:10f7e0006b81b8f1030f00f01d820999d1f8043a3a
:10f7f000d1f8fc291344adf82830d1f8083ad1f8f3
:10f80000002a1344adf82a30bc4b1b78adf82c30dd
:10f81000bb4b1b78adf82e3028310aa80ef05efbea
:10f82000012800f0ca82b54b1b7809990846d1f827
:10f83000042a1344c1f8043ad1f8ec19b0f8422074
:10f840000a44934208dbc0f8041aad4b1a78d0f88a
:10f85000083a1344c0f8083a099b98690ef02efc48
:10f8600000200db0bde8f08f0820a44b1870a44b09
:10f870001870099c04f1040acdf800a000230422aa
:10f8800001460bf055fb606912f06ef9a06104f2bd
:10f89000c4439c4a136004f244539b4a136004f22d
:10f8a000c4539a4a13609a4b00221a80994f4ff022
:10f8b000000b954e954d994659e0404634e042463e
:10f8c00040e04346120242ea00400343b9f80020f8
:10f8d00050460df089fe23680233236033680233fb
:10f8e00033602b6802332b603988013189b239804b
:10f8f000072933d82368b3f900c00cf1800c4fea14
:10f90000cc1c3368b3f90030834a13602a68b2f91b
:10f91000002082480260b42000fb02c0c011ccd499
:10f92000ff28a8bfff20c0b26ff02b0e0efb03cc48
:10f930006ff05a0e0efb02c2d211c0d4ff2aa8bf2c
:10f94000ff22d2b203eb031ec3eb0e136344db11a1
:10f95000b7d4ff2ba8bfff23dbb2b3e7b9f8003061
:10f9600001339bb2a9f80030072b3ff63eafa7f852
:10f9700000b00021634cbde70820604b18701021d7
:10f980005f4b1970099c231d0793009300230422e9
:10f990000bf0cefa606912f0e7f8a0610023604a2c
:10f9a0001370584cdff86091dff86081584f9a4629
:10f9b0009b466de0dc463fe05e464be05846330236
:10f9c00043ea0c43564e3678dff858c11cf80660ff
:10f9d00032440343d20007980df006fe2368023339
:10f9e00023602988013189b2298007293ed82368fc
:10f9f000b3f900e00ef1800e4feace1e3a885608a9
:10fa000001ebc606d9f8003033f91600424b1860f6
:10fa1000d8f8003033f91660404b1e604ff0b40c3c
:10fa20000cfb06ec5feaec1cc4d4bcf1ff0fa8bfd2
:10fa30004ff0ff0c5ffa8cfc6ff02b0303fb00ee22
:10fa40006ff05a0303fb06e6f611b5d4ff2ea8bfec
:10fa5000ff26f6b200eb0013c0eb03107044c01198
:10fa6000acd4ff28a8bfff20c0b2a8e73b88013371
:10fa70009bb23b80072b03d8a5f800a05946b6e7f8
:10fa8000274a13780133dbb21370012b3ff6adae7a
:10fa9000099901ebc31202f2c44222609b0103f2f6
:10faa000c453ca18c9f8002080330b44c8f800308a
:10fab000a7f800a0174ddfe71020104b18700821a1
:10fac0000f4b1970099c231d0793009300230422f8
:10fad0000bf02efa606912f047f8a0610023104a7b
:10fae0001370084cdff82090dff82080084f9a460a
:10faf0009b4683e0dc4655e05e4661e0880e0720c9
:10fb0000890e07202c0e0720240e0720280e072020
:10fb10007e0e0720780e0720300e0720340e0720b7
:10fb2000870e0720202e030c5846330243ea0c436d
:10fb3000b04e3678dff8ecc21cf8066003431201c1
:10fb4000314407980df050fd236802332360298863
:10fb5000013189b2298007293ed82368b3f900e032
:10fb60000ef1800e4feace1e3a884e0806ebc20612
:10fb7000d9f8003033f916009f4b1860d8f80030e0
:10fb800033f916609d4b1e604ff0b40c0cfb06ec75
:10fb90005feaec1caed4bcf1ff0fa8bf4ff0ff0c26
:10fba0005ffa8cfc6ff02b0303fb00ee6ff05a033f
:10fbb00003fb06e6f6119fd4ff2ea8bfff26f6b280
:10fbc00000eb0013c0eb03107044c011acd4ff284d
:10fbd000a8bfff20c0b2a8e73b8801339bb23b809f
:10fbe000072b03d8a5f800a05946b6e7814a137839
:10fbf0000133dbb21370012b3ff6f7ad099901eb2e
:10fc0000c31202f2c4422260db0003f2c453ca18da
:10fc1000c9f8002080330b44c8f80030a7f800a0d2
:10fc2000774ddfe71020774b1870774b1870099ce1
:10fc3000231d079300930023042201460bf078f95b
:10fc4000606911f091ffa06100236a4a13706f4d43
:10fc5000dff8dcb1dff8dca16d4e4ff00002adf84b
:10fc6000222089e04ff0000c31e000213fe000222b
:10fc70000b0243ea0c43b7f800c06649098801eb60
:10fc80004c011343644a1288014407980df0acfc00
:10fc90002088013080b22080012834d82b689a1c3b
:10fca0002a60b3f900e00ef1800e4feace1ed8f8bc
:10fcb00000104ff0b40c0cfb01ec5feaec1cd1d44b
:10fcc000bcf1ff0fa8bf4ff0ff0c5ffa8cfcd9f816
:10fcd00000206ff02b0303fb02ee6ff05a0303fbcf
:10fce00001e1c911c1d4ff29a8bfff21c9b202ebac
:10fcf0000213c2eb03127244d211b8d4ff2aa8bf78
:10fd0000ff22d2b2b4e73b8801339bb23b80032b86
:10fd100015d83288520803ebc2039bb2dbf80020ef
:10fd200032f91320c9f80020daf8002032f9133034
:10fd3000c8f80030bdf8223023800020aee73388b9
:10fd400001339bb23380072b0ed8344a12881344f8
:10fd5000314a1380bdf822303b800023dff89890b1
:10fd6000dff898802e4cd4e7224a13780133dbb2b7
:10fd70001370032b3ff639ad2a4ad15c254a118016
:10fd80005a0829498a5c25490a80099901ebc3125e
:10fd900002f2c4422a60254ad35c03f262335b005c
:10fda000ca18cbf8002080330b44caf80030bdf8e5
:10fdb000223033800023124fc7e709980146036bb6
:10fdc0000493d0f8083ad0f8002a13440393d0f8eb
:10fdd000043ad0f8fc29134402930b4b1b7801938f
:10fde000084b1b780093446a00231a460431a0474d
:10fdf00019e500bf870e0720300e0720340e0720bc
:10fe0000780e0720880e0720890e07202c0e072069
:10fe10007e0e07207c0e0720820e0720800e072012
:10fe20007a0e07201c2e030c202e030c182e030c18
:08fe3000240e0720280e072014
:020000040000fa
:020000040c01ed
:10fe38002de9f04fa1b00490059193461c4602931a
:10fe48000b6802681d921e931f934feac40abaf109
:10fe5800020f40f2a582cdf818a04ff000094a46db
:10fe680051e013465a1c13f0070ffad10d93db0823
:10fe78001f1d029aba4240f29c820beb0302517892
:10fe88001bf8034004eb012403330beb03059278c2
:10fe98001bf8033002eb032323444ff6ff7293420f
:10fea8000bd0152301931d9b049a13601e9b059a82
:10feb8001360019821b0bde8f08f04eb09063146c4
:10fec8001da812f042fb002800f076823b19029a26
:10fed8009a42c0f07482002c3fd009f1010215f853
:10fee800010f1d9901f8090091469642f5d1db00f2
:10fef8000d93b146039b002b40f04f820d9a931c43
:10ff0800534580f05082d3081bf8033002f00701f4
:10ff18000b4103f001030393511c931cc8081bf801
:10ff2800000001f0070140fa01f101f00101d808d1
:10ff38001bf8000003f0070340fa03f303f0010085
:10ff4800d31c0d9301eb4001032900f02f8239b92e
:10ff580013f0070f8bd0131d84e74e463b46c6e7c8
:10ff680000230e930f931093139314931593012961
:10ff78002bd01132069ca24200f253820522594628
:10ff88000da810f038fc0990052259460da810f06c
:10ff980032fc0890042259460da810f02cfc061dce
:10ffa80006eb46030d9a13449c42c0f03d820023a1
:10ffb800189319931a934c2011f0d2fd0746002884
:10ffc80000f07481bd4d002453e04ff4906011f0af
:10ffd800c7fd044660b3031f00f50f71082243f8fc
:10ffe800042f9942fbd104f50f7304f57f710922a0
:10fff80043f8042f9942fbd104f57f7304f25c4166
:020000040c02ec
:10000800072243f8042f9942fbd104f25c4304f21f
:100018007c41082243f8042f8b42fbd10f234ff475
:10002800907221460ea803f03df920460ef042f8e2
:10003800802011f095fd0446002800f05681031f2a
:1000480000f17c01052243f8042f8b42fbd10f23da
:100058002022214613a803f025f920460ef02af89d
:1000680043e12b68002247f8232001340435132c80
:100078000bd0a642f5d9d5f80080032259460da821
:1000880010f0b9fb47f82800efe707231322394699
:1000980018a803f007f9019098b100230793984630
:1000a80038460ef007f840460ef004f807980ef0b0
:1000b80001f818a812f0f6f8019b002b00f0158142
:1000c80095e14ff4906011f04bfd8046802011f0cf
:1000d80047fd0790b8f1000f00f0ed80002800f010
:1000e800ea80a8f1040308f27c41002243f8042fb7
:1000f8008b42fbd1079a131f02f17c01002243f8bf
:10010800042f8b42fbd1099b03f20116c3eb8373c7
:10011800079a02eb8303a3f204430a93019c0b970b
:1001280004e0a31b079a42f823000134089b5d1cd6
:100138003544ac4280f09c80534618aa0da9584615
:100148000ff022fa0f2804d8a642ead948f824006a
:10015800ebe7102824d0112858d012287ad10d9b0b
:100168000733534500f23a81072259460da810f08b
:1001780042fb10f10b0fd9d004f10b0318440023f4
:100188000a9fa6428cbf48f8243047f8243001342f
:1001980084425dd0a542f4d12c460f230193c5e7d4
:1001a800002c00f00f810d9b0233534500f20e81a5
:1001b800022259460da810f01efb099b03f5817316
:1001c8009c4219d26ff04043234458f8232010f181
:1001d800030fabd0e31c18440a9fb44234bf48f85d
:1001e800242047f824200134a0420dd0a542f4d1a0
:1001f8002c460d23019399e7a21b6ff0404313444b
:10020800079a52f82320e2e704468fe70d9b033351
:10021800534500f2df80032259460da810f0ebfa8f
:1002280010f1030f82d0e31c184400230a9fa64252
:100238008cbf48f8243047f824300134a04205d058
:10024800a542f4d12c460e2301936fe704466de7cf
:1002580004466be70b9fb0f1ff3f02d010230193d8
:100268001ee70d9b534594bf0b230a23019317e701
:100278000b9f019b002b7ff413afd8f8003413b900
:10028800402301930ce70f234ff4907241460ea8c8
:1002980003f008f8019000287ff402af0f23202212
:1002a800079913a802f0feff0190f9e6079080462f
:1002b80053230193f4e653230193f1e6dce6020ca1
:1002c80009f1010529461da812f03ff9002800f0a0
:1002d80089801d9b03f80940a94606e01d9822461f
:1002e8004119484411f01effb94653460eaa0da9fc
:1002f80058460ff049f90446ff28e1d9a0f2011346
:100308001c2b40d84a4a52f823404a4a52f8232024
:100318000d9b1344534568d859460da810f06bfa45
:100328000444534613aa0da958460ff02df91d2869
:1003380064d8414b53f82060404b53f820200d9b64
:10034800134453455dd859460da810f054fa064495
:100358004e4559d8a9eb060504eb090739461da8ef
:1003680012f0f3f8002852d0b442b7d9002cbcd010
:100378002c441d9b6a1c595d3344595515469442bb
:10038800f7d1b946b1e7b0f5807f43d00d9b53450f
:100398008cbf0a230b23019329e00023019382e5f4
:1003a800342301937fe5342301937ce514230193df
:1003b80079e53423019376e55323019373e51723f5
:1003c800019370e50b9f3623019369e60b9f322357
:1003d800019365e60b9f3223019361e60b9f32235d
:1003e80001935de65323019301e0332301930ea8a3
:1003f80011f058ff13a811f055ff54e5122301938b
:10040800f5e733230193f2e734230193efe753230e
:100418000193ece70ea811f045ff13a811f042ff75
:1004280068e531230193e2e732230193dfe700bf58
:10043800d0be020c44bf020c04bc020c7cbc020cf3
:020000040000fa
:020000040c02ec
:100448002de9f04f87b0044600274ff0010bba465c
:100458002368a26b9b689a4280f06b82baf1010f05
:1004680044d0256a23465a4659460df10d00a8473f
:100478009df80d50ff2debd1266a23465a46594662
:100488000df10e00b0479df80e30d92b40f2d18007
:10049800db2b00f05581c0f01b82dd2b00f044817e
:1004a800e02b40f0d180204610f08cf90f2840f264
:1004b8002081256a23460522594604a8a8479df8a5
:1004c80010304a2b00f01981204611f06dfe84f897
:1004d8003d00204611f068fe84f83e0094f83d3057
:1004e800012bb5d0642084f8be04eee194f84630c0
:1004f800012b0cd0032b40f01a8294f84a30012bc0
:100508000bd0022b4bd0642084f8be04dde184f8c4
:10051800c334002084f8cc07d7e194f84d30012b80
:1005280020d0022befd194f84b30012bebd194f86b
:100538004e30012be7d1e26cbd4b1340bd4a9342cc
:10054800e1d1042384f8c334002084f8c60784f872
:10055800c707012384f8c837022284f8c92784f81a
:10056800cc37b2e194f84b30012bccd194f84e3013
:10057800012bc8d1e26cae4b1340ae4a9342c2d1b4
:10058800032384f8c334002084f8c607012384f8c1
:10059800c737022384f8c83784f8cc0795e194f864
:1005a8004d30012b25d0022badd194f84b30012bc7
:1005b800a9d194f84e30012ba5d1e26c9c4b134085
:1005c8009c4a93429fd1062384f8c334002084f8c0
:1005d800c60784f8c70784f8c80784f8c907012341
:1005e80084f8ca37022384f8cb37032384f8cc373e
:1005f8006be194f84b30012b85d194f84e30012be8
:1006080081d1e26c8a4b13408a4a93427ff47bafd4
:10061800042384f8c334002084f8c60784f8c70785
:10062800012384f8c837022384f8c93784f8cc3703
:100638004be1d02bbff40cafc02b10d0c42b00f073
:10064800e380012b3ff404af204610f0bbf80128eb
:1006580040f269810238a36b1844a063f8e620468b
:1006680010f0b0f80546082839d9204611f09cfd4d
:1006780084f84000204610f0a5f8a4f8440020466d
:1006880010f0a0f8a4f84200204611f08dfd84f87f
:10069800460000eb40030733ab4226da18b30026c6
:1006a800f5b2204611f080fd254485f84700204624
:1006b80011f07afd8df80d00030985f84a3000f035
:1006c8000f0085f84d00204611f06efd85f85000aa
:1006d800013694f84620f3b29a42e1d8b8e664208d
:1006e80084f8be04f1e08246b2e6642084f8be04d1
:1006f800ebe0642084f8be04e7e09df81130462b57
:100708007ff4e2ae9df81230492b7ff4ddae9df800
:100718001330462b7ff4d8ae9df81430002b7ff4ad
:10072800d3ae84f83cb0cfe6204610f04bf804284e
:100738007ff48eae204610f045f8a4f8d40187e681
:10074800204610f03ff8422802d95746824645e035
:10075800642084f8be04b8e023465a4659460df191
:100768000f00276ab84723465a46594604a8276afd
:10077800b8472b7803eb881304eb43039df80f105d
:100788009df8102002eb0122a3f854200135b54250
:1007980016d08df8109094f85330002bdcd12346f6
:1007a8005a4659460df10f00276ab8472b7803ebd4
:1007b800881304eb43039df80f20a3f85420e5e7c2
:1007c800019f94f85330002b0cbf41238123aaebdf
:1007d800030a1ffa8afabaf1420f13d9204611f018
:1007e800e3fc8df80d0000f00f0894f8533043ea4d
:1007f800101384f85330104d05f140064ff00009ee
:100808000197c6e7ba4623e620460ff0dbff054608
:10081800122824d8642084f8be0456e004eb031997
:1008280009f2d71904eb032303f2f7182ae000bff3
:10083800ff0000ff0100000194f6020c276a23461e
:100848004a4659464046b847a5eb0905adb294f863
:10085800d631013384f8d631122d7ff6f9ad204612
:1008680011f0a2fc8df80d0000f00f03c0f3001783
:10087800002fd3d13f331b0103f10709a1442733cc
:1008880004eb03082346102259464846266ab04717
:1008980009f1ff3209f10f014ff0000912f8013f89
:1008a8004b441ffa83f98a42f8d1113dadb2a945ec
:1008b80008d817b1b9f5807f04d8002fbed1b9f197
:1008c800100fbbd9642084f8be0407b0bde8f08fd0
:1008d80020460ff077ff0646022813d9204611f06c
:1008e80063fc8df80d00f71ea7eb4007bfb294f824
:1008f800463083420ad143000233b34206da68b174
:10090800002631e0642084f8be04dee7642084f821
:10091800be04dae7022514e05d4612e0a36b3b440f
:10092800a363da4694e5642084f8be04cde700208a
:10093800cbe794f83c0010f1ff3018bf0120c4e762
:100948005546204611f030fc8df80d00631900f073
:100958000f0283f8b824000983f8bb04013694f821
:100968004620f3b29a42d9d9204611f01dfc8df8e1
:100978000d0094f847308342e2d094f8483083421f
:10098800cad094f849308342c4d0022de6d8d8e7bb
:020000040000fa
:020000040c02ec
:100998002de9f04f87b0a54cdff8a0a20af11c039f
:1009a800029304f1440b0ae00023a360022284f8b6
:1009b8002820636423689b6859460720984794f861
:1009c8002820531e002a00f05682092bfad801a1cc
:1009d80051f823f0b109020c050a020c690b020c4c
:1009e800110c020c490c020c350d020c3d0d020cc9
:1009f800a10d020ca70d020ccd0d020ca3686364b7
:100a080023689b6859460f209847002803dd09236f
:100a180084f82830d3e7a0680ff06aff2062006ee0
:100a28006062243011f0acff606a303011f0a8ff2a
:100a3800a0680ff0c3fc40017d4b1a584ff4804367
:100a4800b3fbf2f37b4a1360e368012b0ed9606aab
:100a580043685bb1002550f8241b01ebc5010ef07b
:100a680091f80135606a43689d42f4d3606a03696e
:100a78005bb10025c16801ebc50124300ef082f896
:100a88000135606a03699d42f4d3836a1bb909235f
:100a980084f8283093e724300cf0cefd606a2430c7
:100aa8000cf05cfc606a24300df071f9a0680ff05e
:100ab8009ffc012807d0606a5e4b1968243008f053
:100ac80043ff00260be0606a5a4b1968243008f08f
:100ad80097fff6e7606a04a930300ef053f8636aae
:100ae8009a6ae2b153f8241f04aa0868496803c245
:100af8003146184610f054ff636a5a6b002ae9d051
:100b08000025186b04a900ebc5000df0bbf90128fe
:100b1800e5d00135636a5a6b9542f2d3dae7a068eb
:100b28000ff066fc01280dd0606a303009f0befc79
:100b3800002323612363636a5b6b43b9092384f849
:100b480028303ce7606a303009f00efcf0e7a06816
:100b58000ff034fc0bf0e8fd032384f828302ee76f
:100b6800636a22695b6b9a4203d10a2384f82830ae
:100b780025e74ff0ff332364029811f081ff78b323
:100b8800236cb3f1ff3f3ff41aaf01260025a0689c
:100b98000ff0aefe8146636a21691b6b03ebc1014e
:100ba8000af008fa636a22691b6b03ebc203b3f904
:100bb8000470b3f90680a0680ff000fc0395009557
:100bc8001d4b33440246414638460af0adf999f8c0
:100bd8005c304bb1022b0bd0042384f82830eee6ae
:100be800002626645546d2e799f85030052bf3d1f4
:100bf80003980cf035fab0f1ff3fedd12a690021d6
:100c0800686911f013fee7e7a0680ff071fe443041
:100c18000df0f8fd606128b10023c377052384f83f
:100c28002830cce6072384f82830c8e6b01206201e
:100c38009861020c3c0e072080150620600a0720e8
:100c48006569ab7f9bb12b689b6b28469847012849
:100c580011d0002384f83830ff2384f83930ab7f73
:100c6800022b1ad0ab6c003318bf0123ab770623d5
:100c780084f82830a3e6012384f838302b685b6cad
:100c880028469847c0b284f839000028e7d12b6875
:100c9800d3f8183128469847e9e72b6c5bb304a9c9
:100ca80028460df04bf8bdf91430002b12ddbdf9c4
:100cb8001630002b0edd636a21691b6b03ebc10143
:100cc80004a80df007f958b92b68d3f8183128464d
:100cd8009847cce72b68d3f8183128469847c6e7d9
:100ce800664ad16852f8080c0b6b04a903ebc000e4
:100cf8000cf05af809e0636a21691a6b04f11803c9
:100d080002ebc1021068516803c32b68d3f8143191
:100d18005b49284698476b6a01336b62eb7f012b6e
:100d280040f0a980236b013323639be7042384f8f5
:100d3800283044e6636a22691b6b03ebc20133f96e
:100d48003200b1f90210266cc6eb06150aeb8502d3
:100d5800d368936253681362936853621af82550f4
:100d68000b2d28bf00253201931b0aeb83031d7747
:100d78001d69dd6200259d635d691d631a46236850
:100d88005b681c329847b0f1ff3f74d04ff0ff33d7
:100d9800236410f0f5fe12e610f0f2fe0fe6a368e9
:100da8000133a360374a1268d2f8e822934234bf6d
:100db80002230a2384f8283023689b680021062030
:100dc8009847fce523689b68002108209847002382
:100dd8002363e36a0133e3622a4b1b68d3f8e832e2
:100de800002b3ff4ecad0026b146264f31e02946f2
:100df80005f10c000ef0aaf96b68082b03d92846f8
:100e080010f0defd2ce0284611f0bafd28e005f1cf
:100e1800180805f10c0140460ef098f9eb69082b0b
:100e280006d9404610f0ccfd012384f8283009e0ab
:100e3800404611f0a5fdf7e705f10c0011f0a0fd03
:100e480084f8289001363b68d3f8e8329e42bff414
:100e5800b6ad30460ff04cfd056ee368012bc6d8e1
:100e6800eb69002bd3d12b69082be5d905f10c00d0
:100e780010f0a6fde4e707b0bde8f08fc812062021
:080e880088ab0720380e07209b
:020000040000fa
:020000040c02ec
:100e90002de9f04fc5b003460390881c02330df1d5
:100ea000140b01f1120202929a46b3e0b5f91e301a
:100eb000b0f81e8008fb03f8b5f95e20b0f85e308c
:100ec00003fb02f308eb030241f2511101fb02f1b3
:100ed0007c4a02fb031241f67e0303fb081835f936
:100ee000021c30f8023c03fb01f3b5f93e40c18f10
:100ef00001fb04f103eb01094fea49395b1a5b037b
:100f000008eb0904a9eb08010091d1189b1a019381
:100f1000b5f96e20b0f86e8008fb02f8b5f94e20e6
:100f2000b0f84ee00efb02feb5f92e20b0f82ec050
:100f30000cfb02fcc28906fb02f608eb0c050eeb6b
:100f40000607ea1942f2a15909fb02f25e4b03fbc4
:100f500005255e4b03fb072208eb06075c4b03fbf2
:100f600007f705eb070940f68e1303fb08981744b3
:100f700043f20b0909fb06760eeb0c07dff85491e0
:100f800009fb07f73a4444f2b31909fb0e223d442a
:100f900046f2542707fb0c5ca51905f58065ed1298
:100fa0004bf8045ca61b06f58066f612cbf8dc60f5
:100fb00001eb0c0404f58064e412cbf81c40a1ebb7
:100fc0000c0101f58061c912cbf8bc10019b991886
:100fd00001f58061c912cbf83c109b1a03f58063c0
:100fe000db12cbf89c30009a1346434403f5806330
:100ff000db12cbf85c30a2eb080808f58063db124b
:10100000cbf87c3002300af1020a0bf1040b029b90
:1010100098423bd05546baf90e60002e7ff446af99
:10102000baf91e30002b7ff441afbaf92e30002bf5
:101030007ff43cafbaf93e30002b7ff437afbaf9fa
:101040004e30002b7ff432afbaf95e30002b7ff4c4
:101050002dafbaf96e30002b7ff428af3af9022c8d
:1010600030f8023c03fb02f39b004bf8043ccbf846
:101070001c30cbf83c30cbf85c30cbf87c30cbf874
:101080009c30cbf8bc30cbf8dc30bbe7039b03f1e2
:10109000100b0cae9033019329e06ff07f0489e0d0
:1010a0006ff07f0898e06ff07f01a3e06ff07f02a0
:1010b000aee06ff07f02b9e06ff07f03c4e06ff045
:1010c0007f03cfe0dfc4ffff3bc1ffff84f3ffffdf
:1010d00033e3fffffdadffff6ff07f072af8087cc9
:1010e0000bf1100b2036019b9b4500f0ca8056f88f
:1010f000187c56f8080c3a1841f2511a0afb02fa09
:10110000614b03fb00a041f67e0909fb07a756f8d7
:10111000203c56f8102c03eb02094fea49399b1a80
:101120005b0307eb0901a9eb070ec2181b1a00931a
:1011300056f8049c56f80cac56f814cc56f81c8c97
:1011400009eb0c040aeb0805601942f2a15707fbf2
:1011500000f04e4f07fb04044d4f07fb050009eb61
:1011600008054c4f07fb05f5671940f68e1303fb86
:101170000977054443f20b0909fb08580aeb0c05f3
:10118000dff8149109fb05f5284444f2b31909fb73
:101190000a002c4446f2542505fb0c4c01eb0804d4
:1011a00004f50034a41414f1800ffff676af7f2c01
:1011b000a8bf7f24da462bf8104ca1eb080808f5ed
:1011c00000384feaa84818f1800ffff669afb8f170
:1011d0007f0fa8bf4ff07f082af8028c02eb0c01aa
:1011e00001f50031891411f1800ffff65caf7f2902
:1011f000a8bf7f212af80e1ca2eb0c0202f50032d8
:10120000921412f1800ffff651af7f2aa8bf7f2200
:101210002af8042c009b1a1802f50032921412f1dd
:10122000800ffff646af7f2aa8bf7f222af80c2c3a
:10123000009b1b1a03f500339b1413f1800ffff67c
:101240003baf7f2ba8bf7f232af8063c0eeb07039a
:1012500003f500339b1413f1800ffff630af7f2ba3
:10126000a8bf7f232af80a3caeeb070707f5003733
:10127000bf1417f1800ffff62faf7f2fa8bf7f2776
:101280002ce745b0bde8f08fdfc4ffff3bc1ffff97
:0c12900084f3ffff33e3fffffdadffff21
:020000040000fa
:020000040c02ec
:10129c0000000000963007772c610eeeba510999c8
:1012ac0019c46d078ff46a7035a563e9a395649e24
:1012bc003288db0ea4b8dc791ee9d5e088d9d29748
:1012cc002b4cb609bd7cb17e072db8e7911dbf90a4
:1012dc006410b71df220b06a4871b9f3de41be84c8
:1012ec007dd4da1aebe4dd6d51b5d4f4c785d38324
:1012fc0056986c13c0a86b647af962fdecc9658ac8
:10130c004f5c0114d96c0663633d0ffaf50d088d23
:10131c00c8206e3b5e10694ce44160d5727167a2c7
:10132c00d1e4033c47d4044bfd850dd26bb50aa523
:10133c00faa8b5356c98b242d6c9bbdb40f9bcac47
:10134c00e36cd832755cdf45cf0dd6dc593dd1aba3
:10135c00ac30d9263a00de518051d7c81661d0bfc7
:10136c00b5f4b42123c4b3569995bacf0fa5bdb823
:10137c009eb802280888055fb2d90cc624e90bb1c7
:10138c00877c6f2f114c6858ab1d61c13d2d66b623
:10139c009041dc760671db01bc20d2982a10d5ef87
:1013ac008985b1711fb5b606a5e4bf9f33d4b8e8e3
:1013bc00a2c9077834f9000f8ea8099618980ee187
:1013cc00bb0d6a7f2d3d6d08976c6491015c63e6e3
:1013dc00f4516b6b62616c1cd83065854e0062f207
:1013ec00ed95066c7ba5011bc1f4088257c40ff563
:1013fc00c6d9b06550e9b712eab8be8b7c88b9fc87
:10140c00df1ddd62492dda15f37cd38c654cd4fbe2
:10141c005861b24dce51b53a7400bca3e230bbd486
:10142c0041a5df4ad795d83d6dc4d1a4fbf4d6d3e2
:10143c006ae96943fcd96e34468867add0b860da86
:10144c00732d0444e51d03335f4c0aaac97c0ddde2
:10145c003c710550aa41022710100bbe86200cc906
:10146c0025b56857b3856f2009d466b99fe461ce62
:10147c000ef9de5e98c9d9292298d0b0b4a8d7c786
:10148c00173db359810db42e3b5cbdb7ad6cbac0e2
:10149c002083b8edb6b3bf9a0ce2b6039ad2b174fe
:1014ac003947d5eaaf77d29d1526db048316dc735a
:1014bc00120b63e3843b64943e6a6d0da85a6a7afe
:1014cc000bcf0ee49dff099327ae000ab19e077d5a
:1014dc0044930ff0d2a3088768f2011efec206697e
:1014ec005d5762f7cb67658071366c19e7066b6eda
:1014fc00761bd4fee02bd3895a7ada10cc4add67fe
:10150c006fdfb9f9f9efbe8e43beb717d58eb06059
:10151c00e8a3d6d67e93d1a1c4c2d83852f2df4ffd
:10152c00f167bbd16757bca6dd06b53f4b36b24859
:10153c00da2b0dd84c1b0aaff64a0336607a0441fd
:10154c00c3ef60df55df67a8ef8e6e3179be694659
:10155c008cb361cb1a8366bca0d26f2536e268527d
:10156c0095770ccc03470bbbb91602222f260555d9
:10157c00be3bbac5280bbdb2925ab42b046ab35cfd
:10158c00a7ffd7c231cfd0b58b9ed92c1daede5b59
:10159c00b0c2649b26f263ec9ca36a750a936d023d
:1015ac00a906099c3f360eeb856707721357000599
:1015bc00824abf95147ab8e2ae2bb17b381bb60cbd
:1015cc009b8ed2920dbed5e5b7efdc7c21dfdb0b19
:1015dc00d4d2d38642e2d4f1f8b3dd686e83da1f3d
:1015ec00cd16be815b26b9f6e177b06f7747b71899
:1015fc00e65a0888706a0fffca3b06665c0b01113d
:10160c00ff9e658f69ae62f8d3ff6b6145cf6c1698
:10161c0078e20aa0eed20dd75483044ec2b303393c
:10162c00612667a7f71660d04d476949db776e3e98
:10163c004a6ad1aedc5ad6d9660bdf40f03bd837bc
:10164c0053aebca9c59ebbde7fcfb247e9ffb53018
:10165c001cf2bdbd8ac2baca3093b353a6a3b4243c
:10166c000536d0ba9306d7cd2957de54bf67d92398
:10167c002e7a66b3b84a61c4021b685d942b6f2a3c
:10168c0037be0bb4a18e0cc31bdf055a8def022d98
:020000040000fa
:020000040c02ec
:10169c002de9f04f83b004460f4699460c9d161e5b
:1016ac0014bf4ff004084ff003082b78002b71d1b6
:1016bc006b68082b0dd0102b29d04ff0010b0bfab7
:1016cc0003fb0bf1ff3b0023019300296cd09a46de
:1016dc0048e0002968d009f1ff334f44013fff2057
:1016ec0004e00246e2704444bb425dd001331a78f8
:1016fc00a27062702270002ef5d02a69002af0d0f8
:10170c001a7869698a4214bfff220022eae700298d
:10171c004ad000234ff0ff0c09f1010005e06246ae
:10172c00e270013344449f423ed019f81320a2705a
:10173c0062702270002ef4d02a69002aefd019f8ba
:10174c00131010f8132002eb012269698a4214bfae
:10175c00ff220022e4e7ff20e0700af1010a444472
:10176c00574521d06a68494601a80ff00efcc0eb22
:10177c000023b3fbfbf3dbb2a37063702370002e6a
:10178c00ebd02b69002be6d06b69834214bfff2092
:10179c000020e1e7022b0ad0032b6dd0042b00f0c4
:1017ac00a080062b00f0ce8003b0bde8f08f6b68f4
:1017bc00082b08d00029f7d04b4601eb410709eb69
:1017cc004709ff2743e00029eed04b4601eb4107c8
:1017dc00b944ff2710e0aa69914201d03a4606e0cd
:1017ec00ea69624514bfff22002200e03a46e2702b
:1017fc00444403334b45d7d01a7822705978617022
:10180c0093f802c084f802c0002ef1d02869002899
:10181c00ecd068698242ded03a46e8e7987893f8d3
:10182c0003c00ceb002ca869844501d03a4609e0b2
:10183c00597901eb0221ea69914214bfff2200227f
:10184c0000e03a46e270444406339945acd01a782d
:10185c0022709a7862701a79a270002ef3d02869df
:10186c000028eed0187893f801c00ceb002c6869b6
:10187c008445d3d03a46e5e700230193002993d061
:10188c00ca464f441ce0494601a80ff07efb1ce001
:10189c008200ab6813f820302370ab6813445b787c
:1018ac006370ab6813449b78a3701eb1ab681a4489
:1018bc00d378e37044440af1010a57453ff474affe
:1018cc006a68082adfd19af80000eb688342dfd8f7
:1018dc000023a37063702370002eebd0ff23e37002
:1018ec00e8e76b68082b06d000293ff45daf0023b6
:1018fc0009f102011be000293ff456af002309f166
:10190c00010104e0013344449f423ff44daf19f808
:10191c001320a27062702270002ef3d011f81320e5
:10192c00e270efe7013344449f423ff43daf19f8b6
:10193c002320a27062702270002ef3d011f82320a5
:10194c00e270efe76b68082b06d000293ff42caf50
:10195c004b4609ebc1071be000293ff425af4b4672
:10196c0009eb810704e0444404339f423ff41caf6d
:10197c001a7822705a7862709a78a270002ef2d07f
:10198c00da78e270efe744440833bb423ff40caf23
:10199c001a7822709a7862701a79a270002ef2d09e
:0619ac009a79e270efe7fa
:020000040000fa
:020000040c02ec
:0219b20070477c
:020000040000fa
:020000040c02ec
:1019b4009e4b1b78012b00f0618170b582b010f052
:1019c400fbfe9b4d28600368db6a4ff488724ff47a
:1019d400f071984728680368d3f8b030002198471d
:1019e4002868036800240094d3f8c860234622467c
:1019f4002146b0472a68536943f03003536110f01d
:101a0400dbfe8c4e306003685b69224621469847b2
:101a140030680368db6a4ff488724ff4f0719847ba
:101a240030680368d3f8a03083499847286803686e
:101a3400db6e3168984710f0a1fe804e3060036d74
:101a44005b690522114698473068036ddb6a1c22e6
:101a5400782198473068036dd3f8b0302146984711
:101a64003068036dd3f8a830214698473068036d79
:101a7400d3f838317249984728680368db6e3168b7
:101a8400984710f07bfe6f4e3060036d5b693c221b
:101a94001e2198473068036ddb6aa922b421984758
:101aa4003068036dd3f8b030214698473068036d31
:101ab400d3f8a830214698473068036dd3f83831fd
:101ac4006149984728680368db6e3168984710f0cd
:101ad4001dff5e4e3060036d5b695722e12198471c
:101ae4003068036ddb6a2822412198473068036d12
:101af400d3f8a030564998473068036dd3f8b03016
:101b0400214698473068036dd3f8383151499847d6
:101b140028680368db6e3168984710f0f7fe4e4e74
:101b24003060036d5b6957224ff4967198473068b3
:101b3400036ddb6a2822462198473068036dd3f889
:101b4400a030464998473068036dd3f8b030214639
:101b540098473068036dd3f838314149984728686d
:101b64000368db6e3168984710f0d0fe3d4e30605c
:101b7400036d5b69572240f2771198473068036d13
:101b8400db6a2822642198473068036dd3f8a030bb
:101b9400354998473068036dd3f8b03021469847eb
:101ba4003068036dd3f838313049984728680368a2
:101bb400db6e3168984710f0d7fd2d4e3060036d11
:101bc4005b698e224ff4807198473068036ddb6a3d
:101bd4004a22a02198473068036dd3f8b0302146db
:101be40098473068036dd3f8a83021469847306889
:101bf400036dd3f850311f4998473068036dd3f80b
:101c040058311d49984728680368db6e3168984746
:101c1400214628680df058fa022120460cf084f978
:101c2400024b01221a70204602b070bd860e0720b6
:101c3400200e072090120620742a020ca0120620ff
:101c44000caa07209812062048aa0720881206200a
:101c5400ac27020c341206209c120620e424020c49
:101c64006c1206208c1206201c22020c5012062034
:101c74009412062094a90720d0a907204ff0ff3022
:041c8400704700bfe6
:020000040000fa
:020000040c02ec
:101c88002de9f04f8bb0149ce51d0395ed080495e4
:101c980002fb04f2073205920193002b00f04d81fc
:101ca8004fead209864609f10103029301eb0908bc
:101cb80001eb050b00239a4638e0039b072b09d953
:101cc800a8eb09030ef1ff3213f8011f02f8011ff8
:101cd8005b45f9d1049b4b451dd2a3eb0902424455
:101ce8000ef1ff30591e714412f8013f10f8014ff0
:101cf800234401f8013f4245f6d10ce0059b072b30
:101d080009d9a8eb09030ef1ff3213f8011f02f8f5
:101d1800011f4345f9d10af1010ace44029b9844b8
:101d28009b44009b019a524500f00b81cdf800e0de
:101d3800c9f1000212f80820042a00f2008101a16a
:101d480051f822f0051d020cc31c020c611d020c87
:101d5800a31d020c3f1e020c8bb1059a072adad983
:101d6800a8eb0901013b0ef1ff3011f8012f13f820
:101d7800014f224400f8012f4145f6d1cbe7059bde
:101d8800072bc8d9a8eb09030ef1ff3213f8011f7e
:101d980002f8011f4345f9d1bde753b3039a072a57
:101da8000ed9a8eb09015c1e0ef1ff3014f8015f93
:101db80011f8012f02eb550200f8012f5945f5d112
:101dc800049a4a45a7d2541ea2eb090040440ef1da
:101dd800ff352344744415f8012f13f8011f1144eb
:101de80010f8012f02eb610204f8012f4045f2d1ef
:101df80091e7039b072b09d9a8eb09030ef1ff32e2
:101e080013f8011f02f8011f5b45f9d1049b4b45ec
:101e180081d2a3eb090242440ef1ff30591e7144ee
:101e280010f8014f12f8013f03eb540301f8013f8a
:101e38004245f5d16fe753b3039a072a0dd9a8ebaa
:101e480009015c1e0ef1ff3011f8012f14f8015f33
:101e58002a4400f8012f5945f6d1049a4a45bff49f
:101e68005aaf02f1ff3ca2eb090747440ef1ff32db
:101e780003eb0c015c1ef444cdf81890cdf81ca0bf
:101e880091468a46cdf820e0cdf824b02ae0039b9d
:101e9800072b09d9a8eb09030ef1ff3213f8011f2c
:101ea80002f8011f5b45f9d1049b4b45bff433afe2
:101eb800a3eb090242440ef1ff30591e714412f897
:101ec800013f10f8014f234401f8013f4245f6d184
:101ed80021e79142ccbf7046304628440cf8010fe8
:101ee800474521d017f8015f19f8016f1af801ef7b
:101ef80014f8010faeeb00010029b8bf494209b23e
:101f0800321a002ab8bf524212b20eeb0603a3ebf4
:101f18004003002bb8bf5b421bb28b469142a8bf5f
:101f280093465b45d5dad8e7ddf81890ddf81ca0b4
:101f3800ddf820e0ddf824b0ede6019802e0242089
:0c1f480000e000200bb0bde8f08f00bfef
:020000040000fa
:020000040c02ec
:101f5400cf000000cf000000ff0000008000000060
:101f64004000000000000000e100000080000000cc
:101f7400ff000000e1000000cf00000000000000ae
:101f840012000000ff000000e100000091000000ca
:101f9400ba000000ba000000ff0000009200000038
:101fa4004900000000000000db0000009200000077
:101fb400ff000000db000000ba0000000000000089
:101fc40003000000ff000000db000000920000009e
:101fd4007ac600007ac60000ffff000010840000eb
:101fe40008420000000000001cd70000108400001c
:101ff400ffff00001cd700007ac6000000000000ac
:102004001f000000ffff00001cd70000928c00009e
:1020140075c6000075c60000ffff000021840000a3
:10202400114200000100000039d7000021840000a3
:10203400ffff000039d7000075c600000100000052
:102044003f000000ffff000039d70000a58c00000e
:10205400d4d0c800d4d0c800ffffff008080800027
:102064004040400000000000e7e3d600808080008c
:10207400ffffff00e7e3d600d4d0c8000000000053
:10208400ff000000ffffff00e7e3d60094928c00fe
:10209400ffd4d0c8ffd4d0c8ffffffffff808080eb
:1020a400ff404040ff000000ffe7e3d6ff80808050
:1020b400ffffffffffe7e3d6ffd4d0c8ff00000017
:1020c400ffff0000ffffffffffe7e3d6ff94928cc2
:1020d400d4d0c8ffd4d0c8ffffffffff808080ffab
:1020e400404040ff000000ffe7e3d6ff808080ff10
:1020f400ffffffffe7e3d6ffd4d0c8ff000000ffd7
:10210400ff0000ffffffffffe7e3d6ff94928cff81
:1021140000000000000000000000000000000000bb
:1021240000000000000000000000000000000000ab
:10213400000000000000000000000000000000009b
:10214400000000000000000000000000000000008b
:10215400000000000000000000000000000000007b
:10216400000000000000000000000000000000006b
:10217400000000000000000000000000000000005b
:10218400000000000000000000000000000000004b
:10219400000000000000000000000000000000003b
:1021a400000000000000000000000000000000002b
:1021b400000000000000000000000000000000001b
:1021c400000000000000000000000000000000000b
:1021d40001000000000000000000000000000000fa
:1021e40000000000000000000000000000000000eb
:1021f40000000000000000000000000000000000db
:1022040000000000000000000000000000000000ca
:082214000000000000000000c2
:020000040000fa
:020000040c02ec
:10221c0012000000cf000000ff0000008000000052
:10222c004000000012000000e100000080000000ef
:10223c00ff000000e1000000cf00000012000000d1
:10224c0012000000ff000000e100000091000000ff
:10225c0003000000ba000000ff0000009200000024
:10226c004900000003000000db00000092000000a9
:10227c00ff000000db000000ba00000003000000bb
:10228c0003000000ff000000db00000092000000d3
:10229c001f0000007ac60000ffff00001084000041
:1022ac00084200001f0000001cd700001084000032
:1022bc00ffff00001cd700007ac600001f000000c2
:1022cc001f000000ffff00001cd70000928c0000d4
:1022dc003f00000075c60000ffff000021840000d5
:1022ec00114200003f00000039d70000218400009b
:1022fc00ffff000039d7000075c600003f0000004a
:10230c003f000000ffff000039d70000a58c000043
:10231c00ff000000d4d0c800ffffff0080808000c9
:10232c0040404000ff000000e7e3d60080808000c2
:10233c00ffffff00e7e3d600d4d0c800ff00000089
:10234c00ff000000ffffff00e7e3d60094928c0033
:10235c00ffff0000ffd4d0c8ffffffffff8080808d
:10236c00ff404040ffff0000ffe7e3d6ff80808086
:10237c00ffffffffffe7e3d6ffd4d0c8ffff00004d
:10238c00ffff0000ffffffffffe7e3d6ff94928cf7
:10239c00ff0000ffd4d0c8ffffffffff808080ff4d
:1023ac00404040ffff0000ffe7e3d6ff808080ff46
:1023bc00ffffffffe7e3d6ffd4d0c8ffff0000ff0d
:1023cc00ff0000ffffffffffe7e3d6ff94928cffb7
:1023dc0000000000000000000000000000000000f1
:1023ec0000000000000000000000000000000000e1
:1023fc0000000000000000000000000000000000d1
:10240c0000000000000000000000000000000000c0
:10241c0000000000000000000000000000000000b0
:10242c0000000000000000000000000000000000a0
:10243c000000000000000000000000000000000090
:10244c000000000000000000000000000000000080
:10245c000c000000fc0000000f0000000800000051
:10246c00ed0000000c000000fe0000000800000061
:10247c000f000000fe000000fc0000000c0000003b
:10248c000c0000000f000000fe000000f600000031
:10249c000000000000000000000000000000000030
:1024ac000000000000000000000000000000000020
:1024bc000000000000000000000000000000000010
:1024cc000000000000000000000000000000000000
:0824dc000000000000000000f8
:020000040000fa
:020000040c02ec
:1024e400b6000000cf000000ff00000080000000e4
:1024f40040000000b6000000e10000008000000081
:10250400ff000000e1000000cf000000b600000062
:1025140012000000ff000000e10000009100000034
:102524001c000000ba000000ff0000009200000040
:10253400490000001c000000db00000092000000c5
:10254400ff000000db000000ba0000001c000000d7
:1025540003000000ff000000db0000009200000008
:10256400e00700007ac60000ffff000010840000ae
:1025740008420000e00700001cd70000108400009f
:10258400ffff00001cd700007ac60000e00700002f
:102594001f000000ffff00001cd70000928c000009
:1025a400c107000075c60000ffff00002184000081
:1025b40011420000c107000039d700002184000047
:1025c400ffff000039d7000075c60000c1070000f6
:1025d4003f000000ffff000039d70000a58c000079
:1025e40000ff0000d4d0c800ffffff0080808000ff
:1025f4004040400000ff0000e7e3d60080808000f8
:10260400ffffff00e7e3d600d4d0c80000ff0000be
:10261400ff000000ffffff00e7e3d60094928c0068
:10262400ff00ff00ffd4d0c8ffffffffff808080c2
:10263400ff404040ff00ff00ffe7e3d6ff808080bb
:10264400ffffffffffe7e3d6ffd4d0c8ff00ff0082
:10265400ffff0000ffffffffffe7e3d6ff94928c2c
:1026640000ff00ffd4d0c8ffffffffff808080ff82
:10267400404040ff00ff00ffe7e3d6ff808080ff7b
:10268400ffffffffe7e3d6ffd4d0c8ff00ff00ff42
:10269400ff0000ffffffffffe7e3d6ff94928cffec
:1026a4000000000000000000000000000000000026
:1026b4000000000000000000000000000000000016
:1026c4000000000000000000000000000000000006
:1026d40000000000000000000000000000000000f6
:1026e40000000000000000000000000000000000e6
:1026f40000000000000000000000000000000000d6
:1027040000000000000000000000000000000000c5
:1027140000000000000000000000000000000000b5
:102724000a000000fc0000000f0000000800000088
:10273400ed0000000a000000fe0000000800000098
:102744000f000000fe000000fc0000000a00000072
:102754000c0000000f000000fe000000f600000066
:102764000000000000000000000000000000000065
:102774000000000000000000000000000000000055
:102784000000000000000000000000000000000045
:102794000000000000000000000000000000000035
:0827a40000000000000000002d
:020000040000fa
:020000040c02ec
:1027ac0036000000cf000000ff0000008000000099
:1027bc004000000036000000e10000008000000036
:1027cc00ff000000e1000000cf0000003600000018
:1027dc0012000000ff000000e1000000910000006a
:1027ec00e0000000ba000000ff00000092000000b2
:1027fc0049000000e0000000db0000009200000037
:10280c00ff000000db000000ba000000e000000048
:10281c0003000000ff000000db000000920000003d
:10282c0000f800007ac60000ffff000010840000d2
:10283c000842000000f800001cd7000010840000c3
:10284c00ffff00001cd700007ac6000000f8000053
:10285c001f000000ffff00001cd70000928c00003e
:10286c0001f8000075c60000ffff00002184000085
:10287c001142000001f8000039d70000218400004b
:10288c00ffff000039d7000075c6000001f80000fa
:10289c003f000000ffff000039d70000a58c0000ae
:1028ac000000ff00d4d0c800ffffff008080800034
:1028bc00404040000000ff00e7e3d600808080002d
:1028cc00ffffff00e7e3d600d4d0c8000000ff00f4
:1028dc00ff000000ffffff00e7e3d60094928c009e
:1028ec00ff0000ffffd4d0c8ffffffffff808080f8
:1028fc00ff404040ff0000ffffe7e3d6ff808080f1
:10290c00ffffffffffe7e3d6ffd4d0c8ff0000ffb7
:10291c00ffff0000ffffffffffe7e3d6ff94928c61
:10292c000000ffffd4d0c8ffffffffff808080ffb7
:10293c00404040ff0000ffffe7e3d6ff808080ffb0
:10294c00ffffffffe7e3d6ffd4d0c8ff0000ffff77
:10295c00ff0000ffffffffffe7e3d6ff94928cff21
:10296c00000000000000000000000000000000005b
:10297c00000000000000000000000000000000004b
:10298c00000000000000000000000000000000003b
:10299c00000000000000000000000000000000002b
:1029ac00000000000000000000000000000000001b
:1029bc00000000000000000000000000000000000b
:1029cc0000000000000000000000000000000000fb
:1029dc0000000000000000000000000000000000eb
:1029ec0009000000fc0000000f00000008000000bf
:1029fc00ed00000009000000fe00000008000000cf
:102a0c000f000000fe000000fc00000009000000a8
:102a1c000c0000000f000000fe000000f60000009b
:102a2c00000000000000000000000000000000009a
:102a3c00000000000000000000000000000000008a
:102a4c00000000000000000000000000000000007a
:102a5c00000000000000000000000000000000006a
:082a6c00000000000000000062
:020000040000fa
:020000040c02ec
:102a7400ff000000cf000000ff0000008000000005
:102a840040000000ff000000e100000080000000a2
:102a9400ff000000e1000000cf0000000000000083
:102aa40012000000ff000000e1000000910000009f
:102ab400ff000000ba000000ff00000092000000c8
:102ac40049000000ff000000db000000920000004d
:102ad400ff000000db000000ba000000000000005e
:102ae40003000000ff000000db0000009200000073
:102af400ffff00007ac60000ffff00001084000002
:102b040008420000ffff00001cd7000010840000f2
:102b1400ffff00001cd700007ac600000000000080
:102b24001f000000ffff00001cd70000928c000073
:102b3400ffff000075c60000ffff000021840000b5
:102b440011420000ffff000039d70000218400007b
:102b5400ffff000039d7000075c600000100000027
:102b64003f000000ffff000039d70000a58c0000e3
:102b7400ffffff00d4d0c800ffffff00808080006b
:102b840040404000ffffff00e7e3d6008080800064
:102b9400ffffff00e7e3d600d4d0c8000000000028
:102ba400ff000000ffffff00e7e3d60094928c00d3
:102bb400ffffffffffd4d0c8ffffffffff8080802f
:102bc400ff404040ffffffffffe7e3d6ff80808028
:102bd400ffffffffffe7e3d6ffd4d0c8ff000000ec
:102be400ffff0000ffffffffffe7e3d6ff94928c97
:102bf400ffffffffd4d0c8ffffffffff808080ffef
:102c0400404040ffffffffffe7e3d6ff808080ffe7
:102c1400ffffffffe7e3d6ffd4d0c8ff000000ffab
:102c2400ff0000ffffffffffe7e3d6ff94928cff56
:102c34000000000000000000000000000000000090
:102c44000000000000000000000000000000000080
:102c54000000000000000000000000000000000070
:102c64000000000000000000000000000000000060
:102c74000000000000000000000000000000000050
:102c84000000000000000000000000000000000040
:102c94000000000000000000000000000000000030
:102ca4000000000000000000000000000000000020
:102cb4000f000000fc0000000f00000008000000ee
:102cc400ed0000000f000000fe00000008000000fe
:102cd4000f000000fe000000fc00000000000000e7
:102ce4000c0000000f000000fe000000f6000000d1
:102cf40000000000000000000000000000000000d0
:102d040000000000000000000000000000000000bf
:102d140000000000000000000000000000000000af
:102d2400000000000000000000000000000000009f
:082d3400000000000000000097
:020000040000fa
:020000040c02ec
:102d3c002de9f04f099f154604468e461e46002b82
:102d4c0040f0cc808a42b2fa82fc4cd9bcf1000f24
:102d5c000bd0ccf1200801fa0cfe20fa08f802fa8c
:102d6c000cf548ea0e0e00fa0cf44fea15491ffa5e
:102d7c0085f8befbf9fa210c09fb1ae30afb08fbe8
:102d8c0041ea03439b452ad9eb180af1ff3004d2e0
:102d9c009b4502d9aaf102002b44a3eb0b03a4b26e
:102dac00b3fbf9f209fb123302fb08f844ea0344c3
:102dbc00a04516d92c1902f1ff3303d2a04501d935
:102dcc00931e2c44a4eb080443ea004027b124fad8
:102ddc000cf400233c607b603146bde8f08f50461c
:102dec00dbe71346eee702b9ffdebcf1000f2ed194
:102dfc008b1a01264fea154eaab2b3fbfef8210c32
:102e0c000efb183308fb02f941ea0343994561d9db
:102e1c00eb1808f1ff3004d2994502d9a8f1020051
:102e2c002b44a3eb0903a4b2b3fbfef10efb11334d
:102e3c004a4344ea0344a2424ed92c1901f1ff3310
:102e4c0003d2a24201d98b1e2c44a41abce7ccf1ac
:102e5c00200e02fa0cf521fa0ef901fa0cf320fa05
:102e6c000efe4eea03034fea154800fa0cf4b9fbc8
:102e7c00f8f11ffa85fe08fb1192180c01fb0ef6f7
:102e8c0040ea0242964221d9aa1801f1ff3003d23e
:102e9c00964201d9881e2a44921b9bb2b2fbf8f9c8
:102eac0008fb192209fb0efe43ea02439e450fd98b
:102ebc00eb1809f1ff3604d29e4502d9a9f102069e
:102ecc002b44a3eb0e0346ea004693e70846e3e7e0
:102edc004e46f6e74046a4e70b46b6e78b4206d9ca
:102eec00002f7ed00026c7e90001304674e7b3fa04
:102efc0083fcbcf1000f0fd18b4201d3824209d865
:102f0c00841a61eb030e0120002f6dd0c7e9004e2f
:102f1c00002661e76046f7e7ccf1200e03fa0cf3cc
:102f2c0022fa0ef521fa0ef41d4301fa0cf320fae5
:102f3c000ef10b434fea154a00fa0cf6b4fbfaf902
:102f4c001ffa85f80afb19401c0c09fb08f144ea2e
:102f5c000044a14202fa0cf23fd92c1909f1ff30be
:102f6c0004d2a14202d9a9f102002c44641a9bb2ea
:102f7c00b4fbfaf90afb194409fb08f843ea0441cb
:102f8c0088452cd9691809f1ff3304d2884502d938
:102f9c00a9f10203294443ea0040a1eb0801a0fb7c
:102fac0002894945c2464c4602d306d1464504d255
:102fbc00b8eb020a69eb05040138afb1b6eb0a03b2
:102fcc0061eb040606fa0efe23fa0cf34eea030339
:102fdc0026fa0cf6c7e900369ae74846c6e74b4690
:0c2fec00d9e73e463846f7e63e46f5e6db
:020000040000fa
:020000040c02ec
:102ff8002de9f0439db00446884617461d46b0f9b2
:1030080004600dab0068616803c34fea55091ffaf5
:1030180089f1bdf83420521aadf83420bdf83630a5
:103028005b1aadf83630abb29a19adf83820bdf856
:103038003a201344adf83a300da80ff087f901286b
:1030480000f029810fab2068616803c3002f00f0ee
:103058002581002d00f022813346002eb8bf731c55
:103068005e1006aa3946404601f024fe012d1ad901
:1030780015f0010f59d009f1010333445a42159252
:10308800169217931893013b07ee903af8eee77af9
:10309800cded147aa6eb090607ee906af8ee677a8a
:1030a800cded137a0ce07342159316931796189684
:1030b80007ee906af8eee77acded147acded137a43
:1030c800b4f900301193b4f902301293259b1a9386
:1030d800279b1b93069b13b39df82430012b3bd0f1
:1030e8009df82530012b3dd09df82630012b3fd08f
:1030f8009df82730012b41d0069b022b0fd19df85c
:103108003030012b40d09df83130012b42d09df852
:103118003230012b44d09df83330012b46d09df836
:103128009030012b48d00020b9e009eb06035a4241
:103138001592169217931893013b07ee903af8ee02
:10314800677acded147aa6eb090607ee906af8eed9
:10315800677acded137ab3e7089a07990fa804f0b8
:1031680063f8bde7089a07990fa804f0f7f8bbe7da
:10317800089a07990fa803f0a5fcb9e7089a0799d8
:103188000fa803f0ddfdb7e70b9a0a990fa804f022
:103198004bf8b8e70b9a0a990fa804f0dff8b6e7de
:1031a8000b9a0a990fa803f08dfcb4e70b9a0a99b9
:1031b8000fa803f0c5fdb2e7b4f904000028b8bfb2
:1031c8000130401002aa414601300ef0e0fa039b9c
:1031d800594203916688b4f90620002ab8bf013223
:1031e800c2f34f02c5f38f0523885b1b0298034483
:1031f800b4f904000028b8bf013003eb6003adf850
:103208001030731b0b441a44adf812200ffa89f6dc
:10321800adf81460adf81660279b0093259b1a46fd
:10322800494604a808f0eaf807eb0801b4f90400d5
:103238000028b8bf0130401002aa01300ef0a7faea
:103248000399494203916288b4f90670002fb8bf08
:103258000137c7f34f0723885b1b02980344b4f96f
:1032680004000028b8bf013003eb6003adf810304c
:10327800551b0d443d44adf81250adf81460adf83f
:103288001660279b0093259b1a46494604a808f018
:10329800b5f8002003e04ff0ff3000e000201db03b
:0432a800bde8f0830a
:020000040000fa
:020000040c02ec
:1032ac002de9f04786b004460d4616469846970021
:1032bc0038460ef053fca060002800f0e2805eb1ae
:1032cc002b1f03eb070cc5f10401ca18a06853f8b7
:1032dc00045f85509c45f8d12661c4f80c8000230e
:1032ec0000930293019303930593049338460ef0d5
:1032fc0035fc6060002814bf00255325e76807f1f2
:10330c000108019e4fea880168460df0a4fa0028d6
:10331c0000f0b980cdf80480b04508d9002200e057
:10332c001e46009b43f82620731cb742f8d1e76871
:10333c0007f10108049e4fea880103a80df08bfaef
:10334c00002800f0b180cdf81080b04508d90022db
:10335c0000e01e46039b43f82620731cb742f8d1ad
:10336c00002d40f0918023696bb12b46a26852f876
:10337c002300009951f82020013241f8202001331c
:10338c0022699342f2d1e36873b129460122039872
:10339c00009b5b58465833445b0040f822300132a6
:1033ac000431e3689a42f2d92369002b7ed02b4674
:1033bc0003e001332269934278d0a26852f82320ab
:1033cc00002af6d0039850f822104e1c40f82260c8
:1033dc00626842f82310ece71d4661e049f823c00f
:1033ec00724600e0921b0131a36853f800808845b7
:1033fc0023d0666808f1ff33a3eb0109335823fa95
:10340c0009f303f00103002a2fdb266902f10209fc
:10341c00b1452cd803eb4203d4f8009059f8232083
:10342c0047f6ff7a5245ddd14a1c4245d6d00137ca
:10343c003e4449f823603a46d5e70cf1010c236968
:10344c009c455dd35b0018d02b4647f6ff700026d9
:10345c00226852f82310814208bf42f823600133de
:10346c002269b3eb420ff3d31ae0372518e0372566
:10347c0016e0372514e0372512e01d4610e05325e1
:10348c000ee053250ce0532500240294019400987f
:10349c000af00efe00940594049403980af008feba
:1034ac00284606b0bde8f0875325ede700260296c6
:1034bc00019600980af0fcfd009605960496039878
:1034cc000af0f6fd03962069c0000ef047fb206061
:1034dc000028d4d023695b000ad02b4647f6ff7135
:1034ec00226842f8231001332269b3eb420ff7d361
:1034fc002369002b3ff470af2a462f46ac46ae46ec
:10350c004fea8c00a36853f82c80b8f1000f94d0cc
:10351c00616808f1ff3351f82c1021fa03f303f022
:10352c000103002aa5db2669911cb142a3d82946c8
:02353c0070e736
:020000040000fa
:020000040c02ec
:02353e007047d4
:020000040000fa
:020000040c02ec
:103540002de9f04188b0ddf83880884d2d7a002dc6
:1035500040f0f380002a00f0f080022a03d1047cbe
:10356000062c00f2ed801f4615460c460646f42256
:1035700000217e480ff05ef90023adf81830adf859
:103580001a307369adf81c30b369adf81e302146ae
:1035900006a80af0a3fc002800f0d58004aa214662
:1035a00006a809f005fcb8f1000f00f0cf80002359
:1035b000adf80830adf80a30bdf81430adf80c3075
:1035c000bdf81630adf80e3002a90b463a4603c9d5
:1035d00005f0bafc9df83c30012b71d0d8f80030d2
:1035e000002b00f0b680d8f80040604a54600023f9
:1035f0009382d38263691383a3695383636a002b25
:1036000000f0aa80bdf914c0bcf1000f40f3a78000
:10361000bdf916e0bef1000f40f3a480062313723b
:1036200001239372134643f80c6b04a903c983e882
:1036300003005763b2f90c306146bcf1000fb8bf0c
:103640000cf1010103eb61039363484ab2f90e30b8
:103650007146bef1000fb8bf0ef1010103eb61032b
:10366000d3636369002bb8bf01335b103f4a136417
:10367000a369002bb8bf01335b103c4a536410466a
:1036800082f8a850237c53720df0d2ffb0f1ff3fb7
:1036900050d0012d27d035480df0a6ffb0f1ff3fe7
:1036a00048d032480ff044f8b0f1ff3f42d0022d2d
:1036b00025d12e480ef008fab0f1ff3f25d139e0b0
:1036c000327cbdf90e10bdf90c0008f0fbffc8f804
:1036d0000000436900210191826900920a4610307e
:1036e00006f0f4fd7fe721480ef0def9b0f1ff3f70
:1036f00020d01e480ff01cf8b0f1ff3f1ad01b4835
:103700000ef0f2f9b0f1ff3f14d018480df0e8fccc
:10371000b0f1ff3f0ed015480df00bfeb0f1ff3faa
:1037200008d012480ef010fab0f1ff3f4ff0ff3012
:1037300018bf002008b0bde8f0814ff0ff30f9e776
:103740004ff0ff30f6e74ff0ff30f3e74ff0ff3078
:10375000f0e74ff0ff30ede74ff0ff30eae74ff0d2
:10376000ff30e7e74ff0ff30e4e700bf2005072018
:020000040000fa
:020000040c02ec
:103770002de9f04194b004460d4617461e460aa8ae
:103780000ff022f9804b1b7a002b40f0ed80f422e1
:1037900000217d480ff04ef80023adf84830adf819
:1037a0004a306369adf84c30a369adf84e30294614
:1037b00012a80af093fb002800f0d98010aa29462d
:1037c00012a809f0f5faadf83870adf83a60bdf816
:1037d0004430adf83c30bdf84630adf83e300cab6f
:1037e00010aa0aa90ea805f0cdfabdf94430002ba5
:1037f00040f3c080bdf94630002b40f3be80624ddf
:103800002b4643f80c4b10aa92e8030083e8030010
:1038100005f114030caa92e8030083e803001a9b45
:10382000c5f89c300ef08afd68722368a3b9237b2b
:1038300093b9e36a13f0100f02d0237c834242d085
:10384000514a114651f80c0b1a9b1432103002f0f9
:10385000fffd002800f094804b480df0d7feb0f13a
:10386000ff3f2dd048480ef063ffb0f1ff3f27d057
:1038700045480ef039f9b0f1ff3f21d042480ef033
:1038800089feb0f1ff3f1bd03f480df081fab0f147
:10389000ff3f15d03c480df023fcb0f1ff3f0fd0a7
:1038a00039480df046fdb0f1ff3f09d036480ef023
:1038b0003bf9b0f1ff3f03d0334b01221a720020d5
:1038c00014b0bde8f0812c462d6805f1100801a860
:1038d0000ef0a0fb0df0d0fec36806930df0ccfef9
:1038e000436804930df0c8fe836805930df0c4fe91
:1038f00003788df80c300df0bffe036907930df0cf
:10390000bbfe436908932a7c204b03eb4213b4f9b6
:1039100010201f6807fb02f7b4f91230002b20ddde
:103920000025b4f90e202a44b4f90c1040460cf0de
:10393000e3f80646b4f91620bdf90630d21ab4f9f8
:103940001410bdf904302a44c91a03a80cf0d4f8a5
:103950003a4631460ef0eafb0135b4f912309d4289
:10396000dfdb4ff0ff30abe74ff0ff30a8e74ff061
:10397000ff30a5e74ff0ff30a2e74ff0ff309fe7a1
:103980004ff0ff309ce700bf200507203860020c95
:020000040000fa
:020000040c02ec
:103990002de9f04f85b0109f9df844804fb31d4630
:1039a0001646039102904ff0ff333b600af0b2fde0
:1039b0008346f0b1b8f1010f0cd0b8f1020f1bd063
:1039c000b8f1080f18d0a5b19eb10f9b8bb10e9b1b
:1039d00023b90ee00f9b63b10e9b53b1dbf800904f
:1039e000c9eb091a6f4b03eb8a0a504607f0f3f84c
:1039f00038b905b0bde8f08f002dfad0002eedd11a
:103a0000f7e7dbf800c0cceb0c12664b03eb82034c
:103a10005c6a186a002800f0c08023785bb104f16a
:103a20002c0200230133984200f0b780144612f8ac
:103a30002c1b0029f6d1012222700022a262dbf8a1
:103a40000020120292b2cceb0c10564901eb80011f
:103a5000888d42ea0042dbb2134323628b8d01332f
:103a60009bb24ff6ff72934208bf01238b85039be5
:103a700063800e9b63600f9ba360e6602561029be1
:103a8000a361002384f8243001222277637584f82f
:103a90001480236a3b60daf828306bb1c9eb09194e
:103aa000404b03eb8909d9f82830002b55d09a6a8e
:103ab000002a4ed11a464fe0caf82840c9eb091334
:103ac000384a02eb83035a69dbf814309a420dd06e
:103ad000c9eb0915334b03eb8505eb685b690021e6
:103ae0000bf114009847dbf814306b610223237745
:103af000b8f1010f35d0b8f1020f40d063682269e8
:103b0000e1686088c9eb0915264e06eb8505ee686d
:103b1000a5680095b568a847f8b94ff0ff333b603a
:103b2000c9eb09191f4b03eb8909d9f80c301b6944
:103b3000984784f8240094f82430dbb2002b0cbfa3
:103b400001234ff0ff33637550460ef087fe04e00b
:103b50001a46936a002bfbd19462504607f063fe2d
:103b600047e7c9eb09130f4a02eb8303db681b68c5
:103b7000a2686168608898470028eed1cde7c9eb5c
:103b80000913084a02eb8303db685b682269e1687a
:103b9000608898470028e0d1bfe7504607f043fe11
:083ba00027e700bfd009072050
:020000040000fa
:020000040c02ec
:103ba80082b02de9f04f83b002ac04e906000d9312
:103bb8009df83ca09df840609df844109df84c701d
:103bc8009df854e0bdf858c0bdf90440bdf9065051
:103bd8001ab21b14bdf938b0bdf93a804ff000098c
:103be800a0f80090a0f80290baf1000f30d19df82b
:103bf80048904a4492b2002c00dd29b30280002e7e
:103c080075d15a1c3a4492b24280022900f0c5800c
:103c1800002d40f3c280012964d0ac46002db8bf06
:103c280005f1010c02eb6c0cb0f90620002ab8bfb4
:103c38000132aceb620c0ffa8cfc3b44634580f21a
:103c4800ac80a0f802c0a8e0644422440280d6e711
:103c5800baf1010f12d05a449df85090a2eb090214
:103c6800b0f80490a2eb090292b20ffa82f9032984
:103c780001d1002c32dca0f80090c0e7d946bbf196
:103c8800000fb8bf0bf1010902eb6902b0f904900b
:103c9800b9f1000fb8bf09f10109a2eb690292b2ac
:103ca8000280002cabdd59b9a146002cb8bf04f145
:103cb80001094fea5c0404eb6904224402809ee790
:103cc80003299cd1a146002cb8bf04f101094fea91
:103cd8005c0404eb6904121b028090e76444121b25
:103ce80002808ce71544ac440ffa8cfca5e7012e42
:103cf80024d0b0f9064003eb0802a2eb0e02121b17
:103d080092b216b2012947d0002d45dd022949d0cb
:103d18002146002cb8bf611c49102f46002db8bfa2
:103d28006f1ca1eb67010a4412b214444344a3eb8d
:103d38000e0e7445c8bf324642802ee04246b8f1a6
:103d4800000fb8bf08f1010203eb6203b0f90620c7
:103d5800002ab8bf0132a3eb62039bb24380002d57
:103d68001bdd01290dd0022917d12a46002db8bf25
:103d78006a1c4fea5c0c0ceb620ca3eb0c0343804f
:103d88000be02a46002db8bf6a1c4fea5c0c0ceb0e
:103d9800620c6344438000e0468003b0bde8f04f06
:0c3da80002b070476544521b12b2bee727
:020000040000fa
:020000040c02ec
:103db4002de9f04f89b0129f139cadf81830adf87f
:103dc4001a704d88adf81c508d88adf81e5000282f
:103dd40000f0e080002a00f0e080002c00f0dd809c
:103de4001d460392009106a80ef0b2fa012800f0d5
:103df400d78004a906a80ef0edfdbdf91020aa4253
:103e0400ccbf531b00230293009bb3f90200019023
:103e14004119bdf914301344994202dd5b1a184468
:103e24000190227a634b03eb42135b68202b10d082
:103e3400102b4ad0d4f80ca0bdf912b0bdf91a3039
:103e4400abeb030bbdf91630002b40f3b1805f449c
:103e540081e0d4f80ca0bdf912b0bdf91a30abeb77
:103e6400030bbdf91630002b40f39e8007eb0b08c3
:103e74000de00bf1010b08f10108bdf91230bdf999
:103e84001a209b1abdf9162013445b451bdd009bc9
:103e9400de890bfb06f6029b01998b42e9da9c1939
:103ea400039b1c449946cf183744a5eb0900801b9b
:103eb400204414f8013b5af8232041460cf0aafd93
:103ec400bc42f2d1d5e700206be0d4f80c90bdf9e8
:103ed40012a0bdf91a30aaeb030abdf91630002b63
:103ee40064dd07eb0a0b009bde890afb06f6029be6
:103ef40001998b4212da9c19039b1c449846cf18f3
:103f04003744a5eb0800801b204414f8013b39f822
:103f1400132059460cf07efdbc42f2d10af1010a8d
:103f24000bf1010bbdf91230bdf91a209b1abdf932
:103f3400162013445345d6dc002032e00bf1010b6c
:103f44000137bdf91230bdf91a209b1abdf91620ac
:103f540013445b451cdd009bde890bfb06f6029bcc
:103f640001998b42eada9c19039b1c44994601eba4
:103f74000308b044a5eb0900801b204414f8013b5e
:103f84001af8032039460cf045fd4445f2d1d5e733
:103f9400002006e04ff0ff3003e04ff0ff3000e078
:103fa400002009b0bde8f08f0020fae70020f8e710
:083fb4000020f6e79861020c01
:020000040000fa
:020000040c02ec
:103fbc002de9f0438bb00646894615461f466846e8
:103fcc000ef0fcfc784b1b7a002b40f0dd80002db2
:103fdc0000f0da80022d03d1337c062b00f2d7805f
:103fec00f422002170480ef01ffc0023adf82030a5
:103ffc00adf822307369adf82430b369adf82630d2
:10400c00494608a809f064ff002800f0c3800df1b0
:10401c00180808ac42464946204608f0c3fe98e80a
:10402c00030084e80300bdf82020129b1344adf874
:10403c002030bdf82220139b1344adf8223004ab82
:10404c003a4694e8030004f079ffbdf92620002ad3
:10405c00b8bf0132bdf8223003eb62039bb2bdf94d
:10406c0024100029b8bf0131bdf8202002eb6102f9
:10407c00bdf914100029b8bf0131a2eb6102adf8f3
:10408c001020bdf91620002ab8bf0132a3eb620341
:10409c00adf8123002aa694604a808f083febdf9f7
:1040ac000c30002b79ddbdf90e30002b78dd3e4c49
:1040bc0007232372266084f8a85004f10c030aaa83
:1040cc0012e9030083e8030004f1140302aa92e846
:1040dc00030083e8030000232362e36167630ef0af
:1040ec0027f96072149bc4f89c300123a3722046fc
:1040fc000df098fab0f1ff3f43d0012d14d02a48af
:10410c000df06cfab0f1ff3f3bd027480ef00afbe4
:10411c00b0f1ff3f35d0022d12d123480df0cefc6b
:10412c00b0f1ff3f12d12ce020460df0b7fcb0f1fe
:10413c00ff3f26d01c480ef0f5fab0f1ff3f20d01f
:10414c0019480df0cbfcb0f1ff3f1ad016480ef019
:10415c001bfab0f1ff3f14d013480cf0bbffb0f1c9
:10416c00ff3f0ed010480df0def8b0f1ff3f08d045
:10417c000d480df0d3fcb0f1ff3f4ff0ff3018bfee
:10418c0000200bb0bde8f0834ff0ff30f9e74ff0a3
:10419c00ff30f6e74ff0ff30f3e74ff0ff30f0e77a
:0c41ac004ff0ff30ede700bf20050720ba
:020000040000fa
:020000040c02ec
:1041b8002de9f04f83b00c9c002c73d0002b71d0ec
:1041c800202c73d91d4616468846074602f140043e
:1041d80020460cf0edfb20460af01cfd2b78892bbd
:1041e80068d16b78502b65d1ab784e2b62d1eb78c8
:1041f800472b5fd12b790d2b5cd16b790a2b59d1c9
:10420800ab791a2b56d1eb790a2b53d105f1080457
:1042180020460ef0a5f90d2853d15c4920460af036
:10422800d5fc002851d005f110000ef099f938603e
:1042380005f114000ef094f9c8f8000095f81890ec
:10424800c6f8509095f819b086f84cb095f81aa0b1
:10425800c6f840a0ec7e74642b7f0193b3643b687e
:10426800bbb3d8f80030a3b333695bb905f11d00bf
:104278000ef076f90746112105f10c000bf028fe27
:1042880087422ad1baf1000f2bd174bb019b012bb5
:104298002fd8bbf1060f72d8dfe80bf02f713b481f
:1042a800577164003024c2f8e04006e01b24c2f8cd
:1042b800e04002e01c24c6f8e040204603b0bde818
:1042c800f08f5e24c6f8e040f7e71d24c6f8e0400a
:1042d800f3e75d24c6f8e040efe73924c6f8e0408c
:1042e800ebe72024c6f8e040e7e72124c6f8e040e1
:1042f800e3e72224c6f8e040dfe7b9f1100f40d821
:10430800234b23fa09f303f00103002b08bf2524ec
:1043180018e0b9f1080f15d0b9f1100918bf4ff01e
:104328000109b9f1000f18bf25240be0b9f1080ff6
:1043380029d84ff48b7323fa09f303f00103002bf8
:1043480008bf2524c6f8e040b7e7b9f1080ff9d04f
:10435800b9f1100918bf4ff00109b9f1000f18bfe2
:104368002524efe7b9f1080fecd0b9f1100918bf0f
:104378004ff00109b9f1000f18bf2524e2e71f2407
:10438800e0e72524dee72524dce700bfe42c030c66
:044398001601010009
:020000040000fa
:020000040c02ec
:10439c0038b5624b1b78012b25d05ab26ab1022b6f
:1043ac0038d05f4b1b78042b00f2b580dfe813f09c
:1043bc003c004a0083009200ae005a4b1b685a4adc
:1043cc0012689342edd9594a1021c2f81813584a71
:1043dc0012681344574a1360504b01221a70564b03
:1043ec0000221a80dde74f4b1b68524a1268934239
:1043fc00d7d34e4a1021c2f81413504a12681344f2
:10440c004f4a1360454b02221a704e4a136801330f
:10441c001360c6e7434b1a68494b1b689a42c0d3da
:10442c003e4b03221a70bce7404b2022c3f81421e8
:10443c003b4b01221a70444b1b681bb1434a13803f
:10444c00434d29e0394b4ff00062c3f81821354b2e
:10445c001b68404a1268934213d33f4a1168344a8e
:10446c0012681a440a443d48006802443348006804
:10447c0002443848026019442b4a1160274a002133
:10448c0011700133274a1360354b1a682f4b1a8071
:10449c00234b02221a702e4d2c4b1c886400214693
:1044ac0028460bf047fe23464ff0c0422946002019
:1044bc0008f034fe38bd1d4b4ff00062c3f81421d8
:1044cc00174b03221a70274b1b681bb11f4a138012
:1044dc001f4de1e7114b1b78032b08d01c4d224bd1
:1044ec001a681a4b1a800e4b00221a70d4e70f4b25
:1044fc002022c3f81821104bb3f90020511c19804d
:10450c0000211a480df0aefc0546e8e7044b0022ea
:10451c001a700f4dc0e70e4dbee700bf8d0e072081
:10452c0013050720f80d07200c0e0720000084440b
:10453c0078ab0720100e0720640e072070ab072005
:10454c00040e0720000e072064ab0720660e072020
:10455c00e0150220080e072074ab07207cab072067
:10456c0068ab072060ab07206cab0720e01106207e
:020000040000fa
:020000040c02ec
:10457c00002800f0af802de9f04f91b0054600689f
:10458c00002800f0aa800368db6998470446286875
:10459c0003685b6898470646002c00f0938000285f
:1045ac0000f09080c369002b00f08f80d5f808a034
:1045bc00076907f00107286803681b6c98470446d5
:1045cc00039028680368db6b07a9984707a9304656
:1045dc000df0f4fa002c7bd04ff000094fe087b1be
:1045ec00bdf92030002bb8bf0133bdf91c4004ebe2
:1045fc006304bdf92830002bb8bf013304eb63040e
:10460c0056e0bdf92030002bb8bf0133bdf91c407a
:10461c0004eb6304bdf92830002bb8bf0133a4ebc5
:10462c00630445e02fb1bdf91c40bdf920301c449a
:10463c003ee0bdf91c40bdf920301c44bdf92830ca
:10464c00e41a35e0bdf91c4032e0f38abdf936209e
:10465c009b1a6a682244bdf9341068690190286974
:10466c00009053440a440ba9304609f017fa67e04e
:10467c00b38a9a4409f10109039b4b451ed0286863
:10468c0003689c6c06ab05aa4946a04728680368da
:10469c005b6c09aa494698472b7b012b9fd0022bb8
:1046ac00c0d0002fced0bdf91c40bdf928301c4421
:1046bc00ddf81480069b98451dd3d9e7002011b076
:1046cc00bde8f08f4ff0ff30f9e74ff0ff30f6e721
:1046dc000020f4e74ff0ff3070474ff0ff30eee76b
:1046ec00bbf1200f1ad1bdf932301c4408f101087e
:1046fc00069b9845bcd2286803689b69414698473d
:10470c0083460baa0146304606f0b9fe002fe7d0cf
:10471c00bdf93230e41abbf1200fe7d0a9690029aa
:10472c0093d0f38abdf936209b1a6a682244bdf9ee
:10473c0034000091534402440ba9304609f0aef802
:06474c00002fd3d1cfe7de
:020000040000fa
:020000040c02ec
:104752002de9f04f87b004468b4691469a4696b2b1
:1047620003883344adf8103043883344adf8123037
:1047720006f00107a7eb46081ffa88f8838843442e
:10478200adf81430c3884344adf81630524604a83d
:104792000af0affa23883344adf810306388adf8dd
:1047a2001230a3884344adf814300ffa89f5adf8fe
:1047b20016505246594604a80af09bfa23883344fd
:1047c200adf810306388e28813449b1badf81230b9
:1047d200a3884344adf81430adf8165052465946fa
:1047e20004a80af086fa2388adf8103063883344af
:1047f200adf81230adf81450e3884344adf81630ea
:104802005246594604a80af074fa2388a28813442f
:104812009b1badf8103063881e44adf81260adf8f2
:104822001450e3889844adf816805246594604a8bd
:104832000af05ffa07eb5907bfb223883b44adf891
:10484200103063883b44adf81230adf81450adf827
:104852001650cdf80ca001260296cdf804b00096b1
:104862004b465a22114604a8fef7c5fb09eb49083c
:10487200c8f34f082388a2881344a3eb0803adf8ba
:10488200103063883b44adf81230adf81450adf8e7
:104892001650cdf80ca00296cdf804b000964b4607
:1048a2005a22002104a8fef7a6fb23881f44adf874
:1048b20010706388e2881344a3eb0803adf812304a
:1048c200adf81450adf81650cdf80ca00296cdf804
:1048d20004b000964b465a22b42104a8fef78bfb83
:1048e2002388a2881344a3eb0803adf81030638831
:1048f200e2881344a3eb0808adf81280adf8145017
:10490200adf81650cdf80ca00296cdf804b0009682
:104912004b465a224ff4877104a8fef76cfb07b08e
:04492200bde8f08f6d
:020000040000fa
:020000040c02ec
:024926007047d8
:020000040000fa
:020000040c02ec
:104928004ff08c439b7d002b00f0df8010b56f4b60
:104938009c6a4ff08c435b8b13f0020f16d06b4bc5
:10494800ff2283f82020022283f82120674b93f866
:1049580020305bb2b3f1ff3f00f09280634b93f8d5
:1049680020305bb2062b00f0a68010bd4ff08c43c0
:104978005b8b13f0010f07d05c4bff2283f82020dc
:10498800022283f82120e1e74ff08c435b8b13f080
:10499800040f07d0554bff2283f82020012283f80b
:1049a8002120d3e7514b93f820305bb2032b45d03d
:1049b800042b10d0022bc9d14c4b1b692bb14b4b8c
:1049c8009888002109f044ffc0e7484b98880121e6
:1049d80009f03effbae7454a936912699a420cd03a
:1049e800424a9268d15c4ff08c429162591cd3695b
:1049f800002bfcd13d4b9961a8e73c4b5b697bb12f
:104a08003a4b9b885b0043f001034ff08c425362a2
:104a1800d369002bfcd1354b032283f8202095e77e
:104a28004ff08c42536843f440335360d369002bf2
:104a3800fcd12e4b062283f8202087e72b4bd9691f
:104a48005b69013b8b420dd04ff08c42d369002b40
:104a5800fcd14ff08c43986a244bda6850540131ea
:104a6800d96173e74ff08c42536843f4e0235360f5
:104a7800d369002bfcd11d4b062283f82020e3e7e5
:104a88001a4b002283f820204ff08c42536843f4dd
:104a980040335360d369002bfcd14ff08c439b22e9
:104aa8001a76124b5b6a002b3ff45faf0f4b5b6ac1
:104ab8002046984759e70d4b002283f8202083f8b9
:104ac80021204ff08c439b221a761a46538b03f011
:104ad8003003102bfad1054b5b6a002b3ff445af2e
:104ae800024b5b6a204698473fe77047cc0b07208c
:020000040000fa
:020000040c02ec
:104af800f0b58db005460c4616461f4668460df0c3
:104b08005fff6b4b1b7a002b40f0c280002e00f039
:104b1800bf80022e03d12b7c062b00f2bc80f4222e
:104b2800002163480df082fe0023adf82830adf86f
:104b38002a306b69adf82c30ab69adf82e302146c0
:104b48000aa809f0c7f9002800f0a88008aa214699
:104b58000aa808f029f9139badf81830149badf892
:104b68001a303ab2adf81c20129b1bb2adf81e30b9
:104b78000021adf81010adf81210adf81420adf802
:104b8800163002ab04aa694606a804f0f7f8bdf986
:104b98001430002b40f38580bdf91630002b40f30c
:104ba8008380434c042323720123a372234643f8d2
:104bb8000c5b04aa92e8030083e8030084f8a86069
:104bc80004f1140302aa92e8030083e80300e762f1
:104bd800129b23630df0aefb6072159bc4f89c30ea
:104be8002b680bb92b7be3b131480cf01dfdb0f1fc
:104bf800ff3f4bd0012e22d02d480af00dfbb0f11b
:104c0800ff3f43d02a480df08ffdb0f1ff3f3dd064
:104c1800022e20d126480cf073ffb0f1ff3f20d1bf
:104c280034e02246214651f80c0b159b1432103003
:104c380001f05cfd0028d7d14ff0ff3026e01c487a
:104c48000af044fdb0f1ff3f20d019480df06cfd8b
:104c5800b0f1ff3f1ad016480cf042ffb0f1ff3f09
:104c680014d013480cf038fab0f1ff3f0ed01048ba
:104c78000cf05bfbb0f1ff3f08d00d480cf050ff83
:104c8800b0f1ff3f4ff0ff3018bf00200db0f0bd6e
:104c98004ff0ff30fae74ff0ff30f7e74ff0ff3003
:104ca800f4e74ff0ff30f1e74ff0ff30eee700bfd9
:044cb80020050720ac
:020000040000fa
:020000040c02ec
:104cbc0070b515460023136053609360d360136185
:104ccc0053619361b0f5b47f21dd684b83fb002306
:104cdc000344c217c2eb23234ff4b47202fb130438
:104cec00914220dc002c40f3a180631840d4b3f532
:104cfc00b47f69dccb0f01222a60e20f002c40f359
:104d0c008c80002b00f089800c4449427ce00446e6
:104d1c0010f5b47f04da04f5b47414f5b47ffadb3f
:104d2c00b1f5b47f0add514b83fb01230b44ca1749
:104d3c00c2eb23234ff4b47202fb1311002cd1da13
:104d4c000e19002e74dd02232b6004f5b47068601c
:104d5c004ff4b471a96005f10c0205f00df80020b8
:104d6c0028616e6105f11802314605f005f853e033
:104d7c0002232b6004f5b470084468604ff4b471de
:104d8c00a96005f10c0204f0f7ff002028616c61aa
:104d9c0005f11802214604f0efff3de002232b60e1
:104dac000020686004f5b471a96005f10c0204f0f0
:104dbc00e3ff06f5347028614ff4b471696105f1b5
:104dcc00180204f0d9ff27e002222a600020686054
:104ddc00a3f5b471a96005f10c0204f0cdff2c61b0
:104dec004ff4b471696105f11802204604f0c4ff58
:104dfc0012e001222a60e20f00297ff77faf002a20
:104e0c003ff47caf04f5b4746c602144a96005f1e7
:104e1c000c02204604f0b0ff70bd002af4d0002b29
:104e2c00f2d00c4404f5b4744942ede7002c15dac9
:104e3c00661816f5b47fb1dbcb0f002cd9d1002b43
:104e4c00d7d001232b6001f5b47068604ff4b471b6
:104e5c00a96005f10c0204f08fffdde7cb0f0cb954
:104e6c00002beed101222a60e20f47e7b7600bb6a8
:020000040000fa
:020000040c02ec
:104e7c006c4b9b7d002b00f0d38010b56a4b9c6a69
:104e8c00684b5b8b13f0020f16d0674bff2283f835
:104e9c002020022283f82120634b93f820305bb250
:104eac00b3f1ff3f00f08a805f4b93f820305bb288
:104ebc00062b00f09c8010bd5a4b5b8b13f0010f3e
:104ecc0007d0594bff2283f82020022283f821209f
:104edc00e2e7544b5b8b13f0040f07d0524bff22cd
:104eec0083f82020012283f82120d5e74e4b93f83c
:104efc0020305bb2032b42d0042b10d0022bcbd131
:104f0c00494b1b692bb1484b9888002109f0c4fc14
:104f1c00c2e7454b9888012109f0befcbce7424a28
:104f2c00936912699a420bd03f4a9268d15c3d4a10
:104f3c009162591cd369002bfcd13b4b9961abe7b7
:104f4c00394b5b6973b1384b9b885b0043f00103b1
:104f5c00344a5362d369002bfcd1334b032283f8c0
:104f6c00202099e72f4a536843f440335360d369a8
:104f7c00002bfcd12c4b062283f820208ce72a4beb
:104f8c00d9695b69013b8b420bd0264ad369002b54
:104f9c00fcd1244b986a244bda6850540131d96106
:104fac007ae7204a536843f4e0235360d369002b1b
:104fbc00fcd11d4b062283f82020e6e71a4b002279
:104fcc0083f82020174a536843f440335360d36965
:104fdc00002bfcd1134b9b221a76134b5b6a002bd4
:104fec003ff469af104b5b6a2046984763e70e4b62
:104ffc00002283f8202083f821200a4b9b221a766a
:10500c001a46538b03f03003102bfad1064b5b6a14
:10501c00002b3ff450af044b5b6a204698474ae79d
:0c502c00704700bf00408045f80b0720d3
:020000040000fa
:020000040c02ec
:1050380030b46a4b4ff481421a60032483f8474026
:10504800002183f84e10012283f8512083f8522062
:1050580083f8331083f8371083f8381083f8391041
:105068008e20d8624ff0dc60c3f880004ff0ac604f
:10507800c3f8900083f8ca2083f8d51083f8d610b7
:1050880083f8d710062583f8d85083f8d91083f809
:10509800da10052083f8b50083f8ba1083f8bb103e
:1050a80083f8bc1083f8bd104d48c3f8000100f523
:1050b8000000c3f8100183f8402183f8412183f8e8
:1050c800422183f8442183f8451183f846210220c0
:1050d80083f8480183f8490183f84a0183f84b01b2
:1050e80083f84c0183f84d0183f84e0183f84f0192
:1050f80083f8552183f8562183f8575183f85921ad
:1051080083f85a2183f85b11332083f830010c208f
:1051180083f83101042083f8320183f8330183f8de
:10512800341183f8351183f8361183f83711362096
:1051380083f83a0183f83b41302083f83c0183f837
:105148003d4183f8c22183f8c32183f8c42183f841
:10515800c52183f8c62183f8c72183f8cd2183f8b8
:10516800ce2183f8cf2183f8d02183f8d12183f889
:10517800d22183f8d32183f8d42183f8d52183f869
:10518800d721442283f8b12183f8b22183f8b321cf
:10519800402483f8b64183f8b72183f8b82183f80f
:1051a800b92183f8ba2183f8bb412022c3f8002231
:1051b800c3f8102283f8451283f8321283f8c1121b
:1051c80083f8b012c3f80003c3f8100383f844133c
:1051d80083f8451383f8321330bc704700008444c9
:0451e800200000089b
:020000040000fa
:020000040c02ec
:1051ec002de9f0438bb09df84c70149c674d2e7ad2
:1051fc00002e40f0bc80267c073ef6b2022e40f218
:10520c00b980984691460e460546f42200215f4827
:10521c000df00afb0020adf82000adf822006b6900
:10522c00adf82430ab69adf82630314608a808f04b
:10523c004ffe002800f0a18006aa314608a807f00e
:10524c00b1fdadf81090adf81280bdf81c30adf882
:10525c001430bdf81e30adf816300023adf8083010
:10526c00adf80a306369adf80c30a369adf80e30b7
:10527c006b4606aa02a904a803f07efdbdf91c30fa
:10528c00002b7dddbdf91e30002b7cdd3f4b052254
:10529c001a721a4642f80c5b06a903c982e803008d
:1052ac005c6003f11402694603c982e80300227ca6
:1052bc005a7218460cf0a4f9b0f1ff3f54d03348a1
:1052cc000df030fab0f1ff3f4ed030480cf006fc38
:1052dc00b0f1ff3f48d09df84830012b1ed1eb6a4e
:1052ec0013f0010f15d0e36a43f00103e3622b6b5b
:1052fc00236326480bf046fdb0f1ff3f34d0e36a40
:10530c0013f0010f1ad0ab6bc3b120480cf042f96b
:10531c0014e0e36a23f00103e362eae71b480df0b3
:10532c0033f9b0f1ff3f1fd0e36a23f00103e362ce
:10533c0016480bf027fdb0f1ff3f15d02fb91348dd
:10534c000bf0c8feb0f1ff3f0ed010480bf0ebff96
:10535c00b0f1ff3f08d00d480cf0f0fbb0f1ff3f6f
:10536c004ff0ff3018bf00200bb0bde8f0834ff0ba
:10537c00ff30f9e74ff0ff30f6e74ff0ff30f3e77f
:10538c004ff0ff30f0e74ff0ff30ede7200507203e
:020000040000fa
:020000040c02ec
:10539c0082b02de9f04782b002ac04e906000b9311
:1053ac009df834909df838409df83c109df844c011
:1053bc00bdf85070bdf90450bdf906601ab21b144b
:1053cc00bdf930a0bdf932e04ff00008a0f8008024
:1053dc00a0f80280b9f1000f26d19df8408042441c
:1053ec0092b20ffa82f8032901d1002d12dca0f839
:1053fc000080002c60d101339c441ffa8cfc0229e4
:10540c0001d1002e54dca0f802c002b0bde8f04778
:10541c0002b070473d442a440280002c4cd1013329
:10542c009c44a0f802c0f0e7b9f1010f0ed0524431
:10543c009df84880a2eb0802b0f80480a2eb0802a9
:10544c0092b209b9002d2fdc0280d2e7d046baf116
:10545c00000fb8bf0af1010802eb6802b0f9048032
:10546c00b8f1000fb8bf08f10108a2eb680292b2c4
:10547c000280002dbddd51b9a846002db8bf05f145
:10548c0001087d0805eb6805521b0280c5e703295e
:10549c00afd1a846002db8bf05f101087d0805eb7a
:1054ac0068052a440280b8e73d44521b0280b4e7e9
:1054bc00664437444780a8e7012c10d073449df80c
:1054cc004ce0a3eb0e03b0f806e0a3eb0e039bb28b
:1054dc001ab2012901d1002e2ddc428095e77246cb
:1054ec00bef1000fb8bf0ef1010203eb6203b0f97d
:1054fc000620002ab8bf0132a3eb62039bb24380a3
:10550c00002e82dd01290cd002297ff47eaf3246b9
:10551c00002eb8bf721c7f0807eb62073b44438028
:10552c0073e73246002eb8bf721c7f0807eb620788
:0e553c00db1b438069e73e449b1b438065e711
:020000040000fa
:020000040c02ec
:10554a002de9f04f85b00e4642b307461146b046e4
:10555a004369b6f1100400f0c180002b00f0be8050
:10556a009c4205d09b68002b00f0b8809c42f9d180
:10557a00d4f8009089450dd021f003050435202d7b
:10558a0038bf2025a9450dd82a462146384604f0b9
:10559a009efc68bb304605b0bde8f08f05f0f4ff0d
:1055aa000026f7e7294620460bf0a9fd0028f1d08e
:1055ba00bb68103ba3eb0903bb602268256008ebbc
:1055ca000503002159609960d960521b48f80520eb
:1055da0001221a73bb68103322681344bb60fa684d
:1055ea00934288bffb602146384609f058fed1e74e
:1055fa0000222146384608f039ff002866d0027b8f
:10560a00002a66d0036803f11008214638460bf0d9
:10561a00e6fb00284ad0027b002a47d002681032f3
:10562a00b8f1000f42d0002a40d02368103b9044c2
:10563a004344ab423ad322462146384608f016ff85
:10564a00804698b3e9460fc889e80f0007f1180b9e
:10565a00414658460cf09efb07f1140a2146504673
:10566a000cf098fb94e80f0088e80f002268314696
:10567a0008f110000cf055fd99e80f0084e80f00be
:10568a00012323732146584609f0e7fd4146504657
:10569a0009f0e3fd2146384609f001fe2a46414653
:1056aa00384604f014fc00283ff474af2946384603
:1056ba0004f00bfd054678b1226831460cf031fd45
:1056ca003146384605f060ff2e4663e74ff0000882
:1056da009be74ff0000898e706465be7384604f078
:0656ea00f4fc064656e741
:020000040000fa
:020000040c02ec
:1056f0002de9f84f90f8c33453b305460026102720
:1057000034463ce095f8c23413f0070f07d0284622
:1057100003f0bdfd95f8c23413f0070ff7d13946f9
:1057200028460bf031f900f130039bb2072b08d863
:10573000a5f8ce47a5f8d047a5f8d247a5f8c447a5
:1057400026e0642385f8be3402e0642385f8be3485
:105750001846bde8f88fb5f8c4370133a5f8c4374b
:1057600005ebc910d5f8e01700f2c440fbf790fb39
:1057700095f8c3340136f2b2934240f28680b5f810
:10578000d4212ab1b5f8c41703fb02f39942b9d06a
:10579000f2b2d10101f2c2432b4405f242520a4453
:1057a0005ffa86f9c84623f8024f9a42fbd105eb0f
:1057b000080a9af8c6272a4492f8503005ebc3131a
:1057c0005433c5f8e03792f8bb2402f13f031b01c4
:1057d000d91d2944c5f8d41727332b44c5f8d83729
:1057e00005eb421303f58f63c5f8dc37284608f054
:1057f000c5fb00f00f0128460bf0b8fb9af8c6274e
:1058000005eb4201b1f8ce3703441bb205ebc810db
:10581000a0f8c434a1f8ce372a4492f8b83405eb86
:10582000031202f2d712c5f8d42705eb032202f2c5
:10583000f712c5f8d82705eb431303f58763c5f8be
:10584000dc374ff0010a284608f098fb0aeb1013ea
:10585000dbb200283ff47faf3f2b3ff676af03f17a
:10586000010a5ffa8afa0a4a12f803b000f00f013f
:1058700028460bf07bfb0beb881b05eb4b0babf8c7
:10588000c404baf13f0fded965e7002360e700bf2b
:0458900094f6020c7c
:020000040000fa
:020000040c02ec
:105894005d4b40f602625a611a46136913f0010f18
:1058a400fbd05a4b01221a61594ad36943f480232d
:1058b400d361d36813f4806ffbd0534b00221a6476
:1058c4000c219964e1215964da661a46936f13f046
:1058d400400ffbd14c4b8322da64196c40f6022250
:1058e4000a431a641a46136913f0807ffbd0494bac
:1058f400494a9a631a46536813f4807ffbd1474b95
:1059040002221a611a46936813f0010ffbd0414b2f
:10591400434a1a621a46536813f0040ffbd13d4bf5
:10592400404a5a621a46536813f0080ffbd1394ba8
:105934003d4a9a621a46536813f0100ffbd1354b57
:105944004122c3f894201a46d2f8943013f0400f41
:10595400fad0304b4122c3f898201a46d2f8983036
:1059640013f0400ffad02b4b4122c3f89c201a4667
:10597400d2f89c3013f0400ffad0264b4222c3f8e1
:10598400cc201a46d2f8cc3013f0400ffad0214b79
:105994004122c3f8d4201a46d2f8d43013f0400f71
:1059a400fad01c4b4122c3f8e4201a46d2f8e43062
:1059b40013f0400ffad0174b4222c3f8e8201a46de
:1059c400d2f8e83013f0400ffad0124b4022c3f85b
:1059d400fc201a46d2f8fc3013f0400ffad00d4bdd
:1059e4004022c3f800211a46d2f8003113f0400fc8
:1059f400fad0084b4122c3f820211a46d2f82031ac
:105a040013f0400ffad0704700000444002004440f
:105a14000000024400000544000901000020054480
:0c5a24000601010006010200050101005e
:020000040000fa
:020000040c02ec
:105a30002de9f0418ab0119f5f4c247a002c40f090
:105a4000a880002a00f0a580022a07d1047c062c39
:105a500000f2a2803c7c062c00f2a18098461646fb
:105a60000d460446f422002153480cf0e3fe0023c7
:105a7000adf82030adf822306369adf82430a36969
:105a8000adf82630294608a808f028fa002800f0ca
:105a9000898006aa294608a807f08af90021adf8ee
:105aa0001010adf81210adf81480109badf8163040
:105ab000adf80810adf80a107b69adf80c30bb6981
:105ac000adf80e306b4606aa02a904a803f05af9f5
:105ad000bdf91c30002b68ddbdf91e30002b67dde1
:105ae000354b03221a7201229a721d4645f80c4b5f
:105af00006aa92e8030085e8030083f8a8605f60c7
:105b000003f11402694603c982e803003a7c5a7221
:105b100018460bf08dfdb0f1ff3f37d0012e14d0a9
:105b2000254809f07dfbb0f1ff3f2fd022480cf053
:105b3000fffdb0f1ff3f29d0022e12d11e480bf01d
:105b4000e3ffb0f1ff3f12d120e01b4809f0c2fd96
:105b5000b0f1ff3f1ad018480cf0eafdb0f1ff3f5a
:105b600014d015480bf0c0ffb0f1ff3f0ed0124823
:105b70000bf0dffbb0f1ff3f08d00f480bf0e4ff64
:105b8000b0f1ff3f4ff0ff3018bf00200ab0bde872
:105b9000f0814ff0ff30f9e74ff0ff30f6e74ff0bc
:105ba000ff30f3e74ff0ff30f0e74ff0ff30ede765
:0c5bb0004ff0ff30eae700bf200507209f
:020000040000fa
:020000040c02ec
:105bbc002de9f04786b004460e4691461f465d4dd2
:105bcc00a5fb0235ed08013502f00108a8eb4208ef
:105bdc004fea450ab0f904204244b0f900004844a9
:105bec0000970b465244b4f90210401b04f011ff0d
:105bfc00b4f904204244b4f90210b4f90630194443
:105c0c00b4f9000048440097334652440139401b14
:105c1c0004f0fffeb4f906204244b4f902104944e2
:105c2c00009733465244491bb4f9000004f05bfe64
:105c3c00b4f906204244b4f902104944b4f9000006
:105c4c00b4f904301844009733465244491b0138c8
:105c5c0004f049fed12505fb09f5374ba3fb0535af
:105c6c006d0904352388adf810306388adf8123017
:105c7c002bb2adf81430adf8163003974ff0010885
:105c8c00cdf808800196cdf8008043465a22114683
:105c9c0004a8fdf7abf9adb205ea08092388a28880
:105cac0013445b1b4b44adf810306388adf81230d5
:105cbc000397cdf808800196cdf8008043465a2210
:105ccc00002104a8fdf792f92388adf81030638801
:105cdc00e28813444b445b1badf812300397cdf8ac
:105cec0008800196cdf8008043465a22b42104a8be
:105cfc00fdf77cf92388a28813444b445b1badf859
:105d0c0010306388e28813449944a9eb0505adf87b
:105d1c0012500397cdf808800196cdf800804346c9
:105d2c005a224ff4877104a8fdf760f906b0bde85c
:0c5d3c00f08700bfabaaaaaa1f85eb519c
:020000040000fa
:020000040c02ec
:105d48006d2e030cbd2d030ce9ee020cc32d030cc4
:105d58002fef020c21ba020c6dbd020cc92d030ce9
:105d68007dca020ccf2d030ce5ca020c71b2020cdd
:105d780025a2020cfd2c030ca911030c150e030c13
:105d8800712e030cc5e4020c4118030cd111030c4d
:105d9800052d030c410e030c0d2d030c6d0e030c89
:105da8004d2b030c1922030c6318030cf9db020cae
:105db80000000000c708030c0000000095f7020c63
:105dc80000000000392a030ca513030c752e030ce0
:105dd8009527030ca927030cb9f3020c792e030ca1
:105de800ab25030c7d2e030cc125030c812e030c5f
:105df800d725030c852e030c0917030c892e030cd9
:105e08002d17030c492a030c75ef020c8d2e030c79
:105e1800f911030ced25030c152d030cf91d030cca
:105e2800a3ee020ce9fb020cf1ff020c3bde020cb4
:105e3800a7b8020c6fc2020ce7d5020c07d0020cff
:105e4800092a030c79d4020cc591020c5593020c53
:105e5800192a030c2f84020c850c030cab2c030ca1
:105e6800912e030cd52d030c2978020c291c030c48
:105e7800db17030ca52d030c3f2b030cff28030c89
:105e880017ae020c492e030ca5db020c4d2e030c99
:105e9800e929030c512e030cf929030cab2d030c33
:105ea8003111030c552e030ce516030c592e030c67
:105eb800790a030c5d2e030cb12d030c612e030c23
:045ec800b72d030ce3
:020000040000fa
:020000040c02ec
:105ecc002de9f04100284ed00e46054600294fd052
:105edc000af050f800285fdb28460af04bf807461a
:105eec00504b1b78012b7bd14e4b9b689e42c0f0d4
:105efc0095804c4b0024013493f82020012a6fd15b
:105f0c0020339a689642f6d2b4f1ff3f68d0a7428c
:105f1c0025d0062c62dc434b03eb44131b695bb9a5
:105f2c00404b03eb44130134072c59d020331a692e
:105f3c00002af8d0a74212d03a4800eb44100bf0dc
:105f4c0083fb804600284bd0324629460cf0e8f8fb
:105f5c002946344800eb47100cf0c8fd45462c464a
:105f6c002046bde8f08108460bf0f8fd0446f7e743
:105f7c0008f09ef80024f3e72a4b03eb4818d8f8f6
:105f8c0008309e4244d93246294620460cf0c8f8c7
:105f9c00284608f08df8e3e7294623480cf0ccfba3
:105fac0080b1294620480cf0dffe304609f0dafdbe
:105fbc00044660b1324629460cf0b2f8284608f087
:105fcc0077f8cde730460bf0c9fd0446c8e73246fa
:105fdc0029461548fff7b3fa0446c1e7072cabd1a5
:105fec003146114804f070f804460e4b1b78012b17
:105ffc000ed10c4f4ff00008294638460af078fabb
:10600c000128b9d008f1010817f8203f012bf3d073
:10601c003246294620460cf083f8b9e700289ed07a
:0c602c00002478e714060720700c072001
:020000040000fa
:020000040c02ec
:10603800010000000800000002000000000000004d
:106048000000000000000000000000000000000048
:10605800010000000800000002000000e00000004d
:106068001c00000003000000000000000000000009
:1060780002000000100000000300000000f800000b
:10608800e00700001f000000000000000b050000f2
:1060980002000000100000000300000000f80000eb
:1060a800c00700003e000000010000000b060100d0
:1060b8000300000018000000040000000000ff00ba
:1060c80000ff0000ff0000000000000010080000b2
:1060d800040000002000000005000000000000ff90
:1060e8000000ff0000ff0000ff000000181008007b
:1060f8000400000020000000050000000000ff0070
:1061080000ff0000ff000000000000ff100800185a
:106118000100000001000000000000000000000075
:106128000000000000000000000000000000000067
:106138000100000004000000010000000000000051
:106148000000000000000000000000000000000047
:10615800010000000800000002000000000000002c
:106168000000000000000000000000000000000027
:106178000100000001000000000000000000000015
:106188000000000000000000000000000000000007
:020000040000fa
:020000040c02ec
:1061980001000000080000000200000000000000ec
:1061a80000000000000000000000000000000000e7
:1061b800010000000800000002000000e0000000ec
:1061c8001c000000030000000000000000000000a8
:1061d80002000000100000000300000000f80000aa
:1061e800e00700001f000000000000000b05000091
:1061f80002000000100000000300000000f800008a
:10620800c00700003e000000010000000b0601006e
:106218000300000018000000040000000000ff0058
:1062280000ff0000ff000000000000001008000050
:10623800040000002000000005000000000000ff2e
:106248000000ff0000ff0000ff0000001810080019
:106258000400000020000000050000000000ff000e
:1062680000ff0000ff000000000000ff10080018f9
:106278000100000001000000000000000000000014
:106288000000000000000000000000000000000006
:1062980001000000040000000100000000000000f0
:1062a80000000000000000000000000000000000e6
:1062b80001000000080000000200000000000000cb
:1062c80000000000000000000000000000000000c6
:1062d80001000000010000000000000000000000b4
:1062e80000000000000000000000000000000000a6
:020000040000fa
:020000040c02ec
:1062f800f8b5054617461e464c4c4ff4216200215e
:1063080020460cf093fa20460cf0dafa25602b6848
:10631800002b40f08480464b2362464b6362069b09
:10632800236304f128000cf04bfb0023c4f8f03978
:10633800c4f8ec396b69c4f8f439ab69c4f8f839b6
:10634800c4f8fc79c4f8006a2046faf779f80028fe
:1063580068d1204607f05ef8b4f84200c208364b10
:106368001a80b4f84410cb08344c2380b0ebc20f29
:1063780002dd013230480280b1ebc30f02dd013388
:106388002e4a1380294b93f8cc37012b12d0022bbd
:106398003bd0032b15d1294a118801f0010303ebe7
:1063a80051031380244a118801f0010303eb5103c0
:1063b800138006e0214a118801f0010303eb510321
:1063c80013801a480cf0e4fb00231d4a13801d4a71
:1063d80013801b4e184f154d144632883b889a423d
:1063e8001bd22846fff780f92846f9f7e5f92388f4
:1063f80001339bb22380114a12889a42edd80023b8
:106408002380338801333380e7e70b4a118801f092
:10641800010303eb51031380d3e70020f8bd4ff0cd
:10642800ff30fbe74ff0ff30f8e700bf00e9062038
:10643800430f030c79ce020c680e0720740e072058
:086448006c0e0720700e072006
:020000040000fa
:020000040c02ec
:106450002de9f0439bb004460d46174699460cf0d3
:10646000c5fb002871d006468368002b70d0b5f9b3
:1064700000300693b5f902300793b5f9043008935c
:10648000b5f906300993e368159363681393a3681d
:10649000149320780cf02afc8df848002369169399
:1064a0004ff00008cdf86480636917938df8608021
:1064b0000bf0e2f80546c3680d9343680b938368bd
:1064c0000c9300780cf012fc8df828002b690e93c9
:1064d000cdf844806b690f938df8408068460bf0cf
:1064e00099fdb7f90030bdf900209b1a0293b7f966
:1064f0000230bdf902209b1a0393b7f904300493cc
:10650000b7f906300593b9f1fe0f2cd92278531f45
:10651000dbb2012b01d9032a1dd13569ff234a467d
:1065200000210220a847f36801209847b56802ab14
:106530000aaa06a912a8a84705462278531fdbb26b
:10654000012b20d9032a1ed026e04ff0ff3027e090
:106550004ff0ff3024e0b56802ab0aaa06a912a8e2
:10656000a8470546e9e73469ff234a46002102208f
:10657000a047f36801209847b46802ab0aaa06a9ad
:1065800012a8a04705463469ff231a460021084691
:10659000a047f36800209847281c18bf01204042fc
:0665a0001bb0bde8f08312
:020000040000fa
:020000040c02ec
:0265a60070473c
:020000040000fa
:020000040c02ec
:1065a800f8b5054617461e46494c4ff421620021ae
:1065b80020460cf03bf920460cf082f92560089b38
:1065c80010336363434b2362434b636204f1280037
:1065d8000cf0f6f90023c4f8f039c4f8ec396b690b
:1065e800c4f8f439ab69c4f8f839c4f8fc79c4f8cc
:1065f800006a2046f9f724ff002865d1204606f0f6
:1066080009ffb4f84200c208344b1a80b4f84410a9
:10661800cb08334c2380b0ebc20f02dd01322f4888
:106628000280b1ebc30f02dd01332d4a1380284be2
:1066380093f8cc37012b12d0022b3bd0032b15d16a
:10664800274a118801f0010303eb51031380234a01
:10665800118801f0010303eb5103138006e0204a7f
:10666800118801f0010303eb5103138018480cf063
:106678008ffa00231b4a13801b4a1380194e174fa9
:10668800134d144632883b889a421bd22846fff79e
:106698002bf82846f9f790f8238801339bb223801a
:1066a8000f4a12889a42edd8002323803388013399
:1066b8003380e7e7094a118801f0010303eb51032e
:1066c8001380d3e70020f8bd4ff0ff30fbe700bf91
:1066d80010f30620430f030c59c6020c6a0e07205c
:0c66e800760e07206e0e0720720e0720b1
:020000040000fa
:020000040c02ec
:1066f4002de9f0439bb004460d46164699460cf02e
:1067040073fa00286dd080468368002b6cd0b5f9ed
:1067140000300693b5f902300793b5f904300893b5
:10672400b5f906300993e368159363681393a36876
:10673400149320780cf0d8fa8df848002369169346
:1067440000271997636917938df860700af092ff18
:106754000546c3680d9343680b9383680c930078d4
:106764000cf0c2fa8df828002b690e9311976b690f
:106774000f938df8407068460bf04afcb6f9003070
:10678400bdf900209b1a0293b6f90230bdf902202c
:106794009b1a0393b6f904300493b6f906300593b3
:1067a400b9f1fe0f2cd92278531fdbb2012b01d98a
:1067b400032a1cd1d8f81050ff234a460021012097
:1067c400a847d8f8085002ab0aaa06a912a8a847f5
:1067d40005462278531fdbb2012b20d9032a1ed091
:1067e40024e04ff0ff3025e04ff0ff3022e0d8f8ee
:1067f400085002ab0aaa06a912a8a8470546e8e76a
:10680400d8f81040ff234a4600210120a047d8f8b9
:10681400084002ab0aaa06a912a8a0470546d8f860
:106824001040ff231a4600210846a047281c18bf21
:0a683400012040421bb0bde8f083d4
:020000040000fa
:020000040c02ec
:10683e00b1f1ff3f5ed0b0f1ff3f5cd0012814bf35
:10684e0000200120d36a8b4201d1002856d1136b50
:10685e008b4201d1002854d1536b8b4201d10028b9
:10686e0052d1936b8b4201d1002850d1d36b8b4206
:10687e0001d100284ed1136c8b4201d100284cd18e
:10688e00536c8b4201d100284ad1936c8b4201d1bb
:10689e00002848d1936d8b4201d1002846d1d36d8b
:1068ae008b4201d1002844d1136e8b4201d10028b6
:1068be0042d1536e8b4201d1002840d1d36c8b4212
:1068ce0001d100283ed1136d8b4201d100283cd15d
:1068de00536d8b4201d100283cd1d36e8b4201d136
:1068ee0000283cd1136f8b4200d1d8bb536f8b4223
:1068fe0000d1e0bb704700235370704702235370e2
:10690e00a5e703235370a7e704235370a9e70523d4
:10691e005370abe707235370ade708235370afe70f
:10692e0016235370b1e71e235370b3e7172353702a
:10693e00b5e717235370b7e71c235370b9e71d2330
:10694e005370bbe712235370bde71f23537004230c
:10695e00d370bde71f2353700523d370bde70b2300
:10696e005370bfe7132353700123d370bee7132375
:08697e0053700223d370bde742
:020000040000fa
:020000040c02ec
:02698600704758
:020000040000fa
:020000040c02ec
:10698800f0b585b005460468a36cb4f91810002961
:10699800b8bf0131e26ca2eb61020292b4f91a208d
:1069a800002ab8bf0132c3eb62030393444b02a928
:1069b8000191626b00920ccb03c905f06bf8039a46
:1069c80053420393286803685b69002bb8bf0133ff
:1069d8005b10013b02990b44029301688969002905
:1069e800b8bf0131d24302eb61020392002b52dba4
:1069f80006687169002a4edb8b424cdab66996420a
:106a080049dd01398b424dd0013e96424ad00421de
:106a1800c4f8901029680b6529684a652168496996
:106a280001fb0231a1652f683968496901398b4238
:106a3800b4bf5e1c1e463e6629684a6621684969dd
:106a480001fb0261a1662e683168896901399142aa
:106a5800ccbf511c114633672868416720684069dc
:106a680000fb0131a16728680668716901398b420a
:106a7800b8bf0133b16901399142c8bf0132c0f8ca
:106a880080302968c1f884202168496901fb0233f4
:106a9800c4f8883003e04ff0ff33c0f8ec30002032
:106aa80005b0f0bd0121c4f8901029680b6529686c
:106ab8004a652168496901fb0233a365efe700bf16
:046ac800580b072040
:020000040000fa
:020000040c02ec
:106acc002de9f04f8db005461646d0f820b0446a3b
:106adc00b0f90430002bb8bf0133b0f900a00aebb9
:106aec00630ab0f90630002bb8bf0133b0f902804d
:106afc0008eb6308b2f5877facbf4ff000094ff08d
:106b0c000109b429c8bf49f00109b9f1000f15d02a
:106b1c00b4291bdc6ff06303089300230993b6f5cb
:106b2c00877f18db002306936ff0630307934cf207
:106b3c0050330493314a059202920393002c59db93
:106b4c0008f1ff38631c0193002746e008aa642073
:106b5c0009f0fefbe3e706aa3146642009f0f8fbd6
:106b6c00e5e72b6bea6a41460aeb040008f0b8fb38
:106b7c00013429d504fb046300ee103ab8eec00ac8
:106b8c0009f000fc07f086f8d5ed047af4eec07a33
:106b9c00f1ee10faecd8d5ed057af4eec07af1ee00
:106bac0010fae5db0a94002fdbd004aa08a90aa886
:106bbc0008f0a6fc0028dbd002aa06a90aa808f057
:106bcc009ffc0028cdd1d3e74b46b9461f46013771
:106bdc0008f10108019b9f420cd07b420b93cbf137
:106bec000004bbf1000ff2dd07fb07f63b464f46f6
:106bfc009946bfe70db0bde8f08f00bfb03cffff7a
:020000040000fa
:020000040c02ec
:106c0c002de9f04f8fb00546894605929a46002330
:106c1c000893adf83030adf832304369adf834300c
:106c2c008369adf836300ca807f052f9002877d0fc
:106c3c000aaa49460ca806f0b5f8bdf92c30002b71
:106c4c0071ddbdf92e30002b70ddab682a7c052a76
:106c5c000cbf0622022208210291019200936b685c
:106c6c0006aa07a908a808f08afe0446002860d1e5
:106c7c00314e00230193089b00932b7c069a0799b5
:106c8c00304607f09df9337c052b10d0042b21d016
:106c9c00189b00935346059a4946274804f070ff09
:106cac00089807f005fa00200fb0bde8f08ff369e3
:106cbc00002bedd035466b6a297c53f8240005f087
:106ccc0007fe09906b6a43f824000134eb69a34278
:106cdc00f1d8dde7184bdb69002bd9d0164e4ff0fd
:106cec00000b04eb4407d6f8248008eb0705cdf81d
:106cfc0024b02a88ab78adf824208df82630317c6e
:106d0c00099805f0e5fd0990bdf824209df8263082
:106d1c0028f80720ab700134f369a342e1d8b7e738
:106d2c004ff0ff30c0e74ff0ff30bde74ff0ff30c2
:0c6d3c00bae74ff0ff30b7e7200a07204d
:020000040000fa
:020000040c02ec
:106d48002de9f04f8db005461646036a0093446a54
:106d5800b0f90430002bb8bf0133b0f900b00beb29
:106d6800630bb0f90630002bb8bf0133b0f90290bd
:106d780009eb6309b2f5b47facbf4ff0000a4ff0de
:106d8800010ab1f5877fc8bf4af0010abaf1000fbe
:106d980015d0b1f5877f19dc002308936ff06303e2
:106da8000993b6f5b47f16db642306930023079393
:106db8004cf25033049305932f4b02930393002c0a
:106dc80057dd631c01934ff0010847e008aa6420cf
:106dd80009f0c0fae5e706aa3146642009f0bafad4
:106de800e6e70bf1ff302b6bea6a4946204408f0ce
:106df80079fa0134a6422ad004fb047300ee103a53
:106e0800b8eec00a09f0c0fa06f046ffd5ed047adc
:106e1800f4eec07af1ee10faebd8d5ed057af4ee7f
:106e2800c07af1ee10fae4db0a94baf1000fd8d078
:106e380004aa08a90aa808f065fb0028d9d002aa64
:106e480006a90aa808f05efb0028cad1d1e708f114
:106e5800010809f10109019b98450ad0c8f100030e
:106e68000b93009b002bf2dd08fb08f75e1c012446
:0c6e7800c2e70db0bde8f08fb03cffff9a
:020000040000fa
:020000040c02ec
:106e84006d2e030cbd2d030ce9ee020cc32d030c77
:106e94002fef020c21ba020c6dbd020cc92d030c9c
:106ea4007dca020ccf2d030ce5ca020c71b2020c90
:106eb40025a2020cfd2c030ca911030c150e030cc6
:106ec400712e030cc5e4020c4118030cd111030c00
:106ed400052d030c410e030c0d2d030c6d0e030c3c
:106ee4004d2b030c1922030c6318030cf9db020c61
:106ef40000000000c708030c0000000095f7020c16
:106f040000000000392a030ca513030c752e030c92
:106f14009527030ca927030cb9f3020c792e030c53
:106f2400ab25030c7d2e030cc125030c812e030c11
:106f3400d725030c852e030c0917030c892e030c8b
:106f44002d17030c492a030c75ef020c8d2e030c2c
:106f5400f911030ced25030c152d030cf91d030c7d
:106f6400292c030ce9fb020cf1ff020c3bde020ca2
:106f7400a7b8020c6fc2020ce7d5020c07d0020cb2
:106f8400abd9020c13a4020c67ac020c17b6020caa
:106f9400f52c030c2f84020c850c030cab2c030c76
:106fa400912e030cd52d030c1d2d030c291c030c51
:0c6fb400fd17030c652e030ce91b030cf9
:020000040000fa
:020000040c02ec
:106fc0006d2e030cbd2d030ce9ee020cc32d030c3a
:106fd0002fef020c21ba020c6dbd020cc92d030c5f
:106fe0007dca020ccf2d030ce5ca020c71b2020c53
:106ff00025a2020cfd2c030ca911030c150e030c89
:10700000712e030cc5e4020c4118030cd111030cc2
:10701000052d030c410e030c0d2d030c6d0e030cfe
:107020004d2b030c1922030c6318030cf9db020c23
:1070300000000000c708030c0000000095f7020cd8
:1070400000000000392a030ca513030c752e030c55
:107050009527030ca927030cb9f3020c792e030c16
:10706000ab25030c7d2e030cc125030c812e030cd4
:10707000d725030c852e030c0917030c892e030c4e
:107080002d17030c492a030c75ef020c8d2e030cef
:10709000f911030ced25030c152d030cf91d030c40
:1070a0007f13030ce9fb020cf1ff020c3bde020c28
:1070b000a7b8020c6fc2020ce7d5020c07d0020c75
:1070c000292a030c13a4020c67ac020c17b6020c9d
:1070d000352c030c2f84020c850c030cab2c030cf9
:1070e000912e030cd52d030c1d2d030c291c030c14
:0c70f0001f18030c692e030ca1d7020c22
:020000040000fa
:020000040c02ec
:1070fc002de9f0418ab0109d494c247a002c7cd1aa
:10710c00047c2f7ca7427bd1073ce4b2022c7ad9b9
:10711c001e4690460c460746f422002140480bf0d0
:10712c0083fb0020adf82000adf822007b69adf8a0
:10713c002430bb69adf82630214608a806f0c8fefd
:10714c00002863d006aa214608a805f02bfeadf84e
:10715c001080adf81260bdf81c30adf81430bdf8dd
:10716c001e30adf816300023adf80830adf80a30fb
:10717c006b69adf80c30ab69adf80e306b4606aaf6
:10718c0002a904a801f0f8fdbdf91c30002b40dd6c
:10719c00bdf91e30002b3fdd214b02221a721a461c
:1071ac0042f80c7b06a903c982e803005d6003f179
:1071bc001402694603c982e803002a7c5a721846f5
:1071cc000af01efab0f1ff3f14d015480bf0aafae2
:1071dc00b0f1ff3f0ed012480af080fcb0f1ff3f37
:1071ec0008d00f480af0aafcb0f1ff3f4ff0ff3077
:1071fc0018bf00200ab0bde8f0814ff0ff30f9e76e
:10720c004ff0ff30f6e74ff0ff30f3e74ff0ff3071
:10721c00f0e74ff0ff30ede74ff0ff30eae700bf4b
:04722c002005072012
:020000040000fa
:020000040c02ec
:107230002de9f04f8db005461746d0f820b0466acc
:10724000b0f90430002bb8bf0133b0f900a00aeb4d
:10725000630ab0f90630002bb8bf0133b0f9024021
:1072600004eb6304592accbf4ff000094ff0010929
:107270000029c8bf49f00109b9f1000f11d0c9b9ff
:107280006423089300230993592f18dd00230693e4
:1072900064230793324b04934cf2503205920292ce
:1072a0000393002e59dd009404f1ff38f64333199f
:1072b000019345e008aa642009f050f8e4e706aa23
:1072c0003946642009f04af8e4e70af1ff302b6bf5
:1072d000ea6a4146204408f009f80134a7422ad05e
:1072e00004fb046300ee103ab8eec00a09f050f84f
:1072f00006f0d6fcd5ed047af4eec07af1ee10fa81
:10730000ebd8d5ed057af4eec07af1ee10fae4dbb5
:107310000a94b9f1000fd8d004aa08a90aa808f065
:10732000f5f80028d9d002aa06a90aa808f0eef8b4
:107330000028cad1d1e708f1ff38019b98450cd04d
:10734000009ba3eb08060b96bbf1000ff3dd06fbd9
:1073500006f60bf101070124c2e70db0bde8f08f7e
:04736000b03cffff3f
:020000040000fa
:020000040c02ec
:107364002de9f04f8db005461746d0f820a0466aa7
:10737400b0f90430002bb8bf0133b0f9009009eb29
:107384006309b0f90630002bb8bf0133b0f90240ed
:1073940004eb6304b32accbf4ff000084ff001089c
:1073a4005a29c8bf48f00108b8f1000f13d05a2970
:1073b40019dc0023089364230993b32f18dd6ff0bd
:1073c4006303069300230793314b049305934cf214
:1073d400503302930393002e57dd0194671ef64346
:1073e40006eb040b43e008aa642008f0b5ffe4e7c9
:1073f40006aa3946642008f0afffe5e72b6bea6a7a
:10740400414609eb040007f06fff013429d504fb62
:10741400046300ee103ab8eec00a08f0b7ff06f0b5
:107424003dfcd5ed047af4eec07af1ee10faecd816
:10743400d5ed057af4eec07af1ee10fae5db0a94a4
:10744400002fdbd004aa08a90aa808f05df80028d8
:10745400dbd002aa06a90aa808f056f80028cdd164
:10746400d3e74346b8461f46013f5f450dd0019b15
:10747400de1b0b96caf10004baf1000ff4dd06fb23
:1074840006f63b4647469846c1e70db0bde8f08f87
:04749400b03cffff0a
:020000040000fa
:020000040c02ec
:107498006d2e030cbd2d030ce9ee020cc32d030c5d
:1074a8002fef020c21ba020c6dbd020cc92d030c82
:1074b8007dca020ccf2d030ce5ca020c71b2020c76
:1074c80025a2020cfd2c030ca911030c150e030cac
:1074d800712e030cc5e4020c4118030cd111030ce6
:1074e800052d030c410e030c0d2d030c6d0e030c22
:1074f8004d2b030c1922030c6318030cf9db020c47
:1075080051d8020cc708030c5502030c95f7020c5e
:10751800eb0f030c392a030ca513030c752e030c6f
:107528009527030ca927030cb9f3020c792e030c39
:10753800ab25030c7d2e030cc125030c812e030cf7
:10754800d725030c852e030c0917030c892e030c71
:107558002d17030c492a030c75ef020c8d2e030c12
:10756800f911030ced25030c152d030cf91d030c63
:10757800839f020ce9fb020cf1ff020c3bde020cbc
:10758800a7b8020c6fc2020ce7d5020c07d0020c98
:10759800abd9020c13a4020c67ac020c17b6020c90
:1075a800f9d7020c2f84020c850c030cab2c030cae
:1075b800912e030cd52d030c1d2d030c291c030c37
:0475c800d5f7020ce5
:020000040000fa
:020000040c02ec
:1075cc0030b4047814f0800f07d104f07f0401214b
:1075dc0019601460002030bc704704f0e005c02d29
:1075ec002ed004f0f005e02d35d004f0f805f02d88
:1075fc0040d004f0fc05f82d51d004f0fe05fc2d14
:10760c0073d1052971d94178090601f07c51a40781
:10761c0004f080440c43417901f03f010c43817824
:10762c00890401f47c010c43c178090301f47c3119
:10763c0021430479a40104f47c640c430621c7e7bc
:10764c00012946d9a40104f4f864417801f03f0102
:10765c000c430221bce702293ed94178890101f48f
:10766c007c612403a4b22143847804f03f040c43ce
:10767c000321ade7032932d94178090301f47c31a8
:10768c00a40404f4e0140c43c17801f03f0121433d
:10769c008478a40104f47c640c43042198e7042945
:1076ac0020d94178890401f47c01240604f040744b
:1076bc000c43017901f03f010c438178090301f47b
:1076cc007c312143c478a40104f47c640c4305216f
:1076dc007ee74ff0ff307ee74ff0ff307be74ff057
:1076ec00ff3078e74ff0ff3075e74ff0ff3072e76f
:020000040000fa
:020000040c02ec
:1076fc002de9f04f95b083468a46914698461e9eda
:10770c00209d0bf06dfa00285cd007460368002b17
:10771c005bd009f0abff0446c3680f9343680d932d
:10772c0083680e9300780bf0dbfa8df83000236938
:10773c00109300231393626911928df8483006a8b8
:10774c000bf03cf9bdf91830a3eb0b020a92bdf912
:10775c001a00a0eb0a020b92a3eb09020892a0eb11
:10776c0008020992b6f900209b1a0293b6f902306e
:10777c00c01a0390b6f904300493b6f90630059399
:10778c00fe2d2fd99df83020531fdbb2012b01d9d0
:10779c00032a1dd13c69ff232a4600210120a04762
:1077ac001f9b00933c6802ab08aa0aa90ca8a0472f
:1077bc0004469df83020531fdbb2012b21d9032a3c
:1077cc001fd024e04ff0ff3025e04ff0ff3022e0d7
:1077dc001f9b00933c6802ab08aa0aa90ca8a047ff
:1077ec000446e6e73c69ff232a4600210120a04716
:1077fc001f9b00933c6802ab08aa0aa90ca8a047df
:10780c0004463d69ff231a4600210846a847201c60
:0c781c0018bf0120404215b0bde8f08ffd
:020000040000fa
:020000040c02ec
:10782800437e002b00f0918070b584b00446036d50
:107838009b6e02a99847637e012b12d0bdf90c30cc
:10784800002b6fd0bdf90e20002a6bd0032a72dd01
:10785800032b70dd94f85430002b73d00226354684
:107868000de0bdf90c30002b5cd0bdf90e20002acc
:1078780058d0012a58dd012b56dd01263546bdf8c2
:107888000830adf80030bdf80a30adf802302db23e
:10789800adf80450bdf80e30adf80630236dd3f8be
:1078a8002c31694620469847bdf80c30adf80430b5
:1078b800adf80650236dd3f82c3169462046984719
:1078c800b5b2bdf80830bdf80c2013445b1badf809
:1078d8000030bdf80a30adf8023036b2adf80460b9
:1078e800bdf80e30adf80630236dd3f82c3169465b
:1078f80020469847bdf80830adf80030bdf80a308a
:10790800bdf80e2013445b1badf80230bdf80c30f7
:10791800adf80430adf80660236dd3f82c31694614
:107928002046984704b070bd236dd3f82c3102a9c6
:1079380020469847f6e7236dd3f82c3102a9204654
:0c7948009847efe70226012599e77047f9
:020000040000fa
:020000040c02ec
:1079540070b44749ca6822f4e0621204120c454b21
:107964001343cb60bff35f8f62b6434be02283f8cf
:107974000f234ff40040186083f810234ff4803035
:10798400186083f811234ff40030186083f8122331
:107994004ff48020186083f814234ff4801018608b
:1079a40083f815234ff40010186083f827238020f0
:1079b400586083f828234ff48070586083f8292393
:1079c4004ff40070586083f82a234ff480605860a5
:1079d40083f837234ff40000586083f838234ff0be
:1079e4008070586083f839234ff00070586083f832
:1079f4003a234ff080665e6083f83b234ff00065c6
:107a04005d6083f83c234ff080545c6083f83d2331
:107a14004ff00050586083f85a239e6083f85b232c
:107a24009d6083f85c239c6083f85d23986083f8f1
:107a34005e234ff08040986083f85f234ff000404e
:107a4400986083f860230122da604b6a43f4802350
:107a54004b624b6943f010034b614b6a43f40033b0
:107a64004b624b6a43f480334b6270bc704700bf77
:0c7a740000ed00e00000fa0500e100e079
:020000040000fa
:020000040c02ec
:107a800000b583b0474b4ff08062c3f89420464b5b
:107a9000013bfdd1444b013bfdd1434b013bfdd1ab
:107aa000404b4ff08062c3f898208021122007f0ed
:107ab0000bfd0b21002007f007fd8221112007f0ac
:107ac00003fd1421122007f0fffc8121132007f091
:107ad000fbfc00218c2007f0f7fc08213a2007f07e
:107ae000f3fc88213d2007f0effc0221a22007f0e3
:107af000ebfcd021402007f0e7fc2021152007f007
:107b0000e3fc0c21084607f0dffc12213e2007f0c1
:107b1000dbfc0121092007f0d7fc3f21702007f092
:107b2000d3fc3521712007f0cffc2121722007f012
:107b3000cbfcf021732007f0c7fc1621172007f0bb
:107b4000c3fc0421182007f0bffca421322007f059
:107b5000bbfc0221192007f0b7fc7a211a2007f09c
:107b6000b3fc0a21032007f0affc83214f2007f06c
:107b7000abfc3021502007f0a7fc8321512007f0f7
:107b8000a3fc0f21b02007f09ffc01a9322006f0d2
:107b9000d5fb01980af04afc0028fad003b05df842
:0c7ba00004fb00bf00008444a08601002c
:020000040000fa
:020000040c02ec
:107bac0070b584b0437e002b67d0044603689b6e8f
:107bbc0002a99847637e012b65d0bdf90c30002bd0
:107bcc005fd0bdf90e20002a5bd0032a70dd032b99
:107bdc006edd0225bdf80830adf80030bdf80a3076
:107bec00adf802302eb2adf80460bdf80e30adf831
:107bfc0006302368d3f82c31694620469847bdf8e7
:107c0c000c30adf80430adf806602368d3f82c3195
:107c1c00694620469847adb2bdf80830bdf80c2037
:107c2c0013445b1badf80030bdf80a30adf80230e0
:107c3c00adf80460bdf80e30adf806302368d3f80b
:107c4c002c31694620469847bdf80830adf8003015
:107c5c00bdf80a30bdf80e2013445b1badf80230a2
:107c6c00bdf80c30adf80430adf806602368d3f8dd
:107c7c002c3169462046984703e00368d3f8dc3082
:107c8c00984704b070bdbdf90c30002bf9d0bdf98c
:107c9c000e20002af5d0012a03dd012b01dd012580
:107cac0098e72368d3f82c3102a920469847e8e7d7
:0e7cbc002368d3f82c3102a920469847e1e74f
:020000040000fa
:020000040c02ec
:027cca00704701
:020000040000fa
:020000040c02ec
:107ccc002de9f843414b1b68002b7dd0dff8088170
:107cdc003f4e06f168093d4f69e0336803b19847a0
:107cec00013510343b68ab425ed9204614f8043c95
:107cfc000c2bf5d801a252f823f000bfe77c020c44
:107d0c003d7d020c477d020c517d020c5b7d020c0b
:107d1c00657d020c6f7d020c797d020c837d020c5b
:107d2c008d7d020c977d020ca17d020cab7d020cab
:107d3c007368002bd4d09847d2e7b368002bcfd010
:107d4c009847cde7f368002bcad09847c8e733694a
:107d5c00002bc5d09847c3e7f369002bc0d09847d8
:107d6c00bee77369002bbbd09847b9e7b369002b0a
:107d7c00b6d09847b4e7336a002bb1d09847afe739
:107d8c00736a002bacd09847aae7b36a002ba7d034
:107d9c009847a5e7f36a002ba2d09847a0e7336b6e
:107dac00002b9dd098479be734364e4509d018f8e8
:107dbc00013b002bf8d03b68002bf5d0054c00257f
:107dcc0093e7024b00221a60bde8f8837015062079
:0c7ddc0004130620701306206c1506200e
:020000040000fa
:020000040c02ec
:107de8002de9f0418ab0109e424f3f7a002f72d1a0
:107df80090f810c0377cbc4570d11f4690460d46a0
:107e08000446c82200213b480af010fd0021adf8c5
:107e18002010adf822106369adf82430a369adf8dd
:107e28002630294608a806f055f8002859d006aa91
:107e3800294608a804f0b8ffadf81080adf8127014
:107e4800bdf81c30adf81430bdf81e30adf8163052
:107e58000023adf80830adf80a307369adf80c307e
:107e6800b369adf80e306b4606aa02a904a800f063
:107e780085ffbdf91c30002b36ddbdf91e30002b07
:107e880035dd1c4b02221a721d4645f80a4b06aa1c
:107e980003cac3f80a0069605e606a4603cac3f889
:107ea8001200c3f81610184609f00afbb0f1ff3f9c
:107eb8000ed0104809f0b4fdb0f1ff3f08d00d48ce
:107ec80009f09efdb0f1ff3f4ff0ff3018bf0020d2
:107ed8000ab0bde8f0814ff0ff30f9e74ff0ff300e
:107ee800f6e74ff0ff30f3e74ff0ff30f0e74ff0e1
:087ef800ff30ede70007072051
:020000040000fa
:020000040c02ec
:107f00002de9f04f85b001920293ddf83c90119e6f
:107f1000dff8f880dff8f8e0041fdff8f8c03a4f28
:107f2000043918300d4622460394109c03e0caf829
:107f300000b0824224d058f804af0af1ff335ef853
:107f400004bfa3eb0b034b44b3fbfaf342f8043f2b
:107f50005cf804af0af1ff3357f804bfa3eb0b033f
:107f60002344b3fbfaf36b609246136803b16b686a
:107f700045f8043f9b46002bd9d0daf800b0d6e78d
:107f8000039c00230e9a1360029a13600198054621
:107f900003601346ddf838c000f11c0290461ee075
:107fa0007046384428601f6854f8040f00fb06f040
:107fb0000730c0084a6802fb007043f8040fdcf881
:107fc000007051f8040f226802fb00f006fb00f07d
:107fd000073007ebd0074cf8047f454510d055f823
:107fe000047b60680028dcd0d1f804e0bef1000f0b
:107ff000d6d006fb00f00730c00800fb0ee0d0e74b
:1080000005b0bde8f08f00bfbc1f030c681f030c58
:08801000a01f030c841f030ce8
:020000040000fa
:020000040c02ec
:1080180008b53c4b98473c4b9847eff3108172b634
:108028003a4ad2f8883043f47003c2f88830bff374
:108038004f8fbff36f8f01b962b6bff34f8fbff396
:108048006f8f324c0723c4f89032c4f89432bff3d0
:108058004f8fbff36f8f08f0a7f82d4b23f07f03e6
:10806800a3602c4b9847636913f4003f12d1bff308
:108078004f8fbff36f8f0022c4f85022bff34f8f8a
:10808800bff36f8f626942f400326261bff34f8fb2
:10809800bff36f8f1d4b5b6913f4803f29d11b4bd6
:1080a8000022c3f88420bff34f8fd3f88030c3f386
:1080b800c906c3f34e335a0143f6e075134802ea82
:1080c8000504334644ea8371c0f86012013bb3f1fa
:1080d800ff3ff7d1203a12f1200ff0d1bff34f8fb5
:1080e8000a4a536943f480335361bff34f8fbff398
:1080f8006f8f094b9847094b984703f0cbfa00be9e
:10810800fee700bf13e5020c13e5020c00ed00e0ea
:1081180000000000d5d4020c13e5020c13e5020c94
:020000040000fa
:020000040c02ec
:10812800002841d003683b4a002908bf114658007f
:10813800394a934298bf884294bf0120002000d951
:10814800704710b407ee901af8ee677a07ee103a07
:10815800f8ee476a87eea67adfed306a67eea67a10
:10816800f2ee046a77eea67a77ee677afceee77aa3
:1081780017ee902a2a498b4206d8b2f5ff7f15d808
:10818800012a3ed9540812e0b2f5bf7f3bd2032a38
:108198003cd954002349a1fb04c46408a1fb021282
:1081a800520842ea042402e000207047ff241c4ad7
:1081b800934294bf002201224ff08c410b6823f0b8
:1081c80002030b60cb69002bfcd14ff08c41cc60d3
:1081d8000b6823f0407343ea02630b600b6843f0bb
:1081e80002030b600a46d369002bfcd14ff08c4385
:1081f80010225a831a46d369002bfcd15df8044b30
:1082080070470124d3e74ff67f74d0e740f201248a
:10821800cde700bf80d1f00840420f0095bfd633ac
:08822800801a0600abaaaaaa05
:020000040000fa
:020000040c02ec
:10823000002877d13d4b93f83430012b02d04ff01a
:10824000ff307047394b002283f8342093f9013016
:10825000022b47d1354b1b78002b43d0334b9b78f7
:10826000002b46d1314b5b68002b49d130b42f4bea
:108270009d68002d4ed0da69104653794bb1183203
:1082800000230133ab4245d0104618324479002c0c
:10829000f7d10122427111f0080f02d0234a0124c4
:1082a0009470224a546801345460948ddbb243eade
:1082b00004430361938d01339bb24ff6ff729342e7
:1082c00008bf0123194a9385012382f83430002323
:1082d000036041f004010171126942618360c3606f
:1082e00000691de0114b012283f834204ff0ff306c
:1082f00070470e4b012283f834204ff0ff30704757
:1083000011f0080fb2d0094b012283f834204ff04e
:10831000ff307047054b012283f834204ff0ff30c7
:1083200030bc70474ff0ff30704700bfd0090720c6
:020000040000fa
:020000040c02ec
:108330002de9f84f0446894690469b46816c0131f1
:108340008900c06cfdf7c2fd0546a16c01318900b2
:10835000206dfdf7bbfd0646a16c01318900606d03
:10836000fdf7b4fd8246a16c01318900a06dfdf7d7
:10837000adfd0746002d4cd0002e4ad0baf1000fbb
:1083800047d0002845d0a06c431ca364e564266553
:10839000c4f854a0a76505eb800009f093ff6ff0c7
:1083a0004045a06c2844e36c494603eb800007f08d
:1083b00077fda06c2844236d03eb800009f082ff59
:1083c000a06c2844236d414603eb800007f068fd54
:1083d000a06c2844636d03eb800009f073ffa06c70
:1083e0002844636d594603eb800007f059fda06ceb
:1083f0002844a36d03eb800009f064ffa06c0544e2
:10840000a06d0a9900eb850007f04afd0020bde849
:10841000f88f284605f052fe304605f04ffe5046d4
:0e84200005f04cfe384605f049fe5320efe70c
:020000040000fa
:020000040c02ec
:10842e0038b504460b78642b4ad00d4614d9662b0a
:10843e005bd04fd3672b63d0682b13d1436913f0f6
:10844e00100f0fd108f0baff01280bd02368d3f814
:10845e00fc302046984705e0022b13d0032b20d08a
:10846e00012b00d038bd436913f0100ffad108f07c
:10847e00a5ff0128f6d02368d3f8043129462046fb
:10848e009847efe7436913f0100febd108f096ff12
:10849e000128e7d02368d3f80831294620469847ab
:1084ae00e0e7436913f0100fdcd108f087ff0128d5
:1084be00d8d02368d3f80c31294620469847d1e707
:1084ce0008f07cff0128cdd02368d3f83031204648
:1084de009847c7e708f072ff0128c3d02368d3f886
:1084ee00f030294620469847bce708f067ff012880
:1084fe00b8d02368d3f8f430294620469847b1e720
:10850e00436913f0100fadd108f058ff0128a9d020
:0c851e002368d3f8f83020469847a3e704
:020000040000fa
:020000040c02ec
:02852a00704798
:020000040000fa
:020000040c02ec
:10852c00012b6bd92de9f04383b01778557805eb07
:10853c000726374c84fb06c434442411c4eb441482
:10854c00a6425dd1c5f3401507f00f04082c59d194
:10855c007f2f57d8002d57d11d4617460e46804603
:10856c000232023b0a998c68bcb100913146a0479b
:10857c0000284ad10a9b1c68002c46d1281f38447d
:10858c0009f0ecff8146d8f80050306868b32146fa
:10859c00012341f2ae5c1f4f17e00a99009131465e
:1085ac00f7f744fce4e7a7fb0302d20bc2eb023e55
:1085bc0002eb0e129b1aa7fb0102d20bc2eb023e7e
:1085cc0002eb0e12891a30468eb10246604528bf66
:1085dc006246861a0028e6d02a4415f801eb73444b
:1085ec0019449542f9d11546dde70146012343eaca
:1085fc00014399450cbf20463a2006e035207047d0
:10860c00182002e0192000e01a2003b0bde8f08326
:08861c004308218471800780ee
:020000040000fa
:020000040c02ec
:108624002de9f0418cb00646884617460af0dcfa7c
:10863400002845d005464368002b44d009f01af8b9
:108644000446c368079343680593836806930078d8
:108654000af04afb8df810002369089300230b935a
:10866400626909928df82830b6f900300093b6f9a2
:1086740002300193b6f904300293b6f9063003933d
:10868400fe2f2ad9431fdbb2012b01d903281dd1a8
:108694002c69ff233a4600210220a047eb68012001
:1086a40098476b684246694604a8984704469df873
:1086b4001020531fdbb2012b1ed9032a1cd024e047
:1086c4004ff0ff3025e04ff0ff3022e06b68424668
:1086d400694604a898470446e9e72c69ff233a460b
:1086e40000210220a047eb68012098476b684246ae
:1086f400694604a8984704462e69ff231a460021b8
:108704000846b047eb6800209847201c18bf01209a
:0887140040420cb0bde8f08109
:020000040000fa
:020000040c02ec
:10871c002de9f04182b00446884617461e46099d55
:10872c00b0f90620b0f9021000954346023a013127
:10873c00b0f9000002f0d7f8b4f90620b4f9021031
:10874c00b4f9000000953b46023a0131013002f0c9
:10875c00caf8b4f9042000954346013ab4f9021062
:10876c00b4f9000002f055f9b4f90420b4f9021080
:10877c00b4f9000000953b46023a0131013002f099
:10878c0048f9b4f90620b4f90210b4f90000b4f9b0
:10879c000430184400953346023a0131013802f096
:1087ac00a2f8b4f90620b4f90210b4f90000b4f937
:1087bc00043018440095089b023a0131023802f04b
:1087cc0092f8b4f90210b4f9063019440095334606
:1087dc00b4f904200139b4f9000002f01af9b4f923
:1087ec000420b4f90210b4f906301944b4f90000ad
:1087fc000095089b023a0239013002f00af902b0e6
:04880c00bde8f08152
:020000040000fa
:020000040c02ec
:108810002de9f04f8bb004460d4691469a46149ec2
:10882000ddf858b0adf82030adf822604b88adf8d7
:1088300024308b88adf8263008a809f08bfd01287c
:1088400047d009f07bfd0a2847d094f81880284ac1
:10885000284bb8f1000f0cbf9046984606a908a80f
:108860000af0baf8bdf918205245ccbfa2eb0a03b2
:1088700000230493b5f9027007eb0a01bdf91c301f
:108880001344994201dd5b1a1f44bdf91a40bdf93a
:108890002230e41abdf91e30002b1addcdf814a0e9
:1088a000ddf854a0e889cdf808b0cdf804a0009711
:1088b000049b3219059904fb0090c0470134bdf9af
:1088c0001a30bdf922209b1abdf91e201344a34281
:1088d000e8dc00200bb0bde8f08f94f81880064a61
:1088e000064bb8f1000f0cbf90469846b6e700bfa4
:1088f0007fb3020c29a7020c99f1020cd9fc020cdf
:020000040000fa
:020000040c02ec
:10890000f0b58bb004460d4617461e4668460af081
:108910005bf8364b1b7a002b5bd1c8220021334811
:1089200009f088ff0023adf82030adf822306369ec
:10893000adf82430a369adf82630294608a805f023
:10894000cdfa002848d006aa294608a804f030fa33
:10895000adf81070adf81260bdf81c30adf81430f1
:10896000bdf81e30adf8163002ab06aa694604a861
:1089700000f008fabdf91c30002b30ddbdf91e30c7
:10898000002b2fdd194b1d4645f80a4b06aa03cada
:10899000c3f80a00696002aa03cac3f81200c3f848
:1089a0001610184608f090fdb0f1ff3f0fd00f48a9
:1089b00009f03af8b0f1ff3f09d00c4809f014f87b
:1089c000b0f1ff3f03d0094b01221a7200200bb017
:1089d000f0bd4ff0ff30fae74ff0ff30f7e74ff010
:1089e000ff30f4e74ff0ff30f1e700bf000707204a
:020000040000fa
:020000040c02ec
:1089f000f8b5064604680423c4f89030c168606a7c
:108a000006f07cf87061334d85fb0035c017c0eb74
:108a1000651533681b685b69ab42d8bf03f1ff354e
:108a20003169a06a06f06af8b0612a4b83fb002323
:108a3000c017c0eb631033681b689b698342d8bfc3
:108a400003f1ff302a4625650346606521684f69ba
:108a500007fb0057a76525666066306800684069b7
:108a60000138854201d2013525664869256e00fb33
:108a70000350a06622676367306800688069013828
:108a8000834201d2581c6067606f4d6905fb00206e
:108a9000a067c4f88020c4f884303068006840695a
:108aa0000138824202d20132c4f880203268126852
:108ab0009269013a934202d20133c4f88430d4f867
:108ac00084304969d4f8802001fb0323c4f888303e
:088ad0000020f8bd1f85eb51e9
:020000040000fa
:020000040c02ec
:108ad8002de9f04110f0ff0567d003465ffa81fced
:108ae800ff2d61d0bcf1000f5ed0bcf1ff0f3fd06d
:108af800c5f1ff04c5eb05267f360cfb04662c4840
:108b0800a0fb0626f6091f0e0a0e0cfb02f204fb58
:108b180002f27f32a0fb02e2d20905fb0727b7fb6e
:108b2800f6f7c3f3074ec1f307420cfb02f204fb4e
:108b380002f27f32a0fb0282d20905fb0e22c3f3a8
:108b48000723c1f307210cfb01f104fb01f47f3477
:108b5800a0fb0414e40905fb0343b2fbf6f1090486
:108b680041ea07613143b3fbf6f641ea06211ce00e
:108b7800030a090ac5f1ff0203f0ff1001f0ff1410
:108b880002fb04f405fb004000f0ff2003f47f43e0
:108b980001f47f4102fb01f105fb031101f47f01a0
:108ba800014341f0ff0100e019460846bde8f081a5
:048bb80081808080b8
:020000040000fa
:020000040c02ec
:108bbc00020e6bd003464fea116cff2a65d0bcf154
:108bcc00000f62d02de9f041bcf1ff0f41d0c2f192
:108bdc00ff05c2eb02267f360cfb05662c48a0fb7a
:108bec000646f609c3f30747c1f307440cfb04f42c
:108bfc0005fb04f47f34a0fb04e4e40902fb074703
:108c0c00c3f3072ec1f307240cfb04f405fb04f497
:108c1c007f34a0fb0484e40902fb0e44dbb2c9b22e
:108c2c000cfb01f105fb01f57f35a0fb0515ed09ea
:108c3c0002fb0351b1fbf6f141ea0661b7fbf6f713
:108c4c0041ea0741b4fbf6f441ea04210846bde8c9
:108c5c00f081c2f1ff0400f0ff1001f0ff1504fbde
:108c6c0005f502fb0050000a00f0ff1003f47f43ef
:108c7c0001f47f4104fb01f102fb0313190a01f417
:108c8c007f41014341f07f41e0e7194608467047b8
:048c9c0081808080d3
:020000040000fa
:020000040c02ec
:108ca000002b69d02de9f8431c4690460e46054638
:108cb000324b1b78012b0cd0ff23ff2c13d1ff2b41
:108cc00011d1002342463146284609f08bfabde80f
:108cd000f8832b4b1978104608f09cfb03460028bc
:108ce000ebd10020f3e708f0c7fc3246294606f036
:108cf00087f9074609f022fb3a46052109f0e2f818
:108d0000074609f01bfb4246052109f0dbf88046c7
:108d100009f014fb03280cd003d3431fdbb2012b53
:108d200007d928f0ff00204310f0ff0f0fd10020db
:108d3000cde75ffa88f9ff21204607f0e7ff0146fb
:108d4000484605f0dbfe28f0ff042043ece73946f7
:108d5000fff7c2fe044609f0f1fa2246014605205b
:108d600009f0b0f8044608f087fc2346324629464d
:108d700004f03afc0020aae7002070478a0e072082
:048d80008b0e07202f
:020000040000fa
:020000040c02ec
:108d8400f0b5056844681d605c60b3f90050b1f942
:108d94000040a5425dda16883444641b148094882c
:108da4000d88641b1d882c449480b1f900501d80eb
:108db4000488641b9d882c449c80b3f90060b3f93b
:108dc4000450b1f90040b1f9047006eb050e04eb50
:108dd400070ce6450bdd644697883c44a41b641be2
:108de40094800c888d882c441d88641b9c80b3f966
:108df4000250b1f90240a5422fda56883444641b6c
:108e04005480d4884d88641b5d882c44d480b1f987
:108e140002405c804088001bdc882044d880b3f981
:108e24000250b3f90640b1f90200b1f9066005eb4e
:108e3400040c8719bc450bdd3846d6883044401bea
:108e4400001bd0804a88c9880a445988521ada809b
:108e5400f0bdb0f900401c80afe7b0f902005880c3
:028e6400dde748
:020000040000fa
:020000040c02ec
:108e660070b58eb000230a930b930b604b60836d35
:108e7600002b5ad015460e4604461a68d26b184681
:108e86009047326873682a606b60a06d03685b6800
:108e96009847294608f095fe236d1b6e0ca92046bf
:108ea600984794f85430002b41d0e36d2bb15a69a2
:108eb600adf82c209b69adf82e30b4f868300893d5
:108ec60094f82330079394f82230069394f82130cf
:108ed600059394f82030049394f864300393e37e6a
:108ee6000293a37e01930d9b00930c9b0aaa06cacc
:108ef6002846faf756fe94f854303bb1e36e2a88ba
:108f060013442b80e36e6a8813446b80b5f90030f6
:108f16003380b5f9023073802a460ca9284603f03f
:108f260044ff2946204608f00aff0eb070bd236ea6
:108f3600002bc2d05a69adf82c209b69adf82e30b3
:028f4600bbe787
:020000040000fa
:020000040c02ec
:108f4800f0b58fb002ac84e803001d46bdf90c10e3
:108f5800bdf90e4008460029b8bf481c40104642db
:108f680006962346002cb8bf631c5b100793091aaa
:108f7800089109930a961b1b0b930c910d930023e0
:108f880004930593574206ac0194009704ae96e803
:108f98000c0094e8030002f07dfd08a901910097f8
:108fa80096e80c0003c902f075fd0aa90191009723
:108fb80096e80c0003c902f06dfd0ca90191009719
:108fc80096e80c0003c902f065fd23460eaf104a6f
:108fd800104c1146264618688642a8bf06468142ac
:108fe800b8bf014658688442a8bf04468242b8bf49
:108ff800024608339f42eed100232b806b80083154
:10900800891ba9800832121bea800fb0f0bd00bf8f
:089018006179feff9f86010053
:020000040000fa
:020000040c02ec
:109020002de9f04f87b0ddf84080119e002e53d01f
:109030001c4691468b4682462c4b1b78012b10d048
:10904000ff23ff2e17d1ff2b15d100230193cdf85d
:10905000008023464a465946504604f07bfc0346ae
:109060003be0234b1978404608f0d4f9034600282a
:10907000e7d1002331e002a808f0ccffbdf90a30a7
:10908000abeb0303bdf90820aaeb0202adf81020f8
:10909000adf81230adf81490adf8164032464146a6
:1090a00004a8fff7bffa0346b8b1d4b15d46a344a4
:1090b00002e001355d4516d0b9f1000ff9d05446f4
:1090c00009eb0a07334642462946204606f00ef9c8
:1090d0000134a742f6d1ece70023184607b0bde8fb
:1090e000f08f0023f9e70023f7e700bf8a0e07207f
:0490f0008b0e0720bc
:020000040000fa
:020000040c02ec
:1090f40010b582b000230193009300eb80021201ab
:109104002b4b13445a6e01921b6e019a43f4c023f5
:1091140013400093009b03f001039b00009a12f09c
:10912400020f18bf43f00803009a12f0040f18bf8f
:1091340043f01003009a12f0080f18bf43f0010324
:10914400009a12f0100f18bf43f02003009a12f097
:10915400200f18bf43f04003009a12f4c02f18bf29
:1091640043f002030199134a0a4032b100eb400272
:10917400114901eb820200211172019c00eb800174
:1091840009010e4a545000eb400292000a498a58e1
:109194005bb152b10c464200111804eb81014968dd
:1091a4001044800022581846904702b010bd00bffa
:1091b400000085442a000600f40c0720640085445e
:020000040000fa
:020000040c02ec
:1091c40030b585b004460d46036d1b6e02a9984761
:1091d400eb6800932b6901932146284609f04afd68
:1091e40002a9206c05f0f7f802a9204608f0a8fdb2
:1091f400694602a806f02cfa18b994f85530012be8
:1092040017d0694602a806f023fa012813d094f86f
:109214005530012b2dd0002384f85430e36e1bb954
:10922400e26d236e9a422cd0236dd3f8dc302046b5
:10923400984705b030bd94f85530012b08d0002371
:1092440084f85430636f002be8d020469847e5e754
:1092540094f85430022b03d0022384f85430dde711
:10926400002384f85430636f002bd7d020469847ee
:10927400d4e794f85430022bd0d0002384f854302f
:0a928400cce7238b002bd4d0cee7fb
:020000040000fa
:020000040c02ec
:10928e0070b50446b0f8e629b0f8e4399a4221d315
:10929e00056a03464ff40072012100f2e470a847fc
:1092ae0080b2a4f8e409231893f8e337ff2b0ed10c
:1092be00a36b1a46db43184483189bb2013ae1189c
:1092ce0091f8e317ff29f7d0a4f8e439a26300233d
:1092de00a4f8e6391025082607e0d3b2ff2b23d0d9
:1092ee00b2f57f4f08bf84f8c26494f8c23403bb52
:1092fe0084f8c254b4f8e639591c89b2e21892f8cf
:10930e00e40702339bb2a4f8e639621892f8e42718
:10931e0002eb002292b2a4f8c024b4f8e4099842f9
:10932e00dbd284f8c264e0e784f8c264a4f8e619dc
:10933e00dbe7b4f8c0044200a4f8c024013b84f873
:06934e00c234c00b70bd2b
:020000040000fa
:020000040c02ec
:1093540030b585b004460d46036d1b6e02a99847cf
:109364006b690093ab6901932146284609f082fc9e
:10937400694602a806f06cf918b994f85530012b27
:1093840004d094f85430012b02d013b305b030bd8f
:1093940002a9206c05f01ff802a9204608f0d0fcb1
:1093a400694602a806f054f90028efd1002384f896
:1093b4005430e36e1bb9e26d236e9a4205d0236ddf
:1093c400d3f8dc3020469847e0e7238b002bddd030
:1093d400f5e702a9206c04f0feff02a9204608f07c
:1093e400affc694602a806f033f90128ced1012367
:1093f40084f85430e36e1bb9e26d236e9a4205d0b3
:10940400236dd3f8dc3020469847bfe7238b002b2d
:04941400bcd0f5e7ec
:020000040000fa
:020000040c02ec
:10941800f0b58fb004460d46174600260c960d96fb
:10942800036d1b6e0aa998472e806e80a06d18b137
:109438000368db6b0ca9984794f85430002b40d094
:10944800e36d23b15b69ab80e36d9b69eb802a68b0
:109458006b683a607b60b4f86830089394f82330fe
:10946800079394f82230069394f82130059394f8e2
:109478002030049394f864300393e37e0293a37e30
:1094880001930b9b00930a9b0eaa12e9060028463b
:10949800fbf780ff94f854303bb1e36e2a881344fd
:1094a8002b80e36e6a8813446b802b463a460aa9e0
:1094b8002846fff763fc2946204608f03ffc0fb01a
:1094c800f0bd236e002bc2d05b69ab80236e9b6915
:0494d800eb80bce782
:020000040000fa
:020000040c02ec
:1094dc002de9f04786b0064609f0fafb824609f002
:1094ec00f7fbd0f8e842013c26d40af5387a274f2e
:1094fc002146504608f03efc8046f568d6f81090a0
:10950c0001940023029303930493059309f062fbe7
:10951c00836801a915209847029bfb61039a3a6264
:10952c00ed1aa9eb02094a462946404601f0bbfa5e
:10953c00804658b9013cdbd5002005f057f80020d7
:10954c0020e0002005f052f800201be009f0c0fae2
:10955c00012817d0f560c6f81090d8f80030d3f871
:10956c0014313146404698477378012b04d0d8f813
:10957c004080b8f1000ff0d170680028e1d005f000
:10958c0035f8002006b0bde8f08700bf4c0c072072
:020000040000fa
:020000040c02ec
:10959c002de9f04389b00023adf80430adf8063066
:1095ac0013600b68002b4bdb4b68002b4bdb91469d
:1095bc00884605460368db69984707462b685b6855
:1095cc00284698470646002f40d000283ed000245d
:1095dc001ce003aa0146304601f051ffbdf81230e1
:1095ec00adf80830bdf81030adf80a30414601a88e
:1095fc0006f02af801281ad0bdf80430bdf8122064
:10960c001344adf804300134a74214d92b689b697c
:10961c002146284698470a28dbd10023adf80430b0
:10962c00bdf80630b28a1344adf80630ebe7c9f842
:10963c000040002001e04ff0ff3009b0bde8f0839e
:10964c004ff0ff30f9e74ff0ff30f6e70020f4e77a
:020000040000fa
:020000040c02ec
:10965c00f8b52d494c6ad1e90623561c43f1000795
:10966c00c1e90667002c4dd091f82030013381f808
:10967c002030a36823b1a368013ba3604c6afcb102
:10968c00a368ebb9012500271f4e0ae0e06906f03c
:10969c00e1fae3680bb120699847746a84b1a36856
:1096ac0073b925756575a37813b9e368002bedd1f3
:1096bc00204605f03df9a378002bead16770e8e766
:1096cc00124d00242e4603e001342035052c13d016
:1096dc0006eb44135b7d002bf6d006eb4413002203
:1096ec005a75ab78012befd16b6806eb44118b608c
:1096fc00284601f08bffe7e7034a92f82030013b44
:10970c0082f82030f8bd00bfa00a07208808072087
:020000040000fa
:020000040c02ec
:10971c002de9f04182b00446884617461e46089d46
:10972c00b0f90620b0f9021000954346013a013118
:10973c00b0f9000001f0d7f8b4f9042000954346c5
:10974c00013ab4f90210b4f9000001f062f9b4f96d
:10975c000620b4f90000b4f90430184400953b46d7
:10976c00013ab4f90210013801f0bdf8b4f9062041
:10977c00b4f90210b4f90000b4f90430184400959f
:10978c003346023a0131023801f0adf8b4f9021057
:10979c00b4f90630194400953b46b4f9042001395c
:1097ac00b4f9000001f035f9b4f90420b4f9021051
:1097bc00b4f906301944b4f9000000953346023a66
:0e97cc000239013001f025f902b0bde8f0814c
:020000040000fa
:020000040c02ec
:0297da007047d6
:020000040000fa
:020000040c02ec
:1097dc002de9f04101284ed800eb40032a4c04eb54
:1097ec0083035b68002b49d017468846064609f070
:1097fc006bfa03683bbb1c2008f0b0f90446002848
:10980c003fd0002343600323037086601e4a71001f
:10981c008b1902eb83039868e060d8682061c4f868
:10982c001480a761c3f80880df60204608f060fb55
:10983c000546b0f1ff3f1ad000252846bde8f0815f
:10984c001b68002bd7d05c682578032df8d1a06855
:10985c00b042f5d1c4f81480a7610b4b720091197a
:10986c0003eb8101c1f80880cf600025e5e72046b5
:10987c0004f01efce1e74ff0ff35dee74ff0ff355b
:0c988c00dbe74ff0ff35d8e74c0c07205d
:020000040000fa
:020000040c02ec
:109898000001000100010001ff00ff00ff00fe00c1
:1098a800fe00fd00fc00fb00fa00f900f800f700dc
:1098b800f600f500f300f200f100ef00ed00ec0017
:1098c800ea00e800e600e400e200e000de00db0079
:1098d800d900d700d400d200cf00cc00ca00c700fe
:1098e800c400c100be00bb00b800b500b200af00a4
:1098f800ab00a800a500a1009e009a009600930066
:109908008f008b008800840080007c007800740041
:1099180070006c006800640060005c005800530030
:109928004f004b00470042003e003a00350031002e
:109938002c00280024001f001b00160012000d0038
:0899480009000400000000bf4b
:020000040000fa
:020000040c02ec
:10995000032953d943682bb1f0b583b00e460446b2
:1099600000273fe0002070475210da8023682b4424
:10997000bdf80620d988521aadf80620bdf802209d
:10998000db881344adf802306946204605f0fef846
:1099900023682b44b3f90410b3f9062002fb01f24b
:1099a000b2421bd96a461868596803c2b3f9062047
:1099b00091b20229d8d8b3f9042052109a802368b2
:1099c0002b44bdf804209988521aadf80420bdf844
:1099d00000209b881344adf80030d5e70137636859
:1099e000bb420ed9fd0023682b44b3f90410b3f930
:1099f000062002fb01f29642d4d3efe74ff0ff308e
:089a00007047002003b0f0bd27
:020000040000fa
:020000040c02ec
:109a0800032953d943682bb1f0b583b00e460446f9
:109a180000273fe00020704752109a8023682b44ab
:109a2800bdf804209988521aadf80420bdf800202a
:109a38009b881344adf800306946204605f0a2f82b
:109a480023682b44b3f90410b3f9062002fb01f292
:109a5800b2421bd96a461868596803c2b3f9042090
:109a680091b20229d8d8b3f906205210da802368b7
:109a78002b44bdf80620d988521aadf80620bdf847
:109a88000220db881344adf80230d5e7013763685c
:109a9800bb420ed9fd0023682b44b3f90410b3f977
:109aa800062002fb01f29642d4d3efe74ff0ff30d5
:089ab8007047002003b0f0bd6f
:020000040000fa
:020000040c02ec
:109ac00030b585b0044603680122c3f890200368ce
:109ad0009a6cb3f918000028b8bf0130d96ca1eb1b
:109ae00060010291b3f91a100029b8bf0131c2eb2d
:109af000610203921e4a02a901915b6b00930cca9a
:109b000003c901f0cbff039a5342039321680b680a
:109b10005b69002bb8bf01335b10013b0298034423
:109b20000293086880690028b8bf0130d24302eb75
:109b300060020392002b14db08684569ab4210da1f
:109b4000002a0edb806990420bdd0b6523685a65a5
:109b500023681a685269586d196d00fb02129a65e4
:109b600003e04ff0ff33c1f8ec30002005b030bd0a
:049b7000580b072067
:020000040000fa
:020000040c02ec
:109b74002de9f04182b00546284e0de002232377fb
:109b8400eb685b682269e1686088984741e0224697
:109b94003946284604f067ffac6a002c3bd0237f8b
:109ba400012b38d1a369c3f30722c2eb021206ebdf
:109bb4008202dbb203eb4303d76907ebc3076a698d
:109bc4007b699a4207d0eb685b69002107f11400b6
:109bd40098477b696b61237d022bcfd0042b0ed178
:109be40002232377d4f804c02269e1686088a3685b
:109bf4000093eb68d3f808806346c04709e0012b63
:109c040009d102232377eb681b68a2686168608826
:109c140098470028bbd002b0bde8f081d0090720e6
:020000040000fa
:020000040c02ec
:109c240070b5012843d8284a40f6e42303fb0023f7
:109c34009a68002a3ed0244c40f6e42303fb0043f8
:109c4400db68002b39d00e46054640f6e42303fbbf
:109c540000435869b0f1ff3f1bd040f6e4241a4b8f
:109c640004fb05342246194906f028fb16f0080fb8
:109c740001d00122e271144a40f6e42303fb05f308
:109c8400d1180120d0548b79d3b901238b7120468c
:109c940070bd03210020904704460b4a40f6e4239c
:109ca40003fb05235861b0f1ff3ff0d0d5e74ff037
:109cb400ff34ece74ff0ff34e9e74ff0ff34e6e719
:109cc4004ff0ff34e3e700bf040002203f68020cba
:020000040000fa
:020000040c02ec
:109cd4002de9f04106460d4690461f4606f04afa25
:109ce400002841d0224b93f90030022b06d04ff0cc
:109cf400ff3407f02bfd2046bde8f081002d30d065
:109d0400b5422ed31b4b1b7853b101241a4b1a783e
:109d140042b120330134052cf9d14ff0ff34e8e788
:109d24000024144b01221a7000225a701a755a75b5
:109d34009df818209a705d60c3f80c801f61ad1bfc
:109d44009d600e4a1288a4b244ea0244dc61531caa
:109d54009bb24ff6ff72934208bf0123074a138058
:109d6400c7e74ff0ff34c4e74ff0ff34c3e700bf49
:109d7400a00a072088080720a80807208e0e0720bd
:020000040000fa
:020000040c02ec
:109d84000023137053709370d37088424cd00b1a15
:109d9400b3f5877f26dc431a13f5877f22db10b4e3
:109da40059288cbf002301231370a0f15a04592ca5
:109db4008cbf002301235370a0f1b403592b8cbf33
:109dc400002301239370a0f58773592b8cbf0023c4
:109dd4000123d37059280bd9592c1cd99378012b02
:109de40016d10fe00123137053709370d370704732
:109df4005929d4bf002301235370b329d4bf0023ae
:109e040001239370b1f5877fb4bf00210121d17084
:109e14005df8044b7047b329d4bf0023012393702a
:0a9e24005378012beed0d9e7704708
:020000040000fa
:020000040c02ec
:109e2e002de9f04184b006460f4614461d46ddf876
:109e3e002880adf80800adf80a105388013badf844
:109e4e000c309388013badf80e3002a808f07bfa77
:109e5e00012837d008f06bfa35b10a2814bf00205c
:109e6e000120002818bf0125b4f90420cdf8008088
:109e7e002b46013a3946304600f034fdb4f9042041
:109e8e00b4f902003044cdf800802b46013a394631
:109e9e00013800f027fdb4f90220cdf800802b46e2
:109eae00013a3946304600f0b3fdb4f90220b4f958
:109ebe0004103944cdf800802b46013a0139304662
:0a9ece0000f0a6fd04b0bde8f0812d
:020000040000fa
:020000040c02ec
:109ed8002de9f84f05468946174606f081ff0646e4
:109ee80000283ed0037b002b3dd0036803f110020d
:109ef800d9f80040a4f110031344bb4235d307f14d
:109f08001008a7eb040be41b04f110033268134498
:109f18002f2b2dd905f1180a3146504607f03bff83
:109f280006eb0b0133681c4400234b608b60cb604d
:109f380046f80b4001230b73504605f08ff9ab68c8
:109f4800d9f800209b1a103bab60c9f80070ab68c9
:109f58004344ab60ea6893420dd9eb600020bde84a
:109f6800f88f0022c4e70022c2e74ff0ff30f6e77f
:0a9f78004ff0ff30f3e70020f1e79f
:020000040000fa
:020000040c02ec
:029f8200704726
:020000040000fa
:020000040c02ec
:109f84002de9f04387b0804603f0bcf9254bd3f8a4
:109f9400e83243b300263446224f07f53879019658
:109fa400029403940494059408f018fe836801a9ac
:109fb400152098473146484607f0e0fe0546029bc7
:109fc4004365039b836503685b6922462146984782
:109fd4002b68db6a059a0499284698470136d7f816
:109fe400e832b342dbd808f077fd012813d00d4bdb
:109ff400d3f8e8327bb100240a4d05f538762146c2
:10a00400304607f0bbfe414606f06fff0134d5f839
:10a01400e8329c42f3d3f6f7bdfc002007b0bde85c
:08a02400f08300bf28010720b2
:020000040000fa
:020000040c02ec
:10a02c0038b504461f4d20220021284608f0fcfbc1
:10a03c001d4b2268127c52019a58aa612268127c2c
:10a04c0003eb42131b7aeb612c602268137c073bf9
:10a05c00dbb2022b15d8137b4bb9144aea601149b9
:10a06c00134b4b60204606f00ffc002038bda37a42
:10a07c001bb90c4b0f4ada60f1e70a4b0e4ada6057
:10a08c00ede7137b1bb9074b0c4ada60e7e7a37ac1
:10a09c001bb9044b0a4ada60e1e7024b094ada6061
:10a0ac00dde700bfa00c07209861020c891a030c95
:10a0bc00adec020cc1e7020c6de0020cc515030cf3
:08a0cc00e909030cc904030caf
:020000040000fa
:020000040c02ec
:10a0d4008369002b4ed070b521f0030104310024b4
:10a0e40002e01c469b684bb11a689142fad8002cd6
:10a0f400f7d02568aa4238bf1c46f3e7002c37d0b6
:10a104000546202938bf20210e46204606f0faffd6
:10a1140001281ad0237ba3b1214605f1180007f0ca
:10a124003cfe214605f1140005f09af80023237340
:10a13400ab68103322681344ab60ea68934288bf6b
:10a14400eb6004f11003184670bd23689b1be1d03b
:10a1540026601036a11900224a608a60ca60103b4a
:10a16400a35101230b7305f1180005f079f8d1e729
:08a174002346e8e71846704796
:020000040000fa
:020000040c02ec
:10a17c0000230b604b60436d002b49d070b58cb045
:10a18c0016460d4604461a68d26b184690472a6844
:10a19c006b6832607360606d03685b68984731462a
:10a1ac0007f00cfd236d1b6e0aa920469847194a2f
:10a1bc000023089394f82310079194f82210069129
:10a1cc0094f82110059194f8201004910393e37ee8
:10a1dc000293a37e01930b9b00930a9b06ca304605
:10a1ec00f9f7dcfcb6f900302b80b6f902306b8045
:10a1fc0032460aa9304602f0d5fd2a460aa928465d
:10a20c0002f0d0fd3146204607f096fd0cb070bd33
:08a21c00704700bf180d072078
:020000040000fa
:020000040c02ec
:10a2240051ea02034ad070b582b015460e46044680
:10a234006b46024652f80a0f516803c3694620462a
:10a2440007f07efd2368d3f82c31694620469847f1
:10a25400b4f90e101b4a5160b4f9103093603144c4
:10a2640009b2e1815a1912b22282002920dd002aa2
:10a2740021dd1449b4f90e30cb60b4f910300b6110
:10a284002368d3f81431204698476b46224652f887
:10a294000a0f516803c36946204607f051fd23683d
:10a2a400d3f82c31694620469847002002b070bd8f
:10a2b4000123e381dbe701232382dae74ff0ff3058
:08a2c400704700bf1cab07202e
:020000040000fa
:020000040c02ec
:10a2cc002de9f84f05468946164698460a9f9b4647
:10a2dc0003780a2b2bd05b01214ad35803fb08fbd4
:10a2ec00b8f1000f0add88440c460b9b3246214620
:10a2fc00284603f073f90134a045f6d1324649469d
:10a30c00284606f0abfe8046012f0ddd741c3e4442
:10a31c0022464946284606f0a1fe5a46414607f019
:10a32c00fffe0134a642f3d10020bde8f88f002fc8
:10a33c00fadd07eb020a02e00136b245f4d0bbf1bc
:10a34c00000ff9dd08eb09074c460b9b3246214602
:10a35c00284603f043f90134bc42f6d1ece700bfc8
:04a36c009861020ce6
:020000040000fa
:020000040c02ec
:10a37000002849d02de9f04705464368012b46dd0a
:10a380004ff0080c002713e00133296801ebc302ea
:10a3900021f83360a2f80290a2f80480a2f806e047
:10a3a0007a1c0cf1080c02376b68bb4229dd17469a
:10a3b0002a6802eb0c0332f90c60b3f90290b3f98e
:10a3c0000480b3f906e03b46002fdddb02ebc7005b
:10a3d00032f93710b142d7dd61465418d0f800a0e9
:10a3e000406842f801a06060013bb3f1ff3fcbd071
:10a3f0002a6802ebc300083932f93340b442ecdc7e
:10a40000c2e70020bde8f0874ff0ff307047002022
:02a41000f8e76b
:020000040000fa
:020000040c02ec
:02a41200704791
:020000040000fa
:020000040c02ec
:10a4140030b583b00024184b1c60184d184b0093c2
:10a42400184b022229681848006800f01bfc174bdf
:10a434001a68174b1968174b1b681344013b0b44ec
:10a4440015480360154b1b681548006803441548fc
:10a4540003800a442b681a44134b1a60134b2022be
:10a46400c3f8182207f0d4ff08f0c4f9012007f05c
:10a474003ffe204603b030bdfc0d07207cab072017
:10a48400e0110620e01502206cab072070ab07201a
:10a4940074ab072078ab0720d415022068ab0720e3
:10a4a40060ab0720d0150220080e0720000084446a
:020000040000fa
:020000040c02ec
:10a4b400002848d02de9f04705464368012b45ddc7
:10a4c4004ff0080c002712e00133296801ebc302a6
:10a4d40021f833905680a2f80480a2f806e07a1c92
:10a4e4000cf1080c02376b68bb4229dd17462a6859
:10a4f40002eb0c0332f90c90b3f90260b3f9048057
:10a50400b3f906e03b46002fdedb02ebc701b1f9ed
:10a514000200b042d8dd60461418d1f800a04968a2
:10a5240042f800a06160013bb3f1ff3fccd02a6840
:10a5340002ebc3010838b1f90240b442ecdcc3e7d2
:10a544000020bde8f0874ff0ff3070470020f8e7a7
:020000040000fa
:020000040c02ec
:10a554002de9f0418cb004460e4617469846002378
:10a564000793adf82830adf82a304369adf82c30a4
:10a574008369adf82e300aa803f0aefc68b308aacc
:10a5840031460aa802f012fcbdf92430002b27dd65
:10a59400bdf92630002b26dda368254615f8102fbb
:10a5a400052a0cbf0622022208210291019200937f
:10a5b400636805aa06a907a805f0e5f900962b46e5
:10a5c400424639461498103000f046f9079803f0d3
:10a5d40073fd00200cb0bde8f0814ff0ff30f9e7c7
:0ca5e4004ff0ff30f6e74ff0ff30f3e7d8
:020000040000fa
:020000040c02ec
:10a5f00010b50446c37f052b33d8dfe803f00332e0
:10a600000d262c2e1c4bff221a60036d9b6b984766
:10a6100001280bd0237e83b994f8543093b1e36db5
:10a620009bb10323e377154ba3621ae0236d5b6ca8
:10a6300020469847104b1860ece70223e377104b55
:10a64000a3620ee0236e002bebd1a06d18b103685e
:10a650001b6a984730b1637e4bb90123e37700232f
:10a66000a36210bd0423e377064ba362f9e7064b10
:10a67000a3620523e377f4e7400e072055f7020ca9
:0ca680003ded020ca1c4020c15f7020c09
:020000040000fa
:020000040c02ec
:10a68c0010b5204b1b680021186808f0e7f91e4b29
:10a69c001b680021186808f0e1f9faf7c7fcfbf712
:10a6ac00f3f803f0a5fd06f0b5fd02f043fc07f04e
:10a6bc00e5fa04f061fb02f061fd05f0b5ff00f076
:10a6cc0015fb03f00dfe03f0e3fd04f00bf90f494d
:10a6dc00002002f0c9f80e4c2060fff795fe0d49e2
:10a6ec00002001f0bffda0600b49002002f076fdb8
:10a6fc00606006f04bfa02f087fb08f029fafdf7d0
:10a70c0023f910bd78a80720ecaa07206820030cb9
:0ca71c00f8120620a020030c242d030cd2
:020000040000fa
:020000040c02ec
:10a728002de9f04705460e4617461c46ddf82090f1
:10a738000a9aff21002008f0b8f9fe2807d94c45ed
:10a7480039da013c2c44a846013d4d442ee0ff2156
:10a7580006f0d8fa80464c452dda013c2c44aa462e
:10a76800013d4d4414e0ff2106f0ccfa0146404675
:10a7780004f0c0f9ff2104f0bdf906eb040c034610
:10a78800099a3946aceb0a0005f0cefeac4212d06d
:10a7980014f8010f0028f9d0e5e73019099a39466d
:10a7a800a0eb080005f0c0feac4204d014f8013f4d
:0aa7b800002bf9d0f1e7bde8f087af
:020000040000fa
:020000040c02ec
:10a7c2002de9f04188b005460c4616460023136079
:10a7d20053600368db69984780462b685b682846ac
:10a7e2009847b8f1000f2fd0074600282cd02b68cd
:10a7f2001b6c28469847a04229d9fb6953b32b68a2
:10a80200d3f8488001ab02aa21462846c047029ce1
:10a81200019b9c4212d22b689b692146284698478d
:10a8220003aa0146384600f02ffeb388bdf8122075
:10a832001344b3800134019ba342ecd8bb8af3805a
:10a84200002008b0bde8f0814ff0ff30f9e74ff08b
:0aa85200ff30f6e74ff0ff30f3e7a8
:020000040000fa
:020000040c02ec
:10a85c002de9f04784b007468a4691461d460c9e6a
:10a86c000023adf80830adf80a306b68adf80c3049
:10a87c00ab68adf80e306a46314602a802f092fa87
:10a88c00bdf90630002b2add4ff0000807e008f177
:10a89c00010809f10109bdf9063043451fddbdf979
:10a8ac000430002bf3dd0024b6f90220b6f90010b9
:10a8bc0042442144284607f041f80246397828786a
:10a8cc0007f0fafa03464a4604eb0a01384602f04e
:10a8dc0085fe0134bdf90430a342e5dcd7e7002046
:06a8ec0004b0bde8f08796
:020000040000fa
:020000040c02ec
:10a8f200f0b589b014461d46adf81000adf812103f
:10a902000123adf81430adf8162004a807f021fd9c
:10a91200012833d006a904a808f05df8bdf9187023
:10a922000e9aff21002008f0c3f8064618b900234a
:10a93200184609b0f0bd0290019506ab009323467c
:10a942000122bdf91210bdf91000fcf7d6fe034634
:10a952000028edd0bdf91e30002b12dd0024bdf918
:10a962001a1033462a462144384605f0e0fd0134e8
:10a97200bdf91e30a342f2dc0023d9e74ff0ff33ca
:06a98200d6e70023d4e734
:020000040000fa
:020000040c02ec
:10a988002de9f04387b00546894616460023136033
:10a9980053600368db69984707462b685b6828465d
:10a9a8009847002818bf002f2fd080464f452cd934
:10a9b800c3696bb300240fe001aa0146404600f0ca
:10a9c80060fdbdf80a30b380b8f81430f380002079
:10a9d80018e00134a74213d92b689b692146284601
:10a9e80098470a28f5d0a145e6d001aa0146404675
:10a9f80000f047fd3388bdf80a2013443380e8e7a8
:10aa08004ff0ff3007b0bde8f0834ff0ff30f9e7b3
:06aa18004ff0ff30f6e7ed
:020000040000fa
:020000040c02ec
:10aa1e00f0b589b014461d46adf81000adf8121011
:10aa2e00adf814200123adf8163004a807f08bfc06
:10aa3e00012832d006a904a807f0c7ffbdf91a7085
:10aa4e000e9aff21002008f02df8064618b90023b3
:10aa5e00184609b0f0bdbdf910000296019506ab7f
:10aa6e000093012322460146fcf741fe03460028cf
:10aa7e00eed0bdf91c30002b12dd0024bdf91800fc
:10aa8e0033462a463946204405f04bfd0134bdf9c4
:10aa9e001c30a342f2dc0023dae74ff0ff33d7e796
:04aaae000023d5e7c5
:020000040000fa
:020000040c02ec
:10aab2002de9f04383b000910192836c002b3ed0cc
:10aac20090460f4605468146002403e00134ab6cf4
:10aad200a34225d9214605f1440007f0d0fe0646df
:10aae200436913f0010ff1d013f0020feed0694663
:10aaf2000a3004f0aefd0128e8d1b6f90c20b6f90f
:10ab02000a10a8eb0202791a3046fff7d1ff00289b
:10ab1200dcd0436903f02003002b08bf8146d5e750
:10ab2200b9f1000f07d0d9f81430c3f34013002b4a
:10ab320018bf4ff00009484603b0bde8f0838146d4
:02ab4200f1e739
:020000040000fa
:020000040c02ec
:10ab440002780b789a422fd142684b689a422dd1f1
:10ab540003690a6993422bd15bb142694b699a42fa
:10ab640028d182698b699a4226d1c269cb699a42fb
:10ab740024d170b4c568cb689d4221d1ad0022d0e8
:10ab840083688a681878117888421ed11e465c1c36
:10ab9400587812f8011f884219d10233991b2346b1
:10aba400a942f4d101200ce0002070470020704736
:10abb4000020704700207047002070470020704735
:10abc400002070bc70470120fbe70020f9e700205b
:02abd400f7e7a1
:020000040000fa
:020000040c02ec
:10abd60070b58569036b43b990f83530012b01d008
:10abe60000260be0002380f8353004462e783eb16f
:10abf600b5f9040004f021fc84f83a00304670bd33
:10ac060008f091f806466868b0f1ff3f10d1a868d1
:10ac1600b0f1ff3f12d1e868b0f1ff3f14d12869c7
:10ac2600b0f1ff3f16d1304608f081f80126e5e77e
:10ac360000b204f002fc84f83600e8e700b204f043
:10ac4600fcfb84f83700e6e700b204f0f6fb84f874
:10ac56003800e4e700b204f0f0fb84f83900e2e7dc
:020000040000fa
:020000040c02ec
:02ac6600704735
:020000040000fa
:020000040c02ec
:10ac680010b4019c002c3dd06060a16001fb00f194
:10ac7800e1600020e0612270d01f032829d8dfe8b6
:10ac880000f0021726020a460029b8bfca1dd210d2
:10ac9800484201f0070100f0070058bf414200296f
:10aca800c8bf01322261636100205df8044b704720
:10acb8000a460029b8bf4a1c5210002901f00101b8
:10acc800b8bf49420029c8bf01322261ebe72161c0
:10acd800e9e7064800eb42125268d20801fb02f18c
:10ace8002161e0e74ff0ff30dfe700bf3860020c7a
:020000040000fa
:020000040c02ec
:10acf8004ff08942137843f001031370536813f03f
:10ad0800010ffbd14ff089411b4bcb6100220a6236
:10ad180006230b63802088604a630b61174b10225f
:10ad28001a7201201875022083f8200083f82c205d
:10ad380083f8382083f8442083f85020072083f8cc
:10ad48005c0083f8682083f8742083f8802083f8f7
:10ad58008c2083f8982083f8a42083f8b02083f807
:10ad6800bc200b7843f002030b700a46536813f0bb
:10ad7800020ffbd1704700bf90090020c8070720c9
:020000040000fa
:020000040c02ec
:10ad88002de9f04782b09c46ddf828800023019326
:10ad98000093037890f8019003eb090edcf800406b
:10ada80004fb0e04d8f800708f422cd20234e61847
:10adb8000de001980744974215d8dcf800000130ef
:10adc800ccf80000c8f8007076448f421dd2f01a03
:10add8008246002bedd001ac10f8015b04f8015b52
:10ade800b042f9d1e5e7b9f1000f08d053446a46fb
:10adf8004e4413f8011b02f8011bb342f9d1009825
:0eae080002b0bde8f0870020fae70020f8e76e
:020000040000fa
:020000040c02ec
:10ae160038b50446012918d0002380f85430436f12
:10ae260003b19847e36d2bb3256eed1a18bf0125c4
:10ae3600627e022a2ed0e26e2ab3ebb1236dd3f8de
:10ae4600dc3020469847002038bd90f85430022b5d
:10ae56001dd0036f03b1984794f85530012b05d0e8
:10ae6600636f002bded020469847dbe7022384f889
:10ae76005430d7e70025dbe7a06d20b103681b6ad5
:10ae860098470028dad0002dd8d10020dce74ff013
:0eae9600ff30d9e7e26e002ad0d00125cde7cb
:020000040000fa
:020000040c02ec
:10aea4000138142837d8dfe800f00b0f1336363694
:10aeb40036362d3236361b1f3636363636362200b7
:10aec40002230b700020704701230b6000207047a1
:10aed400124b1b680b60124b1b684b6000207047c1
:10aee40001230b6000207047002008607047002099
:10aef4000860486088604ff4f073cb604ff4887347
:10af04000b617047074b1b680b6000207047064bb2
:10af14000b60002070474ff0ff3070476cab072088
:0caf24007cab0720000e0720e011062087
:020000040000fa
:020000040c02ec
:10af300010b4019c002c3bd06060a16001fb00f1cb
:10af4000e1602270d01f032829d8dfe800f0021743
:10af500026020a460029b8bfca1dd210484201f095
:10af6000070100f0070058bf41420029c8bf013265
:10af70002261636100205df8044b70470a46002996
:10af8000b8bf4a1c5210002901f00101b8bf494264
:10af90000029c8bf01322261ebe72161e9e70648d9
:10afa00000eb42125268d20801fb02f12161e0e796
:0cafb0004ff0ff30dfe700bf9861020c9b
:020000040000fa
:020000040c02ec
:10afbc0070b584b0436913f0020f05d10368d3f860
:10afcc001831984704b070bd04460e4602ab0246d9
:10afdc0052f80a0f516803c3314602a802f078fff9
:10afec00012805d02368d3f8183120469847e9e7a3
:10affc002368d3f82031022120469847a36c002bfc
:10b00c00e0d000256a46314602a801f0cbfebdf81f
:10b01c00003062899b1aadf80030bdf80230a2896d
:10b02c009b1aadf80230636c694653f82500fff7a4
:0cb03c00bfff0135a36cab42e4d8c3e7b2
:020000040000fa
:020000040c02ec
:10b04800f0b58bb004460f460023089307f042fe84
:10b05800066807f03ffe66b345682a46a169304690
:10b0680004f0a0fd40b3a3690293039502a93046fa
:10b0780004f085feb0f1ff3f20d0069a0ab3002500
:10b088002c46307d08ab009309ab0599214406f0a6
:10b09800cbffb0f1ff3f16d0089b1c44af4205d050
:10b0a8000135069aa242ecd8002003e0bdf824003e
:10b0b80000e000200bb0f0bd0020fbe74ff6ff706a
:0cb0c800f8e70020f6e74ff6ff70f3e712
:020000040000fa
:020000040c02ec
:10b0d40000283dd02de9f04182b006464368012b9b
:10b0e40039dd00274ff001080ee00135326802eb2c
:10b0f400c5046b4603cb42f83500616008f10108d2
:10b104000137736843451fdd32686b4602ebc802a2
:10b114001068516803c33d46002fe6dbfc0031682c
:10b124002144684604f011fa0128ded1336823442f
:10b134001a4652f8080b596898605160013d083c62
:10b14400b5f1ff3febd1d0e7002002b0bde8f081bc
:0ab154004ff0ff3070470020f7e7ce
:020000040000fa
:020000040c02ec
:10b15e002de9ff41836946690093f61acde9016135
:10b16e0004461746039216444ff002086d464246b7
:10b17e002946206805f05cffb04209d1d4e90232bd
:10b18e00c4e905331a44a262384604b0bde8f08122
:10b19e0000280dda6268002342f01002b8f1020fa7
:10b1ae00a362c4e90533626015d06b68ff1aebe742
:10b1be006b68984288bf0835a6eb000688bfc01a98
:10b1ce002b6803442b606b68a3eb000088bf08f16b
:0ab1de00ff386860cbe71f46d6e794
:020000040000fa
:020000040c02ec
:10b1e8000b7890f85c229b1a023b3cd470b54c78e3
:10b1f800ce788a7842ea06264d790a7942ea05220b
:10b2080014f0800f0cd1054604f00f04042c1bd059
:10b21800052c1ed0012c21d0012385f82e3270bdbb
:10b22800c4f3021101390529f9d801a555f821f00f
:10b238000fb2020c0fb2020c27b2020c0fb2020cb2
:10b248000fb2020c0fb2020c314698b205f008faa0
:10b25800e2e7314698b205f01dfadde7314698b2cb
:08b2680005f032fad8e7704747
:020000040000fa
:020000040c02ec
:10b2700070b582b004460d461646b0f90e308b42ca
:10b2800030d0002d08bf0125002e08bf01262368fd
:10b290009b6e6946204698472368d3f82c3169464f
:10b2a000204698471349b4f90e304b60b4f910307a
:10b2b0008b602db2e58136b22682cd600e612368a7
:10b2c000d3f814312046984723689b6e6946204680
:10b2d00098472368d3f82c316946204698470020c8
:10b2e00002b070bdb0f910309342cad14ff0ff30b8
:08b2f000f6e700bf1cab0720cc
:020000040000fa
:020000040c02ec
:10b2f80070b4b0f90230b1f90220934208d0b0f925
:10b308000050b1f90040a5421ad0002070bc704727
:10b31800b0f90650b1f90640a542f0d1b0f9005095
:10b32800b1f90060b0f904402c440134b4421ed095
:10b33800b1f9044034440134a542e0d10120e5e7e5
:10b34800b0f90450b1f90440a54201d00020dde76e
:10b35800b0f906001844013090420ad0b1f906004d
:10b3680010440130984214bf00200120cee701208c
:06b37800cce70120cae74a
:020000040000fa
:020000040c02ec
:10b37e002de9f84306460f4690461c46089d0a9a4c
:10b38e00ff21002007f08efbfe2803d9ac4224db00
:10b39e00bde8f8838146ac4209dbf9e74b46099ad2
:10b3ae004146e01905f0bdf80134a542f0d0e21097
:10b3be00634204f0070103f0070358bf594280238c
:10b3ce000b41b25c1a42efd0e8e7099a4146e01908
:10b3de0005f01bfb0134a542dad0e210634204f003
:10b3ee00070103f0070358bf594280230b41b25c9b
:06b3fe001a42efd0e9e75e
:020000040000fa
:020000040c02ec
:10b404002de9f04186b005460f46904618460c9e3d
:10b41400b5f904100b460029b8bf4b1c5b102a88f1
:10b4240001320c460029b8bfcc1c02eba402adf8d3
:10b434001020b5f906100029b8bf03316a8801321b
:10b4440002eba102adf81220adf81430adf81630bd
:10b45400039600240294019000944ff4b4722146a0
:10b4640004a8f7f7c7fd03960294cdf8048000946e
:10b474003b464ff4b47221462846f7f7bbfd2046fd
:06b4840006b0bde8f081f6
:020000040000fa
:020000040c02ec
:10b48a00f0b4c3691f68dfb19c88a14216d00024ba
:10b49a000134a74214d003f118061d8b14338d42d0
:10b4aa00f6d133687468b068f168136054609060cc
:10b4ba00d160336913610020f0bc70471e1df0e7ac
:10b4ca00202911d04ff6ff731380838a5b085380bb
:10b4da00818a9180d38000231381818a51811361eb
:10b4ea00d3814ff0ff30e7e720231380b2f902102f
:10b4fa0000239380d180138153811361d3814ff04c
:04b50a00ff30d9e74e
:020000040000fa
:020000040c02ec
:10b50e002de9f04104460f469046c16b013189008a
:10b51e00006cfaf7d4fc0546e16b01318900606cd2
:10b52e00faf7cdfc06462db320b3e06b431ce36364
:10b53e002564666405eb800006f0bdfe6ff04045a5
:10b54e00e06b2844236c394603eb800004f0a1fc29
:10b55e00e06b2844636c03eb800006f0acfee06bfe
:10b56e000544606c414600eb850004f092fc00201f
:10b57e00bde8f081284602f09afd304602f097fdb4
:04b58e005320f5e76a
:020000040000fa
:020000040c02ec
:10b592002de9f041a1f11004237b012b1fd00f46ae
:10b5a20005468368103b51f8102c9b1a8360214694
:10b5b200143006f0f3fb05f118082146404603f06b
:10b5c20050fe0123237366682eb1326802f1100324
:10b5d20033449c4205d02146284603f064febde870
:10b5e200f08157f8107c103717443146404606f078
:10b5f200d5fb2146404606f0d1fb00237360b360c1
:10b60200f3603760012333733146404603f029fe6d
:04b612003446e0e7f3
:020000040000fa
:020000040c02ec
:02b6160070477b
:020000040000fa
:020000040c02ec
:10b6180000283cd02de9f04186461d4b5a6ad0f8e7
:10b628000880c2b1936844460025984518d3002085
:10b6380000219368c01841f100019369abb1d3f8b8
:10b6480008c010eb0c0641f10007bd4208bfb44228
:10b658000bd31a46ede7c0f808800d4b586214e08a
:10b668000b4b58628261002003e0cef81830c2f814
:10b6780018e0a8eb0000cef80800def8183023b177
:10b68800def808109a68521a9a60bde8f08170478f
:04b69800a00a0720dd
:020000040000fa
:020000040c02ec
:10b69c0080b50020fef7f4ff06f0aafefcf7eaf9ed
:10b6ac0000221649012006f003fd00221449012056
:10b6bc0005f03cfa00221349022005f037fa124c2f
:10b6cc00124f07f01f03124e07f516451d4406f0e6
:10b6dc00f5fa2378002bfad00020207006f0e6ff54
:10b6ec00bff34f8f3b46c6f868322033ea1a002a64
:10b6fc00f9dcbff34f8fbff36f8fe8e70d28030c16
:10b70c009dfc020c592a030c8c0e0720900e07206e
:04b71c0000ed00e05c
:020000040000fa
:020000040c02ec
:10b72000f0b51f4c2568a446002d36d000222946ce
:10b7300016461346d1f800e00f6986450ad132b1aa
:10b74000176101f110031846f0bd3946f2e7ccf855
:10b750000070f6e705d9ebb11c68a6453cbf16465c
:10b760000b460a46002ff0d1002becd019461f697a
:10b7700051f8102b121a102a05d918600844103af3
:10b780000761026007469d420cbfccf8007037612c
:10b790000b46d8e716460b46e3e72b46d3e700bf38
:04b7a000600e072010
:020000040000fa
:020000040c02ec
:10b7a4002de9f04f83b0ddf830a0a3eb020b0023aa
:10b7b4000193baf1000f31d091460f46054600249b
:10b7c400a04625e0e208e34303f0070101238b4090
:10b7d400a95c0b43ab540134b44211d0394601a8df
:10b7e40006f056fd0028edd1e308e14301f007011e
:10b7f400012202fa01f1ea5c22ea0102ea54eae7d0
:10b804003446019b5b44019308f10108c24505d00d
:10b81400b9f1000ff5d009eb0406dfe703b0bde88a
:02b82400f08fa3
:020000040000fa
:020000040c02ec
:10b8260070b5044685692b785bb190f83a10b5f986
:10b83600040006f036fa236b13b9012384f8353079
:10b8460070bd07f070fa06466868b0f1ff3f0fd189
:10b85600a868b0f1ff3f11d1e868b0f1ff3f13d1fe
:10b866002869b0f1ff3f15d1304607f060fae2e7ec
:10b8760094f8361000b206f014fae9e794f8371097
:10b8860000b206f00efae7e794f8381000b206f0b8
:10b8960008fae5e794f8391000b206f002fae3e791
:020000040000fa
:020000040c02ec
:02b8a6007047e9
:020000040000fa
:020000040c02ec
:10b8a80010b50446c37f042b1ad8dfe803f0031948
:10b8b8000d131500164bff221a60036d9b6b9847fa
:10b8c80001280ed0237e9bb9606d18b103681b6aee
:10b8d800984790b1637eabb90123e3770023a36255
:10b8e80010bd236d5b6c20469847094b1860e9e74b
:10b8f8000223e377074ba362f2e70323e377064bc0
:10b90800a362ede7054ba3620423e377e8e700bff2
:10b91800480e07209d23030cc9d0020cd90a030c3a
:020000040000fa
:020000040c02ec
:10b92800914237dcf0b44718013a8618b7421ad268
:10b938007b78405c40ea03203b46751eed1b25f0f2
:10b9480001043c44dff850c0a3420ed0d9789a785d
:10b9580042ea012282ea400010f0807f18bf80eaa4
:10b968000c000233f0e7002003e025f00105023562
:10b978002f44be4203d020f07f40f0bc70473b7894
:10b9880083ea400010f0807ff5d080f4000080f05a
:0cb998001b00f0e7002070471b0080003f
:020000040000fa
:020000040c02ec
:10b9a400f8b51d4b1b786bb301282bd800eb400373
:10b9b400194c04eb83035b68012b26d016460f4613
:10b9c400054600eb400204eb820301225a609960b1
:10b9d400de60142006f0c6f80446c8b100234360b4
:10b9e400012303708560c760066106f085fa054689
:10b9f400b0f1ff3f02d000252846f8bd204602f0f2
:10ba04005bfbf9e74ff0ff35f6e74ff0ff35f3e75f
:0cba14004ff0ff35f0e700bf4c0c07209e
:020000040000fa
:020000040c02ec
:10ba2000b0f90a308b422fd070b582b016460d4661
:10ba3000044603689b6e694698472368d3f82c3107
:10ba40006946204698471449b4f90a304b60b4f966
:10ba50000c308b602db26581a681cd60b4f90c30bd
:10ba60000b612368d3f814312046984723689b6ef6
:10ba70006946204698472368d3f82c31694620460a
:10ba80009847002002b070bdb0f90c309342cbd182
:0cba90004ff0ff30704700bf08ab0720ec
:020000040000fa
:020000040c02ec
:10ba9c002de9f04784b004ac04e90300694681e861
:10baac000c000d9d91461e46029ba3eb0208039fc2
:10babc00bf1b0c9bc3f1000a504603f079fa0446f5
:10bacc00504602f0f1ff00fb08f2002ab8bfff322b
:10badc00121204fb07f3002bb8bfff33a2eb232297
:10baec004a442a6004fb08f3002bb8bfff331b1237
:10bafc0000fb07f7002fb8bfff3703eb27233344b6
:08bb0c006b6004b0bde8f08796
:020000040000fa
:020000040c02ec
:10bb140070b582b0194bd3f8e862194b1b684bb36c
:10bb24006c2006f01ff8044604f00ef9214615486f
:10bb340003f0feff204600f065fe00250095019508
:10bb4400684605f0bbfd6581a581009be381019bef
:10bb540023822368d3f8dc3020469847636943f096
:10bb640038036361022384f8503084f85c50304613
:10bb740002b070bd4ff0ff36f9e700bf280107207f
:08bb8400140e0720080407203d
:020000040000fa
:020000040c02ec
:10bb8c002de9f04782b060b3074651b39946904611
:10bb9c008a46184e002402e001340a2c1cd056f8b8
:10bbac00045b002df8d02d683846a8470128f3d146
:10bbbc00104b53f824305d68b5b10a9b00934b468b
:10bbcc00424651463846a847054680b9094b53f8ba
:10bbdc0024301b6a984700e00025284602b0bde8d7
:10bbec00f0874ff0ff35f8e74ff0ff35f5e700250c
:08bbfc00f3e700bf240c072051
:020000040000fa
:020000040c02ec
:10bc04000100000002000000030000000400000026
:10bc14000500000007000000090000000d000000fe
:10bc24001100000019000000210000003100000094
:10bc3400410000006100000081000000c10000001c
:10bc44000101000081010000010200000103000065
:10bc5400010400000106000001080000010c0000be
:10bc64000110000001180000012000000130000054
:08bc7400014000000160000026
:020000040000fa
:020000040c02ec
:10bc7c0000000000000000000000000000000000b8
:10bc8c0001000000010000000200000002000000a2
:10bc9c00030000000300000004000000040000008a
:10bcac000500000005000000060000000600000072
:10bcbc00070000000700000008000000080000005a
:10bccc0009000000090000000a0000000a00000042
:10bcdc000b0000000b0000000c0000000c0000002a
:08bcec000d0000000d00000036
:020000040000fa
:020000040c02ec
:10bcf40010b50446c37f042b27d8dfe803f00326de
:10bd04000d202200144bff221a60036d9b6b984791
:10bd1400012808d0237e6bb9636d83b10323e377d5
:10bd24000e4ba36211e0236d5b6c204698470a4bcf
:10bd34001860efe70223e377094ba36205e0637e13
:10bd440023b90123e3770023a36210bd054ba3624b
:10bd54000423e377f9e700bf440e07200de1020c4a
:08bd64008523030ca90a030c5e
:020000040000fa
:020000040c02ec
:10bd6c0051ea020332d070b582b016460d46044635
:10bd7c0003689b6e694698472368d3f82c31694653
:10bd8c00204698471349b4f90a304b60b4f90c00bb
:10bd9c00886063892b441bb263813044a081cb60e3
:10bdac00b4f90c300b612368d3f814312046984752
:10bdbc0023689b6e6946204698472368d3f82c313c
:10bdcc00694620469847002002b070bd4ff0ff3006
:08bddc00704700bf08ab07200f
:020000040000fa
:020000040c02ec
:10bde40070b582b004460d461646b0f90620b0f987
:10bdf400021000962b46013a0131b0f90000fef71b
:10be040076fdb4f90620b4f90210b4f90000b4f9cf
:10be14000430184400962b46013a01310138fef7ec
:10be240066fd00962b46b4f90420b4f90210b4f967
:10be34000000fef7f2fdb4f90210b4f9063019441b
:10be440000962b46b4f904200139b4f90000fef73a
:06be5400e4fd02b070bd28
:020000040000fa
:020000040c02ec
:10be5a00f8b5846a05460f46164654b1ab6a6a6954
:10be6a009b1ab3420bd2324639462846fff772f97b
:10be7a00f8bd06f0eefa0028f0d02046f8e7002eca
:10be8a00f1d095f93430002b1bdbdbb23446621e4d
:10be9a00b95c994212d1224639462846fff75af927
:10beaa00a042e5d32744341b22463946686906f086
:10beba0038f96b691c446c613046d9e71446002a8c
:06beca00e5d13446f0e76b
:020000040000fa
:020000040c02ec
:10bed0000300000004000000050000000600000050
:10bee0000700000008000000090000000a00000030
:10bef0000b0000000d0000000f000000110000000a
:10bf000013000000170000001b0000001f000000cd
:10bf1000230000002b000000330000003b00000065
:10bf200043000000530000006300000073000000a5
:10bf300083000000a3000000c3000000e300000035
:04bf400002010000fa
:020000040000fa
:020000040c02ec
:10bf440000000000000000000000000000000000ed
:10bf540000000000000000000000000000000000dd
:10bf640001000000010000000100000001000000c9
:10bf740002000000020000000200000002000000b5
:10bf840003000000030000000300000003000000a1
:10bf9400040000000400000004000000040000008d
:10bfa4000500000005000000050000000500000079
:04bfb4000000000089
:020000040000fa
:020000040c02ec
:10bfb80010b5044603680122c3f890200368c168dd
:10bfc800586a02f097fd23683230154aa2fb002018
:10bfd8004009186523681a685269196d914201d39e
:10bfe800013a1a6523682169986a02f083fd23687b
:10bff80032300b4aa2fb00204009586523681a68b2
:10c008009269596d914201d3013a5a6523681a68b9
:10c018005269586d196d00fb02129a65002010bd17
:04c028001f85eb5134
:020000040000fa
:020000040c02ec
:10c02c000368996cb3f91220914226d270b4dd6c7e
:10c03c00b3f90c2054195c62b3f90e200a449a62cd
:10c04c00b3f914602e44de61b3f916600e441e621f
:10c05c000126c3f890601c655a6500680068406949
:10c06c0000fb02429a65b3f91020013a95420cd2ba
:10c07c003544dd64002070bc70470022c3f8ec200e
:10c08c000122c3f8f020002070470022da6401314d
:04c09c009964efe7cd
:020000040000fa
:020000040c02ec
:10c0a00038b5124de0220021284606f0c3fb104ca3
:10c0b000104ba360104a6261104a2262104ae26289
:10c0c000104aa263104a626462682168284600f040
:10c0d00069ff63690c342035002bf5d14ff4805291
:10c0e0000a490b4804f0b7fd002038bd14060720ac
:10c0f00040a9072040aa062000dd06204092062025
:10c1000000bd062080550620407a062000cd06207e
:04c11000700c072088
:020000040000fa
:020000040c02ec
:10c114001a4b1b68d3f8e8328b4229d970b582b028
:10c124000446084604f0e6fb054600f10a062146eb
:10c13400304601f0d1fef0b16a462146304600f0a7
:10c1440035fe286e0e4b93f82830012b06d969462c
:10c15400183000f093fd002002b070bd084b01229e
:10c1640083f8282069460c3000f088fd0020f3e7ae
:10c174004ff0ff3070474ff0ff30ede7380e0720e7
:04c18400b0120620cf
:020000040000fa
:020000040c02ec
:10c18800232b030c4d20030c7b2d030c812d030c5a
:10c19800872d030c8d2d030c49b0020ce9dd020c30
:10c1a800312b030ce7cc020c932d030c992d030cb7
:10c1b8009f2d030cdb97020c000000007fc5020cca
:10c1c800490a030cc3a7020c31c4020c89a9020c4a
:10c1d8009d95020c5913030c052c030c112c030c10
:10c1e800072b030c152b030c452e030cff21030c06
:04c1f800452e030cc1
:020000040000fa
:020000040c02ec
:10c1fc000368d96ab3f91020914225d270b41d6b33
:10c20c00b3f90a2054195c62b3f90c200a449a62ff
:10c21c00b3f912602e44de61b3f914600e441e6251
:10c22c0001265e675c639a6300680068406900fbe6
:10c23c000242da63b3f90e20013a95420cd235442e
:10c24c001d63002070bc70470022c3f8c02001227f
:10c25c00c3f8c4200020704700221a630131d96250
:02c26c00efe7fa
:020000040000fa
:020000040c02ec
:02c26e00704717
:020000040000fa
:020000040c02ec
:10c27000012830d830b440f6e422184b02fb0032db
:10c28000cb6893600b69d360002393714ff0ff3349
:10c2900053610b8bcbb1013b9bb2104d40f6e424b4
:10c2a00004fb005463844b8b93b1013b99b20b4b5d
:10c2b00040f6e42404fb0033998400215970c3f84c
:10c2c000d41a9970104630bc704740f2df13e4e78f
:10c2d00040f20f11ebe74ff0ff30704704000220ef
:020000040000fa
:020000040c02ec
:10c2e000f8b5012828d800eb4003184c04eb830371
:10c2f0005b6823b317460e46054600eb400204eb8d
:10c30000820300225a60142005f02efc0446c8b1b6
:10c3100000234360022303708560c660076105f057
:10c32000edfd0546b0f1ff3f02d000252846f8bddf
:10c33000204601f0c3fef9e74ff0ff35f6e74ff076
:10c34000ff35f3e74ff0ff35f0e700bf4c0c072057
:020000040000fa
:020000040c02ec
:10c3500038b5184b1b68012b29d00d4604464ff405
:10c360003b720021144806f065fafff799feb0f120
:10c37000ff3f1bd006f06ef9b0f1ff3f16d005f07d
:10c38000cbfdb0f1ff3f11d02946204600f042fb23
:10c39000b0f1ff3f0ad005f085f8084806f06ef9c5
:10c3a000044b01221a60fff7b5fb002038bd4ff0a7
:10c3b000ff30fbe7140e07202801072008040720a0
:020000040000fa
:020000040c02ec
:10c3c00008b52c2200210d4806f034fa0c480d4b1c
:10c3d00003600d4b43600d4b83600d4bc3600d4bf1
:10c3e00003610d4b43610d4b83610d4bc3610d4bdd
:10c3f00003620d4b43620d4b836208bd200507208d
:10c40000a00b0720bd2b030c7137020cfd70020c32
:10c41000ed51020c315a020cf94a020c4135020c62
:10c42000bd3f020cf1d6020cc92b030c11ff020c0c
:020000040000fa
:020000040c02ec
:10c430002de9f04705468946924698460368db6930
:10c44000984728b306462b681b6c284698474845f2
:10c4500021d90024caf80040c8f80040274602e06d
:10c460000134a6420fd02b689b6921462846984785
:10c470000a28f5d1c8f80040b9450fd00137631c30
:10c48000caf80030ece7c8f800400020bde8f087ab
:10c490004ff0ff30fae74ff0ff30f7e70020f5e705
:020000040000fa
:020000040c02ec
:10c4a00030b58db0044608aa0aa9fcf7dcfc94f864
:10c4b00054302bb30821e06a04f03efc0546a36d1e
:10c4c0000193bdf920300293bdf922300393a37e7e
:10c4d0008df810300b21e06a04f02efc0146059027
:10c4e0000a4b1b6806932a46e06a03f085fc079016
:10c4f00001a8f8f743f82046fef77af80db030bdf2
:10c500000021e06a04f018fc0546d8e7400e072039
:020000040000fa
:020000040c02ec
:10c510002de9f84304460d461646b1f90010b0f96e
:10c52000000006f0cffb8146b5f90210b4f9020015
:10c5300006f0c8fb0746b5f90010b5f90420b4f9b8
:10c540000000b4f904301144184406f0bffb8046e3
:10c55000b5f90210b5f90620b4f90200b4f90630b5
:10c560001144184406f0b2fba6f800907780a8ebbf
:0ec570000908a6f80480c01bf080bde8f8831f
:020000040000fa
:020000040c02ec
:10c57e00f0b583b006460d4600230b604b60036892
:10c58e00db69984740b333681b6c304698470746c3
:10c59e0010b300240ee0eb88bdf806201344eb80a8
:10c5ae00bdf90430b5f904209a42b8bfab8001340e
:10c5be00a74211d033685b6c6a46214630469847d5
:10c5ce007b1ea342e7d933685b6830469847eb88f9
:0ec5de00828a1344eb80e3e7002003b0f0bd37
:020000040000fa
:020000040c02ec
:10c5ec002de9f843164b1b68012b23d113785b0103
:10c5fc00144ce358576807fb03f79368ebb11546e7
:10c60c0089468046002422460021284603f086fef7
:10c61c00064609eb040241460b4803f07ffe3a46fe
:10c62c00314605f07dfd0134ab68a342ebd8002008
:10c63c00bde8f8834ff0ff30fae70020f8e700bfc1
:0cc64c00fc0d07203860020ce0110620f5
:020000040000fa
:020000040c02ec
:10c658002de9f84fddf830a08c68002c2cdd9146d0
:10c668000d4606461f46ddf834804ff0000b07e004
:10c678000bf1010b013708f10108ab685b451bddc5
:10c688006b68002bf4dd00243a4609eb04012846c8
:10c6980002f0b2fc736b1a782978c0b205f00efc70
:10c6a800034642460aeb0401706b05f070fd013445
:0cc6b8006b68a342e8dcdbe7bde8f88f0c
:020000040000fa
:020000040c02ec
:10c6c4002de9f84368b3074659b316460d463c2096
:10c6d40005f048fa0446e0b105fb07f87301124a75
:10c6e400d05800fb08f0a06005f03cfa8146606079
:10c6f40090b10023236023736761a561a26822625d
:10c7040026746062c4f81c800822e26223636363b7
:10c71400a3632046bde8f883204601f0cdfc4c46d7
:0cc72400f7e70024f5e700bf9861020c65
:020000040000fa
:020000040c02ec
:10c73000114b1870092802d90a2814d070470f4be2
:10c740000f4a1a600f4a5a600f4a9a600f4ada601d
:10c75000431fdbb2032818bf012b94bf0120002028
:10c760000b4b18707047054b0a4a1a605a600a4a08
:10c770009a60da60704700bf8b0e0720d00a07204e
:10c78000e521030ca18c020c55d9020c2190020c5e
:0cc790008a0e0720bd1d030cc9f9020c25
:020000040000fa
:020000040c02ec
:10c79c0030b58db004460d46036d1b6e0aa9984743
:10c7ac0000232b806b80636d0bb35b69ab80636d77
:10c7bc009b69eb80104a0023089394f8231007918f
:10c7cc0094f82210069194f82110059194f82010f9
:10c7dc0004910393e37e0293a37e01930b9b00933e
:10c7ec000a9b06ca2846f8f7d3fd0db030bd0023ce
:0cc7fc00ab80eb80dee700bf980b07204d
:020000040000fa
:020000040c02ec
:10c8080038b50446184b036006f064fa83685a1c6e
:10c818008260636000252572e56203236361022359
:10c82800a377e5776581a5816423e3812382657712
:10c83800657601232376ff222277a376e376042305
:10c8480084f8203084f8213084f8223084f82330aa
:10c8580025636563a563e563256404f1440005f079
:0cc86800fffe6562a56238bd9874020cea
:020000040000fa
:020000040c02ec
:10c87400002827d138b5164b1b7833bb144c012341
:10c8840084f8343084f8353023700a68e2604869eb
:10c89400a0614868e0618868a06008696062c8684f
:10c8a40020620025a5626560a5702563a3858b6958
:10c8b40023616361936921460648984702236370a4
:10c8c400284638bd4ff0ff3070474ff0ff30f8e78f
:08c8d400d0090720add9020cc8
:020000040000fa
:020000040c02ec
:10c8dc00023904292fd8dfe801f0030c19232300b7
:10c8ec00c3029bb2c0f3c422134300f4fc60184390
:10c8fc007047c3039bb2c0f3c422134300f4f86225
:10c90c001343800200f4784018437047030403f487
:10c91c007f03c0f30742134300f47f401843704772
:10c92c00030a03f47f43020e42ea0062134300023f
:08c93c0000f47f00184370476e
:020000040000fa
:020000040c02ec
:10c94400d8b138b504468368d3b10568ddb16b68e6
:10c9540099420ad02b46186820b142688a4215d001
:10c964000346f8e74ff0ff301de0284603682360d4
:10c9740013e0636000221a600fe04ff0ff3070474d
:10c984004ff0ff300fe04ff0ff300ce08542edd068
:10c9940062688242edd002681a6001f08dfba368e0
:08c9a400013ba360002038bd37
:020000040000fa
:020000040c02ec
:10c9ac0008b5154b00221a605a609a600368da6a5f
:10c9bc0012f0040f01d05a6bbab91b7c032b0cd0ac
:10c9cc00052b0ed0062b13d10b4b0c4a5a600a497f
:10c9dc00086003f059ff002008bd074b084a5a6055
:10c9ec00f5e7054b074a5a60f1e74ff0ff30f3e7e4
:10c9fc004ff0ff30f0e700bf600d072029e7020c75
:08ca0c00f522030c65ec020c9d
:020000040000fa
:020000040c02ec
:10ca140070b582b004460e4606f05ef9144b1860f9
:10ca240048220021134805f003ffa4b12368abb1e9
:10ca34006368b3b1a368bbb10e4d2c606e60002473
:10ca4400019401a902209847019beb6085f82840d6
:10ca5400204602b070bd4ff0ff30fae74ff0ff30d0
:10ca6400f7e74ff0ff30f4e74ff0ff30f1e700bf96
:08ca7400380e0720b012062065
:020000040000fa
:020000040c02ec
:10ca7c00b0f90e308b422bd030b583b00d46044646
:10ca8c0003689b6e694698472368d3f82c31694636
:10ca9c00204698470f49b4f90e304b60b4f910207a
:10caac008a602db2e581cd600a612368d3f8143118
:10cabc002046984723689b6e694620469847236812
:10cacc00d3f82c31694620469847002003b030bd7e
:08cadc00002070471cab07208d
:020000040000fa
:020000040c02ec
:10cae400b0f910308b422bd030b583b00d460446dc
:10caf40003689b6e694698472368d3f82c316946ce
:10cb040020469847b4f90e200e494a60b4f9103013
:10cb14008b602db22582ca600d612368d3f814316d
:10cb24002046984723689b6e6946204698472368a9
:10cb3400d3f82c31694620469847002003b030bd15
:08cb4400002070471cab072024
:020000040000fa
:020000040c02ec
:10cb4c0010b50446037e012b06d0637efbb901238e
:10cb5c00e3770023a36210bd437f13b1437e012b07
:10cb6c000ad90021e06a04f0e1f80d4b1a6801467d
:10cb7c00204603f084fbe8e70021c06a04f0d6f8f5
:10cb8c00074b1a680146204604f076fedde70223c7
:10cb9c00e377044ba362204603f0b0ffdbe700bf52
:08cbac004c0e0720090b030cdd
:020000040000fa
:020000040c02ec
:10cbb400f8b50546836c0bb300242646ef6c57f892
:10cbc400240001f079fa47f824602f6d57f8240007
:10cbd40001f072fa47f824606f6d57f8240001f0f1
:10cbe4006bfa47f82460af6d57f8240001f064fa3b
:10cbf40047f824600134ab6ca342dfd1e86c01f048
:10cc04005bfa286d01f058fa686d01f055faa86dc9
:06cc140001f052faf8bd28
:020000040000fa
:020000040c02ec
:10cc1a002de9f047824689461446104605f09ffce6
:10cc2a0000f10c07d9f8005015eb07081dd206468b
:10cc3a0045451ad84146daf80000f9f742f9c0b179
:10cc4a00caf80000c9f80080daf8001077b1631e4c
:10cc5a00013d294404f10b00304413f8012f01f877
:10cc6a00012f8342f9d1002700e04d273846bde85d
:06cc7a00f0875327fae7e2
:020000040000fa
:020000040c02ec
:10cc8000f8b504460f464368d3b10026f500206886
:10cc90003946284401f0faf8012815d021682944c2
:10cca000384601f0f3f801280fd0216829443846ae
:10ccb00001f014f901280fd001366368b342e5d8ba
:10ccc0003946204601f062fff8bd23685a193868da
:10ccd000796858515160f7e7216829440a46384677
:06cce000fff716fcf0e76f
:020000040000fa
:020000040c02ec
:10cce60059b32de9f0410e4605464369db6998477d
:10ccf60080463368db6930469847804528bf8046c2
:10cd0600b8f1000f1cd0002433689b6921463046d9
:10cd1600984707466b699b6921462846984787428c
:10cd260004d101344445efd100200ae06b699b69c8
:10cd3600214628469847c01b03e04ff0ff30704756
:06cd46000020bde8f081b1
:020000040000fa
:020000040c02ec
:10cd4c0070b501f0e1fb50b105460468c4eb041268
:10cd5c00134b03eb820393f83430012b00d070bdde
:10cd6c000f4b03eb8206002386f834303046fdf778
:10cd7c002cff0028f3d02946304603f0bdfc30468a
:10cd8c00fef74bfd7068013870600020b0704ff0fa
:10cd9c00ff332b616871012386f83430dfe700bf65
:04cdac00d009072083
:020000040000fa
:020000040c02ec
:10cdb000f0b5b0f90060b0f90250b0f90440b0f934
:10cdc0000630b1f90000b04203dd3444241a24b225
:10cdd0000646b1f904c0371900eb0c0e774502dda9
:10cde0007446a41b24b2b1f90200a84203dd2b440f
:10cdf0001b1a1bb20546b1f90670e91800eb070cc7
:10ce0000614502dd63465b1b1bb216805580948032
:04ce1000d380f0bd1e
:020000040000fa
:020000040c02ec
:10ce140000b585b00f491048fff798fa0f4b5a68d0
:10ce240001921a7c8df80820db68039301a90b207a
:10ce3400fef736f803f08efd094b0a4a5a610a4a96
:10ce44009a610a4ada610a4b00221a7005b05df849
:10ce540004fb00bfa80d07208c2b030ca426030c95
:10ce640000120620b728030ca528030c9328030cf2
:04ce7400840e072001
:020000040000fa
:020000040c02ec
:10ce78002de9f84fddf83090ddf838a088680028f3
:10ce880026dd90460d461e460d9f4ff0000b06e02e
:10ce98000bf1010b01360137ab685b4518dd6b6898
:10cea800002bf5dd0024324608eb0401284602f089
:10ceb800a3f8297804f0eefb53460246394609ebfd
:10cec800040002f00ffa01346b68a342ebdcdfe7e1
:04ced800bde8f88f2a
:020000040000fa
:020000040c02ec
:10cedc0010b40368da6cb3f90c1011445962996cf4
:10ceec00b3f90e400c449c620468b4f916400c442f
:10cefc001c620068b0f914001044d861b3f9180032
:10cf0c00824201d20132da64da6c904203d0002002
:10cf1c005df8044b70470022da6401319964b3f96f
:10cf2c001a209142f3d30022c3f8ec200122c3f85b
:04cf3c00f020ece70e
:020000040000fa
:020000040c02ec
:10cf40004ff08c4301221a601a46d369002bfcd1a2
:10cf50004ff08c434ff480725a601a46d369002b0d
:10cf6000fcd14ff08c43ff22da600c4a1a601a465b
:10cf7000d369002bfcd14ff08c4310225a831a4600
:10cf8000d369002bfcd1064b002283f8212083f8c3
:10cf900020204ff08c439b229a7570471604100096
:04cfa000cc0b07208f
:020000040000fa
:020000040c02ec
:10cfa400f8b504460f4616461d462022002105f01a
:10cfb4003ffc06b3042f38bf04276660a760e76010
:10cfc400a561ddb1e56133460022114604e0296024
:10cfd40001326368934208d9013b9342f7d9e3686d
:10cfe4002b442b60e3681d44f2e726610020606156
:10cff40001232370f8bd4ff0ff30fbe74ff0ff3003
:02d00400f8e74b
:020000040000fa
:020000040c02ec
:02d00600704771
:020000040000fa
:020000040c02ec
:10d00800f0b585b00468d4f88c30e26fe16ee06d5d
:10d0180025682d7c0295dff844e0def818700e4d87
:10d0280085fb076cfe17c6eb6c164ff0640c0cfb07
:10d0380016760196def8147085fb0756fd17c5ebca
:10d0480066150cfb1575009502f000fcc4f89800f5
:10d05800002005b0f0bd00bf1f85eb51c00c0720b4
:020000040000fa
:020000040c02ec
:10d06800f0b58db0044605f0bdfd18b3054643681c
:10d078001bb3e368079367680597a6680696207848
:10d0880005f030fe8df810002369089300220b92fa
:10d09800636909938df828200092019202970396fc
:10d0a8006b68694604a89847003018bf01204042c1
:10d0b8000db0f0bd4ff0ff30fae74ff0ff30f7e763
:020000040000fa
:020000040c02ec
:10d0c80070b58cb0044608aa0aa9fdf753f8636d39
:10d0d8000193bdf920300293bdf922300393a37e5a
:10d0e8008df810300b21e06a03f022fe0646059009
:10d0f8000a4b1b680693e56a0021284603f018fed0
:10d1080002463146284602f073fe079001a8f7f759
:10d1180031fa2046fef7c4fb0cb070bd480e07205c
:020000040000fa
:020000040c02ec
:10d1280070b400eb4005144c04eb8504247af4b980
:10d13800114c04eb850401252572104c85002e182e
:10d1480004eb0616b166f266b26f92b242ea034287
:10d15800b267336d43f001033365736d13f47f0fca
:10d1680008d1336d43f480333365012000e000209b
:10d1780070bc70470120fbe7f40c072000008544d1
:020000040000fa
:020000040c02ec
:10d18800144b01221a601a46d369002bfcd1114bab
:10d198004ff480725a601a46d369002bfcd10d4bac
:10d1a800e822da600c4a1a601a46d369002bfcd1cf
:10d1b800084b10225a831a46d369002bfcd1074b1f
:10d1c800002283f8212083f82020024b9b229a75a5
:10d1d800704700bf0040804516041000f80b072078
:020000040000fa
:020000040c02ec
:10d1e80038b521b318bb134c012384f828300b68d9
:10d1f80063604ff40072e260b1f9042022810020dc
:10d208000021c4e906010025656284f820501b68e6
:10d2180029460948984763685b689847a0222946c9
:10d22800064805f003fb02232370204638bd4ff063
:10d23800ff30fbe7a00a07205d96020c880807204c
:020000040000fa
:020000040c02ec
:10d248007fb5c36800911546002b18bf013a0192bb
:10d2580082680446cde902230e4602226946006828
:10d2680003f0d4fe002808dc00f0180383f008025d
:10d2780063681343636005460fe0019a8242fad25d
:10d28800a368e363801ae268184420642ab15a1c30
:10d29800e2632e441b7806f8013c284604b070bdb2
:020000040000fa
:020000040c02ec
:10d2a80037b5154d2b68044673b104f019fd01908c
:10d2b80001a805f0a2f90f30019920f00f0005f040
:10d2c800d5f860b100232b60002c08bf01240f346f
:10d2d80034f00f0405d1094b0c221a60204603b024
:10d2e80030bd042c38bf04242046fef715fa002868
:10d2f800f5d040f8044cf2e784ab07205c0e072019
:020000040000fa
:020000040c02ec
:10d30800154b9b682bb370b5134b1d68fdb11e46ba
:10d3180006e0204603f0d0ff70b1022814d0b5b162
:10d328006c68f3681bb1204698470028f8d02d6830
:10d338002378013b022becd921463046fff7fefa51
:10d34800204600f0b7feeae7034803f0e1fd0020bd
:0cd3580070bd0020704700bf500d072082
:020000040000fa
:020000040c02ec
:10d364002de9f84305464ff0000818e02968c8196c
:10d3740002463144fff7caf82146284604f012fb5e
:10d38400444601346b68a34208d92868e600811931
:10d394003844fdf7afff0128f3d1e7e7c8466b68cf
:10d3a400434508d908f101094b45f7d94feac907a4
:0cd3b400083f4c46e9e70020bde8f88384
:020000040000fa
:020000040c02ec
:10d3c00010b50d4c0021206801f0bcfb206804f072
:10d3d000f1ff00232360094a1360094a1360094ad8
:10d3e0001360094a1360094a1360094a1360094a25
:10d3f0001360094a137010bd200e072090120620fa
:10d40000a012062098120620881206209c120620e0
:0cd410008c12062094120620860e0720c5
:020000040000fa
:020000040c02ec
:10d41c0090f8d631012b27d9f0b44fea530c00f217
:10d42c00564400252e4600f5eb7724f81e6c6684d6
:10d43c00a4f11e0307eb05111a8811f8010f024421
:10d44c00520023f8022f91f82022d88f0244520068
:10d45c00a3f84020a342efd101352034ebb29c4518
:0cd46c00e3d80020f0bc7047002070479f
:020000040000fa
:020000040c02ec
:10d4780010b504460846214605f0fafb94f85530e5
:10d48800012b12d0012384f85430236f0bb12046ae
:10d498009847e36e1bb9e26d236e9a4212d0236d52
:10d4a800d3f8dc302046984710bd94f85430022b4e
:10d4b800efd0012384f85430236f002be9d02046a5
:0cd4c8009847e6e7238b002beed0e8e746
:020000040000fa
:020000040c02ec
:10d4d4000e4a38b5002313600d4a0e4c13600e4af1
:10d4e4000e4d13600e4a13600e4a13600e4a5362c7
:10d4f40013610123936005f0bdfa01f05cfdac42b9
:10d5040000d338bd54f8043b9847f8e7580e072079
:10d514008c0907200c00000c880907201000000c5f
:0cd52400800907208409072090090720d7
:020000040000fa
:020000040c02ec
:10d5300038b50d46044608b9002038bd43689b063f
:10d5400007d5d0e905239a4216d80023c4e905334c
:10d55000a362d4e90f13994204d20122c91a2068a8
:10d5600005f0a0fc0023c4e90f33002de4d02068af
:10d57000bde8384005f037bc0022c36a1146984721
:0cd580006369002be1d14ff0ff30d6e7cb
:020000040000fa
:020000040c02ec
:10d58c0043684bb382688a4226d070b48b420fd961
:10d59c004c1ce4000368013123441a4652f8086914
:10d5ac005d6843f8086c5560083443689942f1d3c0
:10d5bc000139cc000268002322f831300268224481
:10d5cc00538002682244938002682244d3804368cb
:0ad5dc00013b436070bc70477047cc
:020000040000fa
:020000040c02ec
:02d5e60070478c
:020000040000fa
:020000040c02ec
:10d5e80038b505780a2d0fd01c4603f039fd104bcd
:10d5f80003eb45135a68d208013a0e4b53f8223010
:10d6080021469847002038bd446804fb0212d443e1
:10d6180004f00704d2084569012101fa04f0a95c65
:10d6280021ea000103fa04f40c43ac54eae700bf12
:08d638009861020c40ab0720d1
:020000040000fa
:020000040c02ec
:10d6400038b32de9f0410546002712e0214628466f
:10d6500004f0aaf93c4601346b68a34208d9286853
:10d6600000ebc401304401f072ff0128f3d1ede773
:10d6700047466b685a1eba4208d907f1010843456c
:10d68000f6d94feac806083e4446e8e70020bde860
:08d69000f0814ff0ff307047fc
:020000040000fa
:020000040c02ec
:10d6980008b505f01ffa012806d0114b1b68002bae
:10d6a80003da104b1b68bbb108bd0e4b1b6853b1a6
:10d6b8000b4b1b686bb10a4b19680a4a11604ff093
:10d6c800ff321a60ede7fff777fe064b00221a607b
:10d6d800eee7f4f76bf9eee704f036fce4e700bf99
:08d6e800180e07201c0e07209c
:020000040000fa
:020000040c02ec
:10d6f00038b5144b1b7a03b3124c0025d4f8f03024
:10d70000bbb9d4f8ec3004eb8303d3f8ac00436826
:10d710009847b0f1ff3f13d0d4f8ec20531c04eb32
:10d720008202d2f8b020002a08bf2b46c4f8ec30a1
:10d73000e4e702f0edfb002038bd4ff0ff30fbe7df
:08d740000020f9e72005072095
:020000040000fa
:020000040c02ec
:10d7480010b4447804f0fc04dc2c0cd001291ed958
:10d75800022119604178037803eb0123136000204c
:10d768005df8044b704703290ed90421196003782a
:10d77800417841ea03238478c17841ea042101eb26
:10d788008321044b0b44e9e74ff0ff30e8e74ff003
:08d79800ff30e5e70024a0fcce
:020000040000fa
:020000040c02ec
:10d7a00038b5436d8b4221d00d4604466bb103f072
:10d7b000e6fd606d03681b6e002211469847606da0
:10d7c00003685b6e00221146984765655db12b6862
:10d7d0001b6e2246064928469847606d03685b6ebb
:10d7e000224604499847204603f0c9fd002038bd71
:08d7f000a12c030c972c030c83
:020000040000fa
:020000040c02ec
:10d7f80038b5054605f0b4f985421dd005f0b6f9ef
:10d8080085421dd0286c18b103685b6f294698477c
:10d81800ab6c63b16b6c1c682368d3f8103120467d
:10d828009847204600f046fcab6c002bf2d105f17e
:10d83800440004f092fa38bd002000f0d9fedde77c
:08d84800002000f0fbfedde70b
:020000040000fa
:020000040c02ec
:10d8500009b370b50c464b6913f0080f1ed116467c
:10d8600005460146204604f0cff9012819d0206c66
:10d8700018b103685b6f214698472246314605f18f
:10d88000440000f0d1fd25642368d3f8dc30204645
:10d890009847002070bd4ff0ff3070474ff0ff30c9
:08d8a000f8e74ff0ff30f5e757
:020000040000fa
:020000040c02ec
:10d8a800f0b583b0089e002e18bf00291dd0e0b146
:10d8b8001d4614460a884ff6ff739a420bd0036838
:10d8c800b3b947680a690196009523463a44f6f7c2
:10d8d8006dfa03b0f0bdff23009333680a4629466a
:10d8e8002046fcf7a0fa0020f3e74ff0ff30f0e7fe
:06d8f8004ff0ff30ede7e8
:020000040000fa
:020000040c02ec
:10d8fe00f8b507460c4604f000ff3d4626460fce0f
:10d90e000fc596e80f0085e80f00a368cbb14ff462
:10d91e00806004f022f9b86070b1e068800011d028
:10d92e000023a268d15cba68d1540133e268b3eb2c
:10d93e00820ff6d1002005e0e068002818bf5320c2
:06d94e0000e00020f8bd1e
:020000040000fa
:020000040c02ec
:10d95400f0b587b004460d4616461f4602a804f0eb
:10d9640057fbbdf90830e41abdf90a30ed1aadf8d9
:10d974001040adf81250adf81460adf81670ff22e7
:10d984000c9904a8faf74cfe10b9002007b0f0bdba
:10d9940003f070fe0c9b0193009733462a46214600
:06d9a40000f0f2fcf1e7c7
:020000040000fa
:020000040c02ec
:02d9aa007047c4
:020000040000fa
:020000040c02ec
:10d9ac0038b50378ebb190f90130022b19d104464c
:10d9bc00826a9169c1f30723c3eb03130c4800eb94
:10d9cc008300cdb205eb4503c56905ebc3052b6997
:10d9dc00994207d0204604f03bff29462046fcf72d
:10d9ec00c3f838bd2946204601f039f8f5e700bfe9
:04d9fc00d009072027
:020000040000fa
:020000040c02ec
:10da000028b310b582b00446d0f88030ebb1b0f83e
:10da1000c8320f4a13701b0a537000f16803009359
:10da200002234a21406904f08ffb04f1180200230d
:10da3000a3615360137204f16c03009309234a211c
:10da4000606904f006fa0c23637002b010bd7047e1
:04da50001404072093
:020000040000fa
:020000040c02ec
:10da5400f8b5e8b10368d3f8843098470646c8b1ee
:10da64000f4bd3f8e832bbb100240d4d05f53877e0
:10da74002146384604f082f9864207d00134d5f8ad
:10da8400e832a342f4d84ff0ff3000e02046f8bd5e
:10da94000020fce70020fae74ff0ff30f7e700bf73
:04daa400280107202e
:020000040000fa
:020000040c02ec
:10daa80070b584b000b3f9b11d4614460a884ff624
:10dab800ff739a420ed00368cbb946680a69099b7e
:10dac8000293089b0193009523463244faf79cfe83
:10dad80004b070bd099b0093089b0a46294620465e
:10dae800fcf7a1f90020f3e74ff0ff30f0e74ff023
:04daf800ff30ede727
:020000040000fa
:020000040c02ec
:10dafc0038b5134b1b7af3b1114c0025d4f8c43054
:10db0c00abb9d4f8c030203354f82300436898479d
:10db1c00b0f1ff3f12d0d4f8c020531c213254f87e
:10db2c002220002a08bf2b46c4f8c030e6e702f0da
:10db3c0095f9002038bd4ff0ff30fbe70020f9e7e6
:04db4c0000070720a7
:020000040000fa
:020000040c02ec
:10db500008b52c2200210b4804f06cfe0a480b4b40
:10db600003600b4b43600b4b83600023c360036176
:10db700043618361c361084b0362084b4362084bf6
:10db8000836208bd00070720200b0720a52b030c8c
:10db90000189020ce97d020cfdda020cb12b030ca9
:04dba00069fe020c0c
:020000040000fa
:020000040c02ec
:10dba40038b504460d46806d50b103681b6e0022e3
:10dbb40011469847a06d03685b6e00221146984792
:10dbc400a5655db12b681b6e224608492846984717
:10dbd400a06d03685b6e224605499847236dd3f810
:10dbe400dc3020469847002038bd00bf8d2c030c44
:04dbf400832c030c6f
:020000040000fa
:020000040c02ec
:10dbf800f9b138b50c464b6913f0080f1cd105462e
:10dc08000146204603f0fcff012818d0206c18b10b
:10dc180003685b6f21469847214605f1440002f0ee
:10dc2800dffa25642368d3f8dc30204698470020c3
:10dc380038bd4ff0ff3070474ff0ff30f8e74ff036
:04dc4800ff30f5e7cd
:020000040000fa
:020000040c02ec
:10dc4c0070b582b0002b08bf00281bd00646cab1a5
:10dc5c001d4610460c460e4bd9684ff47a720023c1
:10dc6c00a1fb000102f0aaff0095234632460146b3
:10dc7c000020fcf729f80446b0f1ff3f04d001f076
:10dc8c00fbfb01e04ff0ff34204602b070bd00bf3b
:04dc9c00a00a0720b3
:020000040000fa
:020000040c02ec
:10dca000fdeec07ab5eec00af1ee10fa11d4f8ee2e
:10dcb000e77a30ee670ab6ee007ab4eec70af1ee04
:10dcc00010fa03d5b7ee007a77eec77ab0ee670a9e
:10dcd0007047f8eee77a30ee670ab6ee007ab4eef7
:10dce000c70af1ee10faf1d4b7ee007a77ee877a30
:02dcf000ece75f
:020000040000fa
:020000040c02ec
:10dcf200002a18bf002921d030b583b00c46154642
:10dd0200b0b10023adf80030adf802304368adf891
:10dd120004308368adf80630684600f0def850b192
:10dd22002a4621466846fff742f8002003b030bd7c
:10dd32004ff0ff30fae74ff0ff30f7e74ff0ff30d8
:02dd4200704728
:020000040000fa
:020000040c02ec
:10dd440030b585b004460d4603685b6e02a998475a
:10dd5400246cc4b123681b6e69462046984702aa06
:10dd640069461046fff722f8bdf80830628913446b
:10dd7400adf80830bdf80a30a2891344adf80a3072
:10dd8400246c002ce6d102ab03cb2860696005b09b
:02dd940030bda0
:020000040000fa
:020000040c02ec
:10dd96002de9f0410546fdf79af9002712e02146e4
:10dda600284603f0fefd3c4601346b68a34208d9c1
:10ddb600286800ebc401304400f065f80128f3d16f
:10ddc600ede747466b68bb4208d907f101084345b2
:10ddd600f7d94feac806083e4446e9e70020bde801
:02dde600f081ca
:020000040000fa
:020000040c02ec
:10dde80030b587b0054604f075ff0468c4b1ab6967
:10ddf800b3f1ff3f16d0009304f06cff4368019322
:10de08006946204601f0bbffb0f1ff3f0dd06946df
:10de1800204601f089fab0f1ff3f08d0059802e0ea
:10de2800002000e0002007b030bd0020fbe7002004
:02de3800f9e708
:020000040000fa
:020000040c02ec
:02de3a0070472f
:020000040000fa
:020000040c02ec
:10de3c00104b1b6803b1704710b500220e491046f9
:10de4c0004f036f904f0c8fa0c4c0221204602f01a
:10de5c0071f902234ff0c04221460020fff75ef912
:10de6c004ff47f325521204604f0defc014b012299
:10de7c001a6010bdfc0d07209d43020ce01502201a
:020000040000fa
:020000040c02ec
:10de8c00b0f90030b1f90020934219dc10b4b1f9ab
:10de9c0004402244b0f9044023449a4212dcb0f905
:10deac000220b1f90240a24210dcb1f90630234441
:10debc00b0f9060010448342ccbf0020012002e0e0
:10decc000020704700205df8044b70470020fae7f3
:020000040000fa
:020000040c02ec
:10dedc0010b4b1f90020b0f90040b1f9043013448a
:10deec00a34217ddb0f904301c44a24216dab1f992
:10defc000230b0f90240b1f906201a44a24201dc0a
:10df0c00002008e0b0f9060020448342acbf00209a
:10df1c00012000e000205df8044b70470020fae778
:020000040000fa
:020000040c02ec
:10df2c00104b1b68a3b1104bd3f8e832834212d9c3
:10df3c0010b50c4601460d4803f01cff90f850300c
:10df4c00a3420bd080f8504002f06afa002010bdba
:10df5c004ff0ff3070474ff0ff3070474ff0ff30fd
:10df6c00f5e700bf140e072028010720080407203e
:020000040000fa
:020000040c02ec
:10df7c00f8b5064600252f46284607e0d6f8d837d0
:10df8c001f44b85c1be00135102d17d0400084b243
:10df9c003046fbf776f9204480b2d6f8d4375b5d77
:10dfac00002bf0d0d6f8dc2732f81520821a92b26a
:10dfbc009bb29342e2d83b449fb2e4e70020f8bd09
:020000040000fa
:020000040c02ec
:10dfcc00f0b4049c002a18bf00291cd00e4615463c
:10dfdc00c8b14460059a026005fb01f75a010b4970
:10dfec00895801fb07f1816000220273466185614b
:10dffc00016203744462c761c2620263426382635a
:10e00c001046f0bc70474ff0ff30fae79861020cf5
:020000040000fa
:020000040c02ec
:10e01c00494441540000000049454e4400000000b2
:10e02c00504c54450000000074524e530000000048
:10e03c00624b474400000000744558740000000017
:10e04c007a545874000000006954587400000000a1
:10e05c0074494d450000000070485973000000bf22
:020000040000fa
:020000040c02ec
:10e06c0070b582b0114c2568d5f8943005eb0315ca
:10e07c00217fa86d04f09afc002323616361234681
:10e08c0053f8102b1268d169566a04f114020092ed
:10e09c0002463046fcf772fe23681b681a7c014668
:10e0ac00a86d04f07bfce86502b070bda00c0720e5
:020000040000fa
:020000040c02ec
:10e0bc0000b338b50446104804f0bcfe204601f00d
:10e0cc0059ffb0f1ff3f09d021460c4b03eb401038
:10e0dc0004f00cfd084804f0adfe38bd064d284692
:10e0ec0004f0a8fe21462846fdf74dfa284604f018
:10e0fc00a1fef2e7704700bf700c07201406072042
:020000040000fa
:020000040c02ec
:10e10c0010b586b004460023adf80830adf80a30df
:10e11c00436d5a69adf80c209b69adf80e3004a91b
:10e12c00fef736fb04a9204603f006fe074b1b68de
:10e13c000093bdf91230bdf9102002a9606dfdf7f6
:10e14c001ffd2046fdf7d0fd06b010bd440e072084
:020000040000fa
:020000040c02ec
:10e15c002de9f04184b00446884603689b6e02a901
:10e16c0098470221e06a02f0e1fd05460221e06acf
:10e17c0002f0dcfd06460421e06a02f0d7fd0746fa
:10e18c000321e06a02f0d2fdcdf8048000903b46fa
:10e19c003246294602a8faf7bbfa04b0bde8f08172
:020000040000fa
:020000040c02ec
:10e1ac002de9f04184b00446884603689b6e02a9b1
:10e1bc0098470421e06a02f0b9fd05460321e06aa4
:10e1cc0002f0b4fd06460221e06a02f0affd0746fc
:10e1dc000221e06a02f0aafdcdf8048000903b46d3
:10e1ec003246294602a8faf793fa04b0bde8f0814a
:020000040000fa
:020000040c02ec
:10e1fc00124b01221a801a46136913f0010ffbd13e
:10e20c000e4b48f280121a801a46136913f4004f11
:10e21c00fbd10a4b01221a621a46136913f0200f24
:10e22c00fbd1064b00225a621a46136913f0400fb9
:10e23c00fbd1024b4ff480725a8170470020074487
:020000040000fa
:020000040c02ec
:10e24c0010b370b506460d4602f088fcd5b100241b
:10e25c000e4a137e13f0040ffbd0538b13f0070ff1
:10e26c000bd1536803f00703012b936a14bf33558a
:10e27c0026f814300134a542ebd1a54214bf00207e
:10e28c00012070bd2c46f8e7002070470040004686
:020000040000fa
:020000040c02ec
:10e29c00114b01221a601a46936813f0010ffbd13f
:10e2ac000d4b4ff480521a6000225a6158690b4989
:10e2bc00014359610221d9635a649a64da641a657c
:10e2cc005a659a65da651a6601221a641a469368c9
:10e2dc00002bfcd1704700bf00000145000f4040ef
:020000040000fa
:020000040c02ec
:10e2ec00114b01221a601a46936813f0010ffbd1ef
:10e2fc000d4b4ff480521a6000225a6158690b4939
:10e30c00014359610221d9630c2159649a64da647e
:10e31c001a655a659a65da651a6618221a641a46dd
:10e32c009368002bfcd1704700200145000e404043
:020000040000fa
:020000040c02ec
:10e33c0009b330b583b00c46d0b1104bd968002569
:10e34c004ff47a720023a1fb000102f037fc009518
:10e35c002b462a4601462846fbf7b6fc2060b0f156
:10e36c00ff3f01d1012004e001f086f8284600e0cf
:10e37c00012003b030bd0120704700bfa00a072068
:020000040000fa
:020000040c02ec
:10e38c0010b586b0adf81010adf81220adf8143001
:10e39c00089badf81630b8b1044602aa04a9fff7e1
:10e3ac00a2fcb0f1ff3f0dd0099b0193bdf90e30db
:10e3bc000093bdf90c30bdf90a20bdf908102046b8
:0ee3cc00fbf77eff06b010bd4ff0ff30fae702
:020000040000fa
:020000040c02ec
:10e3da0020b330b583b00546f1b10c460b884289ab
:10e3ea0013440b804b88828913444b806a4600f1a0
:10e3fa000a012046fef7d7fcbdf800306a899b1a4d
:10e40a00adf80030bdf80230aa899b1aadf8023087
:0ee41a006b4603cb2060616003b030bd7047dd
:020000040000fa
:020000040c02ec
:10e42800f8b170b504464368f2b18b421cd3164666
:10e438000d460bd081688b420cd02946204600f04f
:10e4480023f9236843f82560002070bd114601f0c8
:10e45800c7fefae7053101f037fab0f1ff3fecd11a
:0ee46800f3e74ff0ff3070474ff0ff30ede765
:020000040000fa
:020000040c02ec
:10e4760030b4054643698b420fd873b1002003e0e0
:10e486009b6899420ad34bb18342f9d9d41a18bf73
:10e496000124002c18bf1846f2e70020ab6963b1cf
:10e4a600994201d29a4205d19b6833b19942fbd277
:0ee4b6009a42f9d0984228bf184630bc7047f1
:020000040000fa
:020000040c02ec
:10e4c40070b5044603689b6b9847f0b1ff21207f29
:10e4d40002f01afc0546246c94b1ff2623689b6b5a
:10e4e4002046984701280bd13146207f02f00cfcce
:10e4f4000146284600f000fb0546246c002cedd1b3
:0ee504002946ff2000f0f8fa70bdff20fce76a
:020000040000fa
:020000040c02ec
:02e51200704750
:020000040000fa
:020000040c02ec
:10e51400431e13f1030f16d810f47f4f15d1c3b265
:10e524000d4a9268934212d203eb43020a4bdb6911
:10e5340003ebc2031a6982420bd15a79002a08bf3d
:10e544000023184670470023fbe70023f9e7002364
:0ce55400f7e70023f5e700bfd00907201f
:020000040000fa
:020000040c02ec
:10e560002de9f04105460e461746090e000e02f051
:10e5700014f904463a46c6f30741c5f3074002f0d2
:10e580000cf9000440ea04643a46c6f30721c5f3d7
:10e59000072002f002f980463a46f1b2e8b202f0f2
:0ce5a000fcf8204340ea0820bde8f081b0
:020000040000fa
:020000040c02ec
:10e5ac002de9f04105460e461746090e000e02f005
:10e5bc00eef804463a46c6f30741c5f3074002f0ad
:10e5cc00e6f8000440ea04643a46c6f30721c5f3b2
:10e5dc00072002f0dcf880463a46f1b2e8b202f0cd
:0ce5ec00d6f8204340ea0820bde8f0818a
:020000040000fa
:020000040c02ec
:10e5f800114bd3f8d43283421cd010b582b00446f4
:10e6080043b168228df804201a68d2f8142101a9b0
:10e6180018469047084bc3f8d44244b167238df895
:10e6280004302368d3f8143101a920469847002004
:0ce6380002b010bd002070472801072030
:020000040000fa
:020000040c02ec
:10e64400114bd3f8d83283421ad010b5044623b103
:10e654001a6dd2f83821184690470b4bc3f8d842ac
:10e6640084b1236dd3f8343120469847b0f1ff3f8d
:10e6740001d0002010bd044b0022c3f8d822f9e7d2
:0ce68400002070470020f5e72801072067
:020000040000fa
:020000040c02ec
:10e690004368fbb1f0b48268934201d20133436016
:10e6a00047687e1e8e420fd90b4b3b449b0032467f
:10e6b00000e022460468e55844f82250541e043b0a
:10e6c000a142f6d11644f61b0368002243f8262027
:0ce6d000f0bc7047704700bffeffff3f2a
:020000040000fa
:020000040c02ec
:10e6dc0010000000110000001200000000000000fb
:10e6ec000800000007000000090000000600000000
:10e6fc000a000000050000000b00000004000000f0
:10e70c000c000000030000000d00000002000000df
:0ce71c000e000000010000000f000000d3
:020000040000fa
:020000040c02ec
:10e728000368d3f8982012f07f4f05d14ff0ff32dd
:10e73800c3f8ec200020704710b504460a4b1b684c
:10e74800196ad86902f038fc236802460621587a0b
:10e7580003f0b4fb24680146d4f89800faf72afac3
:0ce76800c4f89800002010bd600d0720d0
:020000040000fa
:020000040c02ec
:10e7740008b50268936bb3b1197c437a994212d0fd
:10e784000c4b00221a605a609a60da600268936b3c
:10e7940073b11b7c07490b730860074b4b6002f095
:10e7a40077f8002008bd127c437a9a42e8d1f8e752
:0ce7b400137cefe7400d0720691a030cee
:020000040000fa
:020000040c02ec
:10e7c00070b582b0104d2c68d4f8943004eb03146b
:10e7d000297fa06d04f0f0f82b4653f8102b126837
:10e7e000d169566a05f11402009202463046fcf7e0
:10e7f000cbfa2b681b681a7c0146a06d04f0d4f894
:0ce80000e06502b070bd00bfa00c072056
:020000040000fa
:020000040c02ec
:10e80c00f8b54368f3b103681d68ab7f022b17d0d2
:10e81c0006460024274609e001347368a3420ed94a
:10e82c00336853f82450ab7f022b09d0012bf3d162
:10e83c0005f14400fff7e4ff30b9af77ece70025b2
:0ce84c002846f8bd0025fbe70546f9e76b
:020000040000fa
:020000040c02ec
:10e85800114b00229a61da614ff08c439b221a76a1
:10e868005a6822f480225a601a46d369002bfcd1d8
:10e8780069b1094b032283f8202041ea40014ff097
:10e888008c4359621a46d369002bfcd17047024b5e
:0ce89800042283f82020f0e7cc0b0720be
:020000040000fa
:020000040c02ec
:10e8a400104b00229a61da610f4b9b221a765a6848
:10e8b40022f480225a601a46d369002bfcd161b13c
:10e8c400084b032283f8202041ea4001064b596299
:10e8d4001a46d369002bfcd17047024b042283f8fb
:0ce8e4002020f1e7f80b072000408045e1
:020000040000fa
:020000040c02ec
:10e8f000104b01221a601a46936813f0010ffbd1e6
:10e900000c4b4ff480521a6000225a6158690a4930
:10e91000014359610221d9635a649a64da641a6521
:10e920005a659a6501221a641a469368002bfcd135
:0ce93000704700bf0040814600074040d7
:020000040000fa
:020000040c02ec
:10e93c00114b5a6a0ab1824203d11346002205e0f8
:10e94c001a469369002b18bf9842f9d19bb110b4a9
:10e95c0083691bb1846899682144996032b18369d9
:10e96c009361002383615df8044b7047024b5a6a34
:0ce97c0092695a62f5e77047a00a072074
:020000040000fa
:020000040c02ec
:10e98800022a70b5044616461d461ad043689b06ef
:10e9980017d441b9002d08bf4ff4806505f1080070
:10e9a800fef77efc01466368012e43f02003636096
:10e9b800c4e9021514bfff230a2384f83430024b3c
:0ce9c800e362002070bd00bf5bbe020ccb
:020000040000fa
:020000040c02ec
:10e9d40010b50f4c236863b1002813da0d4b22687d
:10e9e4001b68d21a43429a4208db22681044206012
:10e9f40006e002f0fff82368002bedd14ff0ff3260
:10ea0400104610bd044b1a682368d21a8242ebe701
:0cea1400e80d0720f00d0720ec0d072096
:020000040000fa
:020000040c02ec
:10ea2000f8b505460e461746c1f3c421c0f3c4200d
:10ea300001f0b3fe04463a46c6f38411c5f38410d0
:10ea400001f0abfe800140eac4243a46c6f344011b
:10ea5000c5f3440001f0a1fe44ea4000354315f03f
:0aea6000010f18bf40f00100f8bddf
:020000040000fa
:020000040c02ec
:10ea6a00f8b504460e461546c3681b69984785f8eb
:10ea7a00240095f82430dbb2002b0cbf01274ff09d
:10ea8a00ff376f752d6a204603f0e3feb36853b172
:10ea9a00236b01332363b368f268294638469847e3
:08eaaa00236b013b2363f8bd5f
:020000040000fa
:020000040c02ec
:02eab2007047ab
:020000040000fa
:020000040c02ec
:10eab40008b503f013fab0f5877f0adcb4280edc3e
:10eac4005a2812ddc0f1b4000a4b33f91000404259
:10ead40004e0c0f5b470074b33f9100008bdb43836
:10eae400044b33f910004042f8e7024b33f91000ad
:08eaf400f4e700bf9898020c42
:020000040000fa
:020000040c02ec
:10eafc0010b401fb00f3642000fb03f00c4ca4fbee
:10eb0c000020400b4ff47a7202fb03f3a4fb0323a7
:10eb1c005b0b084aa2fb0312d20802eb8202a3eba6
:10eb2c004203042bc8bf01305df8044b704700bf93
:08eb3c005917b7d1cdcccccca8
:020000040000fa
:020000040c02ec
:10eb440030b583b0c0b104460d466b46024652f858
:10eb54000a0f516803c329460a4803f00ff90368f2
:10eb64005b6f21469847044648b929466846fdf735
:10eb7400cffa204603b030bd4ff0ff34f9e74ff031
:08eb8400ff34f6e70804072046
:020000040000fa
:020000040c02ec
:10eb8c00f8b170b50446c9b10d46816843688b4233
:10eb9c000dd06268236803ebc2012e68686843f8e5
:10ebac0032604860636801336360002070bd0531da
:10ebbc0000f0a8fab0f1ff3febd1f7e74ff0ff30d0
:08ebcc00f4e74ff0ff30704741
:020000040000fa
:020000040c02ec
:10ebd40038b505460c46084603f032fc042819d122
:10ebe4002a7923789a4202d00020c0b213e06a79cd
:10ebf40063789a4201d00020f7e7aa79a3789a4271
:10ec040001d00020f1e7e879e378984214bf0020ae
:08ec14000120eae7002038bdf1
:020000040000fa
:020000040c02ec
:10ec1c0010b504460c3003f05bfb0023a3602360ab
:10ec2c006360e362a36363632363e36323646364ea
:10ec3c00a364e36423656365a365e365a367c4f814
:10ec4c008830c4f88c30c4f89030c4f89430c4f8d0
:08ec5c009830c4f89c3010bd93
:020000040000fa
:020000040c02ec
:10ec6400036893f898202ab94ff0ff32c3f8ec20d8
:10ec74000020704710b504460a4b1b68196ad8690e
:10ec840002f09cf9236802460521587a03f018f92a
:10ec940024680146d4f89800f9f71cffc4f89800da
:08eca400002010bd600d0720e7
:020000040000fa
:020000040c02ec
:10ecac0038b502680023c2f894300268c2f8943078
:10ecbc000368d3f89420d3f890309a4210d20446cb
:10eccc00084deb6898472268d2f894300133c2f8ab
:10ecdc0094302368d3f89420d3f890309a42f0d330
:08ecec00002038bda00c072038
:020000040000fa
:020000040c02ec
:10ecf40070b584b006460c46154603f029fb01287e
:10ed040017d002a9304603f065fe2a46ff210020f1
:10ed140003f0cdfe01900094bdf90e30bdf90c2036
:10ed2400bdf90a10bdf9080003f064f9002004b02d
:08ed340070bd4ff0ff30fae75b
:020000040000fa
:020000040c02ec
:10ed3c0010b50446037e012b03d02046fbf752fc92
:10ed4c0010bd90f8543053b10821c06a01f0eeffa9
:10ed5c00084b1a680146204601f091faede70021b4
:10ed6c00c06a01f0e3ff034b1a680146204601f02c
:08ed7c0086fae2e7400e0720d1
:020000040000fa
:020000040c02ec
:10ed84000d4b00221a605a601a72da601a611a7501
:10ed94000a4b0b4a5a6502229a67082119660948e8
:10eda400c3f8a400cc20c3f8a8000120c3f8c8000d
:10edb400c3f8b0101a607047f40c072000008544b3
:08edc4001401190030000100e8
:020000040000fa
:020000040c02ec
:10edcc00104b002283f8212083f820204ff08c4236
:10eddc00136823f002031360d369002bfcd14ff0ae
:10edec008c42136843f002031360d369002bfcd1ef
:10edfc004ff08c4310225a831a46d369002bfcd156
:08ee0c00704700bfcc0b07208a
:020000040000fa
:020000040c02ec
:10ee140070b40f4b1b78cbb10d4b5b7823b14ff023
:10ee2400ff35284670bc704701250a4b342606fb83
:10ee3400053604460fcc0fc60fcc0fc60fcc0fc639
:10ee440023683360024b01225a55eae70025ece7b8
:08ee54006c15062004130620d2
:020000040000fa
:020000040c02ec
:10ee5c0070b4012a16d0022a0cbf0324012404ea40
:10ee6c0001064ff0ff35954023ea0503a41b02fb76
:10ee7c0004f403fa04f43eb901fb02f1c90844544a
:10ee8c0070bc70470724eae701fb02f1c908435c38
:06ee9c001c434454f4e79e
:020000040000fa
:020000040c02ec
:10eea20010b584b00446806d18b103681b6a984798
:10eeb20088b194f8543093b1e36d53b102aa694614
:10eec2002046faf7a8fa236dd3f82c31694620467a
:10eed200984704b010bd204602f07effe9e7236e9a
:06eee200002bebd1f5e767
:020000040000fa
:020000040c02ec
:10eee800b0f90a308b421cd030b583b00d460446c9
:10eef80003689b6e694698472368d3f82c316946a6
:10ef080020469847658123689b6e69462046984746
:10ef18002368d3f82c31694620469847002003b06f
:06ef280030bd002070471f
:020000040000fa
:020000040c02ec
:10ef2e00b0f90c308b421cd030b583b00d46044680
:10ef3e0003689b6e694698472368d3f82c3169465f
:10ef4e0020469847a58123689b6e694620469847c0
:10ef5e002368d3f82c31694620469847002003b029
:06ef6e0030bd00207047d9
:020000040000fa
:020000040c02ec
:10ef740038b5049c90f820508d420dd080f82010b4
:10ef840080f8212080f8223080f823400368d3f8e9
:10ef9400dc309847002038bd90f821509542edd1df
:10efa40090f822509d42e9d190f82350a542e5d132
:06efb4004ff0ff30efe713
:020000040000fa
:020000040c02ec
:02efba0070479e
:020000040000fa
:020000040c02ec
:10efbc0008b502f08fffb0f5877f0adcb4280fdcb0
:10efcc005a28ccbf5a38c0f15a00094b33f91000fb
:10efdc0008bda0f58770064b33f910004042f7e7e7
:10efec00c0f58770024b33f910004042f0e700bfc8
:04effc009898020cd3
:020000040000fa
:020000040c02ec
:10f0000010b504780a2c0ad000f076fd64010b4b91
:10f010001b59013b0a4a52f82330984710bd4368f8
:10f0200003fb0211cb4303f00703ca084169885c64
:10f0300001229a401040d840f0e700bf9861020cce
:04f0400030ab0720ca
:020000040000fa
:020000040c02ec
:10f0440070b5054603f08efdb8b1064603f044fde5
:10f05400044610b10124204670bd094aeb68d16909
:10f064005b1aeb602b69126a9b1a2b613368d3f825
:10f074001431294630469847ede70024ebe700bffa
:04f084004c0c072009
:020000040000fa
:020000040c02ec
:10f0880070b5054603f06cfdb8b1064603f022fde5
:10f09800044610b10124204670bd094a6b69d16944
:10f0a8005b1a6b61ab69126a9b1aab613368d3f860
:10f0b8001431294630469847ede70024ebe700bfb6
:04f0c8004c0c0720c5
:020000040000fa
:020000040c02ec
:10f0cc00b0b170b505460d4bd3f8e8328b4212d96e
:10f0dc000c460b4802f04efe0646214605f10a008e
:10f0ec00fdf712f83368db6e29463046984770bd41
:10f0fc004ff0ff3070474ff0ff30f8e72801072042
:04f10c0008040720cc
:020000040000fa
:020000040c02ec
:10f11000c0b138b5044683688b4216d00d46c9008d
:10f120000068f6f7d3fe206030b1a5606368ab429b
:10f130000ed36560002038bd00236360a3604ff0ec
:10f14000ff30f8e74ff0ff3070474ff0ff30f2e745
:04f150000020f0e7c4
:020000040000fa
:020000040c02ec
:10f15400e8b138b50546b9b10c464168a3688b429d
:10f1640004d36a68626042b9002038bd2046fff7c4
:10f17400cdffb0f1ff3ff4d1f7e7d2002968206852
:10f1840002f0d2ff0020f0e74ff0ff30ede74ff040
:04f19400ff30704791
:020000040000fa
:020000040c02ec
:10f198002de9f0410646884617461c46069dab42b7
:10f1a8000adbbde8f081079a394604eb080001f054
:10f1b8002ffc0134a542f4d0e210634204f00701a9
:10f1c80003f0070358bf594280230b41b25c1a422f
:04f1d800efd0e8e7a5
:020000040000fa
:020000040c02ec
:10f1dc0009480a4b03600a4b436000238360094ac9
:10f1ec00c260036143618361c361074b0362074bd8
:10f1fc004362074b83627047600b0720f526030cb4
:10f20c000d6c020c55a5020c392e030c3d2e030c73
:04f21c00cb7c020c99
:020000040000fa
:020000040c02ec
:10f2200070b506460d4c0025a560e5602561656159
:10f23000a56120600a4b63600368c16a586903f0e6
:10f240003ffce0603368316b986903f039fc206162
:10f250002146304601f01efb284670bdc00c072039
:04f26000f189020c22
:020000040000fa
:020000040c02ec
:10f2640002684ab110b40c468a420ad8936873b152
:10f274009c4210d31a46f9e7016000238b604b606f
:10f2840070478a6000234b605160016007e04a6068
:10f2940091608b6003e04a6091608b6059605df817
:04f2a400044b704760
:020000040000fa
:020000040c02ec
:10f2a800f8b50c468e6826b10b681033ca1896421a
:10f2b80001d02046f8bd35681d4400f118073846ce
:10f2c80002f069fd3146384602f065fd00226260b1
:10f2d800a260e26025600123237321463846fff7c8
:04f2e800bdffe6e799
:020000040000fa
:020000040c02ec
:10f2ec002de9f04182b004460d4690461f4602f0cf
:10f2fc0055fc012810d0684602f086febdf90210bc
:10f30c00bdf90000064b5e683b464246691a201a5e
:10f31c00b04702b0bde8f0814ff0ff30f9e700bf15
:04f32c00d00a0720dc
:020000040000fa
:020000040c02ec
:10f33000f0b585b0002302934b610a69c2b10c4657
:10f3400006461d4602afe168009703ab2944307db5
:10f3500002f06efeb0f1ff3f08d0029b1d446369ce
:10f36000013363612269aa42edd8002005b0f0bde7
:04f370000020fbe797
:020000040000fa
:020000040c02ec
:10f3740010b50446fdf746fa0d4b236023650122c0
:10f3840022726423e38119232382002384f85430f6
:10f3940084f8553002216176a36584f864300a212b
:10f3a400a166e266e36523662367636710bd00bf59
:04f3b400485d020ca2
:020000040000fa
:020000040c02ec
:10f3b800836cdbb170b50546436c1868814217d081
:10f3c8000e4600240368d3f8983031469847012840
:10f3d8000bd00134ab6ca34206d96b6c53f82400f4
:10f3e800b042efd1012000e0002070bd002070473e
:04f3f8000120fae70f
:020000040000fa
:020000040c02ec
:10f3fc00d0b110b40446c9b1084421460c4a644249
:10f40c00137e13f0010ffbd0536803f00703012b9d
:10f41c0014bf0b7834f81130936201318142efd173
:10f42c0001205df8044b7047002070470120f8e77d
:04f43c000040004646
:020000040000fa
:020000040c02ec
:10f4400038b5044603f06dfa002c16db63090c494d
:10f4500051f8235004f01f04e54005f00105012296
:10f4600002fa04f4203341f82340bff34f8fbff377
:10f470006f8f03f05ffa284638bd0025f9e700bf1b
:04f4800000e100e0c7
:020000040000fa
:020000040c02ec
:10f4840038b5044600f076fed0b1204600f0c8fb43
:10f49400054670b1437873b983680bb943688360d8
:10f4a4002846fcf7b7f800242c756c7501236b70a3
:10f4b40002e0012400e0002402f048f9204638bdaf
:04f4c4000124fbe73d
:020000040000fa
:020000040c02ec
:10f4c80000b583b08df804008df8051001f0b8fe82
:10f4d8000028fbd1022201a9212001f08df801f0ba
:10f4e800affe0028fbd1064b013bfdd1044b013b8d
:10f4f800fdd1034b013bfdd103b05df804fb00bf18
:04f50800a0860100d8
:020000040000fa
:020000040c02ec
:10f50c0030b44d680b68146804fb05f4526802fbb8
:10f51c001342016801fb05f1406800fb1313002a3c
:10f52c0003da002b01da012009e0002ac8bf002b06
:10f53c00ccbf012000209a4208bf40f0010030bc33
:02f54c00704706
:020000040000fa
:020000040c02ec
:10f54e00b0f90020b1f900309a4201d00020704786
:10f55e00b0f90220b1f902309a4201d00020704772
:10f56e00b0f90420b1f904309a4201d0002070475e
:10f57e00b0f90600b1f90630984214bf0020012000
:02f58e007047c4
:020000040000fa
:020000040c02ec
:10f59000f0b400260d689d4216d2ec08045d05f01b
:10f5a00007073c4104f0010404eb4604166856f8d2
:10f5b000246001350d601569b54207d8761bb54248
:10f5c000e8d84ff0ff3601e04ff0ff363046f0bc90
:02f5d000704782
:020000040000fa
:020000040c02ec
:02f5d200704780
:020000040000fa
:020000040c02ec
:10f5d40010b5054c227832b9044b13b10448aff38b
:10f5e40000800123237010bd8c0d07200000000053
:10f5f4000000000008b5034b1bb103490348aff3f7
:10f60400008008bd00000000900d072000000000ed
:020000040000fa
:020000040c02ec
:10f6140010b483b000230193446902780b4b03ebcd
:10f6240042135868c00801fb00f148b1631801aaed
:10f634000444214413f8010b02f8010b8b42f9d165
:10f64400019803b05df8044b704700bf9861020c49
:020000040000fa
:020000040c02ec
:10f654000b68b0f90020934214db10b4b0f90440f5
:10f664002244934210da4b68b0f9022093420ddb36
:10f67400b0f9060010448342acbf002001205df8bd
:10f68400044b7047002070470020f8e70020f6e79d
:020000040000fa
:020000040c02ec
:10f69400000108100902030a11182019120b0405ad
:10f6a4000c131a21283029221b140d06070e151cd1
:10f6b400232a313839322b241d160f171e252c33db
:10f6c4003a3b342d261f272e353c3d362f373e3fff
:020000040000fa
:020000040c02ec
:10f6d40070b505460c4c0026a660e66026612060e5
:10f6e4000a4b63600368c16a586903f0e7f9e06094
:10f6f4002b68296b986903f0e1f9206121462846bb
:10f7040001f0c6f8304670bd0c0b0720b9bf020cdf
:020000040000fa
:020000040c02ec
:10f7140010b50446437e012b05d0022b08d02046a9
:10f72400faf764ff10bd094b196800f071f8f6e7a9
:10f7340090f8543023b1054b1968fef735fdeee718
:10f74400024b196800f05df9e9e700bf400e07209d
:020000040000fa
:020000040c02ec
:10f7540030b587b0044690f85430abb1c56d02aaf9
:10f7640004a92046f9f756fe084b1b680093bdf91f
:10f774001230bdf9102002a92846fcf705fa2046ec
:10f78400faf734ff07b030bd056ee8e7400e0720f6
:020000040000fa
:020000040c02ec
:10f7940038b50546836c8bb1002403e00134ab6caf
:10f7a400a3420bd96b6c53f824000028f6d0836c69
:10f7b400002bf3d00368db6f9847efe705f14400b3
:10f7c40002f0cdfa2b68d3f8dc302846984738bdd0
:020000040000fa
:020000040c02ec
:10f7d40010b50446c37f2bb1012b02d0a36a204687
:10f7e400984710bd084bff221a6003689b6b98472b
:10f7f400012802d0054ba362f0e723685b6c204626
:10f804009847014b1860f5e74c0e07204dcb020cce
:020000040000fa
:020000040c02ec
:10f8140030b583b004460d4603689b6e694698472d
:10f82400637f53b90421e06a01f084fa2a46014651
:10f834006846fcf7d5fa03b030bd0421e06a01f054
:10f8440079fa2b46627f01466846f6f7b5f9f2e786
:020000040000fa
:020000040c02ec
:10f854002de9f8439846089c099d9df8286054ead0
:10f86400050301d1bde8f88317463346224601f06b
:10f8740005fe8146334622464146384601f0fefde8
:0ef8840033462a460146484601f0f8fdeae701
:020000040000fa
:020000040c02ec
:10f892004368dbb110b48b420bd94a1c9200036857
:10f8a20001319c58134443f8044c04324368994292
:10f8b200f5d36ff040430b440268002142f8231055
:0ef8c2004368013b43605df8044b704770479c
:020000040000fa
:020000040c02ec
:10f8d00090b138b5044683688b4210d00d4689003c
:10f8e0000068f6f7f3fa68b12060a5606368ab4280
:10f8f0000bd36560002038bd4ff0ff3070474ff0ec
:0ef90000ff30f8e74ff0ff30f5e70020f3e7a7
:020000040000fa
:020000040c02ec
:10f90e00b8b110b44468b9b1b4b103681a68914281
:10f91e0008d000200130844206d953f8042f8a42c1
:10f92e00f8d103e0002001e04ff0ff305df8044b0a
:0ef93e0070474ff0ff3070474ff0ff30f6e794
:020000040000fa
:020000040c02ec
:10f94c00f8b50546c36b9bb1002427462e6c56f8c0
:10f95c002400fef7adfb46f824706e6c56f82400bc
:10f96c00fef7a6fb46f824700134eb6ba342edd1f5
:0ef97c00286cfef79dfb686cfef79afbf8bd49
:020000040000fa
:020000040c02ec
:10f98a00f0b5bdb004460d4616461f4603a802f060
:10f99a0056f89df80c318df82c30449b0c93429b01
:10f9aa000193009703ab324629462046edf797fcb0
:0ef9ba00044603a802f0adfe20463db0f0bdad
:020000040000fa
:020000040c02ec
:10f9c800f0b585b004460d4616461f4602a802f05b
:10f9d8001dfbbdf90830e41abdf90a30ed1a01f033
:10f9e80047fe0a9b003318bf012301930097334653
:0ef9f8002a462146faf766fc002005b0f0bd55
:020000040000fa
:020000040c02ec
:10fa0600f0b585b004460f4603689b6e02a9984779
:10fa16000221e06a01f08df905460421e06a01f051
:10fa260088f906460321e06a01f083f90097034648
:0efa36003246294602a8f9f76efe05b0f0bd73
:020000040000fa
:020000040c02ec
:10fa440008b58378013b032b05d8dfe803f00211e6
:10fa5400090e12234370084b186800f0fff808bd24
:10fa6400132343700023c370f5e701234370f2e7c7
:0cfa74000d234370efe700bff40d0720e6
:020000040000fa
:020000040c02ec
:10fa8000f8b505460e461746c1f3c421c0f3c4209d
:10fa900000f083fe04463a46c6f34511c5f345100f
:10faa00000f07bfe400140eac4243a4606f01f0104
:0cfab00005f01f0000f071fe2043f8bdbf
:020000040000fa
:020000040c02ec
:10fabc00f8b505460e461746c1f34211c0f3421085
:10facc0000f065fe04463a46c6f38201c5f3820097
:10fadc0000f05dfe800040ea44143a4606f0030153
:0cfaec0005f0030000f053fe2043f8bdbd
:020000040000fa
:020000040c02ec
:10faf800c0b170b4034604780a2c0fd0406902fbe9
:10fb080001f5de68b5420bd25b6803fb02126401a3
:10fb1800054b195901fb020070bc70470020fbe738
:0cfb28000020f9e7704700bf9861020c54
:020000040000fa
:020000040c02ec
:10fb3400b0b138b504460d46082002f013f890b170
:10fb4400002202604560a26832b920606060a36848
:10fb54000133a360002038bd626810606060f6e77e
:0cfb64004ff0ff3070474ff0ff30f4e727
:020000040000fa
:020000040c02ec
:10fb700038b50d4b1b78012b13d105460a4c03e019
:10fb800014f8203f012b09d1a368ab42f8d92046d5
:10fb900001f060fd03460028f2d000e00023184683
:0cfba00038bd0023fbe700bf140607205f
:020000040000fa
:020000040c02ec
:10fbac00d8b110b40446c06803888b420fd943887f
:10fbbc0093420ed901fb0323013310f82330ff2ba2
:10fbcc0009d0226952f823005df8044b70470020dd
:0cfbdc00fae70020f8e70020f6e7704789
:020000040000fa
:020000040c02ec
:10fbe80082b002ab03e90600009ba3b1036b83b1ab
:10fbf800836b1bb14ff0ff3002b07047012306330f
:10fc080000ebc30302aa12e9030083e80300002003
:0cfc1800f2e70023f3e74ff0ff30ede7c8
:020000040000fa
:020000040c02ec
:10fc2400431e13f1030f0fd883b2042b0ed80a4ad4
:10fc340002eb4312d26982420ad15a0106498a5c14
:10fc440042b101eb43107047002070470020704719
:0cfc54000020704700207047880807203f
:020000040000fa
:020000040c02ec
:10fc600010b5044600f088fab0b12046fff7daff7d
:10fc7000044678b1437843b9002020756075207040
:10fc8000044601f065fd204610bdfef757fe002337
:0cfc90006370f1e70124f4e70124f4e7bd
:020000040000fa
:020000040c02ec
:10fc9c0008b50a4b1b68722b00d808bd012000f078
:10fcac005bfc4ff41643064a06490120fdf736fa71
:10fcbc000023024a1360044a1370eee7500e07202b
:0cfccc00900e0720210184448c0e0720bc
:020000040000fa
:020000040c02ec
:10fcd8002de9f041069dab4215da17460e46013b69
:10fce800c41880460138054401e0ac420bd014f931
:10fcf800013f002bf9da3019079a3946a0eb0800c2
:0afd080000f086fef1e7bde8f0818f
:020000040000fa
:020000040c02ec
:10fd120030b585b00468d4f89030012b05d1e36d7d
:10fd2200c4f89830002005b030bdd4f88c30e26fb2
:10fd3200e16ee06d25682d7c0295322501950095d6
:0afd4200fff787fdc4f89800ece716
:020000040000fa
:020000040c02ec
:10fd4c0038b50546402001f009ff044602f09afc44
:10fd5c0004f10c0002f096fc04f1180002f092fc85
:10fd6c0004f1240002f08efc04f1300002f08afc55
:0afd7c00002084f83c002c6638bd1e
:020000040000fa
:020000040c02ec
:10fd8600c0b138b5054691b10c464a68096800f01d
:10fd960043faa060eb681a1851781a5c42ea01220d
:10fda60002301844e06022610020606138bd4ff0e7
:0afdb600ff30fbe74ff0ff3070470d
:020000040000fa
:020000040c02ec
:10fdc000f8b505460e461746c1f30741c0f3074094
:10fdd00000f0e3fc04463a46c6f30721c5f30720ca
:10fde00000f0dbfc000240ea04443a46f1b2e8b21b
:08fdf00000f0d3fc2043f8bd34
:020000040000fa
:020000040c02ec
:10fdf800c8b170b4d0f8c0629eb1d0f8c442043c17
:10fe0800002302e00133b34208d054f8040f056818
:10fe18008d42f7d145689542f4d100e0002070bcce
:08fe280070470020fbe7704762
:020000040000fa
:020000040c02ec
:10fe30000848094b0360094b436000238360084a6c
:10fe4000c260036143618361c361064a0262436227
:10fe500083627047e00a0720cd26030cf962020c8a
:08fe6000a965020c152e030c2c
:020000040000fa
:020000040c02ec
:10fe680038b50c4b1b7aa3b10a4b00221a72d3f88f
:10fe7800800070b11d4603f18004bc3504e0ac423b
:10fe880007d054f8040f20b18368002bf7d09847a7
:08fe9800f5e738bd0007072063
:020000040000fa
:020000040c02ec
:10fea00070b506460d46084602f0ccfa0446411ce1
:10feb0003068f6f70bf870b100220255306054b18b
:10fec0006b1e1819c5f10101ca18346813f8015fd7
:08fed000a5548342f8d170bd76
:020000040000fa
:020000040c02ec
:10fed800a1b110b4421e411801394ff0ff30094c4e
:10fee80012f8013f4340dbb254f8233083ea102074
:10fef8008a42f5d1c0435df8044b70474ff0ff309c
:08ff0800c04370479c12020c7b
:020000040000fa
:020000040c02ec
:10ff100038b50c4b1b7aa3b10a4b00221a72d3f8e6
:10ff2000ac0070b11d4603f1ac04e83504e0ac420e
:10ff300007d054f8040f20b18368002bf7d09847fe
:08ff4000f5e738bd200507209c
:020000040000fa
:020000040c02ec
:10ff4800036893f8a920012a01d00020704710b453
:10ff58005a680849cc68116b8c4203d000205df8c0
:10ff6800044b7047d3f8983013630368002283f872
:08ff7800a920f3e7200d07208a
:020000040000fa
:020000040c02ec
:10ff800070b50c4b1b78012b11d10646094c00258e
:10ff90003146204600f0b2fa012806d0013514f8a7
:10ffa000203f012bf4d04ff0ff35284670bd4ff0b5
:08ffb000ff35fae714060720f3
:020000040000fa
:020000040c02ec
:10ffb80010b586b0044602a9fcf7ecfb236d1b6e56
:10ffc80004a9204698476a4602a904a8fcf7ecfe53
:10ffd8006946204601f0b2fe236dd3f82c316946fc
:08ffe8002046984706b010bd49
:020000040000fa
:020000040c02ec
:10fff00082b002ab03e90600009b93b1026b93420f
:020000040c03eb
:100000000dd0826b9a4203d04ff0ff3002b07047a0
:10001000012300ebc303002018635863f6e70023b5
:08002000f7e74ff0ff30f1e7b4
:020000040000fa
:020000040c03eb
:1000280000b583b0002301930a4b1b6a0193019b1f
:1000380013f0010f06d1019b13f0020f06d103b094
:100048005df804fb0020f9f751f8f4e70120f9f70f
:080058004df8f4e700008544b7
:020000040000fa
:020000040c03eb
:1000600000b583b0002301930a4bdb690193019b28
:1000700013f0010f06d1019b13f0020f06d103b05c
:100080005df804fb0020f9f735f8f4e70120f9f7f3
:0800900031f8f4e7000085449b
:020000040000fa
:020000040c03eb
:1000980000b583b0002301930a4b9b690193019b30
:1000a80013f0010f06d1019b13f0020f06d103b024
:1000b8005df804fb0020f9f719f8f4e70120f9f7d7
:0800c80015f8f4e7000085447f
:020000040000fa
:020000040c03eb
:1000d00000b583b0002301930a4b5b690193019b38
:1000e00013f0010f06d1019b13f0020f06d103b0ec
:1000f0005df804fb0020f8f7fdfff4e70120f8f7b6
:08010000f9fff4e7000085445b
:020000040000fa
:020000040c03eb
:100108000c4b93f820305bb20bb10020704710b550
:10011800084b9880d9605a6100229a601a610124bc
:100128009c701a7083f821202146fef791fb204627
:0801380010bd00bfcc0b072035
:020000040000fa
:020000040c03eb
:100140000c4b5b6913f4803f01d0002900dc704741
:1001500000f01f021144bff34f8f064a0144c2f85a
:10016000680220300b1a002bf9dcbff34f8fbff36e
:080170006f8fece700ed00e0e9
:020000040000fa
:020000040c03eb
:100178000c4b93f820309bb90a4b93f82830012b8d
:1001880001d00020704710b5064c002384f82830b1
:10019800b4f90800fff750f984f82100012010bdd8
:0801a80001207047a00a0720a6
:020000040000fa
:020000040c03eb
:1001b00070b50b480b4d4ff6ff76016821b94368c7
:1001c00013b9fef776fc70bd83684268334000f1d6
:1001d0000c0455f823302046984704eb8000ece7e8
:0801e0002800000c2028030c8c
:020000040000fa
:020000040c03eb
:1001e800b0b138b504460d46816843688b4208d0e3
:1001f8006268236843f82250636801336360002013
:1002080038bd0531fff760fbb0f1ff3ff0d1f7e7ec
:060218004ff0ff307047bb
:020000040000fa
:020000040c03eb
:10021e0098b1c3681888884211d95888904210d96d
:10022e00013201fb002203eb82035a789978d878c9
:10023e00000440ea01201043704700207047002060
:06024e007047002070471c
:020000040000fa
:020000040c03eb
:10025400f8b5836c8b4213d90d46044600f144076c
:10026400384602f00bfb002606642946384601f0a6
:1002740089fb2368d3f8dc30204698473046f8bd24
:060284004ff0ff30fbe724
:020000040000fa
:020000040c03eb
:10028a0070b582b004460d46164603689b6e6946f1
:10029a009847627f12b1637e012b06d932462946fe
:1002aa006846fef722fd02b070bd3346294668460d
:0602ba00f4f74afaf7e731
:020000040000fa
:020000040c03eb
:1002c000f8b50f461646fef725f950b10546006809
:1002d000c0eb0010064c04eb80042046faf77bfcd0
:1002e00000b9f8bdaf60ee602046fbf79cfaf8e776
:0402f000d00907200a
:020000040000fa
:020000040c03eb
:1002f40010b582b088b11446b0f8da22114489b23c
:10030400074a1170090a51709470240ad47000933a
:1003140004234a21406901f015ff02b010bd00bf5b
:040324001404072096
:020000040000fa
:020000040c03eb
:10032800a0b130b40346406902fb01f4dd68ac4279
:100338000ad25c6804fb02121b785b010449c958a5
:1003480001fb020030bc70470020fbe7704700bf8c
:040358003860020cfb
:020000040000fa
:020000040c03eb
:10035c0070b504460e4615460846fef7a5fb04fb91
:10036c0000f00028b8bfff30001228603046fef7be
:10037c001ffe04fb00f00028b8bfff3000126860bd
:04038c00002070bd20
:020000040000fa
:020000040c03eb
:100390000b4b10ee102aa3eb620307ee903ab6ee79
:1003a000007a20ee077a27ee277a27ee277af7eef3
:1003b000086a36eec77a27ee800a27ee000a7047f1
:0403c000df59375f6b
:020000040000fa
:020000040c03eb
:1003c40008b5094b1b686bb1084bd3f8e83283427c
:1003d40001d8002007e00146054801f0cffc90f861
:1003e400500000e0002008bd140e0720280107205b
:0403f40008040720d2
:020000040000fa
:020000040c03eb
:1003f80008b5094b1b686bb1084bd3f8e832834248
:1004080001d8002007e00146054801f0b5fc90f846
:10041800510000e0002008bd140e07202801072025
:04042800080407209d
:020000040000fa
:020000040c03eb
:10042c000b4bd3f8e83293b170b50024084d05f5a9
:10043c0038762146304601f09dfc0368d3f8dc3059
:10044c0098470134d5f8e832a342f2d870bd704712
:04045c00280107204c
:020000040000fa
:020000040c03eb
:1004600078b110b50446426872b169b1fff74ffa2e
:10047000b0f1ff3f0bd001462046fff70afa0020fb
:1004800010bd4ff0ff3070474ff0ff30f8e74ff0ee
:04049000ff30f5e75d
:020000040000fa
:020000040c03eb
:1004940010b5094900248c60cc600c610860074adf
:1004a4004a6003689b6b1b7c5b01054ad3580b6154
:1004b40000f0eef9204610bd200d0720bd0d030c01
:0404c4009861020c2d
:020000040000fa
:020000040c03eb
:1004c80030b583b00a4b1a68d2f8944000211961fc
:1004d8005961106802eb0414a26dc169406a03f106
:1004e800140500951033faf74bfce06503b030bdf6
:0404f800a00c07202d
:020000040000fa
:020000040c03eb
:1004fc0083698b4212d88bb110b4c468426802fb7a
:10050c00043291420cd2c91ab1fbf4f004fb101066
:10051c00b0fa80f040095df8044b7047002070473a
:04052c000020f8e7cc
:020000040000fa
:020000040c03eb
:100530002de9f04182b005460e46174698466846ba
:1005400001f068fdbdf90210bdf90000044b5c68c4
:1005500043463a46711a281aa04702b0bde8f08116
:04056000d00a072096
:020000040000fa
:020000040c03eb
:1005640000eb8003094a02eb0312136d23f001032d
:100574001365136d13f0010ffbd100eb4000044b26
:1005840003eb800000230372704700bf0000854422
:04059400f40c07203c
:020000040000fa
:020000040c03eb
:100598000b4b93f820305bb20bb10020704710b5bd
:1005a8000c46074b98800021d96059619c601a61fc
:1005b8009970197083f82110fef74af9012010bdcf
:0405c800cc0b072031
:020000040000fa
:020000040c03eb
:1005cc0010b50b4c94f8204064b20cb1002010bd57
:1005dc00074ca080e360029b6361a1602261002153
:1005ec00a170217084f82110fef730f90120eee79c
:0405fc00cc0b0720fd
:020000040000fa
:020000040c03eb
:100600000b4b93f820305bb20bb10020704710b554
:100610000c46074b98800021d96059619c601a6193
:100620009970197083f82110fef73cf9012010bd74
:04063000f80b07209c
:020000040000fa
:020000040c03eb
:100634000a4b0b4a1a604ff6da429a814ff4403261
:100644005a601a46d369002bfcd1044a136843f05c
:1006540002031360d369002bfcd1704700400046ad
:04066400040112403b
:020000040000fa
:020000040c03eb
:100668000a4b1b681f2b0ed8f0b4094e1d017419d4
:10067800062777552071e18022810133034a1360f0
:100688000020f0bc70474ff0ff307047701506200f
:040698006c130620b9
:020000040000fa
:020000040c03eb
:10069c000a4b1b681f2b0ed8f0b4094e1d017419a0
:1006ac00072777552071e18022810133034a1360bb
:1006bc000020f0bc70474ff0ff30704770150620db
:0406cc006c13062085
:020000040000fa
:020000040c03eb
:1006d0000a4b1b681f2b0ed8f0b4094e1d0174196c
:1006e000052777552071e18022810133034a136089
:1006f0000020f0bc70474ff0ff30704770150620a7
:040700006c13062050
:020000040000fa
:020000040c03eb
:1007040070b428300025012601e003f128000368b5
:100714006bb19c690a699442f7d11a7f012af4d11a
:100724009a6a02601d775e759d621d70efe770bc6a
:0207340070470c
:020000040000fa
:020000040c03eb
:1007360070b5054637220721c0f3c42000f0bffb81
:100746000446b7220721c5f3451000f0b8fb06465c
:100756001122072105f01f0000f0b1fb34442044ac
:0207660070bd64
:020000040000fa
:020000040c03eb
:1007680070b5054637220721c0f3421000f0a6fbfa
:100778000446b7220721c5f3820000f09ffb064616
:100788001122022105f0030000f098fb34442044b4
:0207980070bd32
:020000040000fa
:020000040c03eb
:10079a00b2b1884214d0632a10d810b50b46044669
:1007aa00884205dd1146c01afef7a3f9201a10bdca
:1007ba001146181afef79df92044f8e708467047d3
:0207ca00704776
:020000040000fa
:020000040c03eb
:1007cc0070b582b00446056a0346012211460df14c
:1007dc000700a8479df80750266a234601221146b8
:1007ec000df10700b0479df8070040ea052002b064
:0207fc0070bdce
:020000040000fa
:020000040c03eb
:1007fe00aab1f0b405461746002420462a68d3084d
:10080e00cb5c02f00706334103f00103a34018440a
:10081e0001322a600134a742f0d1f0bc7047104675
:02082e00704711
:020000040000fa
:020000040c03eb
:1008300038b583688b4210d205460c46b1eb430fa6
:1008400002d801eb4104640821462868f5f73efb15
:1008500028b1ac602860012000e0012038bd0020f4
:02086000fce7b3
:020000040000fa
:020000040c03eb
:1008620038b583688b4210d205460c46b1eb430f74
:1008720002d801eb4104640821462868f5f725fbfc
:1008820028b1ac602860012000e0012038bd0020c2
:02089200fce781
:020000040000fa
:020000040c03eb
:10089400d0f8ac307bb110b400f1ac0200230133ca
:1008a40052f8044f002cfad100eb8300c0f8ac10ce
:1008b4005df8044b7047002300eb8300c0f8ac10d4
:0208c40070477b
:020000040000fa
:020000040c03eb
:1008c60089b170b50d460a6c82420fd10446443098
:1008d600fff7c3fd00262e642368d3f8dc302046dc
:1008e6009847304670bd4ff0ff3070474ff0ff30ed
:0208f600f8e721
:020000040000fa
:020000040c03eb
:1008f80008b5084b1b684bb1074bd3f8e832834265
:1009080006d90146054801f037fa08bd0020fce782
:100918000020fae7140e0720280107200804072002
:020000040000fa
:020000040c03eb
:1009280008b5094b1b7813b1012b07d008bd074840
:10093800fef76cfa044b01221a70f7e7fcf7a8fee1
:100948000020f9f71bfbf1e7840e072000120620b0
:020000040000fa
:020000040c03eb
:1009580008b5084802f00cf800f096fb01f0e6fa3a
:100968004ff0ff33044a1360044a1360002001f07b
:100978009ffe08bd6422030c1c0e0720180e0720da
:020000040000fa
:020000040c03eb
:1009880070b506460d46f8f77efc86f8e80980b291
:100998006b1e13f0ff050ad0400084b23046f8f70a
:1009a80072fc204480b26b1e13f0ff05f4d170bdb9
:020000040000fa
:020000040c03eb
:1009b80010b504460c3001f0a3fe2046fef7c2ff36
:1009c8002046fcf7f3f8d4f88800fdf773fbd4f859
:1009d8008c00fdf76ffbd4f89000fdf76bfb10bda2
:020000040000fa
:020000040c03eb
:1009e80030b583b0094d2b4653f8102bd2f89440fc
:1009f800106802eb0414a26dc169406a14350095b1
:100a0800faf7bef9e06503b030bd00bfa00c0720bf
:020000040000fa
:020000040c03eb
:100a1800f0b583b005460e461746684601f0f6fa6b
:100a2800bdf90210bdf90000044b1c6800233a46ca
:100a3800711a281aa04703b0f0bd00bfd00a0720da
:020000040000fa
:020000040c03eb
:100a4800f8b505460368db69984778b1064601277b
:100a580000242b689b692146284698470a2808bf26
:100a680001370134a642f4d13846f8bd0127fbe727
:020000040000fa
:020000040c03eb
:100a780038b5c36e8b4211d00d46044690f85430f9
:100a88001bb1036dd3f8e0309847e56694f854300d
:100a980023b1236dd3f8e03020469847002038bdb5
:020000040000fa
:020000040c03eb
:100aa80010b50446437e012b05d0022b08d0204602
:100ab800fbf71cf910bd054b1968fef7a7fef6e712
:100ac800024b1968fdf746fbf1e700bf440e07200b
:020000040000fa
:020000040c03eb
:100ad80010b50446437e012b05d0022b08d02046d2
:100ae800faf7defe10bd054b1968fef78ffef6e734
:100af800024b1968fdf72efbf1e700bf480e0720ef
:020000040000fa
:020000040c03eb
:100b080010b50446437e012b06d0022b09d00123e1
:100b1800e3770023a36210bd044b1968fef776fe45
:100b2800f5e7024b1968fdf715fbf0e74c0e0720b7
:020000040000fa
:020000040c03eb
:100b380030b400eb4004094b03eb84031b7adbb2af
:100b4800834201d030bc7047044b44002518ad00e7
:100b58005951204403eb80035a60f3e7c807072084
:020000040000fa
:020000040c03eb
:100b68000a4b5b8b13f0070f0ed0084b80221a76c6
:100b780007225a831b7e13f0040f05d0034b9a6a91
:100b88001a7e12f0040ffad1704700bf00400046e9
:020000040000fa
:020000040c03eb
:100b980010b50024074b1c604ff40072214606482c
:100ba80001f044fe68222146044801f03ffe204639
:100bb80010bd00bf701506206c1306200413062014
:020000040000fa
:020000040c03eb
:100bc80053b94ab9002908bf00281cbf4ff0ff31ac
:100bd8004ff0ff3002f060b9adf1080c6de904ceba
:100be800f2f7a8f8ddf804e0dde9022304b0704765
:020000040000fa
:020000040c03eb
:100bf800064b1a680ab9064a1a60064a116809b902
:100c0800054911601a68054b1a607047f00d0720f6
:100c180090ab0720ec0d072090ad0720e80d0720ca
:020000040000fa
:020000040c03eb
:100c2800d0f8803073b110b400f180020023013392
:100c380052f8044f002cfad1203340f823105df805
:0e0c4800044b70470023203340f82310704700
:020000040000fa
:020000040c03eb
:100c560012f0030f10d110b44260016181610023cc
:100c66004b608b60cb60103a0a6001220a730270f7
:0e0c760018465df8044b70474ff0ff30704792
:020000040000fa
:020000040c03eb
:100c840038b505460368d3f8243198470023eb7739
:100c9400ab6c5bb100246b6c53f824000368d3f88d
:0e0ca400183198470134ab6ca342f4d838bd28
:020000040000fa
:020000040c03eb
:020cb200704789
:020000040000fa
:020000040c03eb
:100cb400830203f47842030403f07843410301f40c
:100cc40078010b4300f00100002818bfff201843ef
:0c0cd40002430148104370470007070767
:020000040000fa
:020000040c03eb
:100ce000020202f47802430103f478438100c9b29e
:100cf00000f00100002818bf4ff07f40134303436a
:0c0d00000b430148184370470707070029
:020000040000fa
:020000040c03eb
:100d0c0042f2107303fb00f090fbf1f111f1950f1f
:100d1c0007db3231044880fb0130c917c1eb60108e
:0c0d2c0070470020704700bf1f85eb518e
:020000040000fa
:020000040c03eb
:100d380038b50c4638b1054601f0fcfa04eb001052
:100d480055f8200038bd01f0f5fa04eb0010024b0d
:0c0d580053f82000f6e700bf541f020c07
:020000040000fa
:020000040c03eb
:100d6400252e030c252e030c252e030c252e030cf7
:100d7400252e030c252e030c252e030ce126030c33
:0c0d84009929030c252e030c0000000030
:020000040000fa
:020000040c03eb
:100d900008b50268137c073bdbb2022b0ad8936bc1
:100da00053b1fff777fbb0f1ff3f4ff0ff3018bfb3
:0c0db000002000e0002008bd0020fce74f
:020000040000fa
:020000040c03eb
:100dbc0010b50368d3f89830074ad36011690068fe
:100dcc0050f8982b926b54680a4601fb034101f0d2
:0c0ddc00a7f9002010bd00bf200d07206b
:020000040000fa
:020000040c03eb
:100de80043692bb18b4203d89b680bb19942fbd264
:100df80082694ab1914203d392682ab19142fbd2e7
:0c0e08000bb1934200d913461846704706
:020000040000fa
:020000040c03eb
:100e140008b54369c3f380028a420cd041b923f078
:100e2400040343610368d3f8dc309847002008bd0d
:0c0e340043f00403f5e74ff0ff30f8e74f
:020000040000fa
:020000040c03eb
:100e400008b5436903f001028a420cd041b923f08e
:100e5000010343610368d3f8dc309847002008bde4
:0c0e600043f00103f5e74ff0ff30f8e726
:020000040000fa
:020000040c03eb
:100e6c0008b54369c3f340028a420cd041b923f060
:100e7c00020343610368d3f8dc309847002008bdb7
:0c0e8c0043f00203f5e74ff0ff30f8e7f9
:020000040000fa
:020000040c03eb
:100e980008b5084b9a8992b207494a604cf2ff326a
:100ea8009a819b890b6823b10b46486889681b683f
:0c0eb800984708bd00200744dc0d07200f
:020000040000fa
:020000040c03eb
:100ec40007ee900af8ee676a07ee901af8ee677a72
:100ed40086eea77a07ee902af8ee677a67ee877aad
:0a0ee400fceee77a17ee900a704763
:020000040000fa
:020000040c03eb
:100eee0070b505460e460368d3f8ec309847ab6ce8
:100efe0053b100246b6c314653f82400fff7f0ff1a
:0a0f0e000134ab6ca342f5d870bdae
:020000040000fa
:020000040c03eb
:100f180090b170b5064604684cb125686068fdf765
:100f2800c9f82046fdf7c6f82c46002df5d1002358
:0a0f3800b3603360736070bd704752
:020000040000fa
:020000040c03eb
:100f4200f0b406461868476802fb01f058b1751ef6
:100f5200421e16449c6b3c5d05f8014f9c6b0134ac
:0a0f62009c63b542f6d1f0bc704765
:020000040000fa
:020000040c03eb
:100f6c0011b9002000b2704738b50d460446fff7a2
:100f7c0005fd94f8e8390bb100b238bd4ff6ff739c
:0a0f8c00ab401843013000b2f7e754
:020000040000fa
:020000040c03eb
:100f96008ab12de9f04116468846074600252846bf
:100fa60044004146384601f072f920430135ae420d
:0a0fb600f6d1bde8f0811046704747
:020000040000fa
:020000040c03eb
:100fc00030b583b004460d46684601f023f8bdf9fc
:100fd0000030e41abdf90230ed1a00f04dfb2a464c
:0a0fe0002146fef70df803b030bd06
:020000040000fa
:020000040c03eb
:100fea0081b170b50d46164600f144042046fff75c
:100ffa0032fab0f1ff3f04d02a4631462046fdf7c7
:0a100a000efa70bd4ff0ff30704782
:020000040000fa
:020000040c03eb
:101014002de9f0410024804617460e462546bd4280
:1010240002db2046bde8f081726856f8081b404692
:0a10340000f0effe01350444f1e77f
:020000040000fa
:020000040c03eb
:10103e002de9f0410024804617460e462546bd4256
:10104e0002db2046bde8f081726856f8081b404668
:0a105e0001f057f801350444f1e7f2
:020000040000fa
:020000040c03eb
:1010680003780a2b0cd010b4446804fb02125b010d
:101078000449c958406901fb02005df8044b7047f8
:08108800002070479861020c82
:020000040000fa
:020000040c03eb
:1010900008b50021054801f069f90121044801f073
:1010a00065f90221034801f061f908bd34120620f8
:0810b000501206206c1206200c
:020000040000fa
:020000040c03eb
:1010b80003000100001000000018000000200000dc
:1010c8000500466173742e000600536d6172742e1c
:0810d8000500456173792e004b
:020000040000fa
:020000040c03eb
:1010e00008b50368da6a12f0040f04d05a6b12b123
:1010f000fbf75cfc08bd1a7c531fdbb2012bf7d950
:08110000032af5d00020f5e7f9
:020000040000fa
:020000040c03eb
:10110800036803f11002203393420bd301f110005e
:10111800521a2f2a88bf2f2894bf0120002080f060
:08112800010070470020704730
:020000040000fa
:020000040c03eb
:1011300038b590f864308b420cd00d460446036df0
:10114000d3f8e030984784f86450236dd3f8e0304a
:0811500020469847002038bd3d
:020000040000fa
:020000040c03eb
:1011580010b50446fbf754fb064b236023650223b6
:1011680023726423e381238200236376012222769b
:08117800636510bd846e020cda
:020000040000fa
:020000040c03eb
:1011800010b50446fbf740fb064b236023650323a1
:1011900023726423e3811923238200236376a376d9
:0811a000636510bdc06f020c75
:020000040000fa
:020000040c03eb
:1011a800034668b1426912f0040f0bd11b6c2bb1d6
:1011b8005a6912f0040ff9d00120704700207047d7
:0811c800002070470120704770
:020000040000fa
:020000040c03eb
:1011d00010b5044603689b6b9847012804d0207e15
:1011e000003018bf012010bd23685b6c2046984773
:0811f000fe28f4d80020f6e708
:020000040000fa
:020000040c03eb
:1011f80008b5437e012b09d8437f8b4209d041773c
:101208000368d3f8dc309847002008bd4ff0ff3062
:08121800fbe74ff0ff30f8e79f
:020000040000fa
:020000040c03eb
:10122000054b064a1a60064a9a60064a5a604ff40d
:101230008052da60704700bf00008b450500101037
:08124000060003000206101075
:020000040000fa
:020000040c03eb
:10124800074b93f820305bb23bb9064b588b00f044
:101258003000103818bf012070470120704700bfc8
:08126800f80b0720004080454f
:020000040000fa
:020000040c03eb
:1012700038b50546fef780ff044648b12846fef71c
:10128000d1fc38b1047de4b20022027500f060faae
:08129000204638bd0024f9e7f7
:020000040000fa
:020000040c03eb
:1012980090f948305a1e1343426880f8483012f0db
:1012a80004031bbf42f010024260c0e90f334ff045
:0812b800ff3008bf1846704723
:020000040000fa
:020000040c03eb
:1012c00008b50378022b08d0032b09d0012b01d0dd
:1012d000002008bdf8f702f9fbe7fdf7b3fef8e7d9
:0612e000fdf7d2fef5e768
:020000040000fa
:020000040c03eb
:1012e60038b504460d46104601f0fdfa04f0070332
:1012f60000fb03f30733e40800fb04f000ebd30024
:0613060005fb00f038bdfc
:020000040000fa
:020000040c03eb
:10130c0038b505460c46104601f0eafa04fb05f127
:10131c0001f0070300fb03f30733c90800fb01f0de
:06132c0000ebd30038bd08
:020000040000fa
:020000040c03eb
:1013320008b503689a6b1ab1117c427a914206d0c1
:101342001a7c437a9a4204d0fdf713fa08bd0020b2
:06135200fce70020fae7b1
:020000040000fa
:020000040c03eb
:1013580000b589b00190029103928df810300a9b74
:1013680005930b9b06930023079301a8f3f702f953
:0613780009b05df804fb62
:020000040000fa
:020000040c03eb
:10137e0010b584b004466a4602a9f8f7f8fe02a931
:10138e00204600f0d8fc236dd3f82c3102a920465c
:06139e00984704b010bde9
:020000040000fa
:020000040c03eb
:1013a40071b138b50d460446006c18b103685b6f23
:1013b400214698472b68db6e21462846984738bd5e
:0613c4004ff0ff307047fe
:020000040000fa
:020000040c03eb
:1013ca0038b504460d46036b1bb1426b984701289a
:1013da0008d0a36b2bb1e26b294620469847012817
:0613ea0000d0002038bd18
:020000040000fa
:020000040c03eb
:1013f0000c00000018000000240000003000000075
:101400003c000000480000005e0000006400000096
:0414100000000000d8
:020000040000fa
:020000040c03eb
:101414004b1fdbb2012b03d9032901d0ff207047f6
:10142400034b03eb41118b691840cb7fd8407047c5
:041434009861020cad
:020000040000fa
:020000040c03eb
:10143800030c03f47843420b02f4f8621343820a64
:1014480002f03e02134310f0ff0f0cbf184643f0a2
:0414580001007047d8
:020000040000fa
:020000040c03eb
:10145c00030a03f47843420902f4f8621343820846
:10146c0002f03e02134310f0ff0f0cbf184643f07e
:04147c0001007047b4
:020000040000fa
:020000040c03eb
:1014800010b53ab1642a06d0884206d0044c54f80c
:101490002330984710bd0846fce70846fae700bf2e
:0414a00084aa0720f3
:020000040000fa
:020000040c03eb
:1014a40010b5faf78bff064c2060fdf795fe6060df
:1014b400fef7bcfca060fcf749fbe06010bd00bf78
:0414c400240c0720cd
:020000040000fa
:020000040c03eb
:1014c80010b5064900248c60c46204630860044bac
:1014d8004b60fff7a5fb204610bd00bf940c07200a
:0414e800fdc1020c34
:020000040000fa
:020000040c03eb
:1014ec0010b5074b1a68936f02eb0313046810686e
:1014fc009a6b596b1030fdf77dfde067002010bd35
:04150c00800d072027
:020000040000fa
:020000040c03eb
:1015100006280bd8dfe800f00c0a040c060a0800c5
:101520000320704702207047042070470020704756
:0415300001207047df
:020000040000fa
:020000040c03eb
:1015340038b5041f00f13c0506e0fff7f9ff206809
:10154400fcf7bafdac4204d054f8040f0028f4d1df
:04155400f8e738bdbf
:020000040000fa
:020000040c03eb
:1015580070b5044601f004f805460830204400f050
:10156800ffff0646291d201dfef7b2fc301a18bfe2
:04157800012070bd21
:020000040000fa
:020000040c03eb
:10157c0010b5064b0024194641f8084943f8080ced
:10158c00034b4b60fff780f9204610bdac120620d0
:04159c00dd1f030c40
:020000040000fa
:020000040c03eb
:1015a00010b5064900248c60012280f8a92008604b
:1015b000034b4b60fff76ef9204610bd340d07203a
:0415c00049ff020cd1
:020000040000fa
:020000040c03eb
:1015c40010b5074b1b68d3f8944003eb0414186858
:1015d400626d216d1030fdf711fde06510bd00bf97
:0415e400a00c072030
:020000040000fa
:020000040c03eb
:1015e80010b5064900248c60cc600c610860044b7f
:1015f8004b60fff74bf9204610bd00bf0c0a0720cf
:041608008969020cde
:020000040000fa
:020000040c03eb
:10160c0010b5064900248c608464c4640860044be3
:10161c004b60fff739f9204610bd00bf6c0d072059
:04162c002dc0020cbf
:020000040000fa
:020000040c03eb
:1016300010b5064900248c608464c4640860044bbf
:101640004b60fff727f9204610bd00bf6c0d072047
:04165000ddce020cdd
:020000040000fa
:020000040c03eb
:101654000346c06968b10268da611a69013a1a611d
:101664000ab90021d96159688a1a59698a4288bf1e
:041674005a61704700
:020000040000fa
:020000040c03eb
:10167800064b186cb0f1ff3f05d0c0eb0010044bcf
:1016880003eb800070470020704700bfb0120620af
:04169800600a0720bd
:020000040000fa
:020000040c03eb
:10169c0010b50c46054b1b6cc3eb031302460449f7
:1016ac0011f82310204600f007fc10bdb0120620e4
:0416bc00600a072099
:020000040000fa
:020000040c03eb
:1016c00010b582b00446064b1b689b686946032030
:1016d0009847009b2360019b636002b010bd00bf70
:0416e000b01206201e
:020000040000fa
:020000040c03eb
:1016e40038b5836e8b420bd00d460446036dd3f898
:1016f400e0309847a566236dd3f8e030204698473c
:04170400002038bdcc
:020000040000fa
:020000040c03eb
:1017080038b5837e8b420bd00d4604460368d3f868
:10171800e0309847a5762368d3f8e030204698470c
:04172800002038bda8
:020000040000fa
:020000040c03eb
:10172c0038b5c37e8b420bd00d4604460368d3f804
:10173c00e0309847e5762368d3f8e03020469847a8
:04174c00002038bd84
:020000040000fa
:020000040c03eb
:1017500010b5074c94f82110b4f9080000f0a4fa71
:1017600094f8203013b9012284f8282010bd00bf5e
:04177000a00a0720a4
:020000040000fa
:020000040c03eb
:1017740000b583b04ff0ff33019301a9fcf7dcfd02
:1017840020b9019800f050fe0028fad003b05df8ab
:0217940004fb54
:020000040000fa
:020000040c03eb
:1017960008b5002902da11f5b471fcd4b1f5b47fad
:1017a60004dda1f5b471b1f5b47ffadcfef7d3fd23
:0217b60008bd6c
:020000040000fa
:020000040c03eb
:1017b80038b504460d464168013100f0c6fe0346bf
:1017c80028b123686268134403f8015c01231846b2
:0217d80038bd1a
:020000040000fa
:020000040c03eb
:1017da0010b50446c37f4bb1e37f012b05d0a36a42
:1017ea0020469847e37f012bf9d110bdf8f7fbfe9d
:0217fa00f2e714
:020000040000fa
:020000040c03eb
:1017fc0010b50446c37f4bb1e37f012b05d0a36a20
:10180c0020469847e37f012bf9d110bdfaf76cfa0b
:02181c00f2e7f1
:020000040000fa
:020000040c03eb
:10181e0010b50446c37f4bb1e37f012b05d0a36afd
:10182e0020469847e37f012bf9d110bdfaf735f822
:02183e00f2e7cf
:020000040000fa
:020000040c03eb
:1018400008b5037f8b4209d0ff2928bfff2101770c
:101850000368d3f8dc309847002008bd4ff0ff3014
:02186000fbe7a4
:020000040000fa
:020000040c03eb
:1018620008b500230b604b6050b10246034653f8a3
:101872000a0f5b6808604b60106c08b100f061faf7
:0218820008bd9f
:020000040000fa
:020000040c03eb
:1018840070b582b004460d46164603689b6e6946e1
:1018940098473346627f29466846f2f758ff02b0fc
:0218a40070bd15
:020000040000fa
:020000040c03eb
:1018a60038b5037e012b00d038bd0d460446002115
:1018b600c06afff73efa2a4601462046fef7e2fcda
:0218c600f2e747
:020000040000fa
:020000040c03eb
:1018c800030403f460038201d2b21343c00200f49c
:1018d8006040034301481843704700bf1f1f1f00a3
:020000040000fa
:020000040c03eb
:1018e800030603f06043820392b21343c00400f47a
:1018f8006000034301481843704700bfff1f1f1fc4
:020000040000fa
:020000040c03eb
:10190800030403f460038201d2b21343c00200f45b
:101918006040034301481843704700bf1f1f1fff63
:020000040000fa
:020000040c03eb
:10192800030203f478038200d2b21343400100f4a7
:101938007840034301481843704700bf0707070072
:020000040000fa
:020000040c03eb
:1019480060b110b5044602fb01f3c068834201d3bd
:10195800002010bd2046fdf74ffbfae70020704736
:020000040000fa
:020000040c03eb
:1019680008b50278044b03eb42131a7a034b53f879
:101978002230984708bd00bf9861020cf0aa0720e2
:020000040000fa
:020000040c03eb
:1019880008b538b142688a4207d932b1fdf77dff00
:10199800002008bd4ff0ff30fbe74ff0ff30f8e7bd
:020000040000fa
:020000040c03eb
:1019a80008b538b142688a4207d932b1fbf7eafd77
:1019b800002008bd4ff0ff30fbe74ff0ff30f8e79d
:020000040000fa
:020000040c03eb
:1019c80058b110b50446006818b1fcf773fb002342
:1019d80023600020a060606010bd4ff0ff307047aa
:020000040000fa
:020000040c03eb
:1019e80010b5054900248c600860044b4b60fff774
:1019f80017f9204610bd00bf74150620db28030c1c
:020000040000fa
:020000040c03eb
:101a080010b5054900248c600860044b4b60fff753
:101a180007f9204610bd00bff40607203d25030c3a
:020000040000fa
:020000040c03eb
:101a280010b5054900248c600860044b4b60fff733
:101a3800f7f8204610bd00bf800d0720ed14030cf9
:020000040000fa
:020000040c03eb
:101a480010b5044600f097fd04f1200000f042fcb8
:101a580004f14000fdf7def80123c4f8e03010bdc2
:020000040000fa
:020000040c03eb
:101a680010b50468d4f89820617a044b187b00f00c
:101a780025fac4f89800002010bd00bf400d0720cb
:020000040000fa
:020000040c03eb
:101a880010b5064b1b68d3f8944003eb0414186890
:101a9800a16d1030fff764ffe06510bda00c0720b2
:020000040000fa
:020000040c03eb
:101aa80010b5054900248c600860044b4b60fef7b4
:101ab800edfe204610bd00bf4c0b0720c19a020c5a
:020000040000fa
:020000040c03eb
:101ac80010b5054900248c600860044b4b60fef794
:101ad800ddfe204610bd00bf1405072013fd020cd3
:020000040000fa
:020000040c03eb
:101ae80010b5054900248c600860044b4b60fef774
:101af800cdfe204610bd00bf8c0b0720d52b030c54
:020000040000fa
:020000040c03eb
:101b080010b5054900248c600860044b4b60fef753
:101b1800bdfe204610bd00bf0c0d072009d0020ce9
:020000040000fa
:020000040c03eb
:101b280010b5054900248c600860044b4b60fef733
:101b3800adfe204610bd00bfc40d07200d23030cc9
:020000040000fa
:020000040c03eb
:101b480010b5054900248c600860044b4b60fef713
:101b58009dfe204610bd00bfd00d07202523030c95
:020000040000fa
:020000040c03eb
:101b680010b50446fef700f8034608b1184610bd44
:101b780021460248f8f7aafa0346f7e7700c07204f
:020000040000fa
:020000040c03eb
:101b8800064a136901331361526a526b934234bf98
:101b980003230923014a82f828307047b01206202f
:020000040000fa
:020000040c03eb
:101ba80000b583b00090019169460448fdf74efde9
:101bb800b0fa80f0400903b05df804fbc8120620b3
:020000040000fa
:020000040c03eb
:101bc800024650b149b1cb88808a1b1a9bb2cb80a0
:101bd800d28a1344cb80002070474ff0ff30704703
:020000040000fa
:020000040c03eb
:101be80038b5436d8b4209d00d4604460bb1fef75c
:101bf800dff9656515b12046fef7daf9002038bd32
:020000040000fa
:020000040c03eb
:101c080008b538b131b1096c31b1814206d0fff75e
:101c1800f7ff08bd0020fce70020fae70120f8e7fd
:020000040000fa
:020000040c03eb
:101c280038b505460c4600f0a7ff012800d038bd9e
:101c38002846fbf70bff01462046faf767faf6e756
:020000040000fa
:020000040c03eb
:101c480008b54ff0894302225a615b69034bdb6890
:101c58001bb1024b1869db68984708bdc807072005
:020000040000fa
:020000040c03eb
:101c680008b54ff0894304225a615b69034b9b69ad
:101c78001bb1024bd8699b69984708bdc807072064
:020000040000fa
:020000040c03eb
:101c8800064b022283f82221012283f8272140f201
:101c98001c421a6227229a62704700bf00008644dd
:020000040000fa
:020000040c03eb
:101ca800002800db01b97047420900f01f0001233a
:101cb80003fa00f0014b43f82200f4e700e100e0ea
:020000040000fa
:020000040c03eb
:101cc80008b5fcf7b7f8054b9868edf711fafef779
:101cd80027fef5f7f7ff00f09bfc08bdf812062079
:020000040000fa
:020000040c03eb
:101ce80010b5054c22680ab9fef782ff034b186845
:101cf8002368c01a10bd00bfe80d0720ec0d0720af
:020000040000fa
:020000040c03eb
:101d0800030203f46043c20002f018021343800187
:0e1d180000f4e060034341f6e3001843704717
:020000040000fa
:020000040c03eb
:101d2600030203f46043020102f030021343800110
:0e1d360000f4e060034341f6c6001843704716
:020000040000fa
:020000040c03eb
:101d4400034658b151b10a88588902440a804a8826
:0e1d5400988902444a801b6c002bf4d1704722
:020000040000fa
:020000040c03eb
:101d620050b110b50446006808b1fcf7a6f900208e
:0e1d72002060a060606010bd4ff0ff30704731
:020000040000fa
:020000040c03eb
:101d800060b182688a4208d9026821b100231268d2
:0e1d900001339942fbd1506870470020704724
:020000040000fa
:020000040c03eb
:101d9e004b684bb18a689a608b680bb14a685a607f
:0e1dae0000238b604b6070478b680360f4e786
:020000040000fa
:020000040c03eb
:101dbc0070b504460d461646fff758fc331c18bf89
:0e1dcc0001232a462146fbf709fc002070bdca
:020000040000fa
:020000040c03eb
:101dda0010b584b004466a4602a9f7f73ff8236da6
:0e1dea00d3f82c3102a92046984704b010bd52
:020000040000fa
:020000040c03eb
:101df80010b582b0044603689b6e6946984723680d
:0e1e0800d3f82c3169462046984702b010bd31
:020000040000fa
:020000040c03eb
:101e160058b952b138b50c46012529462046fcf77b
:0e1e260012fa0028f9d0012038bd00207047c4
:020000040000fa
:020000040c03eb
:101e340010b50023934206d113f0030018bf01200c
:0e1e440000eb930010bdc45ccc540133f2e7f8
:020000040000fa
:020000040c03eb
:101e520010b584b001240394069c0294019300926d
:0c1e620000231a46f1f793fd04b010bdf8
:020000040000fa
:020000040c03eb
:101e7000436803fb021203785b010349c9584069b8
:0c1e800001fb0200704700bf3860020c3c
:020000040000fa
:020000040c03eb
:101e8c00830803f03e03020202f478421343c000bd
:0c1e9c0000f4f860184340f001007047ab
:020000040000fa
:020000040c03eb
:101ea800030a03f47843820802f03e021343400910
:0c1eb80000f4f860184340f0010070478f
:020000040000fa
:020000040c03eb
:101ec40008b500eb800300eb43000844024b53f8d1
:0c1ed40020301046984708bd90a607205b
:020000040000fa
:020000040c03eb
:101ee000b0f5b47f04dba0f5b470b0f5b47ffadad6
:0c1ef000002802da10f5b470fcd4704732
:020000040000fa
:020000040c03eb
:101efc0030b108b501460448fdf716fe002008bdb8
:0c1f0c004ff0ff30704700bf500d072061
:020000040000fa
:020000040c03eb
:101f180010b5054c24220021204600f087fc01233f
:0c1f28002370002010bd00bf4c0c0720ef
:020000040000fa
:020000040c03eb
:101f3400054b1b78012b04d0034b01221a7000209f
:0c1f440070474ff0ff307047850e0720fb
:020000040000fa
:020000040c03eb
:101f500008b5054b18680368db6ab0f91020b0f9c2
:0c1f60000e10984708bd00bf200e07209f
:020000040000fa
:020000040c03eb
:101f6c00080000000800000004000000040000004d
:0c1f7c0002000000020000000100000054
:020000040000fa
:020000040c03eb
:101f8800080000000800000008000000040000002d
:0c1f980004000000020000000200000035
:020000040000fa
:020000040c03eb
:101fa4000000000004000000000000000200000027
:0c1fb40000000000010000000000000020
:020000040000fa
:020000040c03eb
:101fc000000000000000000004000000000000000d
:0c1fd00002000000000000000100000002
:020000040000fa
:020000040c03eb
:101fdc0003681a68d3f89810126b914201d0002054
:0c1fec0070474ff0ff32c3f8ec20f8e71c
:020000040000fa
:020000040c03eb
:101ff80010b582b0059c0194049c0094024ce468de
:0c200800a04702b010bd00bfd00a0720a6
:020000040000fa
:020000040c03eb
:10201400054b596a1a690b6b03ebc2031a685b68b8
:0c20240002604360704700bfb01206204d
:020000040000fa
:020000040c03eb
:1020300038b50d4611461a46034b53f82040049b11
:0c2040002846a04738bd00bf50ab072069
:020000040000fa
:020000040c03eb
:10204c0038b5054600f044fe0468ad6900f040fe6a
:0c205c00426829462046fdf7a3fd38bd70
:020000040000fa
:020000040c03eb
:102068008420030cdc0c07200100000002000000a3
:0c20780028090720d027030c640000009a
:020000040000fa
:020000040c03eb
:102084000901030c9905030ccd05030ccded020cdd
:0c209400592c030c2981020c4d2c030c6c
:020000040000fa
:020000040c03eb
:1020a0000000000000000000000000003182020c6f
:0c20b0004dcd020c00000000e00110010a
:020000040000fa
:020000040c03eb
:1020bc0030b4054b44002518ad005951044403ebd2
:0c20cc0084035a6030bc7047f40c0720fd
:020000040000fa
:020000040c03eb
:1020d800054a138823f002031b041b0c13801369a1
:0c20e80013f0020ffbd1704700200744ea
:020000040000fa
:020000040c03eb
:1020f400054b1b6b13f0800f03d1034bd8660120f3
:0c21040070470020704700bf004081467b
:020000040000fa
:020000040c03eb
:1021100038b50d461446012801d0204638bd214669
:0c2120002846fdf76bf90028f9d0f6e71f
:020000040000fa
:020000040c03eb
:10212c005ab110b40a44431e11f8014b03f8014f85
:0c213c009142f9d15df8044b70477047e8
:020000040000fa
:020000040c03eb
:1021480010b584b002240394069c029400240194e0
:0a2158000094f1f719fc04b010bd6b
:020000040000fa
:020000040c03eb
:10216200030403f07843c20292b21343400300f423
:0a2172007c00184340f0ff007047a6
:020000040000fa
:020000040c03eb
:10217c00030203f47803c200d2b21343400100f40b
:0a218c007c40184340f07f4070478c
:020000040000fa
:020000040c03eb
:1021960038b502fb01f5c468a54203d2fbf721fa64
:0a21a600002038bd4ff0ff30fbe7ca
:020000040000fa
:020000040c03eb
:1021b00010b582b00346046a012211460df10700f2
:0a21c000a0479df8070002b010bd13
:020000040000fa
:020000040c03eb
:1021ca0030b583b0069c65681db10094a84703b07a
:0a21da0030bd0094f6f7a5f9f9e70f
:020000040000fa
:020000040c03eb
:1021e40070b504460d461646fff744fa33462a46b0
:0a21f4002146fbf7f7f9002070bd4b
:020000040000fa
:020000040c03eb
:1021fe0038b504460d4643699b6d9847a5616369e2
:0a220e00db6d20469847002038bd24
:020000040000fa
:020000040c03eb
:1022180000230b604b60034630b1026c22b153f8c7
:0a2228000a2f5b680a604b607047e4
:020000040000fa
:020000040c03eb
:10223200430c03f07003020a02f0e00213430009a8
:0822420000f00c001843704786
:020000040000fa
:020000040c03eb
:10224a0001f00703c9084269505c80221a41104014
:08225a00c3f10703d8407047ef
:020000040000fa
:020000040c03eb
:1022640000000000b810030c28000000b810030c94
:0822740080ab07200000000010
:020000040000fa
:020000040c03eb
:10227c00292e030c2d2e030c8769020c312e030c16
:08228c006f2d030c352e030c2d
:020000040000fa
:020000040c03eb
:102294000368da088a5cd94301f007010a41013373
:0822a400036002f00100704725
:020000040000fa
:020000040c03eb
:1022ac0010b504460068fbf703ff6068fbf700fffe
:0822bc00a068fbf7fdfe10bd58
:020000040000fa
:020000040c03eb
:1022c40010b50446002020600121f3f7fdfd10b194
:0822d40000220270206010bd21
:020000040000fa
:020000040c03eb
:1022dc0000230361c36183614361062202700822fb
:0822ec0042608360c36070478b
:020000040000fa
:020000040c03eb
:1022f4000368d3f8982012f0010f03d14ff0ff3296
:08230400c3f8ec200020704733
:020000040000fa
:020000040c03eb
:10230c0008b50068d0f89c30d0f89820016ac069f4
:08231c00fef708f9002008bdde
:020000040000fa
:020000040c03eb
:1023240008b501684868d1f898300a6ac96910305c
:08233400fbf758f9002008bd79
:020000040000fa
:020000040c03eb
:10233c00034b1b6cc3eb0313024a12f823007047c8
:08234c00b0120620600a072010
:020000040000fa
:020000040c03eb
:1023540008b501460348fbf7bffdb0fa80f0400919
:0823640008bd00bfc8120620ed
:020000040000fa
:020000040c03eb
:10236c0038b504460d46034b0360436100f03efc58
:08237c00a56138bd88c1020c07
:020000040000fa
:020000040c03eb
:1023840010b50446034b1968fff78bfa2046f9f79a
:08239400affc10bd440e072050
:020000040000fa
:020000040c03eb
:10239c0010b50446034b1968fff77ffa2046f9f78e
:0823ac007dfa10bd480e072068
:020000040000fa
:020000040c03eb
:1023b40048b110b504460368d3f810319847204655
:0823c400fbf77afe10bd704723
:020000040000fa
:020000040c03eb
:1023cc00044a138843f002031380136913f0020fbd
:0823dc00fbd17047002007440b
:020000040000fa
:020000040c03eb
:1023e400044a136843f002031360936813f0020f66
:0823f400fbd170470000014518
:020000040000fa
:020000040c03eb
:1023fc00044a136843f002031360936813f0020f4e
:08240c00fbd1704700200145df
:020000040000fa
:020000040c03eb
:10241400044a136843f002031360936813f0020f35
:08242400fbd170470040814626
:020000040000fa
:020000040c03eb
:10242c0038b50546fef71eff044608b9204638bdf0
:08243c002846fdf70ffcf9e74b
:020000040000fa
:020000040c03eb
:1024440003783bb1034600bf13f8012f002afbd1e8
:08245400181a70471846704782
:020000040000fa
:020000040c03eb
:10245c0010b50446fef71aff28b9a368e268c4e970
:08246c0005331344a36210bd07
:020000040000fa
:020000040c03eb
:10247400044a136823b910600361016001207047a6
:0824840000207047600e0720e4
:020000040000fa
:020000040c03eb
:10248c00030203f47842c30003f4fc631343c0f368
:06249c00c4001843704764
:020000040000fa
:020000040c03eb
:1024a200030a03f0e003820902f01c021343c0f3a3
:0624b200c1001843704751
:020000040000fa
:020000040c03eb
:1024b800430003f03e0320f03f000004000c1843e3
:0624c80040f00100704726
:020000040000fa
:020000040c03eb
:1024ce00030203f47803420102f47c421343c0007a
:0624de00c0b21843704774
:020000040000fa
:020000040c03eb
:1024e400030a03f0e003820902f01c021343c0f361
:0624f400011018437047bf
:020000040000fa
:020000040c03eb
:1024fa00030a03f47843420902f4fc621343c0f36b
:06250a00c40018437047f5
:020000040000fa
:020000040c03eb
:10251000030e03f0e003c20c02f01c021343c0f3ed
:06252000813018437047f2
:020000040000fa
:020000040c03eb
:10252600030c03f47843420b02f4fc621343c0f33a
:06253600c42018437047a9
:020000040000fa
:020000040c03eb
:10253c0008b501684868cb6f0a6ac9691030fbf7a7
:06254c004df8002008bd5f
:020000040000fa
:020000040c03eb
:1025520038b504460d46fef76af9034608b16560d0
:062562000123184638bdfc
:020000040000fa
:020000040c03eb
:10256800027843781b0443ea0263c27813438078f5
:0625780043ea0020704759
:020000040000fa
:020000040c03eb
:10257e000123436183610023c361036103604360f0
:06258e008360c36070478a
:020000040000fa
:020000040c03eb
:1025940008b50368db6a13f0010f01d1002008bd00
:0625a400fef7eafffbe771
:020000040000fa
:020000040c03eb
:1025aa0008b5c36a8b4204d0c1620368d3f8dc3031
:0625ba009847002008bd57
:020000040000fa
:020000040c03eb
:1025c00008b5437e8b4204d041760368d3f82831a6
:0625d0009847002008bd41
:020000040000fa
:020000040c03eb
:1025d60008b5037e8b4204d001760368d3f8dc305d
:0625e6009847002008bd2b
:020000040000fa
:020000040c03eb
:1025ec0010b5044600f074fbd0f8d402a04214bf1e
:0625fc000020012010bdcb
:020000040000fa
:020000040c03eb
:102602000068002808b501da002008bdfcf7e1f9ee
:06261200431cfad1f8e7b9
:020000040000fa
:020000040c03eb
:10261800034b1b7813b9024b01221a70704700bf95
:04262800000002208c
:020000040000fa
:020000040c03eb
:10262c00c0f3440320f03f000004000c184340f0ba
:04263c0020007047c3
:020000040000fa
:020000040c03eb
:102640004b084269d05c11f0010f14bf00f00f007d
:0426500000097047c6
:020000040000fa
:020000040c03eb
:1026540010b5034c204600f00ff80020e06010bdd8
:04266400500d0720ee
:020000040000fa
:020000040c03eb
:10266800034620b1002018605860986070474ff00a
:04267800ff30704778
:020000040000fa
:020000040c03eb
:10267c00034620b1002018605860986070474ff0f6
:04268c00ff30704764
:020000040000fa
:020000040c03eb
:10269000034620b1002018605860986070474ff0e2
:0426a000ff30704750
:020000040000fa
:020000040c03eb
:1026a4000000000090a407200002000000010000c8
:0426b4000200000020
:020000040000fa
:020000040c03eb
:1026b800034b1b68002b01da014b1860704700bf01
:0426c800180e0720c1
:020000040000fa
:020000040c03eb
:1026cc0003682bb9007b022814bf0020012070473f
:0426dc000020704723
:020000040000fa
:020000040c03eb
:1026e00000f00700802303411940c0f1070021fae0
:0426f00000f070473f
:020000040000fa
:020000040c03eb
:1026f40003682bb9007b032814bf00200120704716
:0427040000207047fa
:020000040000fa
:020000040c03eb
:1027080010b50446806808b1fbf7d4fc0023a36029
:04271800e36010bdad
:020000040000fa
:020000040c03eb
:10271c0010b504462030fff7f1ff04f14000fef73e
:04272c0045f910bd9e
:020000040000fa
:020000040c03eb
:1027300008b5f7f77bfcb0f1ff3f4ff0ff3018bf53
:04274000002008bdb0
:020000040000fa
:020000040c03eb
:102744000269436813448a4298bf994234bf012006
:0427540000207047aa
:020000040000fa
:020000040c03eb
:10275800034b93f82800b0fa80f04009704700bf97
:04276800b012062085
:020000040000fa
:020000040c03eb
:10276c0010b57820fff7faf9044608b1fcf7fcfd28
:04277c00204610bd26
:020000040000fa
:020000040c03eb
:1027800010b55820fff7f0f9044608b1fef7e4fc55
:04279000204610bd12
:020000040000fa
:020000040c03eb
:1027940038b1826c8a4203d9436c53f821007047e4
:0427a400002070475a
:020000040000fa
:020000040c03eb
:1027a80008b520b119b14430fdf7adf808bd4ff0b8
:0427b800ff30fbe70c
:020000040000fa
:020000040c03eb
:1027bc0010b55020fff7d2f9044608b1faf71ef80d
:0427cc00204610bdd6
:020000040000fa
:020000040c03eb
:1027d00000000000370000003b0000003c0000004b
:0427e0003d000000b8
:020000040000fa
:020000040c03eb
:1027e400412c030ccd23030cd920030cdb2d030c4b
:0427f40000000000e1
:020000040000fa
:020000040c03eb
:1027f800034a936813f0800ffbd1014b186c7047a4
:0428080000408146c5
:020000040000fa
:020000040c03eb
:10280c00012800d07047024b01221a70fae700bf72
:04281c008c0e0720f7
:020000040000fa
:020000040c03eb
:102820004729030c351e030c992e030c992e030c1b
:04283000992e030cce
:020000040000fa
:020000040c03eb
:1028340032b1c9b20244034603f8011b9342fbd1ef
:04284400704700bf1a
:020000040000fa
:020000040c03eb
:1028480008b500f077fa024b1860586008bd00bf61
:04285800780d0720d0
:020000040000fa
:020000040c03eb
:10285c00836a2bb19a6a826200221a779a621a7082
:02286c007047b3
:020000040000fa
:020000040c03eb
:10286e000278417883781b0443ea012343ea02008d
:02287e007047a1
:020000040000fa
:020000040c03eb
:1028800043688b4203d9036853f821007047002046
:0228900070478f
:020000040000fa
:020000040c03eb
:1028920008b5b0f90420b0f902100078f6f79dfff0
:0228a20008bd6f
:020000040000fa
:020000040c03eb
:1028a40008b5b0f90420b0f902100078f9f716fd64
:0228b40008bd5d
:020000040000fa
:020000040c03eb
:1028b60008b5b0f90420b0f902100078f9f76ff8fe
:0228c60008bd4b
:020000040000fa
:020000040c03eb
:1028c800431e00f60f22002103f8011f9342fbd19b
:0228d800704747
:020000040000fa
:020000040c03eb
:1028da0008b50368da6f196ad869fef798f8002014
:0228ea0008bd27
:020000040000fa
:020000040c03eb
:1028ec0010b504460078fef70dfe636803fb00f09c
:0228fc0010bd0d
:020000040000fa
:020000040c03eb
:1028fe0090f854000138c0b201288cbf002001208e
:02290e00704710
:020000040000fa
:020000040c03eb
:1029100010b55820fff728f90446fef731fc204691
:0229200010bde8
:020000040000fa
:020000040c03eb
:10292200eff3108072b6bff35f8fb0fa80f0400908
:022932007047ec
:020000040000fa
:020000040c03eb
:1029340018b1bff35f8f62b6704772b6bff35f8f93
:022944007047da
:020000040000fa
:020000040c03eb
:102946000a440023914201d10020704701f8013b5f
:02295600f8e7a0
:020000040000fa
:020000040c03eb
:10295800024bd3f8a002c0f3400070470000844443
:020000040000fa
:020000040c03eb
:10296800030643ea002343ea004040f0ff007047b3
:020000040000fa
:020000040c03eb
:1029780008b5024b1860fdf755fd08bd2801072072
:020000040000fa
:020000040c03eb
:10298800034610b10020586070474ff0ff30704781
:020000040000fa
:020000040c03eb
:1029980010f0010f14bf01f00f00c1f303107047ce
:020000040000fa
:020000040c03eb
:1029a80008b5024b53f82230984708bd640d030c54
:020000040000fa
:020000040c03eb
:1029b80008b5024b53f82130984708bd7c22030c18
:020000040000fa
:020000040c03eb
:1029c8000246024b03cb106051607047c8120620c4
:020000040000fa
:020000040c03eb
:1029d80008b50a460149faf7e7f908bdc812062002
:020000040000fa
:020000040c03eb
:1029e80008b5c165036dd3f8e0309847002008bded
:020000040000fa
:020000040c03eb
:1029f80008b50166036dd3f8e0309847002008bd9c
:020000040000fa
:020000040c03eb
:102a080008b5836d1bb1036dd3f8dc30984708bd5a
:020000040000fa
:020000040c03eb
:102a180008b500228265c2650266faf7e9fe08bdbc
:020000040000fa
:020000040c03eb
:102a280008b5436d1bb1036dd3f8dc30984708bd7a
:020000040000fa
:020000040c03eb
:102a3800006c08b970471846036c002bfbd170472f
:020000040000fa
:020000040c03eb
:102a480019b1006a0860002070474ff0ff307047e6
:020000040000fa
:020000040c03eb
:102a5800024a136801331360704700bf500e072005
:020000040000fa
:020000040c03eb
:102a680000294ff480630cbf02220022fbf788bfc5
:020000040000fa
:020000040c03eb
:102a780008b5fff7e5fefcf7a8fdfcf7a6fd08bdc5
:020000040000fa
:020000040c03eb
:0e2a880018b1c06900f00100704700207047cf
:020000040000fa
:020000040c03eb
:0e2a960000f0e00040ead00040ea90107047e7
:020000040000fa
:020000040c03eb
:0e2aa400030243ea0043184340f07f407047ae
:020000040000fa
:020000040c03eb
:0e2ab200824203db8a42a8bf0a4610467047e4
:020000040000fa
:020000040c03eb
:0e2ac00042f2107303fb00f0b0fbf1f0704720
:020000040000fa
:020000040c03eb
:0e2ace0001700b0a4370090c817000207047e4
:020000040000fa
:020000040c03eb
:0e2adc0008b5fff73bfeb0fa80f0400908bdd8
:020000040000fa
:020000040c03eb
:0e2aea0010b50446fff73bfd0c30204410bd34
:020000040000fa
:020000040c03eb
:0e2af800c3690b60c16103690133036170475c
:020000040000fa
:020000040c03eb
:0e2b06004160002908bf002282600020704755
:020000040000fa
:020000040c03eb
:0e2b1400c160002908bf002202610020704746
:020000040000fa
:020000040c03eb
:0e2b220008b54ff0ff338361f5f7fefc08bde8
:020000040000fa
:020000040c03eb
:0e2b300008b5fbf759f9b0fa80f0400908bd6e
:020000040000fa
:020000040c03eb
:0e2b3e00003118bf012180f8551000207047ab
:020000040000fa
:020000040c03eb
:0e2b4c00d0f80e304b6000230b804b8070479a
:020000040000fa
:020000040c03eb
:0c2b5c00014b00221a707047000002209c
:020000040000fa
:020000040c03eb
:0c2b6800014bd3f8d4027047280107206d
:020000040000fa
:020000040c03eb
:0c2b7400014bd3f8d8027047280107205d
:020000040000fa
:020000040c03eb
:0c2b800008b5faf767ffc043c00f08bd9e
:020000040000fa
:020000040c03eb
:0c2b8c003dde020cedc5020ca5ae020cf3
:020000040000fa
:020000040c03eb
:0c2b98000023c0f8043ac0f8083a704767
:020000040000fa
:020000040c03eb
:0c2ba400007b042814bf002001207047b3
:020000040000fa
:020000040c03eb
:0c2bb000014b93f8c40070470007072099
:020000040000fa
:020000040c03eb
:0c2bbc00007b01288cbf00200120704726
:020000040000fa
:020000040c03eb
:0c2bc800014b93f8f00070472005072037
:020000040000fa
:020000040c03eb
:0c2bd4000368da6dc3f8982000207047f9
:020000040000fa
:020000040c03eb
:0c2be000014b1868704700bfb0120620bf
:020000040000fa
:020000040c03eb
:0c2bec00014b5868704700bfb012062073
:020000040000fa
:020000040c03eb
:0c2bf8000023836043600361c3607047ea
:020000040000fa
:020000040c03eb
:0c2c040008b543680bb18168984708bd13
:020000040000fa
:020000040c03eb
:0c2c100008b5c3680bb18168984708bd87
:020000040000fa
:020000040c03eb
:0c2c1c000178116001221a60002070474e
:020000040000fa
:020000040c03eb
:0c2c280008b5436d0bb1fdf7c3f908bd02
:020000040000fa
:020000040c03eb
:0c2c340008b500234365faf7ddfd08bd7c
:020000040000fa
:020000040c03eb
:0c2c4000014b186099607047dc0d072004
:020000040000fa
:020000040c03eb
:0c2c4c00014b586299627047cc0b0720c6
:020000040000fa
:020000040c03eb
:0c2c5800014b93f821007047cc0b0720c3
:020000040000fa
:020000040c03eb
:0a2c6400030243ea004318437047df
:020000040000fa
:020000040c03eb
:0a2c6e007f2894bf0020012070476a
:020000040000fa
:020000040c03eb
:0a2c780010b1012242704160704764
:020000040000fa
:020000040c03eb
:0a2c820008b50846fff7a8f808bde2
:020000040000fa
:020000040c03eb
:0a2c8c0008b50846fff7a3f808bddd
:020000040000fa
:020000040c03eb
:0a2c960008b50846fef770fb08bd04
:020000040000fa
:020000040c03eb
:0a2ca00008b50846fef76bfb08bdff
:020000040000fa
:020000040c03eb
:0a2caa00837f8b4238bf81777047ab
:020000040000fa
:020000040c03eb
:082cb400000240f0ff00704730
:020000040000fa
:020000040c03eb
:082cbc0008b5fdf76cfd08bd31
:020000040000fa
:020000040c03eb
:082cc4008842a8bf08467047d2
:020000040000fa
:020000040c03eb
:082ccc008842b8bf08467047ba
:020000040000fa
:020000040c03eb
:082cd40000487047500d072075
:020000040000fa
:020000040c03eb
:082cdc000048704728010720a1
:020000040000fa
:020000040c03eb
:082ce40049484452000000bf02
:020000040000fa
:020000040c03eb
:082cec000b2828bf00207047ef
:020000040000fa
:020000040c03eb
:082cf40008b5faf77ffd08bde9
:020000040000fa
:020000040c03eb
:082cfc004069c0f3800070473d
:020000040000fa
:020000040c03eb
:082d0400406900f00100704776
:020000040000fa
:020000040c03eb
:082d0c004069c0f3400070476c
:020000040000fa
:020000040c03eb
:082d140008b5fbf76ffc08bdd8
:020000040000fa
:020000040c03eb
:082d1c0008b5f4f745ff08bdfe
:020000040000fa
:020000040c03eb
:082d2400e427030c120000007b
:020000040000fa
:020000040c03eb
:082d2c0008b5fff7f8fd08bd32
:020000040000fa
:020000040c03eb
:082d340008b5fff7fdfd08bd25
:020000040000fa
:020000040c03eb
:082d3c0000487047e0a80720e1
:020000040000fa
:020000040c03eb
:062d440040f07f407047e3
:020000040000fa
:020000040c03eb
:062d4a004fea3020704743
:020000040000fa
:020000040c03eb
:062d500020f07f407047f7
:020000040000fa
:020000040c03eb
:062d56004fea30607047f7
:020000040000fa
:020000040c03eb
:062d5c0001700020704729
:020000040000fa
:020000040c03eb
:062d620001800020704713
:020000040000fa
:020000040c03eb
:062d68000160002070472d
:020000040000fa
:020000040c03eb
:062d6e0000eb400070477d
:020000040000fa
:020000040c03eb
:062d740051f8100c70473d
:020000040000fa
:020000040c03eb
:062d7a004ff0ff3070472e
:020000040000fa
:020000040c03eb
:062d80004ff0ff30704728
:020000040000fa
:020000040c03eb
:062d86004ff0ff30704722
:020000040000fa
:020000040c03eb
:062d8c004ff0ff3070471c
:020000040000fa
:020000040c03eb
:062d92004ff0ff30704716
:020000040000fa
:020000040c03eb
:062d98004ff0ff30704710
:020000040000fa
:020000040c03eb
:062d9e004ff0ff3070470a
:020000040000fa
:020000040c03eb
:062da40090f85500704795
:020000040000fa
:020000040c03eb
:062daa0090f86400704780
:020000040000fa
:020000040c03eb
:062db000016700207047de
:020000040000fa
:020000040c03eb
:062db60041670020704798
:020000040000fa
:020000040c03eb
:062dbc00b0f90a007047a7
:020000040000fa
:020000040c03eb
:062dc200b0f90c0070479f
:020000040000fa
:020000040c03eb
:062dc800b0f90e00704797
:020000040000fa
:020000040c03eb
:062dce00b0f9100070478f
:020000040000fa
:020000040c03eb
:062dd40000238377704725
:020000040000fa
:020000040c03eb
:062dda004ff48060704719
:020000040000fa
:020000040c03eb
:062de0000068fff795b941
:020000040000fa
:020000040c03eb
:062de6004ff0ff307047c2
:020000040000fa
:020000040c03eb
:042dec0000befee740
:020000040000fa
:020000040c03eb
:042df00000befee73c
:020000040000fa
:020000040c03eb
:042df40000befee738
:020000040000fa
:020000040c03eb
:042df80000befee734
:020000040000fa
:020000040c03eb
:042dfc0000befee730
:020000040000fa
:020000040c03eb
:042e000000befee72b
:020000040000fa
:020000040c03eb
:042e0400000a704709
:020000040000fa
:020000040c03eb
:042e08000078704797
:020000040000fa
:020000040c03eb
:042e0c000088704783
:020000040000fa
:020000040c03eb
:042e1000006870479f
:020000040000fa
:020000040c03eb
:042e140000207047e3
:020000040000fa
:020000040c03eb
:042e1800000420246e
:020000040000fa
:020000040c03eb
:042e1c0000080008a2
:020000040000fa
:020000040c03eb
:042e2000000800bfe7
:020000040000fa
:020000040c03eb
:042e240008467047a5
:020000040000fa
:020000040c03eb
:042e2800c008704727
:020000040000fa
:020000040c03eb
:042e2c0040087047a3
:020000040000fa
:020000040c03eb
:042e300040007047a7
:020000040000fa
:020000040c03eb
:042e34008000704763
:020000040000fa
:020000040c03eb
:042e380000207047bf
:020000040000fa
:020000040c03eb
:042e3c0001207047ba
:020000040000fa
:020000040c03eb
:042e400000207047b7
:020000040000fa
:020000040c03eb
:042e440080697047ea
:020000040000fa
:020000040c03eb
:042e4800806d7047e2
:020000040000fa
:020000040c03eb
:042e4c00c06d70479e
:020000040000fa
:020000040c03eb
:042e5000006e704759
:020000040000fa
:020000040c03eb
:042e5400806e7047d5
:020000040000fa
:020000040c03eb
:042e5800c06e704791
:020000040000fa
:020000040c03eb
:042e5c00006f70474c
:020000040000fa
:020000040c03eb
:042e6000406f704708
:020000040000fa
:020000040c03eb
:042e6400406d704706
:020000040000fa
:020000040c03eb
:042e6800406d704702
:020000040000fa
:020000040c03eb
:042e6c00007a704731
:020000040000fa
:020000040c03eb
:042e7000007f704728
:020000040000fa
:020000040c03eb
:042e7400806c7047b7
:020000040000fa
:020000040c03eb
:042e7800c06a704775
:020000040000fa
:020000040c03eb
:042e7c00407e7047dd
:020000040000fa
:020000040c03eb
:042e8000007e704719
:020000040000fa
:020000040c03eb
:042e8400807e704795
:020000040000fa
:020000040c03eb
:042e8800c07e704751
:020000040000fa
:020000040c03eb
:042e8c00407f7047cc
:020000040000fa
:020000040c03eb
:042e9000817770478f
:020000040000fa
:020000040c03eb
:042e940000befee797
:020000040000fa
:020000040c03eb
:042e9800002070475f
:020000040000fa
:020000040c03eb
:042e9c00002070475b
:020000040000fa
:020000040c03eb
:042ea000704700bfb8
:020000040000fa
:020000040c03eb
:042ea4000020704753
:00000001FF
