:020000040000fa
:020000040800f2
:10000000f0ff1120a990020c7d3f030c813f030cef
:10001000893f030c8d3f030c913f030c000000004f
:100020000000000000000000000000002540030c5c
:10003000853f030c000000002540030c2540030c05
:100040002540030c2540030c2540030c2540030ce0
:100050002540030c2540030c2540030c2540030cd0
:100060002540030c2540030c2540030c2540030cc0
:100070002540030c2540030c2540030c2920030ccc
:100080002920030c2920030c2920030c2540030cf4
:10009000d92d030cf92d030c2540030c2540030c2e
:1000a0002540030c2540030c2540030c2540030c80
:1000b0002540030c2540030c2540030c2540030c70
:1000c0002540030c2540030c2540030c2540030c60
:1000d0002540030c2540030c2540030c6112030c42
:1000e0002912030cf111030cb911030c2540030c68
:1000f0002540030c2540030c2540030c2540030c30
:100100002540030c2540030c2540030c2540030c1f
:100110002540030c2540030c2540030cb959020c63
:10012000b959020cb959020cb959020cb959020c4f
:10013000b959020cb959020c2540030c2540030c97
:100140002540030c2540030c2540030c2540030cdf
:100150002540030c2540030c2540030c2540030ccf
:100160002540030c2540030c2540030c2540030cbf
:100170002540030c2540030c2540030c2540030caf
:100180002540030c2540030c2540030c2540030c9f
:100190002540030c2540030c2540030c2540030c8f
:1001a0002540030c2540030c0d5f020c0d5f020c73
:1001b0000d5f020c0d5f020c0d5f020c0d5f020c57
:1001c0000d5f020c2540030c2540030c2540030c59
:1001d0002540030c2540030c2540030c2540030c4f
:1001e0002540030c2540030c2540030c2540030c3f
:1001f0002540030c2540030c2540030c2540030c2f
:100200002540030c2540030c2540030c2540030c1e
:100210002540030c2540030c2540030c2540030c0e
:100220002540030c2540030c2540030c2540030cfe
:100230002540030c2540030c2540030c2540030cee
:100240002540030c2540030c2540030c2540030cde
:100250002540030c2540030c2540030c2540030cce
:100260002540030c2540030c2540030c2540030cbe
:100270002540030c2540030c2540030c2540030cae
:100280002540030c2540030c2540030c2540030c9e
:100290002540030c2540030c2540030c2540030c8e
:1002a0002540030c2540030c2540030c2540030c7e
:1002b0002540030c2540030c2540030c2540030c6e
:1002c0002540030c2540030c2540030c2540030c5e
:1002d0002540030c2540030c2540030c2540030c4e
:1002e0002540030c2540030c2540030c2540030c3e
:1002f0002540030c2540030c2540030c2540030c2e
:100300002540030c2540030c2540030c2540030c1d
:100310002540030c2540030c2540030c2540030c0d
:100320002540030c2540030c2540030c2540030cfd
:100330002540030c2540030c2540030c2540030ced
:100340002540030c2540030c2540030c2540030cdd
:100350002540030c2540030c2540030c2540030ccd
:1003600000000000000000002540030c2540030ca5
:100370002540030c2540030c2540030c2540030cad
:100380002540030c2540030c2540030c2540030c9d
:100390002540030c2540030c2540030c2540030c8d
:1003a0002540030c2540030c2540030c2540030c7d
:0803b0002540030c2540030c5d
:020000040000fa
:020000040a00f0
:040000000100fefffe
:020000040000fa
:020000040a00f0
:04002000ffffffffe0
:020000040000fa
:020000040a00f0
:0400400000000000bc
:020000040000fa
:020000040a00f0
:04004400ffffffffbc
:020000040000fa
:020000040a00f0
:0400480001000000b3
:020000040000fa
:020000040a00f0
:04004c00410400006b
:020000040000fa
:020000040a00f0
:04005400ffff0000aa
:020000040000fa
:020000040a00f0
:040058007000000034
:020000040000fa
:020000040a00f0
:04005c00020000009e
:020000040000fa
:020000040a00f0
:04006000000000009c
:020000040000fa
:020000040a00f0
:040064000202000094
:020000040000fa
:020000040a00f0
:04008000ffffffff80
:020000040000fa
:020000040a00f0
:0400a000ffffffff60
:020000040000fa
:020000040a00f0
:04200000000000c01c
:020000040000fa
:020000040a00f0
:042004000100feffda
:020000040000fa
:020000040a00f0
:04200800ffffffffd8
:020000040000fa
:020000040a00f0
:04208000ffffffff60
:020000040000fa
:020000040a00f0
:04208400ffffffff5c
:020000040000fa
:020000040a00f0
:04208800ffffffff58
:020000040000fa
:020000040a00f0
:04208c00ffffffff54
:020000040000fa
:020000040a00f0
:04209000ffffffff50
:020000040000fa
:020000040a00f0
:04209400ffffffff4c
:020000040000fa
:020000040a00f0
:04209800ffffffff48
:020000040000fa
:020000040a00f0
:04209c00ffffffff44
:020000040000fa
:020000040a00f0
:0420a000ffffffff40
:020000040000fa
:020000040a00f0
:0420a400ffffffff3c
:020000040000fa
:020000040a00f0
:0420a800ffffffff38
:020000040000fa
:020000040a00f0
:0420ac00ffffffff34
:020000040000fa
:020000040a00f0
:0420b000ffffffff30
:020000040000fa
:020000040a00f0
:0420b400ffffffff2c
:020000040000fa
:020000040a00f0
:0420b800ffffffff28
:020000040000fa
:020000040a00f0
:0420bc00ffffffff24
:020000040000fa
:020000040a00f0
:0420c000ffffffff20
:020000040000fa
:020000040a00f0
:0420c400ffffffff1c
:020000040000fa
:020000040a00f0
:0420c800ffffffff18
:020000040000fa
:020000040a00f0
:0420cc00ffffffff14
:020000040000fa
:020000040a00f0
:0420d000ffffffff10
:020000040000fa
:020000040a00f0
:0420d400ffffffff0c
:020000040000fa
:020000040a00f0
:0420d800ffffffff08
:020000040000fa
:020000040a00f0
:0420dc00ffffffff04
:020000040000fa
:020000040a00f0
:0420e00006070000ef
:020000040000fa
:020000040a00f0
:0420e40004cf0f0016
:020000040000fa
:020000040a00f0
:0420e80006f70401f2
:020000040000fa
:020000040a00f0
:0420ec00863a000030
:020000040000fa
:020000040a00f0
:0420f000ff030000ea
:020000040000fa
:020000040a00f0
:0420f4003f000000a9
:020000040000fa
:020000040a00f0
:0420f800bf00000025
:020000040000fa
:020000040a00f0
:0420fc00ffffffffe4
:020000040000fa
:020000040a00f0
:04210000ffffffffdf
:020000040000fa
:020000040a00f0
:04211000ffffffffcf
:020000040000fa
:020000040a00f0
:04211400ffffffffcb
:020000040000fa
:020000040a00f0
:04211800ffffffffc7
:020000040000fa
:020000040a00f0
:04211c00ffffffffc3
:020000040000fa
:020000040a00f0
:04212000ffffffffbf
:020000040000fa
:020000040a00f0
:048000000000ffff7e
:020000040000fa
:020000040a00f0
:04802000ffffffff60
:020000040000fa
:020000040a00f0
:0480400044000000f8
:020000040000fa
:020000040a00f0
:04804400ffffffff3c
:020000040000fa
:020000040a00f0
:048048000100000033
:020000040000fa
:020000040a00f0
:04804c0041040000eb
:020000040000fa
:020000040a00f0
:04805400ffff00002a
:020000040000fa
:020000040a00f0
:0480580070000000b4
:020000040000fa
:020000040a00f0
:04805c00020000001e
:020000040000fa
:020000040a00f0
:04806000000000001c
:020000040000fa
:020000040a00f0
:048064000202000014
:020000040000fa
:020000040a00f0
:04808000ffffffff00
:020000040000fa
:020000040a00f0
:0480a000ffffffffe0
:020000040000fa
:020000040a00f0
:04a00000000000c09c
:020000040000fa
:020000040a00f0
:04a004000000ffff5a
:020000040000fa
:020000040a00f0
:04a00800ffffffff58
:020000040000fa
:020000040a00f0
:04a08000ffffffffe0
:020000040000fa
:020000040a00f0
:04a08400ffffffffdc
:020000040000fa
:020000040a00f0
:04a08800ffffffffd8
:020000040000fa
:020000040a00f0
:04a08c00ffffffffd4
:020000040000fa
:020000040a00f0
:04a09000ffffffffd0
:020000040000fa
:020000040a00f0
:04a09400ffffffffcc
:020000040000fa
:020000040a00f0
:04a09800ffffffffc8
:020000040000fa
:020000040a00f0
:04a09c00ffffffffc4
:020000040000fa
:020000040a00f0
:04a0a000ffffffffc0
:020000040000fa
:020000040a00f0
:04a0a400ffffffffbc
:020000040000fa
:020000040a00f0
:04a0a800ffffffffb8
:020000040000fa
:020000040a00f0
:04a0ac00ffffffffb4
:020000040000fa
:020000040a00f0
:04a0b000ffffffffb0
:020000040000fa
:020000040a00f0
:04a0b400ffffffffac
:020000040000fa
:020000040a00f0
:04a0b800ffffffffa8
:020000040000fa
:020000040a00f0
:04a0bc00ffffffffa4
:020000040000fa
:020000040a00f0
:04a0c000ffffffffa0
:020000040000fa
:020000040a00f0
:04a0c400ffffffff9c
:020000040000fa
:020000040a00f0
:04a0c800ffffffff98
:020000040000fa
:020000040a00f0
:04a0cc00ffffffff94
:020000040000fa
:020000040a00f0
:04a0d000ffffffff90
:020000040000fa
:020000040a00f0
:04a0d400ffffffff8c
:020000040000fa
:020000040a00f0
:04a0d800ffffffff88
:020000040000fa
:020000040a00f0
:04a0dc00ffffffff84
:020000040000fa
:020000040a00f0
:04a0e000060700006f
:020000040000fa
:020000040a00f0
:04a0e40004cf0f0096
:020000040000fa
:020000040a00f0
:04a0e80006f7040172
:020000040000fa
:020000040a00f0
:04a0ec00863a0000b0
:020000040000fa
:020000040a00f0
:04a0f000ff0300006a
:020000040000fa
:020000040a00f0
:04a0f4003f00000029
:020000040000fa
:020000040a00f0
:04a0f800bf000000a5
:020000040000fa
:020000040a00f0
:04a0fc00ffffffff64
:020000040000fa
:020000040a00f0
:04a10000ffffffff5f
:020000040000fa
:020000040a00f0
:04a11000ffffffff4f
:020000040000fa
:020000040a00f0
:04a11400ffffffff4b
:020000040000fa
:020000040a00f0
:04a11800ffffffff47
:020000040000fa
:020000040a00f0
:04a11c00ffffffff43
:020000040000fa
:020000040a00f0
:04a12000ffffffff3f
:020000040000fa
:020000040c00ee
:10000000f8b500bff8bc08bc9e4670478907030cd2
:10001000f8b500bff8bc08bc9e4670476507030ce6
:020000040000fa
:020000040c00ee
:08002000ac3d020001000000ec
:020000040000fa
:020000040c00ee
:100028008c0d07201c0000000000000000000220ca
:100038000100000000000000d00907203c0000007b
:100048000000000014040720ff000000000000006a
:100058005c0a072004000000000000009c0a07203a
:100068000400000000000000780d072004000000d4
:10007800000000009cbb07200400000001000000f5
:100088000100000004000220c81500000000000064
:100098007c0d072004000000000000001305072065
:1000a8000100000000000000680e072002000000a8
:1000b800000000006a0e0720020000000000000097
:1000c800000e07201800000000000000a0bb072059
:1000d80020000000010000000200000002000000f3
:1000e80029000000e00100000200000002000000fa
:1000f8000a00000010010000910e07200100000016
:100108000100000003000000d015022030fc0300ad
:100118000000000094b60720e40100000100000080
:10012800172d020c273c030c1d36030c1d30030c45
:10013800f53d030cf93a030c353c030c172d020c62
:10014800172d020c172d020cff3d030cf918030c98
:10015800172d020c992e030cb72e030c592a030ce9
:10016800792a030c992a030c172d020c172d020c5f
:10017800172d020c172d020cc718030c3336030c6d
:10018800172d020c4936030c5f36030cf332030caf
:100198000d33030c172d020c172d020c172d020c12
:1001a800172d020ccf45020c7536030cbd37030c16
:1001b800172d020cb92a030c451e030c711e030ce3
:1001c800172d020c172d020c172d020c172d020cdf
:1001d800b759020cc333030c8b36030c3930030cac
:1001e800172d020c453e030cd53e030c172d020caf
:1001f800172d020c172d020c172d020c3776020c46
:10020800a136030cb736030cc925030c953f030c24
:10021800172d020cdb3e030c172d020c172d020cb8
:10022800172d020c172d020cb759020cc333030cff
:100238008b36030ced25030ce13e030ce73e030c63
:10024800172d020c172d020c172d020c172d020c5e
:10025800172d020c172d020c172d020c172d020c4e
:10026800172d020c172d020c172d020c172d020c3e
:10027800172d020c172d020c172d020c172d020c2e
:10028800172d020c172d020c172d020c172d020c1e
:10029800172d020c172d020c172d020c172d020c0e
:1002a800172d020c172d020c172d020c172d020cfe
:1002b800172d020c172d020c172d020c172d020cee
:1002c800172d020c172d020c172d020c172d020cde
:1002d800172d020c172d020c172d020c172d020cce
:1002e800172d020c172d020c172d020c172d020cbe
:1002f800172d020c172d020c172d020c172d020cae
:10030800172d020cc4ba07202c00000001000000c1
:100318004d3e030c4d0c030c110c030cb1fb020ced
:10032800510f030c3df7020cf1f6020c000000001f
:1003380000000000000000000000000030bb0720a3
:100348001800000001000000db33030cd137030c58
:10035800a507030ca507030ca507030ca507030ca9
:1003680070bb07202000000001000000993f030c2b
:100378009d3f030cff39030ca13f030ced3e030c1a
:10038800f33e030c5f3c030cf93e030c500d0720b1
:1003980010000000000000004c0c072024000000a2
:1003a80000000000180e07200400000000000000f4
:1003b80028010720ec02000000000000f0ba072026
:1003c800200000000100000000000000d86f010cb0
:1003d8001059000000000000000000001e00160078
:1003e80001000000c8f9010c98b90720f0000000ce
:1003f8000100000000000000d8b6000c805c00007e
:100408000000000002000000a00000004a000000f8
:10041800402e0000805c0000d8b6000c00000000f0
:1004280000000000000000000000000000000000c4
:10043800000000005813010c805c00000000000060
:1004480002000000a00000004a000000402e00004a
:10045800805c00005813010c000000000000000040
:100468000000000000000000000000000000000084
:10047800e8c8010c401a000000000000020000005b
:10048800780000001c000000200d0000401a000049
:10049800e8c8010c00000000000000000000000097
:1004a800000000000000000000000000940e07207b
:1004b800009600000000000002000000a0000000fc
:1004c80078000000004b000000960000940e072002
:1004d8000000000000000000000000000000000014
:1004e80000000000940e07200096000001000000a4
:1004f800ffffffffffffffffffffffffffffffff04
:10050800fffffffffffffffffffffffffffffffff3
:10051800ffffffffffffffffffffffffffffffffe3
:10052800ffffffffffffffffffffffffffffffffd3
:10053800ffffffffffffffffffffffffffffffffc3
:10054800ffffffffffffffffffffffffffffffffb3
:10055800ffffffffffffffffffffffffffffffffa3
:10056800ffffffffffffffffffffffffffffffff93
:10057800ffffffffffffffffffffffffffffffff83
:10058800ffffffffffffffffffffffffffffffff73
:10059800ffffffffffffffffffffffffffffffff63
:1005a800ffffffffffffffffffffffffffffffff53
:1005b800ffffffffffffffffffffffffffffffff43
:1005c800ffffffffffffffffffffffffffffffff33
:1005d800ffffffffffffffffffffffffffffffff23
:1005e800ffffffffffffffffffffffffffffffff13
:1005f800ffffffffffffffffffffffffffffffff03
:10060800fffffffffffffffffffffffffffffffff2
:10061800ffffffffffffffffffffffffffffffffe2
:10062800ffffffffffffffffffffffffffffffffd2
:10063800ffffffffffffffffffffffffffffffffc2
:10064800ffffffffffffffffffffffffffffffffb2
:10065800ffffffffffffffffffffffffffffffffa2
:10066800ffffffffffffffffffffffffffffffff92
:10067800ffffffffffffffffffffffffffffffff82
:10068800ffffffffffffffffffffffffffffffff72
:10069800ffffffffffffffffffffffffffffffff62
:1006a800ffffffffffffffffffffffffffffffff52
:1006b800ffffffffffffffffffffffffffffffff42
:1006c800ffffffffffffffffffffffffffffffff32
:1006d800ffffffffffffffffffffffffffffffff22
:1006e800ffffffffffffffffffffffffffffffff12
:1006f800ffffffffffffffffffffffffffffffff02
:10070800fffffffffffffffffffffffffffffffff1
:10071800ffffffffffffffffffffffffffffffffe1
:10072800ffffffffffffffffffffffffffffffffd1
:10073800ffffffffffffffffffffffffffffffffc1
:10074800ffffffffffffffffffffffffffffffffb1
:10075800ffffffffffffffffffffffffffffffffa1
:10076800ffffffffffffffffffffffffffffffff91
:10077800ffffffffffffffffffffffffffffffff81
:10078800ffffffffffffffffffffffffffffffff71
:10079800ffffffffffffffffffffffffffffffff61
:1007a800ffffffffffffffffffffffffffffffff51
:1007b800ffffffffffffffffffffffffffffffff41
:1007c800ffffffffffffffffffffffffffffffff31
:1007d800ffffffffffffffffffffffffffffffff21
:1007e800ffffffffffffffffffffffffffffffff11
:1007f800ffffffffffffffffffffffffffffffff01
:10080800fffffffffffffffffffffffffffffffff0
:10081800ffffffffffffffffffffffffffffffffe0
:10082800ffffffffffffffffffffffffffffffffd0
:10083800ffffffffffffffffffffffffffffffffc0
:10084800ffffffffffffffffffffffffffffffffb0
:10085800ffffffffffffffffffffffffffffffffa0
:10086800ffffffffffffffffffffffffffffffff90
:10087800ffffffffffffffffffffffffffffffff80
:10088800ffffffffffffffffffffffffffffffff70
:10089800ffffffffffffffffffffffffffffffff60
:1008a800ffffffffffffffffffffffffffffffff50
:1008b800ffffffffffffffffffffffffffffffff40
:1008c800ffffffffffffffffffffffffffffffff30
:1008d800ffffffffffffffffffffffffffffffff20
:1008e800ffffffffffffffffffffffffffffffff10
:1008f800ffffffffffffffffffffffffffffffff00
:10090800ffffffffffffffffffffffffffffffffef
:10091800ffffffffffffffffffffffffffffffffdf
:10092800ffffffffffffffffffffffffffffffffcf
:10093800ffffffffffffffffffffffffffffffffbf
:10094800ffffffffffffffffffffffffffffffffaf
:10095800ffffffffffffffffffffffffffffffff9f
:10096800ffffffffffffffffffffffffffffffff8f
:10097800ffffffffffffffffffffffffffffffff7f
:10098800ffffffffffffffffffffffffffffffff6f
:10099800ffffffffffffffffffffffffffffffff5f
:1009a800ffffffffffffffffffffffffffffffff4f
:1009b800ffffffffffffffffffffffffffffffff3f
:1009c800ffffffffffffffffffffffffffffffff2f
:1009d800ffffffffffffffffffffffffffffffff1f
:1009e800ffffffffffffffffffffffffffffffff0f
:1009f800ffffffffffffffffffffffffffffffffff
:100a0800ffffffffffffffffffffffffffffffffee
:100a1800ffffffffffffffffffffffffffffffffde
:100a2800ffffffffffffffffffffffffffffffffce
:100a3800ffffffffffffffffffffffffffffffffbe
:100a4800ffffffffffffffffffffffffffffffffae
:100a5800ffffffffffffffffffffffffffffffff9e
:100a6800ffffffffffffffffffffffffffffffff8e
:100a7800ffffffffffffffffffffffffffffffff7e
:100a8800ffffffffffffffffffffffffffffffff6e
:100a9800ffffffffffffffffffffffffffffffff5e
:100aa800ffffffffffffffffffffffffffffffff4e
:100ab800ffffffffffffffffffffffffffffffff3e
:100ac800ffffffffffffffffffffffffffffffff2e
:100ad800ffffffffffffffffffffffffffffffff1e
:100ae800ffffffffffffffffffffffffffffffff0e
:100af800fffffffffffffffffffffffffffffffffe
:100b0800ffffffffffffffffffffffffffffffffed
:100b1800ffffffffffffffffffffffffffffffffdd
:100b2800ffffffffffffffffffffffffffffffffcd
:100b3800ffffffffffffffffffffffffffffffffbd
:100b4800ffffffffffffffffffffffffffffffffad
:100b5800ffffffffffffffffffffffffffffffff9d
:100b6800ffffffffffffffffffffffffffffffff8d
:100b7800ffffffffffffffffffffffffffffffff7d
:100b8800ffffffffffffffffffffffffffffffff6d
:100b9800ffffffffffffffffffffffffffffffff5d
:100ba800ffffffffffffffffffffffffffffffff4d
:100bb800ffffffffffffffffffffffffffffffff3d
:100bc800ffffffffffffffffffffffffffffffff2d
:100bd800ffffffffffffffffffffffffffffffff1d
:100be800ffffffffffffffffffffffffffffffff0d
:100bf800fffffffffffffffffffffffffffffffffd
:100c0800ffffffffffffffffffffffffffffffffec
:100c1800ffffffffffffffffffffffffffffffffdc
:100c2800ffffffffffffffffffffffffffffffffcc
:100c3800ffffffffffffffffffffffffffffffffbc
:100c4800ffffffffffffffffffffffffffffffffac
:100c5800ffffffffffffffffffffffffffffffff9c
:100c6800ffffffffffffffffffffffffffffffff8c
:100c7800ffffffffffffffffffffffffffffffff7c
:100c8800ffffffffffffffffffffffffffffffff6c
:100c9800ffffffffffffffffffffffffffffffff5c
:100ca800ffffffffffffffffffffffffffffffff4c
:100cb800ffffffffffffffffffffffffffffffff3c
:100cc800ffffffffffffffffffffffffffffffff2c
:100cd800ffffffffffffffffffffffffffffffff1c
:100ce800ffffffffffffffffffffffffffffffff0c
:100cf800fffffffffffffffffffffffffffffffffc
:100d0800ffffffffffffffffffffffffffffffffeb
:100d1800ffffffffffffffffffffffffffffffffdb
:100d2800ffffffffffffffffffffffffffffffffcb
:100d3800ffffffffffffffffffffffffffffffffbb
:100d4800ffffffffffffffffffffffffffffffffab
:100d5800ffffffffffffffffffffffffffffffff9b
:100d6800ffffffffffffffffffffffffffffffff8b
:100d7800ffffffffffffffffffffffffffffffff7b
:100d8800ffffffffffffffffffffffffffffffff6b
:100d9800ffffffffffffffffffffffffffffffff5b
:100da800ffffffffffffffffffffffffffffffff4b
:100db800ffffffffffffffffffffffffffffffff3b
:100dc800ffffffffffffffffffffffffffffffff2b
:100dd800ffffffffffffffffffffffffffffffff1b
:100de800ffffffffffffffffffffffffffffffff0b
:100df800fffffffffffffffffffffffffffffffffb
:100e0800ffffffffffffffffffffffffffffffffea
:100e1800ffffffffffffffffffffffffffffffffda
:100e2800ffffffffffffffffffffffffffffffffca
:100e3800ffffffffffffffffffffffffffffffffba
:100e4800ffffffffffffffffffffffffffffffffaa
:100e5800ffffffffffffffffffffffffffffffff9a
:100e6800ffffffffffffffffffffffffffffffff8a
:100e7800ffffffffffffffffffffffffffffffff7a
:100e8800ffffffffffffffffffffffffffffffff6a
:100e9800ffffffffffffffffffffffffffffffff5a
:100ea800ffffffffffffffffffffffffffffffff4a
:100eb800ffffffffffffffffffffffffffffffff3a
:100ec800ffffffffffffffffffffffffffffffff2a
:100ed800ffffffffffffffffffffffffffffffff1a
:100ee800ffffffffffffffffffffffffffffffff0a
:100ef800fffffffffffffffffffffffffffffffffa
:100f0800ffffffffffffffffffffffffffffffffe9
:100f1800ffffffffffffffffffffffffffffffffd9
:100f2800ffffffffffffffffffffffffffffffffc9
:100f3800ffffffffffffffffffffffffffffffffb9
:100f4800ffffffffffffffffffffffffffffffffa9
:100f5800ffffffffffffffffffffffffffffffff99
:100f6800ffffffffffffffffffffffffffffdfffa9
:100f7800deffffffdeffffffbef7ffffffffffff04
:100f8800deffffffdeffffffffff9ef7ffffbef75d
:100f9800fffffefffefffffffffffefffeffffff5d
:100fa800ffffdef7ffffffffffffffffffffffff72
:100fb800ffffffffffffffffffffffffffffffff39
:100fc800ffffffffffffffffffffffffffffffff29
:100fd800ffffffffffffffffffffffffffffffff19
:100fe800ffffffffffffffffffffffffffffffff09
:100ff800fffffffffffffffffffffffffffffffff9
:10100800ffffffffffffffffffffffffffffffffe8
:10101800ffffffffffffffffffffffffffffffffd8
:10102800ffffffffffffffffffffffffffffffffc8
:10103800ffffffffffffffffffffffffffffffffb8
:10104800ffffffffffffffffffffffffffffffffa8
:10105800ffffffffffffffffffffffffffffffff98
:10106800ffffffffffffffffffffffffffffffff88
:10107800ffffffffffffffffffffffffffffffff78
:10108800ffffffffffffffffffffffffffffffff68
:10109800ffffffffffffffffffffffffffffffff58
:1010a800ffffffffffffffffffffffffffffdef771
:1010b800def7def7ffffffffffffbef7fffffbdef8
:1010c8005ce75cefbef7dfffbef7ffffffffdff770
:1010d800ffffffffffffffffdeffffffffffffff39
:1010e800deffffffbef7ffffffffffffdef7ffff9b
:1010f800fffffffffffffffffffffffffffffffff8
:10110800ffffffffffffffffffffffffffffffffe7
:10111800ffffffffffffffffffffffffffffffffd7
:10112800ffffffffffffffffffffffffffffffffc7
:10113800ffffffffffffffffffffffffffffffffb7
:10114800ffffffffffffffffffffffffffffffffa7
:10115800ffffffffffffffffffffffffffffffff97
:10116800ffffffffffffffffffffffffffffffff87
:10117800ffffffffffffffffffffffffffffffff77
:10118800ffffffffffffffffffffffffffffffff67
:10119800ffffffffffffffffffffffffffffffff57
:1011a800ffffffffffffffffffffffffffffffff47
:1011b800ffffffffffffffffffffffffffffffff37
:1011c800ffffffffffffffffffffffffffffffff27
:1011d800ffffffffffffffffffffffffffffffff17
:1011e800ffffffffffffffffffffffffffffdef730
:1011f800deffbef79ef7dfff1bdfb6b53084aa52cd
:101208008a52694a4d6bbad69defbef7ffffdfffe2
:10121800ffffdfffdfffffffffffffffffffdfff36
:10122800ffffffffffffffffffffffffffffffffc6
:10123800ffffffffffffffffffffffffffffffffb6
:10124800ffffffffffffffffffffffffffffffffa6
:10125800ffffffffffffffffffffffffffffffff96
:10126800ffffffffffffffffffffffffffffffff86
:10127800ffffffffffffffffffffffffffffffff76
:10128800ffffffffffffffffffffffffffffffff66
:10129800ffffffffffffffffffffffffffffffff56
:1012a800ffffffffffffffffffffffffffffffff46
:1012b800ffffffffffffffffffffffffffffffff36
:1012c800ffffffffffffffffffffffffffffffff26
:1012d800ffffffffffffffffffffffffffffffff16
:1012e800ffffffffffffffffffffffffffffffff06
:1012f800fffffffffffffffffffffffffffffffff6
:10130800ffffffffffffffffffffffffffffffffe5
:10131800ffffffffffffffffffffffffffffffffd5
:10132800ffffffffffffffffffffffffffffdfffe5
:101338007defdfff79ceaa520421e420a31804210f
:10134800c739cb5a6a4a8a52ae733ce7ffffdef7c9
:10135800ffffffffffffffffffffffffffffffff95
:10136800ffffbef7ffffffffdef7ffffdef7ffff20
:10137800ffffffffffffffffffffffffffffffff75
:10138800ffffffffffffffffffffffffffffffff65
:10139800ffffffffffffffffffffffffffffffff55
:1013a800ffffffffffffffffffffffffffffffff45
:1013b800ffffffffffffffffffffffffffffffff35
:1013c800ffffffffffffffffffffffffffffffff25
:1013d800ffffffffffffffffffffffffffffffff15
:1013e800ffffffffffffffffffffffffffffffff05
:1013f800fffffffffffffffffffffffffffffffff5
:10140800ffffffffffffffffffffffffffffffffe4
:10141800ffffffffffffffffffffffffffffffffd4
:10142800ffffffffffffffffffffffffffffffffc4
:10143800ffffffffffffffffffffffffffffffffb4
:10144800ffffffffffffffffffffffffffffffffa4
:10145800ffffffffffffffffffffffffffffffff94
:10146800ffffffffffffffffffffffffffffdfffa4
:10147800bef7d7bd0421e418042162100421c41862
:1014880004210421c739aa528a5213a599d6ffff0d
:10149800ffffffffffffdef7deffffffffffffff9e
:1014a800ffffffffffffdeffffffffffdeffffff86
:1014b800ffffffffffffffffffffffffffffffff34
:1014c800ffffffffffffffffffffffffffffffff24
:1014d800ffffffffffffffffffffffffffffffff14
:1014e800ffffffffffffffffffffffffffffffff04
:1014f800fffffffffffffffffffffffffffffffff4
:10150800ffffffffffffffffffffffffffffffffe3
:10151800ffffffffffffffffffffffffffffffffd3
:10152800ffffffffffffffffffffffffffffffffc3
:10153800ffffffffffffffffffffffffffffffffb3
:10154800ffffffffffffffffffffffffffffffffa3
:10155800ffffffffffffffffffffffffffffffff93
:10156800ffffffffffffffffffffffffffffffff83
:10157800ffffffffffffffffffffffffffffffff73
:10158800ffffffffffffffffffffffffffffffff63
:10159800ffffffffffffffffffffffffffffffff53
:1015a800ffffffffffffffffffffffffffffdef76c
:1015b8009ad600002421e420a31805210421a318a9
:1015c800e4200421a218284aca5a694aae73feffc9
:1015d800feffbdf7ddf7fefffeffbdf7bdf7feff1f
:1015e8007cef17befeff5ce7dadebdf7fefffeff0d
:1015f800deffdeffffffffffffffffffffffffff35
:10160800ffffffffffffffffffffffffffffffffe2
:10161800ffffffffffffffffffffffffffffffffd2
:10162800ffffffffffffffffffffffffffffffffc2
:10163800ffffffffffffffffffffffffffffffffb2
:10164800ffffffffffffffffffffffffffffffffa2
:10165800ffffffffffffffffffffffffffffffff92
:10166800ffffffffffffffffffffffffffffffff82
:10167800ffffffffffffffffffffffffffffffff72
:10168800ffffffffffffffffffffffffffffffff62
:10169800ffffffffffffffffffffffffffffffff52
:1016a800ffffffffffffffffffffffffffffffff42
:1016b800ffffffffffffffffffffffffffffffff32
:1016c800ffffffffffffffffffffffffffffffff22
:1016d800ffffffffffffffffffffffffffffffff12
:1016e800ffffffffffffffffffffffffffffdef72b
:1016f80075ad2108a31804212521e4200521e42043
:10170800e420c32004292429284a89524c6b9cf7d9
:10171800fdffddf7fdffddf7fadef5bdb4b536c632
:1017280098d61adff9defadefadefadefeffdef719
:10173800def7deffffffffffdfffdfffffffffff3b
:10174800dfffdfffffffffffffffffffffffdfff01
:10175800dfffffffffffffffffffffffffffffffb1
:10176800ffffffffffffffffffffffffffffffff81
:10177800ffffffffffffffffffffffffffffffff71
:10178800ffffffffffffffffffffffffffffffff61
:10179800ffffffffffffffffffffffffffffffff51
:1017a800ffffffffffffffffffffffffffffffff41
:1017b800ffffffffffffffffffffffffffffffff31
:1017c800ffffffffffffffffffffffffffffffff21
:1017d800ffffffffffffffffffffffffffffffff11
:1017e800ffffffffffffffffffffffffffffffff01
:1017f800fffffffffffffffffffffffffffffffff1
:10180800ffffffffffffffffffffffffffffffffe0
:10181800ffffffffffffffffffffffffffffffffd0
:10182800ffffffffffffffffffffffffffffdfffe0
:10183800149d0000042104210521e420c420052969
:10184800e42004214529c3204531aa5ab19c5bef05
:101858003adf3ae73ae73adf5be7bcf7bcef5ae72b
:10186800bcf75ae777cebcf7d5b5bdf77cefdade23
:10187800defffeffffffdfffdfffdffffffffffff2
:10188800ffffffffffffffffdfffbef79ef79defa4
:10189800dfffdfffffffffffffffffffffffffff90
:1018a800ffffffffffffffffffffffffffffffff40
:1018b800ffffffffffffffffffffffffffffffff30
:1018c800ffffffffffffffffffffffffffffffff20
:1018d800ffffffffffffffffffffffffffffffff10
:1018e800ffffffffffffffffffffffffffffffff00
:1018f800fffffffffffffffffffffffffffffffff0
:10190800ffffffffffffffffffffffffffffffffdf
:10191800ffffffffffffffffffffffffffffffffcf
:10192800ffffffffffffffffffffffffffffffffbf
:10193800ffffffffffffffffffffffffffffffffaf
:10194800ffffffffffffffffffffffffffffffff9f
:10195800ffffffffffffffffffffffffffffffff8f
:10196800ffffffffffffffffffffffffffffdfff9f
:1019780079d60000e4180421c420c528c420052114
:10198800e420042141102842708c5be77bef7bef59
:101998009bef9befbbef9bef9bef9bef9bef9befcf
:1019a800bbef7bef9befdcf7bcf77befbceffefff9
:1019b8005be71bdf7cefdef7ffffdef7bef7feff1e
:1019c800ffffbef7bad638c6308c2d6b518cb6bd2a
:1019d80079ce9ef7deffffffffffffffdfffffff70
:1019e800fffffffffffffffffffffffffffffeff00
:1019f800ffffdffffffffdfffdfffef7dff7dfff64
:101a0800ffffffffffffffffffffffffffffffffde
:101a1800defffffffffffffffffffeffdeffffff11
:101a2800ffffffffffffffffffffffffffffffffbe
:101a3800ffffffffffffffffffffffffffffffffae
:101a4800ffffffffffffffffffffffffffffffff9e
:101a5800ffffffffffffffffffffffffffffffff8e
:101a6800ffffffffffffffffffffffffffffffff7e
:101a7800ffffffffffffffffffffffffffffffff6e
:101a8800ffffffffffffffffffffffffffffffff5e
:101a9800ffffffffffffffffffffffffffffffff4e
:101aa800ffffffffffffffffffffffffffffdfff5e
:101ab80096b58631e418e4200529e5282531a318d0
:101ac800c318eb6233a598d67cefdcf79cefbbef2d
:101ad8009bef9bef9bef9bef9bef9bef9bef9befae
:101ae8009bef9bef9bef9bef9bef9bef9cefddf753
:101af800bdf7feffbdf71bdf1ce7ffffffff9deff4
:101b080079ce0b63aa52694aaa5289528952aa52bb
:101b1800518c79ceffffffffdeffdfffffffffffe6
:101b2800fffffffffffffffffffffffffffffeffbe
:101b3800ffffbffffffffdf75adffef7ffffffffc5
:101b4800ffffffffffffffffffffffffffffffff9d
:101b5800feffdef7dfffdefffffffeffffffdfff19
:101b6800ffffffffffffffffffffffffffffffff7d
:101b7800ffffffffffffffffffffffffffffffff6d
:101b8800ffffffffffffffffffffffffffffffff5d
:101b9800ffffffffffffffffffffffffffffffff4d
:101ba800ffffffffffffffffffffffffffffffff3d
:101bb800ffffffffffffffffffffffffffffffff2d
:101bc800ffffffffffffffffffffffffffffffff1d
:101bd800ffffffffffffffffffffffffffffffff0d
:101be800ffffffffffffffffffffffffdfffdfff3d
:101bf8005defeb5a82102529c320c320e3284c6be4
:101c0800d6bdd9debdf79cefdcf75ae77be79be74b
:101c18009bef9bef9bef9bef9bef9bef9bef9bef6c
:101c28009bef9bef9bef7bef7bef9bef9cef9cef9a
:101c3800fdf7fefffeffffff9df77cef7defbad6b5
:101c4800694a694aca5a6952e741653144290421f7
:101c58000842ab5a718cbef7def79ef7ffffdfff35
:101c6800fffffffffffffffffffffffffffffeff7d
:101c7800ffffbff7fffffcf734b6fdf7ffffdffffd
:101c8800ffffffffffffffffffffffffffffffff5c
:101c9800defffeffffffffffffffffffffffffff6e
:101ca800ffffffffffffffffffffffffffffffff3c
:101cb800ffffffffffffffffffffffffffffffff2c
:101cc800ffffffffffffffffffffffffffffffff1c
:101cd800ffffffffffffffffffffffffffffffff0c
:101ce800fffffffffffffffffffffffffffffffffc
:101cf800ffffffffffffffffffffffffffffffffec
:101d0800ffffffffffffffffffffffffffffffffdb
:101d1800ffffffffffffffffffffffffffffffffcb
:101d2800ffffffffffffffffffffffffdfffdffffb
:101d3800bef75ce713a5eb626852a95ad19c77ce2f
:101d48009bef9bef9bef7be7bbefbbef9befbbe70b
:101d58009bef9bef9bef9bef9bef9bef9bef9bef2b
:101d68009befbbef9bef9bef9bef9bef9bef7bef1b
:101d78009cef7befbdf7feffdef7feff5ce7ce7b57
:101d8800284a284a6529c318e320e420042125218c
:101d9800a318c739494a1be7ffffffffdef7ffff1c
:101da800fffffffffffffffffffffffffffffeff3c
:101db800ffffdffffeff99e7709dfceffff7bef71f
:101dc800ffffffffffffdfffdfffdfffffffffff7b
:101dd800ffffffffdef7ffffbef7ffffdeffffff9e
:101de800fffffffffffffffffffffffffffffffffb
:101df800ffffffffffffffffffffffffffffffffeb
:101e0800ffffffffffffffffffffffffffffffffda
:101e1800ffffffffffffffffffffffffffffffffca
:101e2800ffffffffffffffffffffffffffffffffba
:101e3800ffffffffffffffffffffffffffffffffaa
:101e4800ffffffffffffffffffffffffffffffff9a
:101e5800ffffffffffffffffffffffffffffffff8a
:101e6800ffffffffffffffffffffffffffffdeff9b
:101e7800def7fefffeff9cf794b594b53ae79bf7b3
:101e8800bbf79bef7aef9bef7ae79be79be7bbe714
:101e9800bbef9bef9bef9bef9bef9bef9bef9befca
:101ea8009bef9bef9bef9bef9bef9bef9bef7beffa
:101eb8007be7fdf73ae75be7feffdeffbdf77def67
:101ec800ab52e420e4204529e420e420e420c418af
:101ed800c41825290842f7bdbef7ffffffffdef74c
:101ee800fffffffffffffffffffffffffffffefffb
:101ef800dffffffffeff17d74f95fbeffef7bef79b
:101f0800dfffdfffdfffdfffdfffffffffffffff79
:101f1800ffffbef7fffffeffbdf7bef7fefffeffa8
:101f2800ffffffffffffffffffffffffffffffffb9
:101f3800ffffffffffffffffffffffffffffffffa9
:101f4800ffffffffffffffffffffffffffffffff99
:101f5800ffffffffffffffffffffffffffffffff89
:101f6800ffffffffffffffffffffffffffffffff79
:101f7800ffffffffffffffffffffffffffffffff69
:101f8800ffffffffffffffffffffffffffffffff59
:101f9800ffffffffffffffffffffffffffffffff49
:101fa800fffffffffffffffffffffefffeffddff5d
:101fb800feff7bf73aef73b5b7d639e77aef9aefba
:101fc800bbf79bef9bef9befbcef9befbcefbcef2e
:101fd800bbefbbef9bef9bef9bef9bef9bef9bef69
:101fe8009bef7bef9befbbefbbef9bef7bef7befb9
:101ff8009cefbcf77bef9cefbcf79ceffeffffff6d
:10200800fcdeab5a6631c41805210521a418c41892
:10201800e420a318c739af7bffffdef79ef7ffff69
:10202800fffffffffffffffffffffffffffffeffb9
:10203800dffffffffdf7d4c66e95dae7fef7ffff77
:10204800dffffffffffffffffffffffffffffeffb9
:10205800fff7fef7dcefb8ce7cefbef7fefffeff22
:10206800ffffffffffffffffffffffffffffffff78
:10207800ffffffffffffffffffffffffffffffff68
:10208800ffffffffffffffffffffffffffffffff58
:10209800ffffffffffffffffffffffffffffffff48
:1020a800ffffffffffffffffffffffffffffffff38
:1020b800ffffffffffffffffffffffffffffffff28
:1020c800ffffffffffffffffffffffffffffffff18
:1020d800ffffffffffffffffffffffffffffffff08
:1020e800fffffffffffffffffffffefffdffddff1d
:1020f8009bf7b8de52b535ce59ef59e77ae7bbef13
:10210800bbef9befdcf79bef9bef5be7bcefbcf70c
:10211800bbef9bef9bef9bef9bef9bef9bef9bef47
:102128009bef9bef9bef9bef9bef9bef7bef9bef77
:102138007bef9bef9bef9bef9cef9cefbdf7deffe8
:10214800ffff38c641080421252905212529e52056
:10215800252946298a52cf7b5defbef7ffffffff97
:10216800fffffffffffffffffffffffffffffeff78
:10217800dffffffffcf7d4c66d9599dffdf7ffff82
:10218800ffffffffdffffffffffffefffdf7fdf78c
:10219800fcef79df13b672a53adfffffffffdef72a
:1021a800ffffffffffffffffffffffffffffffff37
:1021b800ffffffffffffffffffffffffffffffff27
:1021c800ffffffffffffffffffffffffffffffff17
:1021d800ffffffffffffffffffffffffffffffff07
:1021e800fffffffffffffffffffffffffffffffff7
:1021f800ffffffffffffffffffffffffffffffffe7
:10220800ffffffffffffffffffffffffffffffffd6
:10221800ffffffffffffffffffffffffffffffffc6
:10222800fffffffffffffffffefffefffdfffdffbc
:1022380076ce72b593c518ef9af7dbef9ae77ae78f
:102248007ae75ae77bef9bef7bef7bef9cef7bef27
:102258009bef9bef9bef9bef9bef9bef9bef9bef26
:102268009bef9bef9bef9bef9bef9bef9bef9bef16
:102278009bef9bef9bef9bef9bef9cef7ceffeffb1
:10228800bef7bdf754ad00006531c3180521042120
:102298000521294a494ad39cbef7ffffdfffdfff2c
:1022a800fffffffffffffffffffffffffffffeff37
:1022b800fffffffffcf7d3c62c8537cffdefffffed
:1022c800deffdefffefffefffefffdf7fcf7dbefa4
:1022d800f6c64e954e9578dfbcefffffffffffff78
:1022e800fffffffffffffffffffffffffffffffff6
:1022f800ffffffffffffffffffffffffffffffffe6
:10230800ffffffffffffffffffffffffffffffffd5
:10231800ffffffffffffffffffffffffffffffffc5
:10232800ffffffffffffffffffffffffffffffffb5
:10233800ffffffffffffffffffffffffffffffffa5
:10234800ffffffffffffffffffffffffffffffff95
:10235800ffffffffffffffffffffffffffffffff85
:10236800ffffffffdfffdffffefffdffbcfff5c53f
:1023780092bdb2bdf7e679f79af79bef7be79bef43
:102388007ae7bbef5ae79bef9bef9bef9bef9bef47
:10239800bbeffdffbcefbbef9be79be7bbef9bef02
:1023a800dcf75ae7bcf79bef7ae79bef7ae7bbefde
:1023b8009be79be79bef7aefbbef9bef9beffdff64
:1023c8009cefdef71bdf8952c2182421e320284244
:1023d800a731c73971949ad6dfffffffbef7ffff19
:1023e800ffffdffffffffffffff7fff7ffffdeff46
:1023f800ffffbdf7fcf715cf0d8db4c6fbf7feff49
:10240800dfffdef7fef7feefbef7feffbae711a625
:10241800af958d8d2e9ed7dffdf7dffffffffef70f
:10242800feffffffffffffffffffffffffffffffb5
:10243800ffffffffffffffffffffffffffffffffa4
:10244800ffffffffffffffffffffffffffffffff94
:10245800ffffffffffffffffffffffffffffffff84
:10246800ffffffffffffffffffffffffffffffff74
:10247800ffffffffffffffffffffffffffffffff64
:10248800ffffffffffffffffffffffffffffffff54
:10249800ffffffffffffffffffffffffffffffff44
:1024a800bef7ffffbef7fffffeffbcff77d652b5b2
:1024b800b3c535d67af7bbf75aeffdff3ae77be7a6
:1024c8009cef5be79cef7be7bcf79cef57c6b5b585
:1024d8000a5b884a0e7cf6bd7be7bcf79bef7be77f
:1024e8007ae7bcef9bef7bef9bef7be79bef5ae72d
:1024f8005ae77be75adfbbef7bef9bef7bef9bef66
:10250800ddf77cefbdf7f29cc2188531e739a631bb
:10251800108418c6ffffdfffdfffdff7def7ffffde
:10252800feffddfffefffdfffdfffeffddf7feff07
:10253800dffffefffcf737d7ed8c54befdf7def763
:10254800fdff7be797cefdf7fcf716cf8d8dac85a9
:10255800cc8dad95f4c6fbf7fdf7fef7fff79eefc0
:102568009defdef7fffffffffffffefffeffffff10
:10257800ffffffffffffffffffffffffffffffff63
:10258800ffffffffffffffffffffffffffffffff53
:10259800ffffffffffffffffffffffffffffffff43
:1025a800ffffffffffffffffffffffffffffffff33
:1025b800ffffffffffffffffffffffffffffffff23
:1025c800ffffffffffffffffffffffffffffffff13
:1025d800ffffffffffffffffffffffffffffffff03
:1025e800ffffffffdef7ddff9cf736ce55d6d3c5dc
:1025f800d3c596debbff9bf77bef5be7ddf77be799
:102608007befddf79cef7cef75ad8531a631853129
:102618004529a639a631e7396c6bd9d67bef9ceff3
:10262800bbef9bef5ae7fcf79bef9befdcef9cefd0
:10263800fdf77be7bcefbcefdcf77bef5ae7dcf795
:10264800ddf79cefbcf757c6139d508414a5dad666
:10265800def7ffffffffbef7ffffdff7defffeff3e
:102668003af7f4cd8ea46d9cf3c59bf7fdffddf71b
:10267800ffffbdf7fefffbf734b691a5dcefddeffa
:1026880039df93adfcf799e792b6ac8daa7d0b8e36
:10269800ab7def9ddbef7befdbeffcf7f9cefad6f6
:1026a8007cefbef7fffffffffffffefffefffeff11
:1026b800ffffffffffffffffffffffffffffffff22
:1026c800ffffffffffffffffffffffffffffffff12
:1026d800ffffffffffffffffffffffffffffffff02
:1026e800fffffffffffffffffffffffffffffffff2
:1026f800ffffffffffffffffffffffffffffffffe2
:10270800ffffffffffffffffffffffffffffffffd1
:10271800ffffffffffffffffffffffffffffffffc1
:10272800ffffdeffbdf7bcffb8de96de75deb2c583
:10273800d4c559ef9bf77aef7bef7be73adfddf7fc
:102748009cef9cefb5b5895244290421c318a318fe
:102758006210e420e420a639032199d65be75be701
:10276800bbefdcf79bef9cef5be7ddf7bdf77cef9a
:102778007cef5be73bdfbcef9befbcf79bef9bef8e
:102788009bef5ae77befddf73be7feffffffffff1d
:10279800ffffffffffffffffffffdef7feffddff8d
:1027a80052bd898b888b4783a56a8f9cddffdfff2d
:1027b800dfffdefffeffdcef59dff3ad99df9adfc5
:1027c800f5b59befbbef31a60d8e0b860c8ecc8d2d
:1027d800ad8d35c7fae799dfd3be8e9d52b69ae71d
:1027e800bdf7def7fffffffffefffeffffffffff66
:1027f800ffffffffffffffffffffffffffffffffe1
:10280800ffffffffffffffffffffffffffffffffd0
:10281800ffffffffffffffffffffffffffffffffc0
:10282800ffffffffffffffffffffffffffffffffb0
:10283800ffffffffffffffffffffffffffffffffa0
:10284800ffffffffffffffffffffffffffffffff90
:10285800ffffffffffffffffffffffffffffffff80
:10286800def7def7feff97de92bdd7e675def2cd26
:10287800d3c5baff7aefbbf7bbef9beffdff3ae793
:102888001adfee7ba5312421e318a21004212421ac
:10289800e420821865296529c63957c65be79cef8d
:1028a8007bef9befbcef5be7ddf75cef78ce8952ff
:1028b800e7390742a952f6bdbcf79befbcf77ae7a8
:1028c8007ae7dcf7dcf77bef98cefefffeffffff31
:1028d800feffbef7fffffffffffffffffeffbcff8e
:1028e8004da42783e9a3abb44ba435d6deff7ff70d
:1028f800dfffffffdef7fdf7fcf7f6c62f8dee8c46
:102908009ae7dae711a6cc8dc9754a86ab8dae9ddc
:1029180014c733bfee8dad8dad9530ae97dfb9e7f7
:10292800fdfffeffffffffffdeffffffffffffffd3
:10293800ffffffffffffffffffffffffffffffff9f
:10294800ffffffffffffffffffffffffffffffff8f
:10295800ffffffffffffffffffffffffffffffff7f
:10296800ffffffffffffffffffffffffffffffff6f
:10297800ffffffffffffffffffffffffffffffff5f
:10298800ffffffffffffffffffffffffffffffff4f
:10299800ffffffffffffffffffffffffffffffff3f
:1029a800ffffdeffd9de32adb3c575deb6e613d65e
:1029b80034cebaf7fcff7bef9bef5be79cef94b557
:1029c800884a853103212421e318ae73fbde1be717
:1029d80079ce4529e3200321c639d9d69cef5be798
:1029e800bbef7be75be7bcf75ceff29c4529494a04
:1029f800e3188631e739a63137c67bef7bef9befcb
:102a0800bcf77be73ae7fdfffadefeffdeffffffdc
:102a1800ffffbef7ffffdfffffffdef7bcf7fcff9e
:102a2800ea93888babbcccb42a9c9af7feffffffd5
:102a3800feffddf7feffdbef95c6b1a532aed09df8
:102a480057cf72b6cd8d0b8e2a86c9854d9e4fb64f
:102a58006b95ec950c8eed8d51a6b9e7dbf7fdff74
:102a6800fdfffeffffffffffffffffffffffdfff91
:102a7800ffffffffffffffffffffffffffffffff5e
:102a8800ffffffffffffffffffffffffffffffff4e
:102a9800ffffffffffffffffffffffffffffffff3e
:102aa800ffffffffffffffffffffffffffffffff2e
:102ab800ffffffffffffffffffffffffffffffff1e
:102ac800ffffffffffffffffffffffffffffffff0e
:102ad800fffffffffffffffffffffffffffffffffe
:102ae800def7feff98d615cef4cd75de75de95dee1
:102af800d7de79ef9bef7be7ddf71bdf0b63c6398a
:102b08004529042104210000bad679ce6d6baa525a
:102b18007194929441088531ce7b5be75be79cef2b
:102b28003ae7bcf77be77cef78ce28422529452990
:102b38000421e420e318a63107425be75be7bcf712
:102b48009bef7befddf79cef9cef1be7ffffdeffc2
:102b5800dff7dfffdff7bff7fffffffffdff59efed
:102b6800c98b2a9cabaccaac6db5f9ff98e779df85
:102b780059dfdbefdbefd2add5c6f5ced4be36cf0d
:102b880055c7ae8d8d8d2b7d2e9ef5d7efb62b9626
:102b9800eb8dec956c85b3b6fcefdef7def7ffff47
:102ba800deffdfffffffffffffffffffffffffff6e
:102bb800ffffffffffffffffffffffffffffffff1d
:102bc800ffffffffffffffffffffffffffffffff0d
:102bd800fffffffffffffffffffffffffffffffffd
:102be800ffffffffffffffffffffffffffffffffed
:102bf800ffffffffffffffffffffffffffffffffdd
:102c0800ffffffffffffffffffffffffffffffffcc
:102c1800ffffffffffffffffffffffffffffffffbc
:102c2800ffffbdf7fdff56d635d617ef75de95deeb
:102c380038e7bbf77bef7cef139da631c739c7395f
:102c4800e4200421a21855ad7defc739c3186531ba
:102c580008428631c318c63995b59cefbdf75be7c6
:102c6800bbef5ae79cef7bef4c6b2421c4180000a4
:102c78000100821045292421853133a5bcf75ae784
:102c88007befbcf75be79cef9def1bdfdef7def722
:102c9800ffffdef7bff7ffffbff7bdf7fdff96d6d3
:102ca8006b946a9caa9cca9c4884c66be76b086ca8
:102cb800096cb4be4f9dd5c6d9e732b6f9e7d5c67b
:102cc8008e8d719e15bfd9e7daef52b6cb8d097e8e
:102cd800eb7d0e96f6ce9cefffffbff7ffffdfff01
:102ce800dfffdfffdffffffffffffefffefffeff4f
:102cf800ffffffffffffffffffffffffffffffffdc
:102d0800ffffffffffffffffffffffffffffffffcb
:102d1800ffffffffffffdeffffffffffffffffffdc
:102d2800ffffffffffffffffffffffffdfffffffcb
:102d3800ffffffffffffffffffffffffffffffff9b
:102d4800ffffffffffffffffffffffffffffffff8b
:102d5800ffffffffffffffffffffffffffffffff7b
:102d6800def7feff9cff32b5f4cd56de96de96e622
:102d7800f8e65ae77be7539d073a084229420421bf
:102d880045290421410818c69ef78a52c31885317f
:102d98004529e41804214c6bddf75be7bcef9be7a2
:102da8009be79bef9befb9d681104429508c17c63f
:102db8001ce7718ce320e3200421ef7b7be77ae7b3
:102dc8009cef7be7ddf77befbdf75cefbdf7feff20
:102dd800ffffdeffdeffbef7ffffddef58d74e95a2
:102de8008994e88ce87c0a7d88648764055c476c74
:102df800ae95ce9d73b6dae773be17d7bbef17d77c
:102e0800bcf7bcf7fcffd9e772ae8d85ac856b8546
:102e1800ce9577d79cefdeffbef7fefffefffeffe5
:102e2800deffdefffefffefffefffffffff7fff7ff
:102e3800ffffffffffffffffffffffffffffffff9a
:102e4800ffffffffffffffffffffffffffffffff8a
:102e5800ffffffffffffdeffffffffffffffffff9b
:102e6800ffffffffffffffffffffffffffffffff6a
:102e7800ffffffffffffffffffffffffffffffff5a
:102e8800ffffffffffffffffffffffffffffffff4a
:102e9800fffffeffffffffffffffdef7ffffffff64
:102ea800fffffeffbcff8f9c55deb6e634d6d6e6a4
:102eb800d8de7bef97cea529083a6a4a0842e83956
:102ec800e418e4186210ef7b7defdbde34a514a56f
:102ed800eb62c31869525cef1adfbdf79cef7be722
:102ee800bcef7bef9cefd194811085318a520000b2
:102ef8002c63fbdeaa5ae3206531484ab8d69bef1b
:102f0800bbefbbef5be79cef3ce77defffffffff0d
:102f1800ffffbef7fdffbbef76be6c740964a974b2
:102f2800c97c866c856c655c8664255c876ccc9de9
:102f380036c72f8dbbe7fcf7b2adf8d6b9cebeefda
:102f4800fff7fdf777d7b1b60d966b85ce9d71b6b5
:102f580099e7fcf7beffdfffffffffffffffdef78c
:102f6800fffffffffefffefffefffeffffffffff6d
:102f7800ffffffffffffffffffffffffffffffff59
:102f8800ffffffffffffffffffffffffffffffff49
:102f9800fffffffffefffffffffffffffffffeff3b
:102fa800dfffdfffffffffffdfffffffffffffff89
:102fb800ffffffffffffffffffffffffffffffff19
:102fc800ffffffffffffffffffffffffffffffff09
:102fd800ffffffffffffbef7ffffffffdfffdfff82
:102fe800ddf79bf73aef52bd71bd95de75ded6e68b
:102ff800b7de5aef5be74421694aec5a6a4ac7319f
:10300800652924210421042186313084b294c739ea
:103018004010ca6299d67cf7b8d636c698d65be710
:103028003adf9befbcf74c6b0321c2184531e42013
:10303800252979ce4c6b61104429c639d5b57ae774
:1030480059e79bef7bef7bef9df75cefdef7bef771
:10305800dff79cef54be296c686c88648764c76c82
:10306800e86c665cc76c4564676caa7c52b6d7e7a7
:103078002f95b8cedef7ddf7d9de7ae756bedeef5c
:10308800fce795b68e8d8c85cd8d92b6b9e7dcf7c9
:10309800bdffffffbeffbdf7fefffdf7fef7def742
:1030a800bef7def7fffffffffffffefffefffeff9d
:1030b800ffffffffffffffffffffffffffffffff18
:1030c800ffffffffffffffffffffffffffffffff08
:1030d800ffffffffffffffffffffffffffffdeff19
:1030e800deffdeffdfffffffffffffffffffdff772
:1030f800ffffffffffffffffffffffffffffffffd8
:10310800ffffffffffffffffffffffffffffffffc7
:10311800fef7ffffffff9eefffffdef7def7ffff83
:10312800feffdcffb3c572bd71c5b6e675de55dec0
:10313800d8e63aef9bef4f84a63108422942494a24
:10314800c73986314529a6316531653124210421e5
:10315800c95ad9de9cf79bf75bef5bef5ae75ae752
:103168003adf5be7bdf785312008b29c494ae74161
:10317800b39c7df7494a4529a318c639684a5be7d5
:103188005ae7dcf77befbbf719e75aefdcf7fdffef
:10319800bcef509d086c8874876c055c6664046499
:1031a800456c47740874ec8cf6d6fcf7fef7fbef19
:1031b8004874b7cebef7defffeff99ef15d7d6ce1f
:1031c800ad95ae9dd0a5d6c6dbe7fdeffef7ffffb8
:1031d800ddfffdffdbeffbefd9e758d7b6c6d8d642
:1031e8007befbdf7fffffffffffffffffeffdeffe7
:1031f800ffffffffffffffffffffffffffffffffd7
:10320800ffffffffffffffffffffffffffffffffc6
:10321800ffffffffffffffffffffffffffffbdf700
:10322800fefffeffdeffffffffffdfffffffffffe9
:10323800ffffffffffffffffffffffffffffffff96
:10324800ffffffffffffffffffffffffffffffff86
:10325800ffffdef7fff799cebdef7ceffeff5be7e0
:10326800dcff39ef72bd51bd31bd72cd96e655de3a
:1032780096ded8de5ae77befb194284228424842ce
:10328800aa5a27428952a9528531a639274af29c5f
:10329800d8d63ae7fdff5ae77beffcf77ae7bbefb2
:1032a8009befbcf79cef2c6300006d735cef7df720
:1032b8001ce7ec62c320e4200529e841652953a5f1
:1032c800bdf7bcf73ae79af779efb1b557e7f5d606
:1032d800096c2974086c496c07646874277c267c1f
:1032e800e693c9930b94b6e6bbfffeff9be774be5b
:1032f80086742a7c19dffdffbcff16dfafa553b625
:10330800f5d6daf7fcffbdf7defffef7fdefdce7e9
:1033180037cff4c651ae0f9e8d958e95f1ad57df20
:10332800dcf7fdfffeffffffdffffffffffffffff3
:10333800ffffffffffffffffffffffffffffffff95
:10334800ffffffffffffffffffffffffffffffff85
:10335800dfffffffffffffffffffffffdeff1adfbb
:10336800ddf7feffdefffeffffffdfffffffffffd2
:10337800ffffffffffffffffffffffffffffffff55
:10338800ffffffffffffffffffffffffffffffff45
:10339800ffffdff7fff7bdf753a5f5b57ae7fcf7b1
:1033a800bbf714ce92c551c50fbd30bd55de55def5
:1033b800b7e656cefcff3ae7ddf73be7b1940a5b88
:1033c800e639c539c5398431e641b19c98d69cf7b0
:1033d800bbefdcf73adf9be7bcef9be7bbef9be774
:1033e8009be73adfddf758ce2429e320e320c739ed
:1033f800621005292529e420a739e84186312c6384
:103408001be77cef9cf7bbf7fbff94cecc8c6a8460
:1034180069744a744f95d6c678dfb8f76b9c668b8b
:103428000abc0ab40ba498fffaffb3c6a97c0464cb
:10343800456c687c876bb1b5dbffd7d67be7feefc1
:10344800ffff7defddf7fdff99ef73beef9d8d85e3
:10345800ed954a75cc8dab856c8d31b6b8e7f9ef33
:10346800fdfffefffeffffffdfffdfffffffffffa8
:10347800ffffffffffffffffffffffffffffdef77d
:10348800fef7fef7fef7feffffffffffffffffff60
:10349800bef7ffffffffffffffffffffddf7b8d617
:1034a80019d7fdf7fdf7fef7ffffffffffffffff4f
:1034b800ffffffffffffffffffffffffffffffff14
:1034c800ffffffffffffffffffffffffffffffff04
:1034d800bef7fffffffffef79ceff0940b74509dc3
:1034e800f2b590b5b1bd91c570c52fbdefb4b6e6c4
:1034f80096def7e696ce9bef5ae77bef9bf79befbe
:103508007bef3ae719e7b8d677cef8de5aefb8d6a8
:103518007bef7ae77bef9befbbef9be7dcefdcef22
:103528009ae7fdf77be79cef54ad0742242924294d
:10353800863145298631e841e8416a520742c95235
:10354800b8d6bcf73ae7bcf75aef2d84ef9475c6a6
:1035580057dffbf7fdf79ce7dcf7baff899389a3f0
:10356800a8ab49b46dbd13df8c952464025ca474c8
:103578004564456ce66ba77370b515c6ddf7fef7b5
:10358800ddefbbdf94b6ae8d6b8d8a8dea950b8e21
:10359800cb850c96ec8d6d8d57d7dbf7bceffdff17
:1035a800ddffdefffeffffffffffffffffffffff67
:1035b800ffffffffffffffffffffffffbeef5de71e
:1035c800fdf7fef7fef7feffffffffffffffffff20
:1035d800ffffffffdfffffffdffffffffefff9de5b
:1035e80035bedbeffdf7fef7ffffffffffffdfff55
:1035f800ffffffffffffffffffffffffffffffffd3
:10360800ffffffffffffffffffffffffffffffffc2
:10361800ffffffffdef7ddf7fdf7daef12aee96b2c
:10362800e973676309842eb5f1cd90c5eeacf3c597
:1036380096de75d6b7d65ae7bbef7bef9befbbf7a5
:10364800bbf79bf79bf7d4bd97d65aefd8de97d632
:1036580052a536c6bcef5ae77be7fdf79be79be729
:10366800dbef7ae7ddf79cef79ce07420742e739cf
:10367800c639e741484aaa52ab5a895227420e7cba
:103688005bef7bef9cf79cf71adf5be7fefffef72b
:10369800fefffef7dff7fff7fdffd8ee2893aab38a
:1036a80008ac67a4e694856c2454635c435ce45bd3
:1036b800a76ca253e14a4663a452f7dedcf7d8e7c9
:1036c80033c70e8ecb756c864b86e985ea95ca8d15
:1036d800cc956b85b1ae98d79cefbfffdfffffff9e
:1036e800ffffdffffffffffffffffefffef7feff0d
:1036f800fefffeffdfffffffffffffffdef79ce798
:1037080055b6dbe7dbefddf7ffffdfffffffdeff8f
:10371800ffffffffffffdffffffffffffeff9ae74f
:10372800519dd7cefdeffff7feffddf7fefffff758
:10373800ffffffffffffffffffffffffffffffff91
:10374800ffffffffffffffffffffffffffffffff81
:10375800def7fef7fef7bce7dae7fbeff8e710aeb7
:1037680067748453845b2353a773ed9c70b50eadc7
:1037780095d695d695cef7de39e7bbf79bef9bef4d
:103788009bef7aeff8de51ad96d6bbffd7ded4c5f6
:1037980002218010cd7bd9d6bcf77bef7bef9bf75e
:1037a8005bef5bef7be77be7dcefac6ba531274298
:1037b800474ac95aca5a684a484a884a6b6b97ced8
:1037c800bbefdcffbdff59d63defbff7ffffffffa3
:1037d800dff7fff7fff7dff7bdff35de278308ac1c
:1037e80027aca6a40174c374c4644354a04b636c8f
:1037f800a6748474645bf3bd36c6fef71acfb3b6fd
:103808002e862e860c7e2b860a86ea856985cc95bf
:1038180071b637d7ddeffff7dff7dfffffffbfff39
:10382800dfffffffffffffffffffffffffffffffc0
:10383800fffffffffffffffffffffffffef7ddefcb
:10384800b6c62f95d6cefbf7bcefffffbef7ffff3e
:10385800ffffffffffffffffffffdef7fefffcf7a5
:10386800719db1a579dffef7def7fefffeffbff71a
:10387800ffffffffffffffffffffffffffffffff50
:10388800ffffffffffffffffffffffffffffffff40
:10389800fffffffffef7f9d631952b740c8deb8ceb
:1038a8008b8d255ca353c45b645bc76b2d9dab8c70
:1038b8002a842d9dd4ced5cef7de5aef3ae7dcff29
:1038c8009bef9bf776ce11a5b7de19e77bf797de5e
:1038d800ee83e220e218a2104c6b79cefadeb9d65c
:1038e80098ce16be53a5dcf77bef77ced9d6b19428
:1038f8000e846c6bad734f84f29cf6bd1adfdcf757
:103908007defbdf77cef5beffefffeff9deffef75f
:10391800bef7def77de7feffbcff10b5879307a46f
:1039280026ac85a4427c20648164e56ca253c46300
:103938004c6c296c11ae99e738df79df11a6cb956d
:10394800e98da985aa858b85ce9572b616cfdae75b
:10395800fdf7ddf7ddf7feffffffdefffefffefff1
:10396800dfffffffffffffffffffffffffffffff7f
:10397800fffffffffffffffffffffffffefffef759
:10398800bae72f9d2e9572be78dfdcefffffdff7d9
:10399800dfffffffdeffdefffffffffffefffdf79c
:1039a80012b64d9592b6fcefdef7ffffbef7dfffcc
:1039b800fefffeffffffffffffffffffffffffff11
:1039c800ffffffffffffffffffffffffffffffffff
:1039d800ffffdfffbdf7fdffdbf7d1ad497c0774c3
:1039e8002564e77486640454c45b43534874ada5e6
:1039f800287c2874897c8fa5b5ce76d6f9e63aef6f
:103a08009bf73ae715c611a536cef9e67bf73aefec
:103a1800b9d69194032124212421e31841080421d3
:103a28006108442994b55aefd8def9de7befbcf77c
:103a3800ddf7bdf77bef9ceffdff7bef5bef5bef07
:103a4800bff7fbdefadefdfffdf7fdf7fefffeff29
:103a5800bffffeffdbef78e7f1bd457b859347ac01
:103a6800a7b40394017c63742464844b897455d788
:103a7800bbdf12ae33b6b2a5d5c6909d6e952ea605
:103a88000eae51b677d7bae7fcefbdefbff7dfff51
:103a9800bffffeffdcffbcf7feffffffffffdef707
:103aa800ffffffffffffffffffffffffffffffff1e
:103ab800fffffffffffffffffffffefffefffeff11
:103ac800dbf7f6d6c86b0b85ae9536cffcefbdefae
:103ad800bef7ffffffffffffffffbef7def7feffaa
:103ae80036cf8d95cd9516c7fef7ffff9ef7dfff02
:103af800fefffeffffffffffffffffffffffffffd0
:103b0800ffffffffffffffffffffffffffffffffbd
:103b1800deffdefffffffdff56c62fa510be8da5f9
:103b2800687405644664e55b634b4453645ba56352
:103b3800ea8c48744874aa844ea571b5f4cd96de13
:103b480039ef19e756ce97de32ad36ceb8de9bf7a1
:103b58009cffd9def6bdca5a24212429a639aa52c7
:103b6800f29c7bef7bef7af7d4c57af739e7bbefa6
:103b78007cefddf7dcf79bef7bef9cf7bdff3befbe
:103b880058ce9deffefffeffbef7ffffffffffffd2
:103b9800ffffdbef30ae6574247cc383e59b07ac85
:103ba800c69ba58b268423532a6c77cf97d710ae54
:103bb800b1a578dffbeff8cebadfb9dffae7d9e7ce
:103bc800daefdbeffcefbbe7dceffdeffef7ffff23
:103bd800ffffbdf7bdf7feffdeffdfffffffffffc3
:103be800ffffffffffffffffffffffffffffffffdd
:103bf800fffffffffffffffffffffffffefffeffcf
:103c0800fefffcff94c6a65bea7cca7c53b6fbefba
:103c1800fef7ffffdef7dfffdfffdfffdfffffff5e
:103c2800fae76c95eb95ce95bbdfbeefffffdfffa4
:103c3800fefffeffffffffffffffffffffffffff8e
:103c4800ffffffffffffffffffffffffffffdfff9c
:103c5800deffdeff9df774b572b5d3bd4b8c4a8489
:103c68004763a76b86630453255b4663e452656329
:103c78008984897c276c2874cb94d1bdb1c5ada447
:103c880092bdf7e655d636d619ef93bd15ceb7def9
:103c9800b8de5aef9bf73bef3be7f9de7bef5be7dc
:103ca8005bef9bf7d8deb3bdd3c519ef9af7fcffde
:103cb8009cef7bef5be7fdfffdffbdf71be79dff7b
:103cc800fdfffeffdff7bff7dfff9ef79cf7fcf76e
:103cd800b4b668642354a36c01748283a59ba7a31c
:103ce8008bac056b6763b8df35bfcf954d85cf9d2e
:103cf800b6cefdffdcef78c69ce797c66f9d8e9d1c
:103d0800cd9dad95ad95cd95cd95ce9531a697d751
:103d1800ddeffff7dff7dff7fffffefffefffeff38
:103d2800ffffffffffffffffffffffffffffffff9b
:103d3800ffffffffffffffffffffffffdeffdef7d5
:103d4800beffddff9aef4e95486c8974286c8e9df6
:103d580058d7fdf7feffffffdfffffffffffbff7ad
:103d6800fcef8d95eb958b8d52aefceffeffdfffe0
:103d7800fefffeffffffffffffffffffffffffff4d
:103d8800ffffffffffffffffffffffffffffffff3b
:103d9800feffbdff78d6b4bdb4bd11a54d8c086338
:103da800a862e862896b91adb5d612c68fadafb582
:103db800cfadad9d276c4774287c0da532ce6fbd65
:103dc80050b551b5afa452b519ef39ef92b5a75216
:103dd800ab834e942d8c4e9497d65aef19e7f8e69c
:103de800d4c511adb3bd93bdf8e69bffdbff59e722
:103df8005aeff9de53ad8d7368520f84b6bd5cef90
:103e0800beffbef7ffffbef7fefffbffb3ce0a8d76
:103e1800c364e25ce25cc474c3734483a7a36abc52
:103e2800499436ef79df109e0b8ee985ac8d90951d
:103e38009df7bdf797cefad6dfeffeeff8e78fb61e
:103e48006a85cb8deb8d0b960a96ea8d897dcc8d94
:103e580051a6b9d7fdefbeeffffffeffbef7ffff8c
:103e6800ffffffffffffffffffffffffffffffff5a
:103e7800ffffffffffffffffffffffffffffdfff6a
:103e8800ffffbef7feffdbef096c686cc97c0a8593
:103e98004d8dd5c6dcf7ffff9ef7deffffffdfff86
:103ea800fdef31aeaa8deb8d8d8d56cffcf7ffff60
:103eb800ffffffffffffffffffffffffffffffff0a
:103ec800ffffffffffffffffffffffffffffdfff1a
:103ed800ddf798d653b54e8c875a4331e641e64113
:103ee800a95ac95a874ae85a8a732fa532beafad74
:103ef800eead2a8dc87487742774eb94b0b56fb58e
:103f0800b2cdb2c5b3c5f1acb4c55af77aef14be99
:103f18008e9c92bdb3c572b50c8cd3c534ceb6e6b3
:103f280017ef31b531ad52b5d4c572b551adf4c541
:103f380072b552ad4b73ca622c6b2d6b284a284a56
:103f48006d7354a55ae7b6ced0b5a88c036ca36c94
:103f58008054e15cc25c8474a47b258b24934493d5
:103f6800078c96ef10a6cd85e97d2a8e6b8dd0a59e
:103f7800bdf7ffff53a5fcf7bdeffcefd2b66b8d85
:103f8800f3be96cf96cf71a66c85cc950c96cb8d4b
:103f9800aa85ed95f4c6fbeffdf7def7ffffdfff1f
:103fa800ffffffffffffffffffffffffffffffff19
:103fb800ffffffffffffffffffffffffffffffff09
:103fc800feffdefffffffef758d78a74876c466c4a
:103fd800476cec8414b6bdf7deffdeffdeffffffa3
:103fe800def7b4be6a85ca8dec95ce9d99e7fff7da
:103ff800ffffffffffffffffffffffffffffffffc9
:10400800ffffffffffffffffdfffdef7bef7bef793
:10401800fadeb19cc95a01296331e6418639094261
:10402800aa4a884ac952296329630b7c297469748e
:1040380047740985087da77468746d9d56df11bea5
:10404800efb451bd72c593c5f1ac93b518df59df14
:10405800f4cd52bd35d639f79aff9aff17ef54dee3
:1040680050bd30b531b552b573b515c635ce55d638
:1040780096def0a4895a495249526a52cb5aaa523a
:10408800c952e84a6b7c487ce473637ca26cc164c7
:10409800c3648254c464246c647b44932393438b29
:1040a8004cb5cdb58c8dac7d0d860d8eb0b670b689
:1040b800feff5feff8bdfdf7daefb1b6cb950f96cf
:1040c80055cfb09d75b6dbe7fbe735c771aeed9d03
:1040d8006a85cb958c9531b6bbeffeffddf7fdf712
:1040e800ffffffffffffffffffffffffffffffffd8
:1040f800ffffffffffffffffffffffffffffffffc8
:10410800dffffffffefffeffdef7f8d6e86be55b9b
:104118006564876c696c4f95bbefddf7ffffdfffc8
:10412800fff7f8cec9742b96aa85ee9595befcffcd
:10413800fffffffffeffffffffffdff7ffffffffb0
:10414800ffffffffffffffffdef7ffffdff79eef39
:10415800ae7b4008a218a641c741c741a73908420b
:10416800894aeb52ca52c94aa742a642485be96b40
:104178006974286c486c07644974ed8cb1adaa73f6
:10418800ab7b8b734b732b6b2b6bea62a952684a20
:10419800474a2a6b32ad72b551bd10ad30b572bd0c
:1041a80071bdd3cdb6de18df7aef9bf79cf77cf7ad
:1041b80059d6a95ac95a8852884ac952a84ac852cf
:1041c8006b7c0a8523646064a064816c8374437487
:1041d800a474235c055c077c879ba7b3859be59348
:1041e800ecad0b9ea885ea85ab8dd3c636d7d4c671
:1041f800dcff16c67be7dadf50aeac958c8db2b625
:10420800fbf756d76e958e9576d7fbefdcefddf78b
:104218007ae7f7d613be70a592b53ae7feffdef748
:10422800ffffffffffffffffffffffffffffffff96
:10423800ffffffffffffffffffffffffffffffff86
:10424800ffffdefffeffffffdff7bdef74bea763d2
:10425800c453c453466c4974d2adfef79ef77ef73b
:10426800fef7dbe7ec7c697dc985ec95b09d5be7e3
:10427800fefffeffdeffffffdff7ffffffffffff91
:10428800deffffffbef7bef7ffffbef7ffff55ad2e
:1042980000000421c741a641a741a7418631694ac8
:1042a8008a52aa524942694aa94aa84a4542c33190
:1042b800275b0d95cc8c8b7c8c84485b6963874a23
:1042c800874aa852a952a952aa5aa9528952895270
:1042d80089528852ea628f9c73bd93bd92bdd3c543
:1042e800f9e6dcffbbf77ae77ae77bef9cf778d64d
:1042f8002d738639c95a474ae9522432885b6d952d
:10430800435ca46ca364e36c415c2264036c868404
:1043180082630a8d14cf6fb5e482c6abe6a3699cad
:104328008a9dca95ca8dec8d91b6faef75c617d7d6
:10433800bcf7d4add9e7b2b6ab8d4a858e95fbef05
:10434800ddeffbef51b6ed9d4a8dd3befbeffff7d6
:10435800fff7fdf7dcf7dbf739e71ae77ceffeff3d
:10436800ffffffffffffffffffffffffffffffff55
:10437800ffffffffffffffffffffffffffffffff45
:10438800ffffffffdeffdfffffffdff7fdf792a56f
:1043980085532564856c666ce9633adfbef7ffffd9
:1043a800deeffef7f1a5876c0a8eea954c8d54beb8
:1043b800ddf7fdfffeffffffdef7fffffffffeff5c
:1043c800ffffffffffffffffffff9ef73ce7000037
:1043d8006210c739c84187398739e841c741074260
:1043e800e8418a52ab528a528a52694a2742c539f1
:1043f800c5396329cc738b638742e952ea52ca4aaa
:10440800a94aa94aa94a694a694a6952aa5aeb6259
:10441800694a6952684a8852ac7b53b577d67bf7ac
:104428007bef3adfbbefdbef9be73ae7dade695277
:10443800c841c739a531463a064b0b85087d6364e8
:10444800c25ce35cc35c835c8464646c4153a36baf
:10445800c87bed9cdaf7adacc8ab07b468ac2bad44
:10446800ab95cc95ed9531a6fbeffdffb4b53adfe2
:104478009be794be12bfc98dca8dad9594befdf75a
:10448800ffffbdefb9e7ce9d8a8d8b8d93b6fde713
:10449800fff7fff7fef7fefffdfffdffddf7feff6d
:1044a800ffffffffffffffffffffffffffffffff14
:1044b800ffffffffffffffffffffffffffffffff04
:1044c800ffffffffffff9ef7dfffbff7feffdceff9
:1044d8002d956453c35b866c486c2f95fcf79def54
:1044e800bff79def57d7686c697dca8d0d9e6c8d9f
:1044f80039dffeffffffffffdffffffffffffeffcc
:10450800ffffffffdfffbef79ef7ffff6d6b042184
:10451800663187318739e941a739c739e741a6317b
:10452800c7396a52ab5a8a526a52494a284ae741fd
:10453800c641284a8952a952ca52694aaa528a4a85
:10454800ca4aaa4aaa4aaa52aa528a528a528952dc
:10455800aa52484aca5a484aca5aa952d5b55be724
:10456800fcefdbef79dfdaef79dfbbefb194e741fe
:10457800284a063a6542496ca76c8364815cc0642a
:10458800a05ca154a25c635c456444530232a65209
:104598006c7b8a7391bd8893e9b3c8ab48a46badb3
:1045a800ed958d8d52aefbefddf7bdf732a55ae7dd
:1045b80034ae50a6ca8d098eea8def9d9ae7def7d4
:1045c800ffffbef7fef778d7ad95ec958c8dd3b687
:1045d800beeffff7fff7def7def7fefffefffeff99
:1045e800ffffffffffffffffffffffffffffffffd3
:1045f800ffffffffffffffffffffffffffffffffc3
:10460800ffffdfffffffdfffbef7fffffefffdff3e
:10461800b9efcd8c254b634b666cc66332b6fcf79d
:104628009fffffffdcf7ab7cc86cc985c985ca85cd
:1046380033aefceffeffdfffffffffffffffffffd3
:10464800ffffbef7ffffdfffdfff38c66631e41864
:104658006631a739c841a839c841a739c639c6390a
:10466800c7392842694a8a4a8a52694a0842e8414f
:10467800494a2842aa52894a8952aa5269528a52f8
:104688008a4a8a4a8a4a8a528a52aa528952894a44
:10469800a952aa52694a8952a9528952684ab8d677
:1046a8009be77ae7bbef9aef7ae75ae7063a0642c2
:1046b8000332e96b88744364036d605ce16ce16c00
:1046c800425ca46cc774234b42322432a94a694a1b
:1046d800aa5aa8520a8ca893a8abc8abeab48bad67
:1046e800ae9511a6badffef7feff7bef6e8c99e759
:1046f8000d856b85ca8d0b96ad8df6c6feffdeff68
:10470800bdf7dffffffffdef76cfcd95cc8ded95a3
:104718007adffef7fffffffffffffeffdeffffff71
:10472800ffffffffffffffffffffffffffffffff91
:10473800ffffffffffffffffffffffffffffffff81
:10474800ffffffffdfffffffdefffefffeffddf7de
:10475800fdf77be7519d875b63530564a66352b6fb
:10476800fcfffeffffffb7c6065c4675e985eb85d3
:10477800ae9578dffef7dfffffffffffffffffffcc
:10478800ffffdef7ffffdfffbef7718c042145292d
:10479800c739e84108428631e839e739a639c639c8
:1047a800a631e7392842694aaa52aa528a52aa521d
:1047b800aa52a952aa52895269528952aa5a8a5aa5
:1047c800aa5aaa5a8a526952494a694aaa52ea5abc
:1047d800a952a952484a284ae741c639484af29c90
:1047e800bdef9cef9befdcf739e771a58963c652f3
:1047f8008874e77c6364a164e16ca16461642364e8
:104808002674655be2318321ea5a894a894ac9528a
:10481800884aa852c76a6893a7b307b4ebb48dadaa
:1048280073b6fbe7fdf7defffeffdbf78c84d3c62c
:10483800ea7ced95ac8dae9578d7fef79df7ddff58
:10484800beffffffbff7fef7fcf7b2b6ad95ad8d23
:10485800d4c6fbefddf7ffffffffffffffffdfff22
:10486800ffffffffffffffffffffffffffffffff50
:10487800ffffffffffffffffffffffffffffffff40
:10488800ffffffffbef7fffffeffddf7def7ffffcd
:10489800feffdef79be70f954553a55b645b845be2
:1048a80010ae9be7fff7ddef0c85a6644875cc8d4d
:1048b800cc8db3befdf7ffffffffffffffffffff3c
:1048c800bef7ffffbef7ffff5ce7c318e4184529f2
:1048d80086318631e739e741e739c639c639c639fd
:1048e8000742c639c639e739694aaa528952aa52d3
:1048f800694a694a694aaa528a528a52aa52694a34
:1049080069528a52aa528952484a484a694aa94a67
:10491800a952484a6952084a6631863965312b6b73
:104928009bef9befbbf7f6deafad4c95256cc67cd5
:10493800415c625cc3648264625c6464476c875bec
:10494800013a6021a431294a0a420a42ac5a6a4a09
:10495800884a0963866aa9a3a8b38ac48aa4efb55a
:10496800d9e7dcefdeffdfffbdf7f6ceaf9d2b8585
:104978008c8d8d8d32ae79dffef7bef7ffffdeff3f
:10498800feffbef7fffffef7dceffaeff4c68d95ea
:10499800cfa5faeffeffffffdfffffffffffffffdf
:1049a800ffffffffffffffffffffffffffffffff0f
:1049b800ffffffffffffffffffffffffffffffffff
:1049c800ffffdeffffffdef7bdf7ffffffffffff83
:1049d800beefdef7fefffcf7d1ad665b635b835b82
:1049e800234394bedde7feef95b6075ce8748b853c
:1049f800ea8dee9dfbeffef7defffefffefffffff9
:104a0800ffffffffbef7fffff7bd0000e4184529d1
:104a1800a739e741a631e639e639e639c639084209
:104a2800a739a739e739c739e741484a284a6a52b6
:104a3800aa528a52ab5aab52ab52ab52694aca52cb
:104a4800894a894a694a284a08422842694aaa5230
:104a5800895289526a52e841c841e849e749e74919
:104a680059e779eff2bd8b8c26740264c174605cdf
:104a7800c064a05ca2648364856cc65b233a42214f
:104a8800a531e639e739e841a739c741c73928428e
:104a9800284a054ae67a88ab0ac44cbc8ba42c9dec
:104aa80057df39df9ef7bef7ddf754b6cb7cea7cdb
:104ab800ee9d14c7fbeffef7dff7ffffdfffbef742
:104ac800fdffdeffdfffbff7fffffcefd8e791b682
:104ad8002d8d78dffef7fffffffffefffeffffffd4
:104ae800ffffffffffffffffffffffffffffffffce
:104af800ffffdfffffffffffffffffffdff7ffff06
:104b0800dfffdfffdffffffffeffffffdfffffff2e
:104b1800dff7feffddf7dcf7fcf7b6ce09740453c8
:104b2800435b655bd6c6feefbdefac844664287573
:104b3800eb856a85f9e7fefffeffbdffdfffffff9c
:104b4800dfffffffdefffeffae73a318e420252979
:104b5800c639c739a639c639c539c639e739a6317c
:104b68000842c739c739c739e739e739e73907424a
:104b780028422842494a494a494a494a2842084259
:104b8800e741e741e739e741a639e739c739c73986
:104b98000742e739284aa739e941e739c431ea6bbe
:104ba800f6d6d0ad677c236c8274616c406c606c07
:104bb800c16c41644464a55ba5424321e4184729bc
:104bc800a941a841a641e541e539e639c739c841b7
:104bd800ca41c649078bc8b308b48ab48b9cae9443
:104be8009aefbdf7deffbfffffffad84c97cb09d24
:104bf80098dfdae7fdf7feffffffdfffdfffffffcc
:104c0800defffefffffffffffffffff7dcefb9e767
:104c1800b0adb5cedcf7def7ffffdffffffffeff2d
:104c2800ffffffffffffffffffffffffffffffff8c
:104c3800ffffdfffffffffffffffffffdfffffffbc
:104c4800bef7ffffbef7bdf7ffffffffdeffdfff89
:104c5800ffff9ef7def7ffffbdefddf7bbef91a586
:104c6800275b855b034336cffdff39dfa763876c7e
:104c7800aa7d2c96b4beddf7ddfffdffffffdff751
:104c8800bff7ffffdef7ffff284ac318c418042147
:104c9800a639a6390642c539a9522742c639a739c5
:104ca800e841c739c739c739e739c739c739c739b3
:104cb800c639c639c739c739c739c739c739c639ef
:104cc800a639c7396529c739e739e739c639e73910
:104cd8000842c6398639c841a739e7392119433a04
:104ce8008874e4636364a16ca064c16c81646164ca
:104cf800246466740453e2310219e4184629a83181
:104d0800c739a6398539a539c639c739c741c84908
:104d1800c839265a479329bc28b4cab4098cb1adfe
:104d2800baeffeffbef7bff7fef7a963076c98df7f
:104d3800fcf7fdfffeffdff7dfffffffffffffffd1
:104d4800fffffffffffffefffffffffffdf7dcf7a1
:104d580016d754bedcf7fefffffffffffffffeff85
:104d6800ffffffffffffffffffffffffffffffff4b
:104d7800ffffdeffdeffffffffffffffffff9df7e7
:104d8800def7feffffffffffffffdef7ffffffff7e
:104d9800dff7ffffffffdff7dff7ffffdff7fef7c4
:104da80039d74b748553e663f7deddf715be6b7ca8
:104db800c764cb8dd09dfdf7fdfffdffffffffff13
:104dc800ffffdef7ffff7defc739c3180421252158
:104dd800a631c539063ae5392a63684ac639c7395a
:104de800c739c739c739c739c739c739c739c739bb
:104df800c739c739c739c639c639c639c639c639b0
:104e0800a639c7390742e739c639c639e7390742eb
:104e1800c8416631e841094a65318429233245533e
:104e28006364a264a064c064e16c8164636c86748a
:104e3800876bc131a010c2180429e4204629c8395b
:104e4800063ae639e639c739c739a739a641a6412e
:104e5800084a245aa79b49bc28b4aaacc77bed943e
:104e6800dbeffefffeffbef75be78a63909dfcef7a
:104e7800deffdffffffffffffffffffffeffdef7a5
:104e8800dffffffffefffdfffdfffefffffffff758
:104e9800fcf7b8cebcf7feffdef7ffffffffffff12
:104ea800ffffffffffffffffffffffffffffffff0a
:104eb800fffffffffefffeffdefffeffbdf779ce1f
:104ec8003be7def7ffffffffffffdfffffffdef738
:104ed800ffffdeffdeffbef7ffffffff7deffffff7
:104ee800bdeffef792a5c86bab8cdbf7feff329dda
:104ef80068644a858e95fdf7ddf7ffff9ef7ffff93
:104f0800fefffef7def7fbdea631e420a318252915
:104f1800c639e639c431464ae85a464ae641e739cd
:104f2800c739a739c739c739e739e739c739c73959
:104f3800c739c739c739c639c639c639c639c6396e
:104f4800073a8531e741e739c73966310421a318a3
:104f58002531e849a639c118622143322343245c2c
:104f6800a36c8164e26c8064826c4474c66b2ea569
:104f7800c762a0184431e428a420e4208531a53173
:104f8800c639c639e639e639e739c739c741c741ad
:104f9800e6496462c7a308b48ab4ebac087cac8465
:104fa8009ae7bcf7defffeff57c6295b38dffdf73f
:104fb800feff9ef7bff7ffffffffdef7ffffffffd4
:104fc800dfffdffffefffefffeffffffdfffdff774
:104fd800feffbdf7def7feffffffdef7ffffffff77
:104fe800ffffffffffffffffffffffffffffffffc9
:104ff800defffffffffffefffefffeffdef7b9d675
:1050080053a5bdf7ffffdfffffff3ce7def7ffff1c
:10501800feffffffdef7fefffefffefffeffbdf710
:10502800ffff9fefffff59df6b844c849be7ddefa9
:105038000d85c87ccd9d58dffef7ffffbff7feff4b
:10504800fbf7dcf7bdf7fbdea73104218310e52071
:10505800a731a631053a864a854a2542053ae641ee
:10506800c839c739c739c739c739c739c739c73937
:10507800c739c739c739c639c639c639c639c7392c
:10508800c631e74165298631e420a3180529c420e3
:1050980082184431a4318442c342255c845ca25cfa
:1050a800815c615c615c826c036484638b94b2bdd7
:1050b8006e94a120a220c4280531c420242984315b
:1050c8008739a739c639e539c631c631c739c84124
:1050d8004339678bc7a329b46aacaa9ce7736e9d52
:1050e800d6d6dcffdefffdff72a5af8cfdf7feff15
:1050f800fceffdeffef7feefbdefdef7dfff9ef7fb
:10510800defffefffeffffffffffffffdfffdfff0a
:10511800def7ffffffffdef7ffffdeffffffffff0a
:10512800ffffffffffffffffffffffffffffffff87
:10513800dfffdffffffffffffffffefffefffdf7c3
:1051480073a5f9d6dcf7fdf79bef16bebceffdffa4
:10515800ddf7feffdef7bcf7dcf7fcf7fcf7fdf741
:10516800ddf7ffffbeeffcf7faeff2ad54b6fcef48
:1051780059d748742b8db9e7bceffef7fdf7d6d6a3
:1051880079e7bbeffeff7defc73904210521c52074
:105198004629a531a74aa54a84424542c439e63979
:1051a800c739c739c739c739c739c739c739c739f7
:1051b800c739c739c739c739e739e739e739e73967
:1051c800e7392842e8396631c320242924290f8c7d
:1051d80072adca73a4426453245c635c4154a25cfc
:1051e800e364825c225ca153004bc14ae4524a84c6
:1051f800f09ca852e220c4200529c520e420e42020
:1052080007314739a639e639063a073ac739a7397f
:105218006241879327b48ac48bac298c8984aea554
:105228008c8c18dffdf7bbefcd8c99e7fdff9aef6b
:10523800dae7f7ced7ce9be7fdf79def9ef7dfffc6
:10524800fefffefffffffffffffffffffffffeff69
:10525800ffffbef7ffffffffffffffffdfffffffbf
:10526800ffffffffffffffffffffffffffffffff46
:10527800ffffdfffffffffffdef7def7ddf7fef7db
:10528800f7ce309516cf16cf36d752b6d9e798df76
:10529800b5c6b2a5b1a56f9d2d8d2d95cd84cd84b4
:1052a800909d32aef6ced6c633b670954c7435bee8
:1052b800fef7d5c6ea6b58d7fae7b8dfd1a58f9db8
:1052c800f7d6dcef9eefffffe7392421e420e42046
:1052d800e318884aa64a8442a44a65428431c741f1
:1052e800a739c739c739c739c739c739c739c739d6
:1052f800a739a739c639c639c639c739c739c839e8
:1053080067318731c420821803292a6b72b50fa52b
:105318000453a23a83534364836c8264836c63644a
:10532800025c85744253e252245be2524353c45bed
:10533800865be54a6019c110e3200521e520e520d8
:105348006518a52025298631e739073aa639653930
:10535800245a258b47bc8ac4abac698c8da52b9588
:105368002874f1adfbef37d72864b3b654b611ae45
:10537800509dd6cefbf7fcf7dcf7feffffffdfff03
:10538800ffffffffffffffffffffffffffffffff25
:10539800ffffbef7ffffffffdfffffffffffffff7e
:1053a800ffffffffffffffffffffffffffffffff05
:1053b800dfffbfffffffdfffffffffffdef7fdf7a8
:1053c800b8df6b7434c7ea7cea84486c486ce763de
:1053d800476c686c066406640564c45b0664486cc4
:1053e8004664476ce763d1a536cfaf9d91a5dad661
:1053f80098c6fcf73195b6be54cf8b95ad95ce9d2a
:1054080059dffeffffffdfff0c63c218e320e32034
:10541800a110cb73233a8342a44a45428531c8413f
:10542800c739c839c739c739c739c739c739c73973
:10543800c839c739c739c739c739c739a739a839a2
:105448004831c520a42082180d844c8c4773414aea
:10545800424b045c8464c36c826c616ca15ba67c67
:105468006ca56dad098cc562635ac352845b824bcf
:105478004464e45b4453022a4221e318c420e52033
:10548800a620a520c520e520462945290329c120b5
:10549800a572859b05b427b4099caa944b95677c93
:1054a800476caa7cd5c64e8d265c8d8db09dee9d31
:1054b80037dfbaf7fcffdcfffdfffefffefffff75b
:1054c800fffffffffefffefffeffffffffffffffe7
:1054d800deffffffdfffffffffffdfffffffffff35
:1054e800ffffffffffffffffffffffffffffffffc4
:1054f800deffbeffffffffffdef7ddf7fcf7dbefa8
:10550800b3c6897c0564866c656c4664c874266479
:10551800866c676cc5534243a14b235c055c0864e9
:10552800e45ba97410a6b8df37d7919dbbeffcf7f1
:10553800b9ce39d799d792a60d8e8985cb9571beec
:10554800dcf7ffffdfffdef74c6b61104429e21840
:10555800a752a54a8342a342854ae539484ac73932
:10556800c741c741c739a739e8410842c839e839ae
:10557800a741e841c739c741e8498639e7412421ad
:10558800a310e318c6396e8ce65a2563035b025be9
:105598002354a464846c0264e26b658c09ad4cbd31
:1055a800edcceec450cd8dac2673c24a214b025cc3
:1055b800e36cc56c4564c55b444be129c0180429fc
:1055c800e520e62006298320e420c418e320424190
:1055d800668b659ba5b308b446838773897c456c45
:1055e800866c486c2d8d0c7d0a7d6b8dd2beb9e71b
:1055f800fdf7feffdfffbfffbefffeffddf7feff8b
:10560800dfffffffffffffffffffffffffffffffc2
:10561800ffffffffffffffffffffffffffffffff92
:10562800ffffffffffffffffffffffffffffffff82
:10563800deffdef7deffbef7bdef9be7f4b5cb7309
:105648002a74296c276c666ca774a76ce45b876c5a
:105658002564e55ba553a4532464456c8874ab7c2e
:10566800af9d77d7d9e777dfb7e790a5fbefbcef1a
:105678007ce796be35c78c852b96ea95ce9ddbefe9
:10568800fef7fff79def7bef12a5e749a31804216a
:105698002863a552c34aa342a54ac4398531284282
:1056a800084a6631a7390842a7398631c739e73928
:1056b800e74186310842c73966314531c3200321a5
:1056c800e32006426a6b4442c452e352e573425bec
:1056d80082538153825b2574e9946cb58ebd6fc586
:1056e800f0c4d0bcf1bc32bd91bdcc948463e04a17
:1056f80002542464856ca56ca56ce45ba33a001184
:10570800032125218318a4200529e520a320434946
:10571800e57a859b24a3259b067b8129aa7c666c58
:105728004564686c696c4b8de97c10a678dffcf7e2
:10573800ffffbff7fffffefffdff9bef7be7bdef1e
:10574800dfffffffffffffffffffffffffffffff81
:10575800ffffffffffffffffffffffffffffffff51
:10576800ffffffffffffffffffffffffffffffff41
:10577800fef7feffffff5ce794ad6f84af8c319db1
:1057880071a5d2ad4e95c65b4664456446644764d0
:10579800266c6453486c0b8506644874d0a599df61
:1057a800ddf7fdf7fcf773bef3ce92beb3ad5cdf59
:1057b800fdefd5becd95aa8de98daa8d12ae9eefcf
:1057c800bff7dff7feffd7de93bdf08b2629010078
:1057d8000ea5e452a24a8242854a43292421042183
:1057e8002529a739e84187398631e7390742e74152
:1057f800e741863165294629c420e420e320853124
:10580800454aa64aa44aa342a563024b803a066cbd
:10581800c15a8573aa946eb570b530b551b593c5a4
:10582800b2cd14d614d6d3cdb2bdd2bd4fa52a7ce5
:10583800034b224b4464625ca15c046d856cc55bc0
:105848000342a01003214531a420c51883208451a8
:10585800e57a86a385abc9ab08736000c85b255c95
:10586800255c2664276ccc9d51bedbf7ddf7feff77
:105878009ff7dff7ddf799e733b691a59be7bdef13
:10588800dfffffffffffffffffffffffffffffff40
:10589800ffffffffffffffffffffffffffffffff10
:1058a800ffffffffffffffffffffffffffffffff00
:1058b800def79defbdeffef7fef7fdf7fdf7fcf70e
:1058c800fcf7dcf759df0d8d676c6564866c065c48
:1058d800286c6974d3bef8e78653e863ee8cfcef56
:1058e800fdf7fffffef774be4c95b5dfb9e7dde7be
:1058f800dadf51aecc95aa8dcb952fa698dffef7af
:10590800ffffbdf77aef54ce72bd95bd895a632962
:10591800c86b2c95613aa34a444223210421c41838
:1059280004212429c318c32025292429e420042973
:10593800e4202529c418e420e420232906426a6bc0
:1059480083424553855b845b224ba45b2353245bd2
:10595800e78becac8fbd91bd13ce18ef7af73aef19
:10596800b9f7baf7baffdbff9af79af7dbff39e71f
:1059780091ad8763c13a025cc364615c2264857c33
:10598800077483424119a1182529a418e428e55968
:105998002793e8abe7b3c9ab0652c108ac74c76c30
:1059a800255ca86ce5636c9d78e79fffdfffbdf77a
:1059b800fdeffceff5c6ae9d6d9db9e7dcefdfffaf
:1059c800ffffffffffffffffffffffffffffffffdf
:1059d800ffffffffffffffffffffffffffffffffcf
:1059e800ffffffffffffffffffffffffffffffffbf
:1059f800ffffffffffffffffdef7fefffefffeffdb
:105a0800feffdef79ce713ae0764a774e87ccd9d24
:105a1800ea74696c74c7ce9d444ba65b67534c749b
:105a280033b6bae7fcef37d78d95ad9535c7fadfb2
:105a3800f4becd958a8dce95f4bef8dff9ef93be0e
:105a4800ee946d8c95d60fad71bdb3c551b5e662b8
:105a5800c7636c95a65b633a65420321e42082180c
:105a6800c218032123212429c320a318e420831862
:105a7800e42866396639a6418c730d84075ba55204
:105a8800434ba45ba453c563845ba24a055b4b8c60
:105a980051bdd3cdd8e69bffbcff5bef7cefddf7b4
:105aa800deefbeef5bdf7be7bcf77aef7bef7befe8
:105ab8009aeff7d6ea73044b0243a35b057442637b
:105ac800e36be563a75b602101190321a118455a1f
:105ad800889be8b3e7b3c9a30229a0080d85c87459
:105ae800255c6764686c8b7c5bef9fff9ef7fcf717
:105af800b7cfce95ac95ac9555d7fbeffeff9ff78a
:105b0800ffffffffffffffffffffffffffffffff9d
:105b1800ffffffffffffffffffffffffffffffff8d
:105b2800ffffffffffffffffffffffffffffffff7d
:105b3800ffffbff79ef7ffffffffffffdfffffff3e
:105b4800bef7ffffddf758dfab840764476cc65b21
:105b5800c874a76c255c2564c453424ba55b855368
:105b6800a55b66532a6c8a7427644764ea74ca740e
:105b7800ca74497d2d9e76cf74b6ed84276c8774e0
:105b8800e8732f9d96d6d2c5b2c571c591bd8fb5a4
:105b9800296ceb846974633a4229e220601823294e
:105ba80001196229a431274ae641c2208218a2209d
:105bb800a6410f9474bd32ad6d848442624246633f
:105bc8008453a45b435323534563097c90b513c6a0
:105bd80039ef9bf7bcf7bcf7dcefdcefdce7bbdfaa
:105be800bbdfdce7dbe7dbe79ae75ae77be77bef3e
:105bf8007befbcf739e771ada54a634a466b867bf4
:105c08004153a453065c4974e552001900210673f8
:105c180088a3a7ab09b468934010463a4f95cea520
:105c2800a974065c065c4f95bdf7bef7fbf773b623
:105c3800ab852d968b8512bffaeffcf7ffffdfffd0
:105c4800ffffffffffffffffffffffffffffffff5c
:105c5800ffffffffffffffffffffffffffffffff4c
:105c6800ffffffffffffffffffffffffffffffff3c
:105c7800ffffffffffffffffffffdfffdfffffff6c
:105c8800fffffffffdf7dbef53be6a7c6974c65b5d
:105c980006644664c87482538253a3536353c4632f
:105ca800c45ba45b434ba55307642664255ca66cc0
:105cb800465cc353a86c8653a65b476c25648774ff
:105cc800297496cebcf715ce50bd50c5d2cd70bd47
:105cd800097c08748ea590ad51ad11a511a5c75ac0
:105ce800a64ae7524542e75a8e9431ad93bdf4c5b2
:105cf800d3c514ce6c94055bc44a244bc663645365
:105d0800655b24536563a7732da58fb5b4de97ef44
:105d180035d714cfd3c692be71b651b651ae71ae57
:105d2800d2be71b635cff9e7b9e77ae79be77befe3
:105d38009be7bcf79beff8deb7d630a5c65a845a66
:105d48002253c453c453a45b0774a86b634a457bae
:105d580085a328b429ac6462c01014ae99e7fbff90
:105d680090a5676ce55b6f8dfcf798dfad958c8d22
:105d7800ed8dac8d71aeb9e7fdffffffbef7fefffd
:105d8800ffffffffffffffffffffffffffffffff1b
:105d9800ffffffffffffffffffffffffffffffff0b
:105da800fffffffffffffffffffffffffffffffffb
:105db800fffffffffeffdeffffffffffdfffdff755
:105dc800bfffbef7fdfffbf7baef12b68a7c75d7a7
:105dd80034cfaa7c444bc55b466ca4538353a45b65
:105de800a453624bc35be45b676c6664045c235c2e
:105df800245cc34b844bc55b624b025c866ce75bdf
:105e080012b6ddf7bfffb5cd71c571cdb3cd93c562
:105e1800eda425630d9db0b5b2bd30ade75ac552ae
:105e2800ca7368634863ee9cf2bdd1bdf2c512c661
:105e38004ead0563624a03538453c5534343a55b80
:105e4800255b4663cc9c6eb52dad6fb5d0bdcfb587
:105e580052ae52ae52ae52ae72b672b652ae11a633
:105e6800cfa5af9d8f9d2f95b2a596c6f8d67ae798
:105e78009be79ae779e799ef79e717dfb5ce0763ec
:105e8800613a2343a453825384634563666b457b1d
:105e9800849b07ac09a4c66a69639bdffdf7bcff56
:105ea80017d7c55b055c51a6f5c6ac95cb8ded8db6
:105eb8008d8d51aeb9e7feffbfff9ffffffffdffce
:105ec800ffffffffffffffffffffffffffffffffda
:105ed800ffffffffffffffffffffffffffffffffca
:105ee800ffffffffffffffffffffffffffffffffba
:105ef800ffffffffffffffffffffffffffffffffaa
:105f0800ffffdff7fffffffffeff3be7d4b50c7c89
:105f180094cef9ef55d7286c244b84536353224b06
:105f2800a453634b8353634bc3538353a353c35348
:105f3800634b8353a45ba35b8253a353886c71b6f2
:105f4800faf7fbff9bff53bd74c574cd52c551cd05
:105f580010b5898390bdb0bd4dad4563a773676b20
:105f6800444a855aeeacb1c5d1c512c6b1b50a7c52
:105f78002353445b655b8453c353e45b835b035bdc
:105f8800e88bafc54fb590bd8fb56ead72bed3c6a9
:105f9800d5ceb5c637d799e7bae7faefdbefdbef2f
:105fa800fcefbbe79ae7daeffbefbaef7ae79bef94
:105fb800bcef9bef9bef7bef7bef7befbcf7ddf755
:105fc800f3b56b7c4132634b8353435b4473668bfd
:105fd800a8a3e79b2694235bcc84f7cefeffbeffe5
:105fe800f6d6e563245c32b7ed8d0a86c97dec856b
:105ff800f09d58d7ddf7bfffdfffffffddfffeff96
:10600800feffffffffffffffffffffffffffffff99
:10601800ffffffffffffffffffffffffffffffff88
:10602800ffffffffffffffffffffffffffffffff78
:10603800ffffffffffffffffffffffffffffffff68
:10604800ffffffffdeffffffbefffeffddf7d7d636
:106058008d842e8d76d792b6865ba663e86b2d95d8
:106068006553a65b8553a55364538453a453845343
:10607800644b434b8253825383530664886c476c4a
:10608800cb8472be36dfd2bd50ad51b5b2cd92cd04
:1060980092c5efb470bd6fb5466b824aa352224acf
:1060a800c66a0fb5b2c5b2c5aea4a97b8352e45a7d
:1060b800244bc65b654b64536353c152e7834db5ac
:1060c8004fbd2fb5aea4ea83e97b2c954c954b8d3b
:1060d8002b950c952da54fadf2c517e79af79af7b2
:1060e8005ae79befbbefbae7bbefbbef9bef9bef2a
:1060f8009bef9bef9bef7bef7bef7bef9cef9cf79e
:106108005ae79ae7f5c6a6530243e252247b458b29
:10611800049348aca79ca6848b9532aefbf79bf7fb
:10612800b7efe042c5746e9e8c85cc8dee95f195e7
:106138007be7fef7ffffdff7def7fef7fef7def798
:10614800bdf7def7ffffffffffffffffffffffffca
:10615800ffffffffffffffffffffffffffffffff47
:10616800ffffffffffffffffffffffffffffffff37
:10617800ffffffffffffffffffffffffffffffff27
:10618800feffffffffffbfffdfffdfffbdf7fdffe4
:10619800fdf7b6c6cd84096cab84e44af9ef77df26
:1061a8002c8de342855b85538553a55b234ba55313
:1061b8008553c65b8553a55bc45ba8744764476c6d
:1061c8002664476c276c47744c9d11be6fb5b2c5e9
:1061d80092cd10bdd2cdea83624ac352634a0a8483
:1061e800d2cdf3cd71bd897b0763a873a252c25289
:1061f800245344530343444be7730cad8fc56b9c46
:10620800a98b076b28736873266bc773497c4c9df1
:106218006dadcebdafbd4fbd70c530bd51bd96e6ad
:10622800bbf7bbf77bef9befbcefbbef9be7bbef8d
:106238009bef9bef9bef9bef9bef7bef7bef7cef65
:10624800ddffb8d6badf31a6286c035be372048b96
:10625800e5ab48ace9a4eaa5ea9d6d95fbefbbf771
:1062680099e7a55b4985c8744b85ed9dcf9ddadf1d
:10627800fcffdcfffdfffdf7fcefbbdf1bd779c69a
:106288009defbef7ffffffffffffffffffffffffd1
:10629800ffffffffffffffffffffffffffffffff06
:1062a800fffffffffffffffffffffffffffffffff6
:1062b800ffffffffffffffffffffffffffffffffe6
:1062c800ffffdeffffff9ff7bfffdffffeffdcf7eb
:1062d800baef74be8b7c51b6b1be4974c75b664bce
:1062e800855b64536453a453634b8353c55b635307
:1062f8008453875bae846b7c0564077de87408640f
:106308004664a76ce45b456c256ca9848fb5d1c540
:1063180051c5b3d5cb8b64528352266390b512ce48
:1063280090b54b8c0663265b6242866b866ba24aed
:10633800a25a824a8563eb8c2c9d298c0663476b95
:106348004573e8838b9c4ead8fb5afbd6fb5f2c575
:10635800d1c5d1c512d6b2d571c592c5b2bdb2bd2f
:1063680055c65ae7dcf79cef7be7bcefbcef9be731
:106378009bef9bef9bef9bef9bef9bef9bef7befe5
:10638800bcff5ae738cfd19d8e9d4884c58b449b6e
:10639800a5aba89b32cecfbea98d6d8dfcef9bef30
:1063a8002d95e563656c476c496cd0a5dae7bcefc1
:1063b8009cf7fdffb9e7d3be0f9e8d8df1a558df81
:1063c800bdf7deffffffffffffffffffffffffff40
:1063d800ffffffffffffffffffffffffffffffffc5
:1063e800ffffffffffffffffffffffffffffffffb5
:1063f800ffffffffffffffffffffffffffffffffa5
:10640800ffffffffffffbfffbff7feffdbefd2add0
:1064180008642864686ca8744b8da97c276cc65bdb
:1064280065538453434b835325648453a45b444b83
:10643800287437d7fcf7b5c68974aa9529852864c6
:10644800886c886ca76c866c666c276c4984f1c56f
:10645800b3cd0d9ca76aefac2fad6fad90b52fad46
:1064680067638663034bc563845b8563a66b666b52
:10647800a152278c4cad48846663a76b676b476b4a
:10648800456ba77bcb94aa8c69840c95cb946ead95
:10649800b0adb0b5d1bd12ced6e679f759ef59ef08
:1064a80079e77ae77bdfbce7ddef9ce77be7bbefcb
:1064b800bbe7bbef9be79befbbefbbefbce79ce702
:1064c8007aeffcff74be11a68e95ca94437b85a310
:1064d800c5ab478b94d690b6ab95af9d9ae77adf5c
:1064e800497407644764aa74f5c6faefdaefdbef7c
:1064f80012b60d954d8dcd95cc8db1b6d9e7fbf77c
:10650800feffffffffffffffffffffffffffffff94
:10651800ffffffffffffffffffffffffffffffff83
:10652800ffffffffffffffffffffffffffffffff73
:10653800ffffffffffffffffffffffffffffffff63
:10654800def7ffffffffbef7feffdbef4f95286c7e
:10655800865ca764a86c27642b8d2fb632d74fb6fc
:10656800e763444b634b26640664c65be763875b5b
:1065780070a5faefd9ef8c844c8d6c8dafae876c1b
:106588002b7dac8d6b8d09854774687c4ea58fb5c6
:1065980050bd30b5f4d5b2c5d1bd2b8c4b8c644af7
:1065a800a342855b266c8353c45b234bc34a0453c5
:1065b800e5638463c573077c86638763a873066b8a
:1065c800a773055b497ccd9d8c8d8b854a854a8553
:1065d800298567742b9510b6f1bd12c614ced4c5a3
:1065e80096c639dfbbe79be77be79bef9bef9bef0b
:1065f800bbe7bbe7bbefbbefbbefbbe7bce7bcef61
:10660800bbf775c6d6ce93be6e9d2884858b459301
:106618000293678b6c8c55d7f6e78f9dfaef99e755
:106628000a6c2a6ccc7c4a6c53b60e95cd840d8dc1
:106638006d958e9d30ae35cfd9dffcefdef7dfffed
:10664800ffffffffffffffffffffffffffffffff52
:10665800ffffffffffffffffffffffffffffffff42
:10666800ffffffffffffffffffffffffffffffff32
:10667800ffffffffffffffffffffffffffffffff22
:10668800ffffffffffffbdeffcf753b6e663a774fc
:1066980086646764aa74f5c66f9dcc8c8563024bcb
:1066a800c663a45325644664634bd2beab7c875b48
:1066b80037d7fbf7b3c6286cad956b85cb8d897d35
:1066c800aa850c96b0b670b60faeaea5cb8c0d9d54
:1066d800d1c570bd50bdf3cd0ead676b265b67634a
:1066e800086c4974a663c663034b234bc55b677488
:1066f8008a74086c655b655b8663666345632563be
:10670800255b455b89740e9e8b858a850d9e8c8dd5
:10671800aca58c9d6c9d6da5f0b5b4d637e7baf7de
:106728007aef7aef7ae79befbbef9bef9befbbf734
:106738009bef9bef9bef9bef9bef9befbcefbcefbf
:106748007cf716c67ae7d9ef11b6498c05834593cd
:10675800048b067bc75a295bcf8c92ad71a50b744d
:106768002e8df0a5f3be8e9577dffbefdbefbbe751
:10677800fbe7fceffdf7fdfffdffddf7feffffff89
:10678800feffffffffffffffffffffffffffffff12
:10679800ffffffffffffffffffffffffffffffff01
:1067a800fffffffffffffffffffffffffffffffff1
:1067b800ffffffffffffffffffffffffffffffffe1
:1067c800dffffffffeffddf738dfc763866ca46cd1
:1067d8002674697c98dffcef3195f6c64d8d2b7dcc
:1067e800656c856c035ca14b045c877465534553e9
:1067f800e96ba8634653486cc86c0b8e897dea85a3
:10680800c985a985ab958d954d958fa52d9d4ea5cf
:106818000da54eadcdacca8b2252624a665b45537c
:106828000453623a0553a442e44aea7c4a85287d27
:106838004c7c875bc75b865b255ba76bc66bc563b8
:10684800e663e6632b85ac8d8c952faecfadd0b5c6
:106858004ebd6ebdf0bd51c631beafa56f9d12b61f
:10686800f9ee7bf79bf79bef9befbbef9bef9bef63
:106878009bef9bef9bef9bef9bef9bef9befbcef9f
:106888001def9adebcff35c62b842673468b2693f4
:10689800268be772885aab526a4aca5a295b0c742b
:1068a8008e8416cfb3be30ae93bef6cedbeffcefd0
:1068b800fff7dff7bfffbfffbfffdefffeffbdf73c
:1068c800feffffffffffffffffffffffffffffffd1
:1068d800ffffffffffffffffffffffffffffffffc0
:1068e800ffffffffffffffffffffffffffffffffb0
:1068f800ffffffffffffffffffffffffffffffffa0
:10690800befffffffff7fbe70c85476c4774c563c5
:10691800b2b5fcffddfffdffbae7d4c6e9748664b3
:106928006664e353c66cc77446642243e6638453c3
:10693800a65b655365538453c453887dc87d287e00
:106948004986e985ec958d95cfad30b66d9d6c9dea
:106958000c9d8a8c834ae45ac4524242c44aa342d8
:106968008342a34ac229842908538b95c995ab95bc
:10697800c95ba742ab630e950c8d0d8d2a7cc8733d
:10698800e97c6985487df0b693b6b1ad50adb0c528
:10699800b0bd4ead4eadf0bdd4ded5d6d5de95d664
:1069a800b6d6d7dedbf79bf77aef9af77aef7aef6e
:1069b8009bf77aefdbf77bef9bf77bf7bcf79be75f
:1069c800fae6b3a4ab62a6392552488be68a479308
:1069d800478b866a8a5a8b4a6a4a8952aa528942de
:1069e8006b63d3adf7d674beafa58d954a852d9e42
:1069f80099dffbeffeffffffbfffbfffdfffdffffa
:106a0800ffffffffffffffffffffffffffffffff8e
:106a1800ffffffffffffffffffffffffffffffff7e
:106a2800ffffffffffffffffffffffffffffffff6e
:106a3800ffffffffffffffffffffffffffffffff5e
:106a4800ffffdfffddeff7cec863244b2d9557df3f
:106a5800fdffffff7fefddefcfa52464c6746664fa
:106a68004664c874255c466c476ca553a55b634bac
:106a7800624b83538453a874aa8d0b8e0a86e975da
:106a880009860a8e6a85cda5efad8ea5efad0b8d73
:106a98004563866bc873a3524663a44aa44a6442fa
:106aa800e3318129e431a631a74acda5298d6c8d22
:106ab800284ba942a94ae74aa4424f9553be4663c8
:106ac8008a746c8d8c8d0b7d73b616d7b5d6f2c5ce
:106ad80090b570b591c550c570c595e675de96de62
:106ae800b6d6d7de76cef8de7aef18e739e77aef52
:106af8005aef9aeff7de96cef8e6d8e63ae7f5b51c
:106b0800084aa849a8418539455a27930693069308
:106b18000683465a8952ab528a4a8952a952894aef
:106b2800c952a94ad1947ae7bbef74be11a68e95d3
:106b3800709575be9be7fef7dfffdfffffffffffe6
:106b4800ffffffffffffffffffffffffffffffff4d
:106b5800ffffffffffffffffffffffffffffffff3d
:106b6800ffffffffffffffffffffffffffffffff2d
:106b7800ffffffffffffffffffffffffffffffff1d
:106b8800bff7dfffddf7f0940b74d6cefcf7fef706
:106b9800bcefdff71cdf6d7c876cc474e253476c75
:106ba800486c71b6f7e7d3be086c07648453e45b9e
:106bb8002985c77cab95cb8d0b8e2c8eca850c8610
:106bc8000b8e8a85097dc87c8d9d0fae6d9daa7c34
:106bd800445b824a4663c873444a654aa2316229c3
:106be800c531063ae6398629063ab0a5044bcc8465
:106bf800a94aaa4a6a4ac95285420b7433b68c8498
:106c0800c54aea6b4f8d6f952e8df1b574ce74d64b
:106c1800b6d654ceb2cd55eeb3dd72d555e675de97
:106c2800b6d696d697d696d6b7d6b7debbffd8def9
:106c3800f8e6b7ded6deb6ded7de19ef53b564293f
:106c480067416841c84984398562279347a3e6921a
:106c5800a56ae5492842694a894a8952a952894a56
:106c6800894a894a8a521084fbdefef7ddefdde7a8
:106c780039d714b615b67be7feffdef7bdeffff791
:106c8800ffffffffffffffffffffffffffffffff0c
:106c9800fffffffffffffffffffffffffffffffffc
:106ca800ffffffffffffffffffffffffffffffffec
:106cb800ffffffffffffffffffffffffffffffffdc
:106cc800ffffffff5ce7d5bddcf7fdfffffffff728
:106cd800fcf7b6ce4b746974676c676c086c6a74a1
:106ce800d5c6f6ceca6b07538963096c64538b9576
:106cf8002e9e2d9e0b96ca85cb85cb8dec8d6b85f4
:106d08004d8d697406646774476c4453244b086c52
:106d1800aa84255b065b4863e85a2221e22064299d
:106d2800e739e739e739c7396529cf94033a8b63df
:106d38002842494a6a52a952e85228530f958e842c
:106d4800864ae95229530c6ccd84b0ad94ce74ceea
:106d5800b6ce75ce55d614d6b6ee75def3cdb6de04
:106d6800b6de96d697de76d655d675d635ce96de6d
:106d780056d6b6de55ce75d679f773b5a539a53989
:106d880088418841a741a439277b479b47a306939d
:106d9800665aa439c631083a684a88528952aa52b2
:106da8008952ab5a494aab5ad39c5deffff7fff7bc
:106db800fdf7fdf7ddef9cefbceffef7fffffff7f8
:106dc800ffffffffffffffffffffffffffffffffcb
:106dd800ffffffffffffffffffffffffffffffffbb
:106de800ffffffffffffffffffffffffffffffffab
:106df800ffffffffffffffffffffffffffffffff9b
:106e0800ffffdfffdfffdfff9ef7ffff7cefddf710
:106e1800d6cea7636774466c8a74ee8cf8ce9ae770
:106e2800f4b5f1941adf7be7fceffae7454bc97c30
:106e38008a7d0b8e897dcb85ed95ae9531ae77df5a
:106e480038d70e95296c4453e142e663034ba242be
:106e5800455b2a7ce6528229022124290429a318a9
:106e68004529a6310742a731e7392b63a531484a9e
:106e7800a639a639e741c639263aa74a1095ac6b18
:106e8800674aa952894acd6bc64a4b7c90adb5d6a4
:106e9800b7ded7deb6de54ceb6de95d674d654d677
:106ea800b6e696e656d6d7e675d617efd3c596de7c
:106eb800b8de76de96de38ef96de0a6ba11803217f
:106ec8006631e841e741c339277be592069b279362
:106ed8002752a639e731e7310742284a494a6a4a20
:106ee8008952895269528952ca5a75b5ddf7def757
:106ef800ffffdef7def7def7feffffffdff7dff766
:106f0800ffffffffffffffffffffffffffffffff89
:106f1800ffffffffffffffffffffffffffffffff79
:106f2800ffffffffffffffffffffffffffffffff69
:106f3800ffffffffffffffffffffffffffffffff59
:106f4800def7ffffdfffdfffdfff9ef7feff3adf21
:106f58008d840a746e9d14cfd9e7fdf7fdf7fef70f
:106f6800def7def7deffffffdef7fcefb4be4c8591
:106f78000a8ee9852b96ec95d09d38d7dcf7ddf79e
:106f8800fcf7b6cec4426453266c224b234ba24274
:106f9800634206534542e1186429c320a3182529f2
:106fa800c320c639c639a631284208426529e839be
:106fb800a539a5398539c639063a463a8f8cca5a51
:106fc800ca5aaa528a52894a4a632863696bb2b577
:106fd80036e676e6b6e696de34ce95deb6e695e695
:106fe80075de55de76deb6de95d612c633ce74d69d
:106ff80097de56ded8e69bfff1a4e12084316531a7
:10700800c110a531063a454a888b269b0693e57a36
:10701800c741c739083ac731a739a639e8410842f4
:10702800a952ca5a8952684a8852ac73d9d6dcf731
:10703800dfffffffffffffffffffffffffffffff78
:10704800ffffffffffffffffffffffffffffffff48
:10705800ffffffffffffffffffffffffffffffff38
:10706800ffffffffffffffffffffffffffffffff28
:10707800ffffffffffffffffffffffffffffffff18
:10708800ffffdfffffffffffdff7fffffeff1adf56
:10709800d9d6dcf7fdfffdffddf7ddf7feffddf7f5
:1070a800fefffeffffffdef7fefffcef57cfcf9d91
:1070b8008a85eb8d287d2fa6faeffcefddf7ddf74b
:1070c800109d8442c342234b6453a55bc24a0453b8
:1070d800844ac131c331c4392329a2180421e420c8
:1070e800e32004214429073aa631c7390842e73981
:1070f800c63906428531a7390742664a4a63c73905
:10710800494a8952cb5aa952884ae95a4a6bd09cb3
:1071180072c597e615d696e6b7ee96e696e634de9d
:1071280075de96de75d674ce16df0a7c0e9df5de0a
:1071380096ded7e6f8eeb7de4a6b053ae53102216e
:107148008642864a0542865a278b069b2693c57235
:10715800a641c639073aa631a739e741284228424d
:10716800684a28422842694a684a484af2a4deff27
:10717800feffffffffffffffffffffffdfffdeff59
:10718800ffffffffffffffffffffffffffffffff07
:10719800fefffefffefffffffffffffffffffffffa
:1071a800ffffffffffffffffffffffffffffffffe7
:1071b800ffffffffffffffffffffffffffffffffd7
:1071c800bff7fffffef7def7ffffbef7bef7dff7fb
:1071d800dff7dff7ffffbfffbfffbffffffffeffc8
:1071e800deffdef7feffdefffeffbbe777d7b3b6b5
:1071f800ee95c974e65b296cd5cedbef34be485bef
:1072080027630974076c434b6353234b6563e4524c
:10721800a44a844aa229874a0221e320e320e320e2
:10722800e420c42004218529073ac731c639c5316d
:10723800083ae739e739e841a63125422642c741ed
:10724800c741a7390742494a694a8952ea62e9624d
:107258008e94254ad0ac56de56de56de92bdb2c5b7
:10726800b2c5d2c5d3bd33c6f1b56663ab8cf4d60f
:1072780096de35d6b7e615ce0542095b4221874a28
:10728800a863a64ae3390773068be69a06938462d5
:10729800c641e641073aa6310842aa5aca5aa94a3b
:1072a8004942eb5aeb5a2942494ae8418b521ce7ba
:1072b800fefffefffffffffffffffffffffffeffd9
:1072c800ffffffffffffffffffffffffffffffffc6
:1072d800fefffefffeffffffffffffffffffffffb9
:1072e800ffffffffffffffffffffffffffffffffa6
:1072f800ffffffffffffffffffffffffffffffff96
:10730800dffffffffffffffffffffeffdef7feffd0
:10731800ffffdff7dff7fffffffffffffffffeffc6
:10732800fdffbbf779ef58e794ce72bed3c6f8dffe
:10733800b8e7afa5e342c65b6453c65be442675354
:1073480005648453a6634663a452486bcd94e75200
:10735800844aa44a844a6442c33122210321c420b6
:10736800e520e5200421e320242185298952063ad5
:10737800c639e739c739e741e741c639e741e74147
:10738800a7398631e841a739c739e741274a8852e2
:10739800274a0a63e649d1acd4cd56de96e655e6cf
:1073a80036de95e6b5de95d64fa5655be76bd4d698
:1073b800b6de96def6e6ed9c6763c44a8332a75bc9
:1073c800a75be6520031e782e592059b068bc3591d
:1073d800c539e639e639ea5aee7b2b63e739c8390d
:1073e800e739c639aa52cb5a494aa631694a75ad16
:1073f800def7deffdeffdefffffffffffeffffff22
:10740800ffffbef7ffffffffffffffffffffffffcd
:10741800dff7fff7ffffffffdeffffffffffffffc5
:10742800ffffffffffffffffffffffffffffffff64
:10743800ffffffffffffffffffffffffffffffff54
:10744800ffffdfffdff7fffffffffefffef7bdefe8
:10745800fdf7fefffdffdbef79e758df74c60f95f8
:10746800c96b675be44a2453076c286ce65bc974f4
:1074780091b614cf086c2974e86b623a254be8631f
:107488006453c342465ba96bef9c92b572ad464a02
:107498002021254245424542674a0321e420c42071
:1074a800c520a4180421c218e218c4314b63884ac5
:1074b800a6310742c739c739c639a639c639a739e7
:1074c800e841c739a739e839a631084ae7390742f8
:1074d8002842484aa541685a4f9ce9728fa4d4cde6
:1074e80016d696ded6e695d6ac8c445b856311b687
:1074f80096d696d674d64663255b865b8553a55388
:107508006553c44aa241c67a26932593268304521a
:10751800e439c8526b6b4b63a852053ae539a95256
:107528002842e739694acb5aaa52c739c739ce7bac
:107538001bdfffffdeffdeffffffffffffffdef7c2
:10754800ffffffffffffdef7ffffffffdff7ffff94
:10755800ffffbef7def7dff7ffffffffdfffffffed
:10756800ffffffffffffffffffffffffffffffff23
:10757800ffffffffffffffffffffffffffffffff13
:10758800dffffffffffffffffffffefffef7feff2e
:1075980079e737df90a5c86b4453645b6453845321
:1075a800e55b424ba34ba34b4564876c2664097d7e
:1075b8002b85ca7ccc842a7cf1b50e95054b865365
:1075c80006530653ef947bef37c6f6bdcb62a22075
:1075d800c2182329c218232165310842c418c420bf
:1075e8002629c520c418c2186129854a69634742fb
:1075f8000319a631c739c739e739e739e739c73930
:10760800c739a739c739a7398631a739c739e741f3
:1076180029420842e741c541909cac834752ed8b13
:10762800ea6a32b577d6b2ada6636353845b6b84de
:1076380096d696d6d1bd255b855ba874e55b42439b
:10764800855b834ae349898bc582468bc462234a9a
:1076580068632c74e5312742e95a674a884ac95a4f
:107668002842484aaa52aa52494ae739e7398a526f
:1076780095b5def79df7bef7bef79df7ffffffff55
:107688009df73cef5cef9df7b9d63ce7dfffbef70f
:10769800dffffffffff7dff7dfffffffffffffff62
:1076a800ffffffffffffffffffffffffffffffffe2
:1076b800ffffffffffffffffffffffffffffffffd2
:1076c800ffffffffffffbef79deffefffade708ca6
:1076d800496307532653855b845363538353834b12
:1076e800824be45b045c86646664255c676c687442
:1076f800c97c0fa6f8e7b7e794beb5c6a963886347
:10770800496b39e7ddf7bef7dff7f4a4cd6a052941
:10771800e420a3182529c320e320c7396529c31805
:1077280005290521c31822218342e452a54aa43120
:107738004429e739c7398631a631c639c639e73908
:10774800a639a6390842c739c7398631c639a6319c
:10775800a839e839e741c641274a32ad6439a22041
:10776800c220e4286431c64a4353414b84532a74e7
:1077780035c671ad4b8c455b6353656cc34bc353c6
:10778800a763a129855a477b467ba6834984e86b72
:10779800296ca963063a4842aa52ca5aca5a694a7f
:1077a800ca5aaa52ca5aeb5a694aa631e739aa52a2
:1077b80034a5def7ffffffffdeff9ef779ce718c61
:1077c800ce83ea62a95a484a07420f849def9ef782
:1077d800def7def7beeffff7ffffffffdfffffff7c
:1077e800ffffffffffffffffffffffffffffffffa1
:1077f800ffffffffffffffffffffffffffffffff91
:10780800fffffffffffffffffffffeffddf7ddf7d5
:107818003adfb3adaa6b2653c763855b0343244b9a
:107828004453a55b066447642764686c687450b663
:10783800b2c64c8d2864696c6a6c909db2ad31a556
:107848008f949bf7fdffbef7bff739cec949a42037
:107858000429c420c420e42003212429474a2321e1
:10786800a218e4204429033ac352a24a4342053ae3
:10787800c2184529c739c739e7410742e739c73927
:107888000742c6394529a6318531e739e739c6396e
:10789800a739c739ca62a95a274aa5396531e328e1
:1078a8008218052903210653c45ba353a55be96b22
:1078b800e439622944428663066c466cc453845397
:1078c80007534021a552877bc67be573066c486c3d
:1078d800c663a442e4310742284acb5acb5a694ac4
:1078e800aa52ca5aaa52494ae741c7390842c7396f
:1078f800aa52718c75add6bdef7b694ae739e7416d
:107908008539c6418539ea6a0f8c44316d7334adc7
:1079180075ad7defdef7beefffffdfffffffffff77
:10792800ffffffffffffffffffffffffffffffff5f
:10793800ffffffffffffffffffffffffffffffff4f
:10794800ffffdfffffffffff9defdef7ffffdef723
:10795800dff7def7ddf7dcef7adf58df37d7d6c69b
:1079680054be33b6f5ce15cf35cf14c7aa7ca65b67
:10797800855be663686c4864496c37d77ae7bcff77
:1079880019e78f94fdfffdffddf77cefcb6204293b
:10799800a218e420c3200421a118c118c431874ac1
:1079a80064294321e439a44aa24a8142844a6542af
:1079b8000321e3200421042124298631c739084200
:1079c8008631242903218531a631c639a63985395e
:1079d80064390229cd8395c5ad83a6414431e3209e
:1079e800c42046290221665b82538353a65b096c37
:1079f8006221011982290653e44ac763865b47530b
:107a0800c329c3312763245be46b256ca45b6553ee
:107a1800234b012a21218531c741c639694aaa5a0f
:107a2800494ae741c6390742e7398631a739e7416c
:107a3800e739e739e739e73986310842e741a739b5
:107a4800e641a5390f8cd6c5d2ac4018ea6a85390b
:107a58000b6bfadeffffffffffffdfffffffdef725
:107a6800ffffffffffffffffffffffffffffffff1e
:107a7800ffffffffffffffffffffffffffffffff0e
:107a8800deffffffdfffffffffffffffffffffff3f
:107a9800dff7ffffffffbef7def7fefffefffeff8b
:107aa800ddf7dcf7fcf7b9e7b0a5a65b2764266429
:107ab800a76c676489746a7432b6faeffcf7bbef97
:107ac800bcf75ae7d0949beffcffdcf737c6600899
:107ad8000429c3202531a318242903210119043ab4
:107ae8006642043a8342c34a8142a34aa552654a80
:107af8008531032104210421c320c320c420c420cc
:107b0800c320e4208631e8392842453165392431db
:107b1800f0b4f0b46c83b1ac509ca541c6410329c4
:107b2800c4200521c431a563414b8453e8632a74fa
:107b3800e11822212221a64a023206534542e5399c
:107b480067428542255b4774a253e35b0343875b27
:107b5800054ba008032166316639a639a639a6392e
:107b6800c739e741e741c639c639e739e739c7397f
:107b7800a63165298531c739e739e841c841084246
:107b8800a639c641485a6c7b686233bdb5cda96a2f
:107b9800a8622b6b54ad9defffffffffffffffffb8
:107ba800ffffffffffffffffffffffffffffffffdd
:107bb800ffffffffffffffffffffffffffffffffcd
:107bc800ffffffffffffffffdfffffffffffffffdd
:107bd800ffffdeffffffffffdfffdfffffffdfff2e
:107be800ffffdef7bbef8d84c863686cc874c76c91
:107bf80044548664286cf1addaeffbf7bbefd6c6c8
:107c080094add094ec7b496392ad52a5d094a84a28
:107c18008218e428e420c420a3182421e118c429e8
:107c28008542a44ac34aa242a24ac452a44a644a08
:107c380044298210c3200429c320e420c420c4207e
:107c4800c42005212529c839a73986392852aa62ae
:107c58002c9c92cded9b20202018812003292431d3
:107c68000529c318864a635b614b85536b74e96bbe
:107c7800221923210321a4316229e431a53187394e
:107c88000111c129c76ba353814be4536974c54ad9
:107c980084210319c520852047396739e849a73960
:107ca800c739c739e739c639e739c7392529e4203b
:107cb80003210321e31824214529c3188318c4206c
:107cc8002429a220c2282018a5492fa4ea7a12bd87
:107cd80053bd264a4f8cbdf7deffbef7ffffdfff1f
:107ce800ffffffffffffffffffffffffffffffff9c
:107cf800ffffffffffffffffffffffffffffffff8c
:107d0800ffffffffffffffffffffffffffffffff7b
:107d1800fefffeffdef7ffffdefffefffefffdffbb
:107d2800feffbae78b74a96c2d96cb8d6b85a96c79
:107d3800686c6874ce9db2be93be94c695c696c64e
:107d4800b6ce12b66fa54a7c297cb0ad90a5ca6b99
:107d5800e539e318c518a618c61805210221822995
:107d6800a442a44a6342a34ac44aa44a4442a23150
:107d7800c218e420e420c420a420c420e420c420a5
:107d8800e420a31844294431653924314c7bd5cdee
:107d9800d0ace4514249a9820fb48eb4cb93802071
:107da800c4200321253ac542044b096ceb6b473ac2
:107db800e318042103210321c639a6314321e2181f
:107dc80062210753475b255b09748b84eb736a6bed
:107dd800c420e5200629e620c520c41824218429ca
:107de80084298429a431a4312321e32004210529ed
:107df800c418e5200629a520c528e428e330a228d0
:107e080064414a830ca4cebc2dac476a844990a433
:107e1800ea6ac641dadedef7ffffdff7ffffdfffc2
:107e2800ffffffffffffffffffffffffffffffff5a
:107e3800ffffffffffffffffffffffffffffffff4a
:107e4800ffffdfffffffffffffffffffffffffff5a
:107e5800feffdefffefffeffbeff5bef77ce92a5c3
:107e68002f954a740a7dcb8deb8dca85e874e97429
:107e7800aa7c4d954974c763497429740974c96b00
:107e8800a86b06536663c76bc66ba7638763a76354
:107e98000753a3292221e218e218e2182121053a02
:107ea8006442a44aa44aa34a6242e23182292121b7
:107eb8002321e320c418c420e5200521e420c420a0
:107ec800e4200529a3208218c328e33020188c8bce
:107ed800afac4462c99baec4ebb34bb46cace772b5
:107ee800e328c218253aa442e44ac86ba64ae0101f
:107ef800221902198429e5392221e1184221a329ee
:107f0800475b475b0553c76b8a84e973286363291a
:107f180024290321e318e21822218229c231c2311f
:107f2800033a233a6542e752c85aa531c318e420f8
:107f3800e4202529e52005298218a1208441cc8b3d
:107f480050c550c54fcd70d530cdf0bc43410a73f4
:107f5800ad832b6b0f841be7ffffffffffffffffc6
:107f6800ffffffffffffffffffffffffffffffff19
:107f7800ffffffffffffffffffffffffffffffff09
:107f8800dff7ffffffffdfffdfffffffffffbef7aa
:107f9800bdf7ddf7ddf7bcf75be7f5bd309d709dfc
:107fa8002c8d4b8d2d9e0c960b968ea60d9eac950a
:107fb8002e950d8dcc8cec8c2d95eb8c497c297ce9
:107fc800e86be76be66ba563845b44534453c66375
:107fd8008663655ba663655b0453433aa229e4396b
:107fe800864a844a42426342844a24428331c11801
:107ff8000221e318c420e420e420c420c418c420cb
:10800800a420e420e428e328c32865416c83e551d3
:10801800255a4ba48bb46bbcaccc4abc2ab489930c
:108028000229c118443ac54a0032a021c129854a0b
:10803800864aa64ac33161218229c229a12903326d
:108048006663e873aa8caa8ca76b686b44426229a2
:108058008329a331033aa44ac44aa34a8242a34ac1
:10806800844a47634863243a0119c218e320c318b5
:108078000529a420c420c3282339097b10bd0fb5c6
:108088004dcd8ed5abbc2ecd50cdcb9b6b8bb5cd0e
:108098007194695217c67defffffbef7ffffffff20
:1080a800ffffffffffffffffffffffffffffffffd8
:1080b800ffffffffffffffffffffffffffffffffc8
:1080c800ffffffffdfffbef7ffffffff1be7f7bd67
:1080d80074ad32a552a532a552a550a56f9d2d8d20
:1080e800cd9dee9ded950d96ac8dad9571b610ae0e
:1080f8002f9d6c84ed94ec94297c0874e773a76b2e
:1081080086636563445ba56b487c4874c663a66355
:10811800845b83538353835ba45b2453223a0232e8
:10812800202160218129c331043a25422642e639bb
:1081380022210321e320e420c420c420e4200529cf
:10814800e420c420a31804298220cb6a2f9ced9335
:108158008b938db46cb46cc42bbc2abc8cbc0ba4a4
:108168008439454a644284426342c452265ba44a25
:108178006342a44aa44ac552a44a84428342a44200
:10818800297c69844984087c087c834a4342654a7f
:10819800a54aa44a82426142a242e44ae552c54a3b
:1081a800053a2221e21824210421e4200521e520b2
:1081b800a418e528043124392fa493d571d5b1dd4d
:1081c8002cd58ee56ed5edc4aeb46a83e2300329b2
:1081d800a21854adffffffffbef7ffffffffffff31
:1081e800ffffffffffffffffffffffffffffffff97
:1081f800ffffffffffffffffffffffffffffffff87
:10820800ffffffffffffffffbef79df7bef7ffff72
:10821800fdfffdfffcff9aef17df70a52d950ea659
:10822800ed9ded9dac95ce9d51b6afa5ed8c2e9de7
:10823800ad94cd948c8cac94097c26636663676b93
:108248004663676b876b876b4563455ba76b2974d0
:10825800c984e9840a850a8588746453823ac34ac2
:10826800a44ae652a74a674ae639a5310642674a50
:10827800674a064265310429e420e420c420c41872
:108288000521c418e4200429e42004290b6b0a738f
:108298004cac8cb4acbc30d50fd5acc4abb48ba44f
:1082a800833965524442c44aa34a6242a34aa34a54
:1082b8008242a34ac44a6242a342a34a0453655b6a
:1082c8000453c873866ba76b6563e45a6242e45231
:1082d800a442a342455b497ce97344420119c21890
:1082e80025214629e5208410a518c518c418e420be
:1082f800e3200329e228ed9392d50fd570e50ddd33
:108308006ee54edd2ed5cebc6eac433981182421e6
:10831800d2949df7ffffdef7ffffffffffffffff90
:10832800ffffffffffffffffffffffffffffffff55
:10833800ffffffffffffffffffffffffffffffff45
:10834800ffffffffffffffffffffdef7bef7bef7f0
:10835800b9d656c615be92ad51a54fa5aea58c95fa
:108368006b8dac9d50b610b60d95cd94cd948c8c7c
:10837800ce94ce9cad94cd94ac94a97327638873a6
:10838800276b686b476b276b27638873c973265bfa
:108398004553455345536653a75b65532453445b84
:1083a80083426442e4316429e318c218222142213d
:1083b80042292321e320c320c320e420e420c42051
:1083c800c418c4186629c418e420e42003296439b1
:1083d8004aa4abb4ecc4eecceecccbbc0bb58aa4af
:1083e800a3418652634a6342834aa452634aa34a1a
:1083f800a34a413a6342834aa44aa34a0453045312
:10840800e5528342265b834a6242a24a655b897cc5
:10841800897c8a7c286c0553023262210321e41886
:10842800c418c418c420e5200529e420c320c320ab
:1084380043294010c76aaeac4fcd4fd54ddd4ee550
:108448004fd550d5cfbc49832239a01864299194bf
:108458005cefffffbef7ffffffffffffffffffff20
:10846800ffffffffffffffffffffffffffffffff14
:10847800ffffffffffffffffffffffffffffffff04
:10848800dfffffffffffdeffdef7ffffffffffff5e
:10849800feff7ceff9de19dfd8de74c6f0adefa57c
:1084a8002fae51b6d0adb1ad0f9d6d8cae944d8c45
:1084b8006d942c8cae94ae9ccd9cad94a973276b17
:1084c800686b476b0763686b8973686b686b486395
:1084d8004763886b6863475b465b465b66636663b6
:1084e800876b6763e75a664ac43102210121e1209c
:1084f8000121e220e320e428e428e420e420042900
:1085080005298310c418c418e418252982182329ba
:108518002b9ccbac8ecdeec4cdc4ccbc4aa4ea9384
:108528006339eb83ac946a84876b2763676b4a84ef
:10853800ab8c097c4663a873ac940a7c065b265b0b
:10854800265be552c55247630553c76328746453d5
:10855800845b645b2453a34283424442253ac43972
:108568004329e22003210329a220c3202429e42847
:1085780003296018ab83ceb4efbcadbccdc4edc449
:10858800eeb44983255a401842296a73d09c1adff1
:108598009df79df7bef7deffdfffffffffffffff41
:1085a800ffffffffffffffffffffffffffffffffd3
:1085b800ffffffffffffffffffffffffffffffffc3
:1085c800fffffffffffffffffffffffffefffeffb5
:1085d800ffffffffdef77bef36c6d2b56fa56d95bf
:1085e80032ae94beb6ce19df5bef9cf7bcf73ae724
:1085f8007aef14c6cf9c2fa550adee9ceea40ea525
:108608000e9d0e9dad94ad94ce9cad94cd94ee9cf4
:10861800ae94eb83476b476367634763476b276396
:1086280027634763476b887369730863c85a67523f
:1086380083310221a218c320e320e320e320042988
:10864800c420e420a41826290521c420e420811888
:10865800a76aadac0ebd2fcdeec40bacaeb4a972fb
:108668000552ae9c6b8cec94cd9c6c8cea7b876b32
:10867800476b6b8ccd942b84ea7b0e9d0e9d2a7cd8
:108688008763834ac96bed94ed8c297486538453b0
:10869800845364536453655b0453a34a634263423f
:1086a8002542464ac5410229c220c428c420c52003
:1086b800e4288220a96a2fa40d9cab934983255aec
:1086c80000290029e441c85a8e9430a5f09c11a5d0
:1086d80057cebdffbeffffffffffdfffffffffff1e
:1086e800ffffffffffffffffffffffffffffffff92
:1086f800ffffffffffffffffffffffffffffffff82
:10870800fffffffffffffefffeffffffffffffff73
:10871800fffffffffefffefffdffbcf7bbefbcf74f
:10872800fdf7fefffefffffffffffffffeffbdf7a8
:10873800feffbcf739e795cef1bd6fad4fa52fa56c
:108748004fa52ea50e9ded94cc94ac94cc94cc94ce
:10875800cd94cd94cd94ac944a8c097ca773866b48
:10876800476b476b686b686b486b486b486b486b2b
:10877800aa73696b085ba75206424429e320c32009
:1087880024290421e320c320e420e420e520e52077
:1087980083202b73cfb46db46db4afb4ea7a4120a3
:1087a800cc7befa4ad94ac94ad94ad94ee9ccd94f9
:1087b800ae94ef9cef9cef9c0fa50f9dee9c2fa510
:1087c800ed94ad942a7ce9730e95ed940d8d8b8410
:1087d8000974086ca663855b497c4d9d4ea58c8cfd
:1087e8006d8c6d8c4d8c2c84ec7bcc738b6b4a5bc5
:1087f800e95ae95ae95a29634a6b8a73ab7bcb7bfe
:108808000c846d8cef9c30a550a530a530a530a503
:1088180011a57beffeffbef7ffffffffffffffff86
:10882800ffffffffffffffffffffffffffffffff50
:10883800ffffffffffffffffffffffffffffffff40
:10884800fffffffffffffefffeffffffffffffff32
:10885800fffffffffffffffffeffddf7ddf7fdff77
:10886800fef7feffffffdfffdff7deffbef77df756
:1088780037c6f6c5d4bdf3bd13bed2bd71ad10a5c4
:108888000fa50fa52fa52fa52fa52fa50f9d0e9dd1
:10889800ce94ce94cd94cd94cd94cd94cd94cd94c6
:1088a800cd948c8c2a840a7c0a7c0a7cea7bca7b5d
:1088b800886ba96b686b28632963296be85a464a59
:1088c800a53984312329c218a218a218c318e32095
:1088d8000429a2204439696a4862e2300231c86a30
:1088e80011a531a5ee9c2fa50fa50f9d30a530a58c
:1088f8004fa591ad50a50f9d50a550a52fa52ea50c
:108908002fa570adee9c2f9d2f9d70a52f9d4f9d7f
:108918004f9d4e9d4e9d4f9d2e9dee94ef9450a5dc
:1089280030a5109df09cf09cf09c119d329d329dcd
:108938002e9d2e9d0e9d2e9d2e9d4e9d4ea52e9daf
:1089480011a531a551a552ad92b5f4bd76ceb7d6d5
:108958007beffefffefffefffffffffffffffeffb7
:10896800ffffffffffffffffffffffffffffffff0f
:10897800ffffffffffffffffffffffffffffffffff
:10898800ffffffffffffffffffffffffffffffffef
:10899800ffffdfffdfffffffffffdeffffffffff40
:1089a800ffffffffffffdfffdfffdfffdeffbef799
:1089b800feff7cefd9de56c615bef4bdd4b5b3b5ff
:1089c800b4b5d4bdd4bdd4bdd3b593b572ad51ad96
:1089d80051ad31a510a5109d109d10a530a530a54d
:1089e8002fa52fa54fa54fa54ea52ea50e9d0e9dd3
:1089f8004ea50d9dac948c8c4b840a7cc97bca73a4
:108a0800696b496b2963c75a464ae5398331633133
:108a1800e220a118a220c3200329064acb7b0fa578
:108a280030a52fa50e9d4fa50f9d30a530a50f9df4
:108a38004fa570ad2fa570add2b570ad0e9d6fadc1
:108a480092b592b5b3bd96d676ceb7d6b6d659e717
:108a58009aef7ae77ae7dbeffcf7dcf7dcf7fcff65
:108a6800fcfffcffdcffdcffddffddffddf7bcef1b
:108a7800fefffdf7fdf7fdf7fdf7fdf7ddf7dcf786
:108a8800fdfffdfffdfffdfffdfffdfffdfffdfffe
:108a9800feffdeffbdf7ffffffffdef7ffffffff73
:108aa800ffffffffffffffffffffffffffffffffce
:108ab800ffffffffffffffffffffffffffffffffbe
:108ac800ffffffffffffffffffffffffffffffffae
:108ad800ffffffffffffffffffffdfffffffffffbe
:108ae800fffffffffffffffffffffffffffffeff8f
:108af800bdf7defffefffffffffffefffefffeffed
:108b0800fefffefffefffefffefffefffdffddff97
:108b1800ddfffdfffdffbcf75be7b8d615be93ade3
:108b280051a551a551a530a50f9d0f9d2f9d2fa58e
:108b38000e9d4fa54fa52fa52e9d2ea50e9ded9cf4
:108b48000ea52fa52fa52fa52fa50fa510a530a5dc
:108b5800d19cf19ccf940e9d70a5309dcf9430a5eb
:108b68002e9d2e9d4ea54ea50d9d4fa52f9d70a502
:108b780070ad91ad50a530a5309dce9430a575ce81
:108b8800dbffbbf77bef36ce94b5d5bdd5bdd5b5ec
:108b9800b4b5f6bd37c658cedad67cefddf7fdffa3
:108ba800fefffefffefffefffefffefffeffdef7fd
:108bb800ffffffffffffffffffffffffffffffffbd
:108bc800fefffefffefffefffefffefffefffeffb5
:108bd800deffdeffdfffffffffffdfffffffdeff40
:108be800ffffffffffffffffffffffffffffffff8d
:108bf800ffffffffffffffffffffffffffffffff7d
:108c0800ffffffffffffffffffffffffffffffff6c
:108c1800ffffffffffffffffffffffffffffffff5c
:108c2800fffffffffffffffffffffffffefffeff4e
:108c3800feffffffffffffffffffffffffffdeff5e
:108c4800ffffffffffffffffffffffffffffffff2c
:108c5800fffffffffeffdeffdeffdeffbdf79df734
:108c6800bdf7bdf7bcf7dcf7dcf7bbf75ae7f9de71
:108c7800b7ceb3b5109d109d30a50f9dee9c4fa5a6
:108c88000fa52fa52fa52fa52fa50fa50f9d0fa5c4
:108c980012a531a54fa52e9d2e9db2add4b553adcd
:108ca8002fa50e9d0e9d4fa550a550a5309d34bef5
:108cb800dbf779ef55c672ad52a532a5119d32a5e5
:108cc800129d73ad1ae79df7deff9df7bdf7bdf75f
:108cd800bdf7bdf7bef79ef77def9defbef7feff30
:108ce800fefffeffdeffffffffffffffffffffffaf
:108cf800ffffffffffffffffffffffffffffffff7c
:108d0800ffffffffffffffffffffffffdfffdfffab
:108d1800ffffffffdfffffffffffffffffffdeff9c
:108d2800ffffffffffffffffffffffffffffffff4b
:108d3800ffffffffffffffffffffffffffffffff3b
:108d4800ffffffffffffffffffffffffffffffff2b
:108d5800fefffefffeffffffffffffffffffffff1e
:108d6800fffffffffffffffffefffefffefffeff0f
:108d7800ffffffffffffffffffffffffffffdfff1b
:108d8800ffffffffffffffffffffdfffdfffdfff4b
:108d9800dff7dfffffffffffffffffffffffffff23
:108da800fffffffffffffefffefffefffefffeffd0
:108db800fefffefffeffddf79bf73ae715bed09cee
:108dc80031a510a5cf9cae94cf9cf09c10a531a5e1
:108dd80094b597d618df19dfbceffeffdef7bef7b4
:108de800ddf7bcf77bef5ae75be73be7b9d67be7f4
:108df800fdfffefffeffddf7ddf7ddf7bdf7bdf791
:108e08009cefbdf7ffffffffdeffffffffffffff48
:108e1800fefffeffdeffffffffffffffffffdeff9e
:108e2800ffffffffffffffffffffffffffffffff4a
:108e3800dfffffffffffffffffffffffffffffff5a
:108e4800dff7dfffffffffffffffffffffffffff72
:108e5800ffffffffbef7def7ffffffffffffffff8c
:108e6800ffffffffffffffffffffffffffffffff0a
:108e7800fffffffffffffffffffffffffffffffffa
:108e8800ffffffffffffffffffffffffffffffffea
:108e9800fefffefffefffeffffffffffffffffffde
:108ea800ffffffffffffffffffffffffffffffffca
:108eb800ffffffffffffffffffffffffffffffffba
:108ec800ffffffffffffffffffffffffffffffffaa
:108ed800ffffffffffffdef7bef7def7dfffdeff76
:108ee800dff7dfffffffffffffffdeffdfffdfff33
:108ef800ffffdfffdefffefffeffdeffbdf79cef9b
:108f08005cef9cefbcf7dcf7fdfffdfffdfffdff0d
:108f1800fefffeffdeffdfffdff7dff7ffffffffec
:108f28009ef7dfffdeffdef7dfffffffbef7def7ae
:108f3800ffffbef7def7ffffffffffffdeffdfffec
:108f4800ffffdef79ef7ffffffffdfffdefffffffc
:108f58009df7defffefffefffeffffffffffffffa7
:108f6800dfffdfffffffffffffffffffdfffffff69
:108f7800fefffefffefffefffefffefffeffffff00
:108f8800ffffffffffffffffdfffdfffffffffff29
:108f9800ffffffffffffffffffffffffdffffffff9
:108fa800ffffffffffffffffffffffffffffffffc9
:108fb800ffffffffffffffffffffffffffffffffb9
:108fc800ffffffffffffffffffffffffffffffffa9
:108fd800ffffffffffffffffffffffffffffffff99
:108fe800ffffffffffffffffffffffffffffffff89
:108ff800fffffffffffffefffeffffffffffdfff9b
:10900800ffffffffffffffffffffffffffffffff68
:10901800def7ffffffffffffffffffffffffffff81
:10902800fffffffffffffeffffffffffffffffff49
:10903800ffffffffffffffffffffdeffdeffffff7a
:10904800dffffffffffffefffefffefffeffffff4c
:10905800fffffffffeffdefffffffffffff7ffff42
:10906800ffffffffffffffffdfffffffffffffff28
:10907800ffffffffffffffffdff7ffffffffffff20
:10908800dff7ffffffffdfffdfffdfffffffdeff91
:10909800fffffefffefffefffeffffffffffffffdc
:1090a800ffffffffffffffffffffdfffffffffffe8
:1090b800ffffffffffffffffffffffffffffffffb8
:1090c800defffefffffffffffefffefffeffffffcd
:1090d800ffffffffffffffffdef7ffffffffdfffe1
:1090e800ffffffffffffffffffffffffffffffff88
:1090f800ffffffffffffffffffffffffffffffff78
:10910800ffffffffffffffffffffffffffffffff67
:10911800ffffffffffffffffffffffffffffffff57
:10912800ffffffffffffffffffffffffffffffff47
:10913800ffffffffffffffffffffffffffffffff37
:10914800ffffffffffffffffffffffffffffffff27
:10915800ffffffffffffffffffffffffffffffff17
:10916800ffffffffffffffffffffffffffffffff07
:10917800fffffffffffffffffffffffffffffffff7
:10918800ffffffffffffffffffffffffffffffffe7
:10919800ffffffffffffffffffffffffffffffffd7
:1091a800ffffffffffffffffffffffffffffffffc7
:1091b800ffffffffffffffffffffffffffffffffb7
:1091c800ffffffffffffffffffffffffffffffffa7
:1091d800ffffffffffffffffffffffffffffffff97
:1091e800ffffffffffffffffffffffffffffffff87
:1091f800ffffffffffffffffffffffffffffffff77
:10920800ffffffffffffffffffffffffffffffff66
:10921800ffffffffffffffffffffffffffffffff56
:10922800ffffffffffffffffffffffffffffffff46
:10923800ffffffffffffffffffffffffffffffff36
:10924800ffffffffffffffffffffffffffffffff26
:10925800ffffffffffffffffffffffffffffffff16
:10926800ffffffffffffffffffffffffffffffff06
:10927800fffffffffffffffffffffffffffffffff6
:10928800ffffffffffffffffffffffffffffffffe6
:10929800ffffffffffffffffffffffffffffffffd6
:1092a800ffffffffffffffffffffffffffffffffc6
:1092b800ffffffffffffffffffffffffffffffffb6
:1092c800ffffffffffffffffffffffffffffffffa6
:1092d800ffffffffffffffffffffffffffffffff96
:1092e800ffffffffffffffffffffffffffffffff86
:1092f800ffffffffffffffffffffffffffffffff76
:10930800ffffffffffffffffffffffffffffffff65
:10931800ffffffffffffffffffffffffffffffff55
:10932800ffffffffffffffffffffffffffffffff45
:10933800ffffffffffffffffffffffffffffffff35
:10934800ffffffffffffffffffffffffffffffff25
:10935800ffffffffffffffffffffffffffffffff15
:10936800ffffffffffffffffffffffffffffffff05
:10937800fffffffffffffffffffffffffffffffff5
:10938800ffffffffffffffffffffffffffffffffe5
:10939800ffffffffffffffffffffffffffffffffd5
:1093a800ffffffffffffffffffffffffffffffffc5
:1093b800ffffffffffffffffffffffffffffffffb5
:1093c800ffffffffffffffffffffffffffffffffa5
:1093d800ffffffffffffffffffffffffffffffff95
:1093e800ffffffffffffffffffffffffffffffff85
:1093f800ffffffffffffffffffffffffffffffff75
:10940800ffffffffffffffffffffffffffffffff64
:10941800ffffffffffffffffffffffffffffffff54
:10942800ffffffffffffffffffffffffffffffff44
:10943800ffffffffffffffffffffffffffffffff34
:10944800ffffffffffffffffffffffffffffffff24
:10945800ffffffffffffffffffffffffffffffff14
:10946800ffffffffffffffffffffffffffffffff04
:10947800fffffffffffffffffffffffffffffffff4
:10948800ffffffffffffffffffffffffffffffffe4
:10949800ffffffffffffffffffffffffffffffffd4
:1094a800ffffffffffffffffffffffffffffffffc4
:1094b800ffffffffffffffffffffffffffffffffb4
:1094c800ffffffffffffffffffffffffffffffffa4
:1094d800ffffffffffffffffffffffffffffffff94
:1094e800ffffffffffffffffffffffffffffffff84
:1094f800ffffffffffffffffffffffffffffffff74
:10950800ffffffffffffffffffffffffffffffff63
:10951800ffffffffffffffffffffffffffffffff53
:10952800ffffffffffffffffffffffffffffffff43
:10953800ffffffffffffffffffffffffffffffff33
:10954800ffffffffffffffffffffffffffffffff23
:10955800ffffffffffffffffffffffffffffffff13
:10956800ffffffffffffffffffffffffffffffff03
:10957800fffffffffffffffffffffffffffffffff3
:10958800ffffffffffffffffffffffffffffffffe3
:10959800ffffffffffffffffffffffffffffffffd3
:1095a800ffffffffffffffffffffffffffffffffc3
:1095b800ffffffffffffffffffffffffffffffffb3
:1095c800ffffffffffffffffffffffffffffffffa3
:1095d800ffffffffffffffffffffffffffffffff93
:1095e800ffffffffffffffffffffffffffffffff83
:1095f800ffffffffffffffffffffffffffffffff73
:10960800ffffffffffffffffffffffffffffffff62
:10961800ffffffffffffffffffffffffffffffff52
:10962800ffffffffffffffffffffffffffffffff42
:10963800ffffffffffffffffffffffffffffffff32
:10964800ffffffffffffffffffffffffffffffff22
:10965800ffffffffffffffffffffffffffffffff12
:10966800ffffffffffffffffffffffffffffffff02
:10967800fffffffffffffffffffffffffffffffff2
:10968800ffffffffffffffffffffffffffffffffe2
:10969800ffffffffffffffffffffffffffffffffd2
:1096a800ffffffffffffffffffffffffffffffffc2
:1096b800ffffffffffffffffffffffffffffffffb2
:1096c800ffffffffffffffffffffffffffffffffa2
:1096d800ffffffffffffffffffffffffffffffff92
:1096e800ffffffffffffffffffffffffffffffff82
:1096f800ffffffffffffffffffffffffffffffff72
:10970800ffffffffffffffffffffffffffffffff61
:10971800ffffffffffffffffffffffffffffffff51
:10972800ffffffffffffffffffffffffffffffff41
:10973800ffffffffffffffffffffffffffffffff31
:10974800ffffffffffffffffffffffffffffffff21
:10975800ffffffffffffffffffffffffffffffff11
:10976800ffffffffffffffffffffffffffffffff01
:10977800fffffffffffffffffffffffffffffffff1
:10978800ffffffffffffffffffffffffffffffffe1
:10979800ffffffffffffffffffffffffffffffffd1
:1097a800ffffffffffffffffffffffffffffffffc1
:1097b800ffffffffffffffffffffffffffffffffb1
:1097c800ffffffffffffffffffffffffffffffffa1
:1097d800ffffffffffffffffffffffffffffffff91
:1097e800ffffffffffffffffffffffffffffffff81
:1097f800ffffffffffffffffffffffffffffffff71
:10980800ffffffffffffffffffffffffffffffff60
:10981800ffffffffffffffffffffffffffffffff50
:10982800ffffffffffffffffffffffffffffffff40
:10983800ffffffffffffffffffffffffffffffff30
:10984800ffffffffffffffffffffffffffffffff20
:10985800ffffffffffffffffffffffffffffffff10
:10986800ffffffffffffffffffffffffffffffff00
:10987800fffffffffffffffffffffffffffffffff0
:10988800ffffffffffffffffffffffffffffffffe0
:10989800ffffffffffffffffffffffffffffffffd0
:1098a800ffffffffffffffffffffffffffffffffc0
:1098b800ffffffffffffffffffffffffffffffffb0
:1098c800ffffffffffffffffffffffffffffffffa0
:1098d800ffffffffffffffffffffffffffffffff90
:1098e800ffffffffffffffffffffffffffffffff80
:1098f800ffffffffffffffffffffffffffffffff70
:10990800ffffffffffffffffffffffffffffffff5f
:10991800ffffffffffffffffffffffffffffffff4f
:10992800ffffffffffffffffffffffffffffffff3f
:10993800ffffffffffffffffffffffffffffffff2f
:10994800ffffffffffffffffffffffffffffffff1f
:10995800ffffffffffffffffffffffffffffffff0f
:10996800ffffffffffffffffffffffffffffffffff
:10997800ffffffffffffffffffffffffffffffffef
:10998800ffffffffffffffffffffffffffffffffdf
:10999800ffffffffffffffffffffffffffffffffcf
:1099a800ffffffffffffffffffffffffffffffffbf
:1099b800ffffffffffffffffffffffffffffffffaf
:1099c800ffffffffffffffffffffffffffffffff9f
:1099d800ffffffffffffffffffffffffffffffff8f
:1099e800ffffffffffffffffffffffffffffffff7f
:1099f800ffffffffffffffffffffffffffffffff6f
:109a0800ffffffffffffffffffffffffffffffff5e
:109a1800ffffffffffffffffffffffffffffffff4e
:109a2800ffffffffffffffffffffffffffffffff3e
:109a3800ffffffffffffffffffffffffffffffff2e
:109a4800ffffffffffffffffffffffffffffffff1e
:109a5800ffffffffffffffffffffffffffffffff0e
:109a6800fffffffffffffffffffffffffffffffffe
:109a7800ffffffffffffffffffffffffffffffffee
:109a8800ffffffffffffffffffffffffffffffffde
:109a9800ffffffffffffffffffffffffffffffffce
:109aa800ffffffffffffffffffffffffffffffffbe
:109ab800ffffffffffffffffffffffffffffffffae
:109ac800ffffffffffffffffffffffffffffffff9e
:109ad800ffffffffffffffffffffffffffffffff8e
:109ae800ffffffffffffffffffffffffffffffff7e
:109af80088ba07203c0000000100000000000000b8
:109b080094a40720001000000000000000000000de
:109b1800400000004000000000100000001000009d
:109b280094a40720000000000000000000000000ce
:109b3800000000000000000094a4072000120000ac
:109b480001000000ffffffffffffffffffffffff18
:109b5800ffffffffffffffffffffffffffe5ffff27
:109b6800fff4fafbfffffffefefeffffffffffff14
:109b7800fffffffffefefefefffffefefefefefef7
:109b8800fefefefeffffffffffffffffffffffffe1
:109b9800fffffffffffffffffffffffffff9fff5dd
:109ba800fbfffffffbfdfffffffffefdffffffffca
:109bb800fffffffffefefefefffffefefefefefeb7
:109bc800fefefefeffffffffffffffffffffffffa1
:109bd800fffffffffffffffffffffffff6fffffb9a
:109be800fffff5fffcfdffffffffffffffffffff8c
:109bf800fffffffffefefefefffffffffefefefe75
:109c0800fefefefeffffffffffffffffffffffff60
:109c1800fffffffffffffffffffffffffff9fbf560
:109c2800fffaf8fffffffefcfcfeffffffffffff50
:109c3800fffffffffefefefefffffffffefefefe34
:109c4800fefefefeffffffffffffffffffffffff20
:109c5800fffffffffffffffffffffffffdfafffd15
:109c6800fff5fffdfffffefcfcfcfdfeffffffff15
:109c7800fffffffffefefefefefefefefffffffff4
:109c8800fffffefeffffffffffffffffffffffffde
:109c9800fffffffffffffffffffffffff6fff5b02e
:109ca800908ed8ffffffffffffffffffffffffffc3
:109cb800fffffffffefefefefefefefeffffffffb4
:109cc800fffffefeffffffffffffffffffffffff9e
:109cd800fffffffffffffffffffffffffff6712002
:109ce800001669e7fefdfaf8f9fdffffffffffff29
:109cf800fffffffffffffffffefefefefefeffff72
:109d0800fffffefeffffffffffffffffffffffff5d
:109d1800fffffffffffffffffffffffffece0d0f5f
:109d2800292b1ea0f9f0e5dee0ecfaffffffffffac
:109d3800fffffffffffffffffefefefefefeffff31
:109d4800fffffefeffffffffffffffffffffffff1d
:109d5800fffffffffffefcfdfffefdfdf5d11c1e12
:109d6800181536cef0f5dff5e3e2ebfafbffe0c2bb
:109d7800daf6f9fffdfafdfefcfefefef7fefafe3e
:109d8800fdf8fef8ffffffffffffffffffffffffec
:109d9800fffffffffdfdfeffffffffffffe82003c2
:109da8002879f6f7eaefe9efeafef5f5fec2753d28
:109db80030adfffdf5f7fcfee9f3fbfcfeeafefe25
:109dc800fefff5feffffffffffffffffffffffffa7
:109dd800fffffffffbfefffffffffefdf2fea46992
:109de800cbfafee0f3f5fef2e6fbe7edf982153477
:109df800193cd5f6fdfdfefedaeaf7fcfdfbfdfc9d
:109e0800f6fef5feffffffffffffffffffffffff6f
:109e1800fffffffffdfffffffcfbfbfafef2f1d4a3
:109e2800f3e2e3f6f0eaeeedecf5f0fafae53916ce
:109e38001713dbfff6faf9f7c7e3fcfdf8fde0e5d9
:109e4800fefafcfeffffffffffffffffffffffff24
:109e5800fffffffffffffffcfafefefef3ebb8dba0
:109e6800feedf6fdf9faf3ecf0efeee1e8fe801115
:109e7800302acefbfefefefdcadaf8fbfbd9b1efb5
:109e8800fdfafbfeffffffffffffffffffffffffe6
:109e9800fffffffffffffffcfefefefef6bbdef945
:109ea800d1f1fda78fbdf9f1f1f5f7f8e7fee01f55
:109eb8003fa7fff7f3e3fefedbd5f4f1e29dccf913
:109ec800effdfefcffffffffffffffffffffffffb0
:109ed800fffffffffefffefcfefefef2e0a6e1f242
:109ee800feeb5a0c0837d7eef7f1cdf7f4deffcecc
:109ef800e4feffff948edbf9e8cbebdfa9a7dde0fa
:109f0800d7fcfdfcffffffffffffffffffffffff89
:109f1800fffffffffffffefbfefef4e0c0cef6fbf7
:109f2800cc3314754227d9f5f2af2550e7f4e9f39d
:109f3800fffdf5fb8885ebfdf8b8cbb39cc9a8ba43
:109f4800f8fbfcfdf6fefffafdfdf9fdfdfdffff48
:109f5800fbfffefafef8fbfff8fafed7d0cdfcbdfa
:109f68002f0688624348f6edda3116149bfbf0ebb6
:109f7800fdfdfeeb8c99c5b7d2d6c3b9e290adfc16
:109f8800faf4fbf9fefef8fff7fdfdfdfef8fffc15
:109f9800fdfffefcf9fefffff7fcfed8b2f5c33467
:109fa8003523aa500d99f7efb31c8c2e57fbf8ee0a
:109fb800ebfde4b292705caec7dbfaef99bcf6fc3d
:109fc800fef9fbf7fefbf9fff4fefefcfeeefef7e2
:109fd800fffffefefffff2f6fdfefdc5cadac03840
:109fe8004813495d5bfcd5fc7f1a62661deaede209
:109ff800fcd2786d8185c3d0f9ddceafcffafce90c
:10a00800effef9f9fefdfffffef8fefefee5fef8a5
:10a01800fffffbfef9fffefeeae0e3c8b9cee996d2
:10a0280042372e5ce9e3eefd77359923219dfdeb60
:10a03800b16d9e8376eaef79e8f4caf6f7eebfb31e
:10a04800e2fef9fbfeffffebfefdfdfdfce2fbfc83
:10a05800fffcf8fdfbfefefeecc0b1a1b1c6ccfcd6
:10a06800cbbac3e6f4ffd9e5f12a232f358aedca26
:10a07800b1c9fb8892bc7c6f64e0f9cea99ea3cae3
:10a08800f2fefafdfffef9dafefefdfdfbe2e0fc62
:10a09800fffaf9fdfef9e9fefcc18a6395c7d3e62c
:10a0a800f3f7d1cd32cafee2f1842a584dd1f5e951
:10a0b800f7fee899847a58828ed0ba8ca6b6dcfa74
:10a0c800fefefdf7fffdf7ddc3e5fcfbfbe6befb8f
:10a0d800fbfcfdfcf8fdffffefa87d697275a1c8c8
:10a0e800fce6b4ef74024249c6dec3abe5e7e2fe24
:10a0f800f5fac37b8d6192a5c4d8c8d5e2f8fbfbfd
:10a10800fdfefefcfffdffeb80c0fbfbfbe9a5f6b7
:10a11800f7fefdfaf9fdf8f9e8b18a725e8677a3d1
:10a12800c0bbcac3ea9475c6c5dffcfcf7fafcfedf
:10a13800f0aa7e7a73aeb2e0e5cebbc6cff7fbf9e4
:10a14800fdfbf7fefefef9ffc760bcfcfbf8a1cfe4
:10a15800fdfcf7fefcf8f7fea06653629fb7868306
:10a16800b2bac2cba1abf1bdadd5c97d6594f5d46a
:10a1780094747672b9be97ebecedb8b8a29bd8fb95
:10a18800f7fdecfefefdfefbf5a464c6f2fab997f6
:10a19800f3fcfafef4fcf9853721415b647d8d9d63
:10a1a800a09a9c9499ccb8b5bdccd859484c757830
:10a1b80069786e6aaba9c0e3e8bbcbc1e5c9badd73
:10a1c800fdfdf6fefdfdfdfbfee75370e2fbaf9ad9
:10a1d800c8fcfdfafcfcdd282a2d4d564d446e794d
:10a1e800565052445486bbe5f1df7d326381847753
:10a1f8006faa9d8da0b6e2cfc5a3ecd4b8f8f9e557
:10a20800f4f4fefefafef7fffdfcb7529cfbcf9973
:10a21800acf8fdf8fcec88144745464a55314e54d5
:10a22800414f514f473f9af5fdcc34596f8d8160ae
:10a23800547f878aadebdab49fc7fbeaa2dffcf74d
:10a24800fefefef2fcfefcfef3f9fc8e50c6fa7b25
:10a25800a3dffcfcfeef3d253b3430495743525306
:10a2680059614f5b58493ce3f8966088926d4c48b9
:10a2780058537aa6cffcb4a4b1f2fdf7d9abe8fde8
:10a28800fefefafefefafef5fefcfce7865be9a898
:10a2980086d6fbfafeea1239363c32414851524a18
:10a2a80051483446445227bfc574818360443337cc
:10a2b8004e4982a1f1fc98b3eefcfdfbf8b3f3fd27
:10a2c800f8faf9fefefbfef4fefef0fdeb738fe0fc
:10a2d80083befbf5f4bb01364049362f32453d3c81
:10a2e800413d42463b3c44877a7875611e3a413b82
:10a2f80037588f87fbef93defefbfbfbfddff0fe9d
:10a30800f7fffeeffefeeffaf6fef9fdfbfb81c557
:10a31800ac8dfbfafe9e063748423b3d353f303850
:10a3280036323d2030294579778e6b19233a3342ee
:10a338002e629387f7ef9afefefefdfdfdfcedfe13
:10a34800f8f9fcfefff4f6d1f8defbfbfaf8f8b6f4
:10a35800d19ef1f6fa9e04434b4e383b30333a3dda
:10a3680044301730524f7b83557484201f25483b57
:10a37800326c998cf4d3d7eff0f5fffffefefefeaa
:10a38800fffffefef6fff6c1bab2b98f988bb8d1bf
:10a39800b9c0deaff3bb0b33383b3e373d38302c0a
:10a3a800352533885e86758e6b52782516200d23e9
:10a3b800366ca287a2acb0d8fcfdfff6fefefefe0e
:10a3c800fffffefef1ffdea67174735e5284a5c81e
:10a3d800e3eab3a8fec0074363443f3a3e374e4121
:10a3e80023324a55737985ab9b5e648840152b20d0
:10a3f8003586547d8392b9f8fcecfcfefffffefe27
:10a40800fffffefeffdfa6a18c807f857febfad3de
:10a41800f7c394dcfed2394a57271d3833351a0161
:10a42800295a5658699cd1d2ceb97a5b7d5b210beb
:10a43800348a4e5583a1f6fad5d8fcfefffffefefe
:10a44800fffffefefefdfdfdcc7084ba789ad9ac04
:10a45800c9b5bfd6acc596664f2c0f2d100f506ae4
:10a468004e566a6bc2f1e9fafbfbe97c636c4e2835
:10a478003d8a4e6e70c1f9c4acf8fdfbfffffefecd
:10a48800fefefffffef4fdfaeb88776b6d576e76e4
:10a498007c8a8569b6b5b391957237467a8d87629d
:10a4a800595f7dc8efd0c6d2d0e3fae98257705819
:10a4b800618446cf7fc8d195d1fbf1fdfffffefe39
:10a4c800fefefffff8f7fdfcfbcdc2a14e73656de4
:10a4d80069636388f9c3ad9da8766289c992644da2
:10a4e8006ca0b3bbc1c1f1d1c3f1eaf2f7af5c5bb9
:10a4f8007a788cf8a1b1a3c5fbfbecfdfffffefe4b
:10a50800fefefefefefefcfcfbf2dfb2869d665df3
:10a51800725b628a86a1c2af8d4b78b76053537065
:10a5280099866e9da3b6c5edfdedeeeef9f3d868fc
:10a538005e919bef9f94a3f8fbdcfdf9fffffefe05
:10a54800fefefefefbfbfdfdf3fcc5939f6f5a76f6
:10a5580062a09c8d73749cad6e89b0565e49887bf1
:10a56800758399abc1c0d4d4e9eef0eef5edd4957e
:10a578006da0b0e58684d7d7bbbeeefdfffffefe1b
:10a58800fefefefefefefdfbfccd677c9d89777519
:10a5980088f4999f97aa8fabc27d526c5b6c6f6ae7
:10a5a800607c9e98a2b8cce5f5f1f8eee6f6e9ab4a
:10a5b800637aabbc86c4d6bfd7f6f7f0fffffefec2
:10a5c800fefefefefefefbfdf6797ce6c8796a73a8
:10a5d8006f6e7fa7bea8aba8724f5d4a759760776c
:10a5e8007386b4b0a5bec6e5ece8f5eef6faaa782f
:10a5f80075505963bac4cef2fdfdfefeffffffffa2
:10a60800fffffffff6fef8fec383e8fa89828f7d1d
:10a618006764a69f8fabb27e56484723828c5383cc
:10a628009683b3d8bdc3c7dadce2e0e3e2953845e8
:10a63800834a3d4e63b9d4bcf0fce9feffffffff3f
:10a64800fffffffffcfefffcc9e7f48065a2a384bf
:10a658006ebf8fb39d8b7658613929365d513e6246
:10a66800896384c4cfc2d3d1d7decfdaa3222564cd
:10a67800663d54544c7efce4dbfffef3fefefefe1a
:10a68800fffffefefeedffffeefec29ce9f9eeecd9
:10a69800b3a8aff8b44c5956300c36433a343f405f
:10a6a800664e5d8eddd0e0cbcec1cddf5d1d467739
:10a6b80055313f3d4a4cb9fbfff4ecfefefefefe71
:10a6c800fffffefefee9fefefff4d5fef4fbfbfafb
:10a6d800d382c1c4675972473c111327343d3e3bae
:10a6e8004842475f9ab8d0c6c88eced73244416533
:10a6f8005b3c40424c3a79fefdf7fdf1fefeffff60
:10a70800fefefefefdfefdf9fff4fef9e5c2a09c8b
:10a71800c29e58595c727d35492e151937432d3f15
:10a7280035333444267fb2cdd269c7b94f614172ff
:10a738004e39624c435641ecf8f8fdfbfefeffff34
:10a74800fefefefefcfefdf9fff6b46b5d515c6695
:10a758007eb4b06574f8670c1d3515234c342d365e
:10a768003a3b3a363d4060547e53b9946a5c4f7325
:10a778006e5f45594f5131b4ffe7b89bacfef2fe0e
:10a78800f9fefcfcfbfefefafffcdaae7c80919a37
:10a7980090899db7bffc77062333282c4b382d377b
:10a7a8003e352a2b327f2a0d337b502f704f4b7149
:10a7b80065443b5a51543d5978683251586de6fe0c
:10a7c800f6fcfcfdfcfefefdfdfffdf5fbfbdfa23c
:10a7d8007c7bb5f9c4d4931b201e3c53553b1713ff
:10a7e800222027487563251d597d383754324e7706
:10a7f800652c283b3e2630391d20233b726da6ed83
:10a80800fefefef9fefefefefefffdfdfae9be922b
:10a818008088a2bd818089361f15355343381d1c99
:10a828002d21255273596a104a55361e23276674fe
:10a838004b13212b3546151a2315447c575880fc99
:10a84800fef9fefefffefdfffffaefe8c69898b09e
:10a85800a899886c725a75604b4a3b3a2f2e191585
:10a868001e1118486da0a3283b5b343a2a4a887207
:10a87800402848454f371e1c1d51b2beae439bfcb5
:10a88800f2fdfbfefffefcfffff7e3d0c8a6aaae71
:10a8980095949067745d6d79676f49393f3a251cc7
:10a8a8001f1e30598e9b924e45403c564e5b6f6042
:10a8b800585e5a301e1f1d036cc9b9ba1d49ebfcfe
:10a8c800fcf0fefefdfffffdfcfbeddd9fa8b1a641
:10a8d80095998d696e6f737663644f4d2624201e9b
:10a8e8001b16151a9aae9658685a7558695d505cc9
:10a8f800686e4b28280d251b74b5815350bcfce9a4
:10a90800fcf8fdf6f8fffffbfafefef8dddde1f3eb
:10a91800f9d0a7a3939c93857d746c6b604c382801
:10a928001b1c1b115bb46254a2948897958e7c8a79
:10a9380076695c785856362763574f5c99a9fcfbb3
:10a94800f6fce9fdfefefffffefefffffefefdfc3e
:10a95800edd7c0b2acaaa8a39c948d898c877e70d1
:10a968005c452e2021214d899f9a9ea8a2aab3b7a3
:10a97800b7bac4cdcecdc9c5c1c4cbd1e0ebf7fec3
:10a98800fefdfdfefefefffffefefffffefefdfddf
:10a99800fefcf8f6fefefcf2e6dad0cab2b0a99fd9
:10a9a800948f8f91737e9baba19fafbbaac3dce250
:10a9b800dad7e3f2fefefefdfafafefef4fbfefe37
:10a9c800fefefffffefefffffefefffffefefefe99
:10a9d800fefefefefefefffffffffffffefef6e0af
:10a9e800c9bec0c5d9eaf6e8d4ddf0f3dfe9f6fe62
:10a9f800fefcfaf9fffffffffffffffffefefefe72
:10aa0800fefcfdfefefefffffefefffffefefefe5d
:10aa1800fcfbf9f8fafbfcfefffffefef9fcfdfc6f
:10aa2800f8f9fefefbfefefcf7fefefefefefdfe56
:10aa3800fefefefaf9fafdfefefcfaf9fcfdfefd4b
:10aa4800fbfafdfefefefffffefefffffefefefe22
:10aa5800fffffdfbfffffffffffefcfbfffffefe0e
:10aa6800fffffdfafef9fafcfdfffff4fcffffff14
:10aa7800f9f9fffffefefefefffffffffdfefefef3
:10aa8800fefefefefefefffffefefffffefefefeda
:10aa9800fffffefef9fafbfdfefffefefbf9fafce6
:10aaa800fffffefefefefefefefcfffffcfdffffbd
:10aab800fffffffffefdfbfafdfefffefefefefeb2
:10aac800fefefefefefefffffefefffffefefcfb9f
:10aad800fbfcfdfefefefefefefdfafafefefcfaa3
:10aae800f8f8fbfbfdfcfefef9fafefefffff9fda0
:10aaf800fffffff5fdfdfafbfdfdfefdfffefefe7f
:10ab0800fefffefdfefefffffefefffffdfefefe5a
:10ab1800fefefefdfefefdfdfefffefefbfefefe52
:10ab2800fbf9fdfefdfcfefefefefef3fcffffff53
:10ab3800fafafffffdfcfcfdfdfdfefcfffffdfd3d
:10ab4800fffffefe0000008000040084100010805b
:10ab58001004f7bd108400f8e007e0ff1f001ff89d
:10ab6800ff07ffff0c00100015001a001f00e0028d
:10ab7800ec02f002f502fa02ff0220042c04300471
:10ab880035043a043f0460056c05700575057a05bf
:10ab98007f05a006ac06b006b506ba06bf06e007f4
:10aba800ec07f007f507fa07ff0700600c60106074
:10abb80015601a601f60e062ec62f062f562fa628a
:10abc800ff6220642c64306435643a643f646065d5
:10abd8006c65706575657a657f65a066ac66b066fc
:10abe800b566ba66bf66e067ec67f067f567fa674f
:10abf800ff6700800c80108015801a801f80e0821b
:10ac0800ec82f082f582fa82ff8220842c843084e0
:10ac180035843a843f8460856c85708575857a852e
:10ac28007f85a086ac86b086b586ba86bf86e08763
:10ac3800ec87f087f587fa87ff8700a80ca810a88b
:10ac480015a81aa81fa8e0aaecaaf0aaf5aafaaab9
:10ac5800ffaa20ac2cac30ac35ac3aac3fac60ad04
:10ac68006cad70ad75ad7aad7fada0aeacaeb0ae2b
:10ac7800b5aebaaebfaee0afecaff0aff5affaaf7e
:10ac8800ffaf00d00cd010d015d01ad01fd0e0d212
:10ac9800ecd2f0d2f5d2fad2ffd220d42cd430d4d0
:10aca80035d43ad43fd460d56cd570d575d57ad51e
:10acb8007fd5a0d6acd6b0d6b5d6bad6bfd6e0d753
:10acc800ecd7f0d7f5d7fad7ffd700f80cf810f87b
:10acd80015f81af81ff8e0faecfaf0faf5fafafaa9
:10ace800fffa20fc2cfc30fc35fc3afc3ffc60fdf4
:10acf8006cfd70fd75fd7afd7ffda0feacfeb0fe1b
:10ad0800b5febafebffee0ffecfff0fff5fffaff6d
:10ad1800ffff41088210e31825298631c7392842e8
:10ad2800694acb5a0c630c630c63ae731084518c64
:10ad3800b294f39c54a596b5d7bd38c679cedbde60
:10ad48001ce77defa80d07201c0000000000000094
:10ad5800880e0720010000000000000000120620f5
:10ad680034000000000000001c0e0720080000004e
:10ad780000000000c0bb0720040000000100000024
:10ad8800f0ba07203412062054000000000000002a
:10ad9800890e07200100000000000000240e072093
:10ada80004000000000000008a0e072001000000d7
:10adb80000000000881206202000000000000000ab
:10adc80000e906202014000000000000e00a072027
:10add8002c000000000000006c0e0720100000008e
:10ade800000000008b0e072001000000000000009a
:10adf800280e072014000000000000008c0e072019
:10ae080002000000000000007c0e07200c0000007b
:10ae180000000000240c07202800000000000000ab
:10ae2800200b07202c00000000000000000707206e
:10ae3800c800000000000000f40607200c00000015
:10ae480000000000940c07200c0000000000000027
:10ae5800340d07200c00000000000000800d0720c2
:10ae68000c00000000000000200a07203c00000041
:10ae780000000000600b07202c000000000000000c
:10ae8800a00b07202c000000000000002005072070
:10ae9800f400000000000000600d07200c00000016
:10aea80000000000400d0720100000000000000016
:10aeb800a81206200c00000000000000140507205e
:10aec8000c00000000000000200d07201400000006
:10aed80000000000a00c0720200000000000000077
:10aee8007815062008000000000000004c0b072021
:10aef8000c000000000000000c0a072014000000ed
:10af0800000000008c0b07200c000000000000006f
:10af18000c0d07200c000000000000006c0d07203d
:10af28000c00000000000000c00c07201c000000fe
:10af3800000000000c0b07201400000000000000b7
:10af4800c40d0720240000000000000000bd0620fa
:10af5800001000000000000040aa0620c0120000f7
:10af68000000000080550620c03c000000000000e2
:10af780000dd0620000c00000000000040920620c2
:10af8800001800000000000014060720e000000080
:10af980000000000700c07202400000000000000e2
:10afa80000cd0620001000000000000044b9072072
:10afb8005400000001000000100000002c010000f7
:10afc80000000000200000006000000000000000f9
:10afd8004000000060000000000000008000000049
:10afe8002000000000000000c40000003000000045
:10aff8000000000000010000180000000000000030
:10b008000000000000000000000000008e0e072075
:10b018000200000000000000d00a07201000000015
:10b02800000000008015062000400000000000001d
:10b03800600a07203c000000000000003c0e0720ca
:10b048000800000000000000c8bb07200100000045
:10b058000100000064000000b4120620480000004f
:10b068000000000090bb07200c0000000100000059
:10b07800ad3d030c5d86020cd9e8020c440e072096
:10b088000400000000000000580b07200800000022
:10b0980000000000480e0720040000000000000027
:10b0a800980b072008000000000000004c0e072045
:10b0b800040000000000000048bb07202800000032
:10b0c8000100000065000000000000000000000012
:10b0d8000000000000000000660000000000000002
:10b0e800000000000000000000000000500e0720d3
:10b0f8000400000000000000dc0c0720180000001d
:10b108000000000028090720580000000000000087
:10b11800fc1206200c00000000000000f40c0720c0
:10b128001800000000000000c8070720c000000049
:10b1380000000000e80d07200c00000000000000df
:10b14800cc0b072058000000000000000813062060
:10b158007002000000000000a00a07203000000074
:10b168000000000088080720a00000000000000080
:10b17800920e0720020000000100000001000000fc
:10b18800900e07200100000000000000540e072068
:10b19800080000000000000080090720500000009f
:10b1a8000000000078b807206c00000001000000d3
:10b1b80084b8072080b8072084b807200000000062
:10b1c8002500000028fd0620000400000000000003
:10b1d8000000000000000000000000000000000067
:10b1e8000000000000000000000000002d40030cdb
:10b1f8000000000000000000000000000000000047
:10b2080035e4020c0000000000000000000000000f
:10b2180000000000000000000000000020fd0620e3
:10b22800080400000000000010bb072020000000f8
:10b238000100000001000000030000000000000001
:10b2480000000000000000000000000000000000f6
:10b25800180d0720180d0720080000000000000046
:10b268005c0e07200800000000000000e4b807207a
:10b278006000000001000000010000000300000061
:10b2880000000000000000000000000000000000b6
:10b2980000000000c1e6020c0000000000000000f1
:10b2a80000000000713f030c431e030c0000000067
:10b2b8000000000000000000000000000000000086
:10b2c8000000000000000000000000000000000076
:10b2d8000000000000000000c4bb072004000000bc
:10b2e8000100000001000000640e072004000000b7
:10b2f80000000000f40d07200c0000000000000012
:10b3080000000000b803000001000000f0ff112059
:10b31800a990020c7d3f030c813f030c893f030c6d
:10b328008d3f030c913f030c00000000000000005b
:10b3380000000000000000002540030c853f030cbe
:10b34800000000002540030c2540030c2540030c99
:10b358002540030c2540030c2540030c2540030c15
:10b368002540030c2540030c2540030c2540030c05
:10b378002540030c2540030c2540030c2540030cf5
:10b388002540030c2540030c2920030c2920030c1d
:10b398002920030c2920030c2540030cd92d030c6c
:10b3a800f92d030c2540030c2540030c2540030c04
:10b3b8002540030c2540030c2540030c2540030cb5
:10b3c8002540030c2540030c2540030c2540030ca5
:10b3d8002540030c2540030c2540030c2540030c95
:10b3e8002540030c2540030c6112030c2912030ca1
:10b3f800f111030cb911030c2540030c2540030c73
:10b408002540030c2540030c2540030c2540030c64
:10b418002540030c2540030c2540030c2540030c54
:10b428002540030c2540030cb959020cb959020cec
:10b43800b959020cb959020cb959020cb959020c84
:10b44800b959020c2540030c2540030c2540030c78
:10b458002540030c2540030c2540030c2540030c14
:10b468002540030c2540030c2540030c2540030c04
:10b478002540030c2540030c2540030c2540030cf4
:10b488002540030c2540030c2540030c2540030ce4
:10b498002540030c2540030c2540030c2540030cd4
:10b4a8002540030c2540030c2540030c2540030cc4
:10b4b8002540030c0d5f020c0d5f020c0d5f020ca2
:10b4c8000d5f020c0d5f020c0d5f020c0d5f020c8c
:10b4d8002540030c2540030c2540030c2540030c94
:10b4e8002540030c2540030c2540030c2540030c84
:10b4f8002540030c2540030c2540030c2540030c74
:10b508002540030c2540030c2540030c2540030c63
:10b518002540030c2540030c2540030c2540030c53
:10b528002540030c2540030c2540030c2540030c43
:10b538002540030c2540030c2540030c2540030c33
:10b548002540030c2540030c2540030c2540030c23
:10b558002540030c2540030c2540030c2540030c13
:10b568002540030c2540030c2540030c2540030c03
:10b578002540030c2540030c2540030c2540030cf3
:10b588002540030c2540030c2540030c2540030ce3
:10b598002540030c2540030c2540030c2540030cd3
:10b5a8002540030c2540030c2540030c2540030cc3
:10b5b8002540030c2540030c2540030c2540030cb3
:10b5c8002540030c2540030c2540030c2540030ca3
:10b5d8002540030c2540030c2540030c2540030c93
:10b5e8002540030c2540030c2540030c2540030c83
:10b5f8002540030c2540030c2540030c2540030c73
:10b608002540030c2540030c2540030c2540030c62
:10b618002540030c2540030c2540030c2540030c52
:10b628002540030c2540030c2540030c2540030c42
:10b638002540030c2540030c2540030c2540030c32
:10b648002540030c2540030c2540030c2540030c22
:10b658002540030c2540030c2540030c2540030c12
:10b668002540030c2540030c2540030c0000000076
:10b67800000000002540030c2540030c2540030c66
:10b688002540030c2540030c2540030c2540030ce2
:10b698002540030c2540030c2540030c2540030cd2
:10b6a8002540030c2540030c2540030c2540030cc2
:10b6b8002540030c2540030c2540030c2540030cb2
:10b6c8002540030c00000000000000006666666666
:020000040000fa
:020000040c00ee
:10b6d800ffffffffffffffffffffffffffffffff72
:10b6e800ffffffffffffffffffffffffffffffff62
:10b6f800ffffffffffffffffffffffffffffffff52
:10b70800ffffffffffffffffffffffffffffffff41
:10b71800ffffffffffffffffffffffffffffffff31
:10b72800ffffffffffffffffffffffffffffffff21
:10b73800ffffffffffffffffffffffffffffffff11
:10b74800ffffffffffffffffffffffffffffffff01
:10b75800fffffffffffffffffffffffffffffffff1
:10b76800ffffffffffffffffffffffffffffffffe1
:10b77800ffffffffffffffffffffffffffffffffd1
:10b78800ffffffffffffffffffffffffffffffffc1
:10b79800ffffffffffffffffffffffffffffffffb1
:10b7a800ffffffffffffffffffffffffffffffffa1
:10b7b800ffffffffffffffffffffffffffffffff91
:10b7c800ffffffffffffffffffffffffffffffff81
:10b7d800ffffffffffffffffffffffffffffffff71
:10b7e800ffffffffffffffffffffffffffffffff61
:10b7f800ffffffffffffffffffffffffffffffff51
:10b80800ffffffffffffffffffffffffffffffff40
:10b81800ffffffffffffffffffffffffffffffff30
:10b82800ffffffffffffffffffffffffffffffff20
:10b83800ffffffffffffffffffffffffffffffff10
:10b84800ffffffffffffffffffffffffffffffff00
:10b85800ffffffffffffffffffffdfffdfffdfff50
:10b86800dfffdfffdfffdfffdfffdfffdfffdfffe0
:10b87800dfffdfffdfffdfffdfffdfffdfffdfffd0
:10b88800dfffdfffdfffdfffdfffdfffdfffdfffc0
:10b89800dfffdfffdfffdfffdfffdfffdfffdfffb0
:10b8a800dfffdfffdfffdfffdfffdfffdfffdfffa0
:10b8b800dfffdfffdfffdfffdfffdfffdfffdfff90
:10b8c800dfffdfffdfffdfffdfffdfffdfffdfff80
:10b8d800dfffdfffdfffdfffdfffdfffdfffdfff70
:10b8e800dfffdfffdfffdfffdfffdfffdfffdfff60
:10b8f800dfffdfffdfffdfffdfffdfffdfffdfff50
:10b90800dfffdfffdfffffffffffffffffffffff9f
:10b91800ffffffffffffffffffffffffffffffff2f
:10b92800ffffffffffffffffffffffffffffffff1f
:10b93800ffffffffffffffffffffffffffffffff0f
:10b94800ffffffffffffffffffffffffffffffffff
:10b95800ffffffffffffffffffffffffffffffffef
:10b96800ffffffffffffffffffffffffffffffffdf
:10b97800ffffffffffffffffffffffffffffffffcf
:10b98800ffffffffffffffffffffffffdfffdfffff
:10b99800dfffdef7def7def7def7def7def7bef70e
:10b9a800bef7bef7bef7bef7bef7bef7bef7bef7e7
:10b9b800bef7bef7bef7bef7bef7bef7bef7bef7d7
:10b9c800bef7bef7bef7bef7bef7bef7bef7bef7c7
:10b9d800bef7bef7bef7bef7bef7bef7bef7bef7b7
:10b9e800bef7bef7bef7bef7bef7bef7bef7bef7a7
:10b9f800bef7bef7bef7bef7bef7bef7bef7bef797
:10ba0800bef7bef7bef7bef7bef7bef7bef7bef786
:10ba1800bef7bef7bef7bef7bef7bef7bef7bef776
:10ba2800bef7bef7bef7bef7bef7bef7bef7bef766
:10ba3800bef7bef7bef7bef7bef7bef7bef7bef756
:10ba4800bef7def7def7def7def7def7def7dfff5d
:10ba5800dfffdfffffffffffffffffffffffffff2e
:10ba6800ffffffffffffffffffffffffffffffffde
:10ba7800ffffffffffffffffffffffffffffffffce
:10ba8800ffffffffffffffffffffffffffffffffbe
:10ba9800ffffffffffffffffffffffffffffffffae
:10baa800ffffffffffffffffffffffffffffffff9e
:10bab800ffffffffffffffffffffffffffffffff8e
:10bac800ffffffffdfffdfffdef7def7bef7bef7a2
:10bad800bef79ef79def9def7def7def7def7def4c
:10bae8007def7def7def7def7def7def7def7defee
:10baf8007def7def7def7def7def7def7def7defde
:10bb08007def7def7def7def7def7def7def7defcd
:10bb18007def7def7def7def7def7def7def7defbd
:10bb28007def7def7def7def7def7def7def7defad
:10bb38007def7def7def7def7def7def7def7def9d
:10bb48007def7def7def7def7def7def7def7def8d
:10bb58007def7def7def7def7def7def7def7def7d
:10bb68007def7def7def7def7def7def7def7def6d
:10bb78007def7def7def7def7def7def7def7def5d
:10bb88007def7def7def7def9def9def9ef7bef79b
:10bb9800bef7bef7def7def7dfffdfffffffffffd1
:10bba800ffffffffffffffffffffffffffffffff9d
:10bbb800ffffffffffffffffffffffffffffffff8d
:10bbc800ffffffffffffffffffffffffffffffff7d
:10bbd800ffffffffffffffffffffffffffffffff6d
:10bbe800ffffffffffffffffffffffffffffffff5d
:10bbf800ffffffffffffffffffffffffffffffff4d
:10bc0800dfffdef7def7bef79ef79def7def5def16
:10bc18005ce73ce71ce71bdf1bdffbdefbdefbde34
:10bc2800fbdefbdefbdefbdefbdefbdefbdefbde44
:10bc3800fbdefbdefbdefbdefbdefbdefbdefbde34
:10bc4800fbdefbdefbdefbdefbdefbdefbdefbde24
:10bc5800fbdefbdefbdefbdefbdefbdefbdefbde14
:10bc6800fbdefbdefbdefbdefbdefbdefbdefbde04
:10bc7800fbdefbdefbdefbdefbdefbdefbdefbdef4
:10bc8800fbdefbdefbdefbdefbdefbdefbdefbdee4
:10bc9800fbdefbdefbdefbdefbdefbdefbdefbded4
:10bca800fbdefbdefbdefbdefbdefbdefbdefbdec4
:10bcb800fbdefbdefbdefbdefbdefbdefbdefbdeb4
:10bcc800fbdefbdefbde1bdf1bdf1ce73ce75ce784
:10bcd8005def7def9def9ef7bef7def7def7dfff46
:10bce800ffffffffffffffffffffffffffffffff5c
:10bcf800ffffffffffffffffffffffffffffffff4c
:10bd0800ffffffffffffffffffffffffffffffff3b
:10bd1800ffffffffffffffffffffffffffffffff2b
:10bd2800ffffffffffffffffffffffffffffffff1b
:10bd3800ffffffffffffffffffffffffdfffdef754
:10bd4800bef79ef79def7def3ce71ce7fbdedad6fa
:10bd5800bad699ce79ce59ce38c638c618c618c6be
:10bd680018c618c618c618c618c618c618c618c6db
:10bd780018c618c618c618c618c618c618c618c6cb
:10bd880018c618c618c618c618c618c618c618c6bb
:10bd980018c618c618c618c618c618c618c618c6ab
:10bda80018c618c618c618c618c618c618c618c69b
:10bdb80018c618c618c618c618c618c618c618c68b
:10bdc80018c618c618c618c618c618c618c618c67b
:10bdd80018c618c618c618c618c618c618c618c66b
:10bde80018c618c618c618c618c618c618c618c65b
:10bdf80018c618c618c618c618c618c618c618c64b
:10be080018c618c638c638c659ce79ce99cebad60d
:10be1800dad6fbde1ce73ce77def7def9ef7bef749
:10be2800def7dfffdfffffffffffffffffffffff83
:10be3800ffffffffffffffffffffffffffffffff0a
:10be4800fffffffffffffffffffffffffffffffffa
:10be5800ffffffffffffffffffffffffffffffffea
:10be6800ffffffffffffffffffffffffffffffffda
:10be7800ffffffffffffffffdfffdef7bef79ef7c5
:10be88007def5ce71bdfdbdebad69abe39a6d78525
:10be980076651545d42c931c9314730c52045204e4
:10bea80052045204520452045204520452045204da
:10beb80052045204520452045204520452045204ca
:10bec80052045204520452045204520452045204ba
:10bed80052045204520452045204520452045204aa
:10bee800520452045204520452045204520452049a
:10bef800520452045204520452045204520452048a
:10bf08005204520452045204520452045204520479
:10bf18005204520452045204520452045204520469
:10bf28005204520452045204520452045204520459
:10bf38005204520452045204520452045204520449
:10bf48005204730c9314931cd42c15455665b77d75
:10bf5800189e59b679ce9ad6dbde1bdf5ce77deffb
:10bf68009defbef7def7dfffffffffffffffffffdd
:10bf7800ffffffffffffffffffffffffffffffffc9
:10bf8800ffffffffffffffffffffffffffffffffb9
:10bf9800ffffffffffffffffffffffffffffffffa9
:10bfa800ffffffffffffffffffffffffffffffff99
:10bfb800ffffffffdfffdef7bef79ef77def3ce7f1
:10bfc800fbdedbd67abef895354db42493147304a2
:10bfd80052045204520452045204520452045204a9
:10bfe8005204520452045204520452045204520499
:10bff8005204520452045204520452045204520489
:10c008005204520452045204520452045204520478
:10c018005204520452045204520452045204520468
:10c028005204520452045204520452045204520458
:10c038005204520452045204520452045204520448
:10c048005204520452045204520452045204520438
:10c058005204520452045204520452045204520428
:10c068005204520452045204520452045204520418
:10c078005204520452045204520452045204520408
:10c0880052045204520452045204520452047304d7
:10c098007314b424154dd78539b679c6bad6fbdee4
:10c0a8003ce77def9defbef7def7dfffffffffff09
:10c0b800ffffffffffffffffffffffffffffffff88
:10c0c800ffffffffffffffffffffffffffffffff78
:10c0d800ffffffffffffffffffffffffffffffff68
:10c0e800ffffffffffffffffffffffffffffffff58
:10c0f800dfffdfffbef79ef77def3ce7fbdebace42
:10c1080039a6565db424730c5204520452045204e6
:10c118005204520452045204520452045204520467
:10c128005204520452045204520452045204520457
:10c138005204520452045204520452045204520447
:10c148005204520452045204520452045204520437
:10c158005204520452045204520452045204520427
:10c168005204520452045204520452045204520417
:10c178005204520452045204520452045204520407
:10c1880052045204520452045204520452045204f7
:10c1980052045204520452045204520452045204e7
:10c1a80052045204520452045204520452045204d7
:10c1b80052045204520452045204520452045204c7
:10c1c80052045204520452045204520452045204b7
:10c1d800520452045204730cb3243555f89579c6a9
:10c1e8009ad6fbde3ce77def9ef7bef7dfffdfff69
:10c1f800ffffffffffffffffffffffffffffffff47
:10c20800ffffffffffffffffffffffffffffffff36
:10c21800ffffffffffffffffffffffffffffffff26
:10c22800ffffffffffffffffffffffffffffdfff36
:10c23800def7bef79def5ce7fbdebace399e354de3
:10c2480093147304520452045204520452045204c4
:10c258005204520452045204520452045204520426
:10c268005204520452045204520452045204520416
:10c278005204520452045204520452045204520406
:10c2880052045204520452045204520452045204f6
:10c2980052045204520452045204520452045204e6
:10c2a80052045204520452045204520452045204d6
:10c2b80052045204520452045204520452045204c6
:10c2c80052045204520452045204520452045204b6
:10c2d80052045204520452045204520452045204a6
:10c2e8005204520452045204520452045204520496
:10c2f8005204520452045204520452045204520486
:10c308005204520452045204520452045204520475
:10c31800520452045204520452047304731415450f
:10c32800d78d79c69ad6fbde5ce79defbef7def7c0
:10c33800dfffffffffffffffffffffffffffffff25
:10c34800fffffffffffffffffffffffffffffffff5
:10c35800ffffffffffffffffffffffffffffffffe5
:10c36800ffffffffffffffffffffffffdfffdef71e
:10c378009ef77def1ce7dbd679b656559314520429
:10c3880052045204520452045204520452045204f5
:10c3980052045204520452045204520452045204e5
:10c3a80052045204520452045204520452045204d5
:10c3b80052045204520452045204520452045204c5
:10c3c80052045204520452045204520452045204b5
:10c3d80052045204520452045204520452045204a5
:10c3e8005204520452045204520452045204520495
:10c3f8005204520452045204520452045204520485
:10c408005204520452045204520452045204520474
:10c418005204520452045204520452045204520464
:10c428005204520452045204520452045204520454
:10c438005204520452045204520452045204520444
:10c448005204520452045204520452045204520434
:10c458005204520452045204520452045204520424
:10c468007314154d18a679c6bad61ce77def9ef74a
:10c47800def7dfffffffffffffffffffffffffff0d
:10c48800ffffffffffffffffffffffffffffffffb4
:10c49800ffffffffffffffffffffffffffffffffa4
:10c4a800ffffffffffffffffffffdfffbef79ef766
:10c4b8005deffbdebaced77db42473045204520478
:10c4c80052045204520452045204520452045204b4
:10c4d8005204520452045204520c720c7314731412
:10c4e800731473147314731473147314731473140c
:10c4f80073147314731473147314731473147314fc
:10c5080073147314731473147314731473147314eb
:10c5180073147314731473147314731473147314db
:10c5280073147314731473147314731473147314cb
:10c5380073147314731473147314731473147314bb
:10c5480073147314731473147314731473147314ab
:10c55800731473147314731473147314731473149b
:10c56800731473147314731473147314731473148b
:10c57800731473147314731473147314731473147b
:10c588007314730c520c5204520452045204520491
:10c5980052045204520452045204520452045204e3
:10c5a80052047304931c767559be9ad6fbde5def70
:10c5b8009defbef7dfffffffffffffffffffffff5e
:10c5c800ffffffffffffffffffffffffffffffff73
:10c5d800ffffffffffffffffffffffffffffffff63
:10c5e800ffffffffffffffffdfffbef79def5ce7e9
:10c5f800fbde7ab65555730c5204520452045204a9
:10c608005204520452045204520452045204731441
:10c61800b444f55c35759685d78df89d39ae59b615
:10c6280059b659b659b659b659b659b659b659b68a
:10c6380059b659b659b659b659b659b659b659b67a
:10c6480059b659b659b659b659b659b659b659b66a
:10c6580059b659b659b659b659b659b659b659b65a
:10c6680059b659b659b659b659b659b659b659b64a
:10c6780059b659b659b659b659b659b659b659b63a
:10c6880059b659b659b659b659b659b659b659b62a
:10c6980059b659b659b659b659b659b659b659b61a
:10c6a80059b659b659b659b659b659b659b659b60a
:10c6b80059b659b659b659b659b659b659b659b6fa
:10c6c80039aef89dd78d96853575f564b4447314e5
:10c6d80052045204520452045204520452045204a2
:10c6e800520452045204730c154518a679cefbde89
:10c6f8005ce79defbef7dfffffffffffffffffffd8
:10c70800ffffffffffffffffffffffffffffffff31
:10c71800ffffffffffffffffffffffffffffffff21
:10c72800ffffffffffffdfffbef79def3ce7fbdeec
:10c7380059a6f434730452045204520452045204a5
:10c7480052045204520452047324d44cd795bbc6e5
:10c758003cdf9eefdef7ffffffffffffffffffff5e
:10c76800ffffffffffffffffffffffffffffffffd1
:10c77800ffffffffffffffffffffffffffffffffc1
:10c78800ffffffffffffffffffffffffffffffffb1
:10c79800ffffffffffffffffffffffffffffffffa1
:10c7a800ffffffffffffffffffffffffffffffff91
:10c7b800ffffffffffffffffffffffffffffffff81
:10c7c800ffffffffffffffffffffffffffffffff71
:10c7d800ffffffffffffffffffffffffffffffff61
:10c7e800ffffffffffffffffffffffffffffffff51
:10c7f800ffffffffffffffffffffffffffffffff41
:10c80800ffffffffffffffffdef79eef5ddfbbc609
:10c81800f89dd4547324520452045204520452040e
:10c8280052045204520452047304b42cd79559c6c6
:10c83800dbde3ce79defbef7dffffffffffffffffb
:10c84800fffffffffffffffffffffffffffffffff0
:10c85800ffffffffffffffffffffffffffffffffe0
:10c86800ffffffffdfffbef79def3ce7dbd6389efb
:10c87800b42452045204520452045204520452047e
:10c888005204520493347685bbbe9eefdfffffff50
:10c89800ffffffffffffffffffffffffffffffffa0
:10c8a800ffffffffffffffffffffffffffffffff90
:10c8b800ffffffffffffffffffffffffffffffff80
:10c8c800ffffffffffffffffffffffffffffffff70
:10c8d800ffffffffffffffffffffffffffffffff60
:10c8e800ffffffffffffffffffffffffffffffff50
:10c8f800ffffffffffffffffffffffffffffffff40
:10c90800ffffffffffffffffffffffffffffffff2f
:10c91800ffffffffffffffffffffffffffffffff1f
:10c92800ffffffffffffffffffffffffffffffff0f
:10c93800ffffffffffffffffffffffffffffffffff
:10c94800ffffffffffffffffffffffffffffffffef
:10c95800ffffbeefdbc6978593345204520452049e
:10c96800520452045204520452045204931cb785d0
:10c9780059c6bad63ce79defbef7dfffffffffffc2
:10c98800ffffffffffffffffffffffffffffffffaf
:10c99800ffffffffffffffffffffffffffffffff9f
:10c9a800ffffdfffdef79def5ce7dbd61896b31cd1
:10c9b80052045204520452045204520452045204bf
:10c9c800933496851cd7def7ffffffffffffffffbd
:10c9d800ffffffffffffffffdff7def7def7def702
:10c9e800def7def7def7def7def7def7def7def797
:10c9f800def7def7def7def7def7def7def7def787
:10ca0800def7def7def7def7def7def7def7def776
:10ca1800def7def7def7def7def7def7def7def766
:10ca2800def7def7def7def7def7def7def7def756
:10ca3800def7def7def7def7def7def7def7def746
:10ca4800def7def7def7def7def7def7def7def736
:10ca5800def7def7def7def7def7def7def7def726
:10ca6800def7def7def7def7def7def7def7def716
:10ca7800def7def7def7def7def7def7def7def706
:10ca8800def7dff7dff7ffffffffffffffffffff27
:10ca9800ffffffffffffdef73cd797859334520473
:10caa8005204520452045204520452045204931c75
:10cab800b78559c6dad63ce79defbef7dfffffff23
:10cac800ffffffffffffffffffffffffffffffff6e
:10cad800ffffffffffffffffffffffffffffffff5e
:10cae800dfffdef79ef75ce7fbde389eb4245204d6
:10caf8005204520452045204520452047314156529
:10cb0800dbc6def7ffffffffffffffffffffffffb3
:10cb18009eef1cd79abe39a6f89df895f89df89d0a
:10cb2800f89df89df89df89df89df89df89df89d55
:10cb3800f89df89df89df89df89df89df89df89d45
:10cb4800f89df89df89df89df89df89df89df89d35
:10cb5800f89df89df89df89df89df89df89df89d25
:10cb6800f89df89df89df89df89df89df89df89d15
:10cb7800f89df89df89df89df89df89df89df89d05
:10cb8800f89df89df89df89df89df89df89df89df5
:10cb9800f89df89df89df89df89df89df89df89de5
:10cba800f89df89df89df89df89df89df89df89dd5
:10cbb800f89df89df89df89df89df89df89df89dc5
:10cbc800f895f895189e59aebbc65ddfbef7ffff16
:10cbd800ffffffffffffffffffffdef7dbc6356d3f
:10cbe800731452045204520452045204520452045c
:10cbf800931cb78559c6dbde5ce79ef7def7dfffdf
:10cc0800ffffffffffffffffffffffffffffffff2c
:10cc1800ffffffffffffffffffffffffffffffff1c
:10cc2800def7bef77deffbde79aed4245204520462
:10cc380052045204520452045204732cd7957de7cf
:10cc4800ffffffffffffffffffff9eeffbcef89dfb
:10cc5800b78d39a6dbc63ddf9de79eefbef7bef771
:10cc6800bef7bef7bef7bef7bef7bef7bef7bef714
:10cc7800bef7bef7bef7bef7bef7bef7bef7bef704
:10cc8800bef7bef7bef7bef7bef7bef7bef7bef7f4
:10cc9800bef7bef7bef7bef7bef7bef7bef7bef7e4
:10cca800bef7bef7bef7bef7bef7bef7bef7bef7d4
:10ccb800bef7bef7bef7bef7bef7bef7bef7bef7c4
:10ccc800bef7bef7bef7bef7bef7bef7bef7bef7b4
:10ccd800bef7bef7bef7bef7bef7bef7bef7bef7a4
:10cce800bef7bef7bef7bef7bef7bef7bef7bef794
:10ccf800bef7bef7bef7bef7bef7bef7bef7bef784
:10cd0800beef9eef7de71cd79abef89db78d59ae52
:10cd18003cdfdef7ffffffffffffffffffff9de7a1
:10cd2800d895932c520452045204520452045204cb
:10cd38005204931cd79559cefbde5defbef7def7a4
:10cd4800ffffffffffffffffffffffffffffffffeb
:10cd5800ffffffffffffffffffffffffffffdffffb
:10cd6800bef77def1ce7bac6153d520452045204c3
:10cd78005204520452045204933c59b6bef7ffffc2
:10cd8800ffffffffffff9eef7ab6b78d7ab65ddf34
:10cd9800bef7ffffffffffffffffffffffffffffe4
:10cda800ffffffffffffffffffffffffffffffff8b
:10cdb800ffffffffffffffffffffffffffffffff7b
:10cdc800ffffffffffffffffffffffffffffffff6b
:10cdd800ffffffffffffffffffffffffffffffff5b
:10cde800ffffffffffffffffffffffffffffffff4b
:10cdf800ffffffffffffffffffffffffffffffff3b
:10ce0800ffffffffffffffffffffffffffffffff2a
:10ce1800ffffffffffffffffffffffffffffffff1a
:10ce2800ffffffffffffffffffffffffffffffff0a
:10ce3800fffffffffffffffffffffffffffffffffa
:10ce4800ffffffffffffffffffffdfff9eef1cd786
:10ce5800189ed795fccedff7ffffffffffffffff10
:10ce6800def77ab6b33c5204520452045204520418
:10ce780052045204d43418a679ce1bdf7defbef7d6
:10ce8800dfffffffffffffffffffffffffffffffca
:10ce9800ffffffffffffffffffffffffdfffdef7e3
:10cea8009ef73ce7dbd67665730c520452045204b5
:10ceb800520452045204b444babedff7ffffffff26
:10cec800ffffdff7dbc6b78d9abe9eefffffffffc0
:10ced800ffffffffffffffffffffffffffffffff5a
:10cee800ffffffffffffffffffffffffffffffff4a
:10cef800ffffffffffffffffffffffffffffffff3a
:10cf0800ffffffffffffffffffffffffffffffff29
:10cf1800ffffffffffffffffffffffffffffffff19
:10cf2800ffffffffffffffffffffffffffffffff09
:10cf3800fffffffffffffffffffffffffffffffff9
:10cf4800ffffffffffffffffffffffffffffffffe9
:10cf5800ffffffffffffffffffffffffffffffffd9
:10cf6800ffffffffffffffffffffffffffffffffc9
:10cf7800ffffffffffffffffffffffffffffffffb9
:10cf8800ffffffffffffffffffffffffffffffffa9
:10cf9800dfff5ddf189ef89d5ddfffffffffffffee
:10cfa800ffffdfffbbc6b44c5204520452045204c4
:10cfb800520452045204154d38bebad63ce79defd0
:10cfc800def7dfffffffffffffffffffffffffffb2
:10cfd800ffffffffffffffffffffffffdfffbef7c2
:10cfe8005deffbde389e731452045204520452045f
:10cff80052045204b33cbabeffffffffffffffff1e
:10d008009eef18a6189e9de7ffffffffffffffff9b
:10d01800ffffffffffffffffffffffffffffffff18
:10d02800ffffffffffffffffffffffffffffffff08
:10d03800fffffffffffffffffffffffffffffffff8
:10d04800ffffffffffffffffffffffffffffffffe8
:10d05800ffffffffffffffffffffffffffffffffd8
:10d06800ffffffffffffffffffffffffffffffffc8
:10d07800ffffffffffffffffffffffffffffffffb8
:10d08800ffffffffffffffffffffffffffffffffa8
:10d09800ffffffffffffffffffffffffffffffff98
:10d0a800ffffffffffffffffffffffffffffffff88
:10d0b800ffffffffffffffffffffffffffffffff78
:10d0c800ffffffffffffffffffffffffffffffff68
:10d0d800ffffffffdff71cd7b78ddbc6dff7ffffca
:10d0e800ffffffffffffdbc6b444520452045204a3
:10d0f800520452045204730c967d59c6fbde5def50
:10d10800bef7dfffffffffffffffffffffffffff90
:10d11800ffffffffffffffffffffdfffdef79defd2
:10d128001ce79abef43452045204520452045204c6
:10d138005204732c7ab6dfffffffffffffff7de786
:10d14800b78dbbc6dff7ffffffffffffffffffff46
:10d15800ffffffffffffffffffffffffffffffffd7
:10d16800ffffffffffffffffffffffffffffffffc7
:10d17800ffffffffffffffffffffffffffffffffb7
:10d18800ffffffffffffffffffffffffffffffffa7
:10d19800ffffffffffffffffffffffffffffffff97
:10d1a800ffffffffffffffffffffffffffffffff87
:10d1b800ffffffffffffffffffffffffffffffff77
:10d1c800ffffffffffffffffffffffffffffffff67
:10d1d800ffffffffffffffffffffffffffffffff57
:10d1e800ffffffffffffffffffffffffffffffff47
:10d1f800ffffffffffffffffffffffffffffffff37
:10d20800ffffffffffffffffffffffffffffffff26
:10d21800ffffffffffffffff9eeff89d59b6def708
:10d22800ffffffffffffffff9abe932c520452043b
:10d238005204520452045204b324f8a579ce1ce7d0
:10d248009defbef7dfffffffffffffffffffffffc1
:10d25800ffffffffffffffffffffdfffbef75deff1
:10d26800fbd6d77d730c5204520452045204520464
:10d278007314d895def7ffffffffffff7de7b78d3b
:10d288001cd7ffffffffffffffffffffffffffffb1
:10d29800ffffffffffffffffffffffffffffffff96
:10d2a800ffffffffffffffffffffffffffffffff86
:10d2b800ffffffffffffffffffffffffffffffff76
:10d2c800ffffffffffffffffffffffffffffffff66
:10d2d800ffffffffffffffffffffffffffffffff56
:10d2e800ffffffffffffffffffffffffffffffff46
:10d2f800ffffffffffffffffffffffffffffffff36
:10d30800ffffffffffffffffffffffffffffffff25
:10d31800ffffffffffffffffffffffffffffffff15
:10d32800ffffffffffffffffffffffffffffffff05
:10d33800fffffffffffffffffffffffffffffffff5
:10d34800ffffffffffffffffffffffffffffffffe5
:10d35800ffffffffffffffffffffdef759ae39ae0c
:10d36800def7ffffffffffffdff7189e731452047d
:10d3780052045204520452045204556538bedbde8e
:10d388005defbef7dfffffffffffffffffffffffc0
:10d39800ffffffffffffffffdfffdef79def1ce74b
:10d3a8009abed42452045204520452045204520421
:10d3b800356d9eefffffffffffff9de7b78d1cd781
:10d3c800ffffffffffffffffffffffffffffffff65
:10d3d800ffffffffffffffffffffffffffffffff55
:10d3e800ffffffffffffffffffffffffffffffff45
:10d3f800ffffffffffffffffffffffffffffffff35
:10d40800ffffffffffffffffffffffffffffffff24
:10d41800ffffffffffffffffffffffffffffffff14
:10d42800ffffffffffffffffffffffffffffffff04
:10d43800fffffffffffffffffffffffffffffffff4
:10d44800ffffffffffffffffffffffffffffffffe4
:10d45800ffffffffffffffffffffffffffffffffd4
:10d46800ffffffffffffffffffffffffffffffffc4
:10d47800ffffffffffffffffffffffffffffffffb4
:10d48800ffffffffffffffffffffffffffffffffa4
:10d49800ffffffffffffffffffffffffdef759aeb4
:10d4a80059aedff7ffffffffffffbeef56755204cf
:10d4b80052045204520452045204931cf7a579ce24
:10d4c8001ce79defdef7dfffffffffffffffffff1a
:10d4d800ffffffffffffffffdfffbef75deffbde94
:10d4e800b775730c52045204520452045204933c0c
:10d4f800fbceffffffffffffbef7d895dbceffff98
:10d50800ffffffffffffffffffffffffffffffff23
:10d51800ffffffffffffffffffffffffffffffff13
:10d52800ffffffffffffffffffffffffffffffff03
:10d53800fffffffffffffffffffffffffffffffff3
:10d54800ffffffffffffffffffffffffffffffffe3
:10d55800ffffffffffffffffffffffffffffffffd3
:10d56800ffffffffffffffffffffffffffffffffc3
:10d57800ffffffffffffffffffffffffffffffffb3
:10d58800ffffffffffffffffffffffffffffffffa3
:10d59800ffffffffffffffffffffffffffffffff93
:10d5a800ffffffffffffffffffffffffffffffff83
:10d5b800ffffffffffffffffffffffffffffffff73
:10d5c800ffffffffffffffffffffffffffffffff63
:10d5d800ffffffffffffffffffffffffffffbef79c
:10d5e800f89dbbc6fffffffffffffffffbceb33c6d
:10d5f800520452045204520452045204355d38be97
:10d60800dbde5defbef7dfffffffffffffffffff82
:10d61800ffffffffffffffffdef79ef73ce7bac6fd
:10d62800f434520452045204520452045204b78d82
:10d63800dff7ffffffffffff7ab659b6dffffffff7
:10d64800ffffffffffffffffffffffffffffffffe2
:10d65800ffffffffffffffffffffffffffffffffd2
:10d66800ffffffffffffffffffffffffffffffffc2
:10d67800ffffffffffffffffffffffffffffffffb2
:10d68800ffffffffffffffffffffffffffffffffa2
:10d69800ffffffffffffffffffffffffffffffff92
:10d6a800ffffffffffffffffffffffffffffffff82
:10d6b800ffffffffffffffffffffffffffffffff72
:10d6c800ffffffffffffffffffffffffffffffff62
:10d6d800ffffffffffffffffffffffffffffffff52
:10d6e800ffffffffffffffffffffffffffffffff42
:10d6f800ffffffffffffffffffffffffffffffff32
:10d70800ffffffffffffffffffffffffffffffff21
:10d71800ffffffffffffffffffffffffffffffff11
:10d728009eefb78d5ddfffffffffffffdff7d795a8
:10d73800520c52045204520452045204b42cf8ad50
:10d7480099ce3ce79defdef7ffffffffffffffffee
:10d75800ffffffffffffdfffbef77deffbde399e18
:10d76800730c52045204520452045204b33c3cd782
:10d77800ffffffffffff5ddfb78dbeefffffffff7e
:10d78800ffffffffffffffffffffffffffffffffa1
:10d79800ffffffffffffffffffffffffffffffff91
:10d7a800ffffffffffffffffffffffffffffffff81
:10d7b800ffffffffffffffffffffffffffffffff71
:10d7c800ffffffffffffffffffffffffffffffff61
:10d7d800ffffffffffffffffffffffffffffffff51
:10d7e800ffffffffffffffffffffffffffffffff41
:10d7f800ffffffffffffffffffffffffffffffff31
:10d80800ffffffffffffffffffffffffffffffff20
:10d81800ffffffffffffffffffffffffffffffff10
:10d82800ffffffffffffffffffffffffffffffff00
:10d83800fffffffffffffffffffffffffffffffff0
:10d84800ffffffffffffffffffffffffffffffffe0
:10d85800ffffffffffffffffffffffffffffffffd0
:10d86800fffffccef895dff7ffffffffffff3cdf70
:10d87800b44452045204520452045204730c968560
:10d8880038c6fbde7defbef7dfffffffffffffffc0
:10d89800ffffffffffffdfffbef75defdbd6565d43
:10d8a8005204520452045204520452049785def77b
:10d8b800ffffffffdff7189e1ccffffffffffffff3
:10d8c800ffffffffffffffffffffffffffffffff60
:10d8d800ffffffffffffffffffffffffffffffff50
:10d8e800ffffffffffffffffffffffffffffffff40
:10d8f800ffffffffffffffffffffffffffffffff30
:10d90800ffffffffffffffffffffffffffffffff1f
:10d91800ffffffffffffffffffffffffffffffff0f
:10d92800ffffffffffffffffffffffffffffffffff
:10d93800ffffffffffffffffffffffffffffffffef
:10d94800ffffffffffffffffffffffffffffffffdf
:10d95800ffffffffffffffffffffffffffffffffcf
:10d96800ffffffffffffffffffffffffffffffffbf
:10d97800ffffffffffffffffffffffffffffffffaf
:10d98800ffffffffffffffffffffffffffffffff9f
:10d99800ffffffffffffffffffffffffffffffff8f
:10d9a800ffffdff7f89dfbceffffffffffffdff76d
:10d9b800b78d520452045204520452045204f444df
:10d9c80018bebad65defbef7dfffffffffffffff10
:10d9d800ffffffffffffdef79ef73ce7bac6d42c38
:10d9e800520452045204520452047324bbbeffff73
:10d9f800ffffffff5ddfd795def7ffffffffffffac
:10da0800ffffffffffffffffffffffffffffffff1e
:10da1800ffffffffffffffffffffffffffffffff0e
:10da2800fffffffffffffffffffffffffffffffffe
:10da3800ffffffffffffffffffffffffffffffffee
:10da4800ffffffffffffffffffffffffffffffffde
:10da5800ffffffffffffffffffffffffffffffffce
:10da6800ffffffffffffffffffffffffffffffffbe
:10da7800ffffffffffffffffffffffffffffffffae
:10da8800ffffffffffffffffffffffffffffffff9e
:10da9800ffffffffffffffffffffffffffffffff8e
:10daa800ffffffffffffffffffffffffffffffff7e
:10dab800ffffffffffffffffffffffffffffffff6e
:10dac800ffffffffffffffffffffffffffffffff5e
:10dad800ffffffffffffffffffffffffffffffff4e
:10dae800ffffffff5ddfd795dff7ffffffffffffba
:10daf800dbc6732c52045204520452045204931c81
:10db0800f7a599ce3ce79defdef7ffffffffffff8c
:10db1800ffffffffdfffdef77def1bdf59a6931442
:10db280052045204520452045204d44c9eefffff94
:10db3800ffffffff39a6dbc6ffffffffffffffff69
:10db4800ffffffffffffffff1cd75ddfffffffffaa
:10db5800ffffffffffffffffffffffffffffffffcd
:10db68003cdf3cd7dfffffffffffffffffffffffab
:10db7800ffffffffffffffffffffffffffffffffad
:10db8800ffffffffffffffffffffffffffffffff9d
:10db9800ffffffffffffffffffffffffffffffff8d
:10dba800ffffffffffffffffffffffffffffffff7d
:10dbb800ffffffffffffffffffffffffffffffff6d
:10dbc800ffffffffffffffffffffffffffffffff5d
:10dbd800ffffffffffffffffffffffffffffffff4d
:10dbe800ffffffffffffffffffffffffffffffff3d
:10dbf800ffffffffffffffffffffffffffffffff2d
:10dc0800ffffffffffffffffffffffffffffffff1c
:10dc1800ffffffffffffffffffffffffffffffff0c
:10dc2800ffffffffdff7d8955ddfffffffffffff77
:10dc3800beeff45452045204520452045204730cba
:10dc4800968559ce1bdf7defbef7dfffffffffff95
:10dc5800ffffffffdfffbef77deffbded785730415
:10dc680052045204520452045204b78ddfffffffde
:10dc7800ffffbeefb78dbeefffffffffffffffff08
:10dc8800ffffffffffffffff39aed44c7ab69eefd0
:10dc9800ffffffffffffffffffffffffffffffff8c
:10dca800bac6d44c18a67de7ffffffffffffffffb2
:10dcb800ffffffffffffffffffffffffffffffff6c
:10dcc800ffffffffffffffffffffffffffffffff5c
:10dcd800ffffffffffffffffffffffffffffffff4c
:10dce800ffffffffffffffffffffffffffffffff3c
:10dcf800ffffffffffffffffffffffffffffffff2c
:10dd0800ffffffffffffffffffffffffffffffff1b
:10dd1800ffffffffffffffffffffffffffffffff0b
:10dd2800fffffffffffffffffffffffffffffffffb
:10dd3800ffffffffffffffffffffffffffffffffeb
:10dd4800ffffffffffffffffffffffffffffffffdb
:10dd5800ffffffffffffffffffffffffffffffffcb
:10dd6800ffffffffffffbbc659aeffffffffffff2f
:10dd7800ffffd8955204520452045204520472040c
:10dd8800556518c6fbde7defbef7dfffffffffff1f
:10dd9800ffffffffdfffbef75defdad676655204bf
:10dda800520452045204520473149abeffffffff38
:10ddb800ffff3cdf189effffffffffffffffffff96
:10ddc800ffffffffffffffff39ae520c731c5675b4
:10ddd800dbcedef7ffffffffffffffffffffffffc9
:10dde800bac673247314155d9abebef7ffffffff12
:10ddf800ffffffffffffffffffffffffffffffff2b
:10de0800ffffffffffffffffffffffffffffffff1a
:10de1800ffffffffdef7beef9eefbef7ffffffff3e
:10de2800fffffffffffffffffffffffffffffffffa
:10de3800ffffffff7de7dff7ffffffffffffffffac
:10de4800ffffffffffff1cd77ab6ffffffffffffb3
:10de5800ffffffffffffffffffffffffdfffbef733
:10de68009eefdef7ffffffffffffffffffffffff54
:10de7800ffffffffffffffffffffffffffffffffaa
:10de8800ffffffffffffffffffffffffffffffff9a
:10de9800ffffffffffffffffffffffffffffffff8a
:10dea800ffffffffffff7de7b78ddef7fffffffff7
:10deb800ffffbbc6731c520452045204520452049e
:10dec800144df7bdbad65defbef7dfffffffffffca
:10ded800ffffffffdfff9ef75ce7bad61545520448
:10dee8005204520452045204932c1cd7ffffffff24
:10def800ffffbabebbc6ffffffffffffffffffff2d
:10df0800ffffffffffffffff39ae520c5204520420
:10df1800932cd7953cdfffffffffffffffffffffbd
:10df2800bac67324520452047324767dfccedff7fc
:10df3800ffffffffffffffffffffffffffffffffe9
:10df4800ffffffffffffffffffffffffffffffffd9
:10df5800fffffbce978d5675567556757ab6def768
:10df6800ffffffffffffffffffffffffffffffffb9
:10df7800ffff9de756751cd7ffffffffffffffff61
:10df8800ffffffffffff9abe9785dff7ffffffff49
:10df9800ffffffffffffffffffffbef739a6567524
:10dfa800767596855ddfffffdff71cd7def7ffff8d
:10dfb800ffffffffffffffffffffffffffffffff69
:10dfc800ffffffffffffffffffffbef73cd7dfffad
:10dfd800ffffffffffffffffffffffffffffffff49
:10dfe800ffffffffffffdff7b78d7de7ffffffffb5
:10dff800ffff3cd793345204520452045204520493
:10e00800d434b6b59ad63ce79ef7def7ffffffff9c
:10e01800ffffffffdef79ef73ce79ad6d4245204b1
:10e028005204520452045204d44c5ddfffffffff38
:10e03800ffff39a63cdfffffffffffffffffffffea
:10e04800ffffffffffffffff39ae520c52045204df
:10e058005204730cd44c59ae9eefffffffffffff35
:10e06800bac673245204520452045204b33cf895bd
:10e078007de7ffffffffffffffffffffffffffff42
:10e08800ffffffffffffffffffffffffffffffff98
:10e098001ccf1565bbc6beefbef73cd7356d59ae74
:10e0a800ffffffffffffffffffffffffffffffff78
:10e0b800ffffffff9de7dff7ffffffffffffffff0a
:10e0c800ffffffffffff9abe9785dff7ffffffff08
:10e0d800ffffffffffffffffffff9ab6567d7de7bb
:10e0e800bef75ddf7de7ffff7de7356d7de7ffff6d
:10e0f800ffffffffffffffffffffffffffffffff28
:10e10800ffffffffffffffffffff3cdf5675beef7e
:10e11800ffffffffffffffffffffffffffffffff07
:10e12800ffffffffffffffff18a63cdfffffffff1a
:10e13800ffff7de7d454520452045204520452049f
:10e14800931c96b599ce3ce79ef7def7ffffffffdd
:10e15800ffffffffdef79def3ce779ce931c5204eb
:10e168005204520452045204f55c9ee7ffffffff7d
:10e17800ffffd78d7de7ffffffffffffffffffffdb
:10e18800ffffffffffffffff39ae520c520452049e
:10e198005204520452047314356dbbc6def7fffff8
:10e1a800bac6732452045204520452045204730c23
:10e1b800f45c7ab6beefffffffffffffffffffff34
:10e1c800ffffffffffffffffffffffffffffdef780
:10e1d800b78d18a6ffffffffffffffffdbc6156522
:10e1e8009eefffff7ab63cd7ffffffff5ddf59ae1a
:10e1f800ffffbef759ae7de7ffffdff7bbc6f89d0f
:10e20800f89dfbceffff9abe9785dff7bef759aea4
:10e21800fbceffffffffffffffff39a69785bef785
:10e22800ffffffffffff9de7f89db33cd78d59ae79
:10e23800bef75ddf39aed89df89d3cd7ffffffffe5
:10e24800dbc6dbc67ab6f89d1ccfb78db444f8950b
:10e258009ab6dfffffffffffffffffffffffffff94
:10e26800ffffffffffffffff9ab6fbceffffffff99
:10e27800ffff9eef156552045204520452045204e3
:10e28800731496b579ce1ce79defdef7ffffffff0d
:10e29800ffffffffdef79def1ce779ce73145204f2
:10e2a800520452045204520415659eefffffffff0b
:10e2b800ffffb7859de7ffffffffffffffffffffa2
:10e2c800ffffffffffffffff39ae520c520452045d
:10e2d80052045204520452045204732c97853cd7ba
:10e2e8009abe732452045204520452045204520433
:10e2f8005204731c5675fbcedff7ffffffffffffcd
:10e30800ffffffffffffffffffffffffffffbeef66
:10e318001565fbceffffffffffffffff5ddf155d0c
:10e328003cd7dff79685babeffffffffdbc6356d2a
:10e33800dff79eef56753cd7ffff7ab65675dbc6fa
:10e34800dbc639aebeef9abe9785beef39a6b78d4c
:10e358009eefffffffffffffffff3cdf155df89d0e
:10e368005cdfdfffffffbef79abed4547ab61cd736
:10e37800def77ab6bbc63cd759ae35659eefffffd0
:10e3880018a6f45418a6bbc65ddf59b6f454bbc62c
:10e398003cdfffffffffffffffffffffffffffff68
:10e3a800ffffffffffffffffdbc6bbc6ffffffff4f
:10e3b800ffffbef7356d5204520452045204520452
:10e3c800730c75ad79ce1ce79defdef7dfffffff1d
:10e3d800ffffffffdef79def1ce779ce730c5204b9
:10e3e8005204520452045204356dbeefffffffff82
:10e3f800ffff97859eefffffffffffffffffffff78
:10e40800ffffffffffffffff39ae520c520452041b
:10e41800520452045204520452045204932cb78ded
:10e4280039ae732452045204520452045204520462
:10e4380052045204731c56755ddfffffffffffff98
:10e44800ffffffffffffffffffffffffffff9eef45
:10e45800d44c3cd7ffffffffffffffff7de71565ab
:10e468001cd7dff79685babeffffffffdbc6356d09
:10e47800dff79eef56753cd7beef5675dbc6ffff3c
:10e48800ffffdff7ffff9abe567d19a6d7959eefcf
:10e49800ffffffffffffffffffffffff5ddfb78d00
:10e4a8001565f89d9eefffff7de715657de7ffff8a
:10e4b800ffffdfffdff7def75ddf35655ddfffffbd
:10e4c800f8a5978dbef7ffffffff3cdf356dbeef68
:10e4d800ffffffffffffffffffffffffffffffff44
:10e4e800ffffffffffffffffdbcebabeffffffff0f
:10e4f800ffffdef7357552045204520452045204e9
:10e50800520475ad59ce1ce79defdef7dfffffff24
:10e51800ffffffffdef79def1ce779ce730c520477
:10e5280052045204520452041565beefffffffff68
:10e53800ffffb7859de7ffffffffffffffffffff1f
:10e54800ffffffffffffffff39ae520c52045204da
:10e55800520452045204520473141565babebef72d
:10e56800bac6732452045204520452045204520488
:10e57800730cd44c59b69eefffffffffffffffff60
:10e58800ffffffffffffffffffffffffffffbeefe4
:10e59800155dfbceffffffffffffffff5ddf155d92
:10e5a8003cdfdff79685babeffffffffdbc6356da0
:10e5b800dff79eef56753cd77de715655ddffffffa
:10e5c800ffffffffffff9abef554155d9abeffffe0
:10e5d800ffffffffffffffffffffffffffffdff76b
:10e5e8003cd75675d895ffff7de715657de7ffff9a
:10e5f800ffff3cdf18a6d895b78dd4543cdfffff4a
:10e6080018a619a6ffffffffffff3cdf356dbeef21
:10e61800ffffffffffffffffffffffffffffffff02
:10e62800ffffffffffffffffbbc6dbc6ffffffffcc
:10e63800ffffbef7356d52045204520452045204cf
:10e64800730475ad59ce1ce79defdef7dfffffffc2
:10e65800ffffffffdef79def1ce779ce931c520406
:10e668005204520452045204f55c9ee7ffffffff78
:10e67800ffffd88d7de7ffffffffffffffffffffd5
:10e68800ffffffffffffffff39ae520c5204520499
:10e69800520452045204b44c18a69de7ffffffff32
:10e6a800bac67324520452045204520452049334d6
:10e6b800d7955ddfffffffffffffffffffffffffb6
:10e6c800ffffffffffffffffffffffffffffdef77b
:10e6d800978539a6ffffffffffffffff9abe356d45
:10e6e800beeffff796859abeffffffffdbc6356dcd
:10e6f800dff79eef56753cd79eef356d1cd7ffffb1
:10e70800ffffffffffff9abe9685dbc6356d3cdf36
:10e71800ffffffffffffffffffffffffffffffff01
:10e72800ffffbbc6155ddef77de715657de7ffffdb
:10e73800beef356dbbbebeef5ddf356d3cdfffff65
:10e7480018a619a6ffffffffffff3cdf356dbeefe0
:10e75800ffffffffffffffffffffffffffffffffc1
:10e76800ffffffffffffffff7ab6fbceffffffffb4
:10e77800ffff9eef156552045204520452045204de
:10e78800731475ad79ce1ce79defdef7dfffffff51
:10e79800ffffffffdef79def3ce779ceb42452047c
:10e7a8005204520452045204d44c5de7ffffffffa9
:10e7b800ffff39a63cd7ffffffffffffffffffff6b
:10e7c800ffffffffffffffff39ae520c5204520458
:10e7d8005204932c97853cdfdfffffffffffffff0d
:10e7e800bac6732452045204520473245675fbcedd
:10e7f800def7ffffffffffffffffffffffffffff4a
:10e80800ffffffffffffffffffffffffffffffff10
:10e81800dbc6155ddbc6beefbeeffbcef55c7ab698
:10e82800ffffffff189eb78d9eef5de7767d356d84
:10e83800dff79eef56753cd7def7b78df89d9eef54
:10e848009eefdbc6bef79abe9785def77ab6567599
:10e858007de7ffffffffffffdff7babe5ddfbef713
:10e868009defb78dd895ffff9eef356dfbcebef7b8
:10e878007de7f55c3cd7def7dbcef4543cdfffffe9
:10e8880018a619a6ffffffffffff7ddff55c5ddf20
:10e89800bef7ffffffffffffffffffffffffffffc9
:10e8a800ffffffffffffffff189e5ddfffffffff7a
:10e8b800ffff7de7d4545204520452045204520418
:10e8c800931c96b579ce1ce79defdef7ffffffff9f
:10e8d800ffffffffdef79ef73ce799ce153d520498
:10e8e8005204520452045204932c1cd7ffffffff1a
:10e8f800ffffbbc6babeffffffffffffffffffff23
:10e90800ffffffffffffffff39ae520c5204731cdd
:10e91800356dbbc6def7ffffffffffffffffffff01
:10e92800bac6732452047314f4547ab6beefffffc8
:10e93800ffffffffffffffffffffffffffffffffdf
:10e94800ffffffffffffffffffffffffffffffffcf
:10e95800dff7bbc6767d566d56759685767dd7955d
:10e968003cdfffff7de796855675b78d59aeb78dad
:10e97800dff7beefb78d5ddfffff5ddfb78d567543
:10e98800767d59aedef7dbc6f89dffffdef7189ef1
:10e9980059aeffffffffffffffffbbbe767d567539
:10e9a800566df89d9eefffffdff759ae566dd8956f
:10e9b8009eef7ab6767dd78d189e97855de7ffff27
:10e9c80059ae7ab6ffffffffffffdff7f89d5675d8
:10e9d80019a6dfffffffffffffffffffffffffff9e
:10e9e800ffffffffffffdef7b7859de7ffffffff94
:10e9f800ffff3cdf93345204520452045204520481
:10ea0800b42c96b599ce3ce79ef7def7ffffffffe3
:10ea1800ffffffffdfff9ef75ce7bad6565d5204a3
:10ea280052045204520452047314babeffffffff8b
:10ea3800ffff5ddff895ffffffffffffffffffff11
:10ea4800ffffffffffffffff39ae730cd44c39ae59
:10ea58009eefffffffffffffffffffffffffffff2f
:10ea6800bac67324b33cf8957de7ffffffffffffad
:10ea7800ffffffffffffffffffffffffffffffff9e
:10ea8800ffffffffffffffffffffffffffffffff8e
:10ea9800ffffffffdef7beefbeefdef7beef59aeba
:10eaa8005675fcceffffdef79eefdef7dfffdef7e1
:10eab800ffffffffdef7ffffffffffffdef7beef01
:10eac800bef7dfffffffdff7def7ffffffffdff730
:10ead800def7ffffffffffffffffffffdef7beefe1
:10eae800beefdff7ffffffffffffdff7beefbef769
:10eaf800ffffffffbef7beefdff7def7ffffffff09
:10eb0800dff7dff7ffffffffffffffffdff7beefd6
:10eb1800def7ffffffffffffffffffffffffffff26
:10eb2800ffffffffffff5ddfd795def7ffffffff6a
:10eb3800ffffbbc6731c5204520452045204520411
:10eb4800f44cb6b59ad63ce79ef7def7ffffffff19
:10eb5800ffffffffdfffbef75defbad6b77d720498
:10eb680052045204520452045204d795dfffffffa7
:10eb7800ffffbeefb78d9eefffffffffffffffff19
:10eb8800ffffffffffffffff39aed7955ddffffff8
:10eb9800ffffffffffffffffffffffffffffffff7d
:10eba800bbc6767d1cd7dff7ffffffffffffffff28
:10ebb800ffffffffffffffffffffffffffffffff5d
:10ebc800ffffffffffffffffffffffffffffffff4d
:10ebd800ffffffffffffffffffffffffffffffff3d
:10ebe8009de7beeffffffffffffffffffffffffff8
:10ebf800ffffffffffffffffffffffffffffffff1d
:10ec0800ffffffffffffffffffffffffffffffff0c
:10ec1800fffffffffffffffffffffffffffffffffc
:10ec2800ffffffffffffffffffffffffffffffffec
:10ec3800ffffffffffffffffffffffffffffffffdc
:10ec4800ffffffffffffffffffffffffffffffffcc
:10ec5800ffffffffffffffffffffffffffffffffbc
:10ec6800ffffffffffff9abe7ab6ffffffffffff20
:10ec7800fffff89d520452045204520452045204f5
:10ec88003565f7bdbad65defbef7dfffffffffffc3
:10ec9800ffffffffdfffbef77deffbde189e93143b
:10eca80052045204520452045204d454beefffffdb
:10ecb800ffffffff59aebbbeffffffffffffffffd8
:10ecc800ffffffffffffffff9eefdff7ffffffffe5
:10ecd800ffffffffffffffffffffffffffffffff3c
:10ece8009eefdef7ffffffffffffffffffffffffc6
:10ecf800ffffffffffffffffffffffffffffffff1c
:10ed0800ffffffffffffffffffffffffffffffff0b
:10ed1800fffffffffffffffffffffffffffffffffb
:10ed2800ffffffffffffffffffffffffffffffffeb
:10ed3800ffffffffffffffffffffffffffffffffdb
:10ed4800ffffffffffffffffffffffffffffffffcb
:10ed5800ffffffffffffffffffffffffffffffffbb
:10ed6800ffffffffffffffffffffffffffffffffab
:10ed7800ffffffffffffffffffffffffffffffff9b
:10ed8800ffffffffffffffffffffffffffffffff8b
:10ed9800ffffffffffffffffffffffffffffffff7b
:10eda800ffffffffdef7d78d7de7ffffffffffffc8
:10edb800bef7f55c52045204520452045204730c18
:10edc800767d18c6dbde7defbef7dfffffffffffb6
:10edd800ffffffffdfffbef77def1bdf7abeb42426
:10ede80052045204520452045204732cdbc6ffff2f
:10edf800ffffffff7de7b78dbef7ffffffffffffb8
:10ee0800ffffffffffffffffffffffffffffffff0a
:10ee1800fffffffffffffffffffffffffffffffffa
:10ee2800ffffffffffffffffffffffffffffffffea
:10ee3800ffffffffffffffffffffffffffffffffda
:10ee4800ffffffffffffffffffffffffffffffffca
:10ee5800ffffffffffffffffffffffffffffffffba
:10ee6800ffffffffffffffffffffffffffffffffaa
:10ee7800ffffffffffffffffffffffffffffffff9a
:10ee8800ffffffffffffffffffffffffffffffff8a
:10ee9800ffffffffffffffffffffffffffffffff7a
:10eea800ffffffffffffffffffffffffffffffff6a
:10eeb800ffffffffffffffffffffffffffffffff5a
:10eec800ffffffffffffffffffffffffffffffff4a
:10eed800ffffffffffffffffffffffffffffffff3a
:10eee800ffffffff3cd7f89ddff7ffffffffffffa6
:10eef800fbce932c52045204520452045204931c25
:10ef0800b79d58c61bdf7defbef7dfffffffffff92
:10ef1800ffffffffffffdef79ef73ce7bace354d58
:10ef2800520452045204520452045204b78ddff7bb
:10ef3800ffffffffdfff39a6dbc6ffffffffffff75
:10ef4800ffffffffffffffffffffffffffffffffc9
:10ef5800ffffffffffffffffffffffffffffffffb9
:10ef6800ffffffffffffffffffffffffffffffffa9
:10ef7800ffffffffffffffffffffffffffffffff99
:10ef8800ffffffffffffffffffffffffffffffff89
:10ef9800ffffffffffffffffffffffffffffffff79
:10efa800ffffffffffffffffffffffffffffffff69
:10efb800ffffffffffffffffffffffffffffffff59
:10efc800ffffffffffffffffffffffffffffffff49
:10efd800ffffffffffffffffffffffffffffffff39
:10efe800ffffffffffffffffffffffffffffffff29
:10eff800ffffffffffffffffffffffffffffffff19
:10f00800ffffffffffffffffffffffffffffffff08
:10f01800fffffffffffffffffffffffffffffffff8
:10f02800ffffdef7d8951cd7ffffffffffffdff7d5
:10f03800d795720c52045204520452045204d43c20
:10f04800d7b579ce3ce79defdef7ffffffffffff67
:10f05800ffffffffffffdfffbef75defbad6f895b2
:10f06800730c52045204520452045204b4443cdf58
:10f07800ffffffffffff7de7b78d9ee7ffffffff65
:10f08800ffffffffffffffffffffffffffffffff88
:10f09800ffffffffffffffffffffffffffffffff78
:10f0a800ffffffffffffffffffffffffffffffff68
:10f0b800ffffffffffffffffffffffffffffffff58
:10f0c800ffffffffffffffffffffffffffffffff48
:10f0d800ffffffffffffffffffffffffffffffff38
:10f0e800ffffffffffffffffffffffffffffffff28
:10f0f800ffffffffffffffffffffffffffffffff18
:10f10800ffffffffffffffffffffffffffffffff07
:10f11800fffffffffffffffffffffffffffffffff7
:10f12800ffffffffffffffffffffffffffffffffe7
:10f13800ffffffffffffffffffffffffffffffffd7
:10f14800ffffffffffffffffffffffffffffffffc7
:10f15800ffffffffffffffffffffffffffffffffb7
:10f16800ffffdbc618a6dff7ffffffffffff5ddf2e
:10f17800d44c52045204520452045204730c557570
:10f18800f7bdbad65ce7bef7dfffffffffffffff63
:10f19800ffffffffffffdfffbef77deffbde79be5e
:10f1a800d42c520452045204520452045204d795e7
:10f1b800dff7ffffffffffffbbc639a6dff7ffff43
:10f1c800ffffffffffffffffffffffffffffffff47
:10f1d800ffffffffffffffffffffffffffffffff37
:10f1e800ffffffffffffffffffffffffffffffff27
:10f1f800ffffffffffffffffffffffffffffffff17
:10f20800ffffffffffffffffffffffffffffffff06
:10f21800fffffffffffffffffffffffffffffffff6
:10f22800ffffffffffffffffffffffffffffffffe6
:10f23800ffffffffffffffffffffffffffffffffd6
:10f24800ffffffffffffffffffffffffffffffffc6
:10f25800ffffffffffffffffffffffffffffffffb6
:10f26800ffffffffffffffffffffffffffffffffa6
:10f27800ffffffffffffffffffffffffffffffff96
:10f28800ffffffffffffffffffffffffffffffff86
:10f29800ffffffffffffffffffffffffffffffff76
:10f2a8007de7b78d7de7ffffffffffffdffff895e5
:10f2b800720c520452045204520452049324b69d10
:10f2c80038c6fbde7defbef7dfffffffffffffff66
:10f2d800ffffffffffffffffdef79def3ce7bace22
:10f2e800766d730452045204520452045204b33c1f
:10f2f800fbceffffffffffffdef718a69abeffff5a
:10f30800ffffffffffffffffffffffffffffffff05
:10f31800fffffffffffffffffffffffffffffffff5
:10f32800ffffffffffffffffffffffffffffffffe5
:10f33800ffffffffffffffffffffffffffffffffd5
:10f34800ffffffffffffffffffffffffffffffffc5
:10f35800ffffffffffffffffffffffffffffffffb5
:10f36800ffffffffffffffffffffffffffffffffa5
:10f37800ffffffffffffffffffffffffffffffff95
:10f38800ffffffffffffffffffffffffffffffff85
:10f39800ffffffffffffffffffffffffffffffff75
:10f3a800ffffffffffffffffffffffffffffffff65
:10f3b800ffffffffffffffffffffffffffffffff55
:10f3c800ffffffffffffffffffffffffffffffff45
:10f3d800ffffffffffffffffffffffffffffbeef86
:10f3e800d795fbceffffffffffffffff1cd7b444fd
:10f3f8005204520452045204520452041455d7b50c
:10f4080099ce3ce79defdef7ffffffffffffffff11
:10f41800ffffffffffffffffdfffbef75defdbde54
:10f4280059b6b324520452045204520452045204ea
:10f4380056759eefffffffffffffbeefd795dbc6b8
:10f44800ffffffffffffffffffffffffffffffffc4
:10f45800ffffffffffffffffffffffffffffffffb4
:10f46800ffffffffffffffffffffffffffffffffa4
:10f47800ffffffffffffffffffffffffffffffff94
:10f48800ffffffffffffffffffffffffffffffff84
:10f49800ffffffffffffffffffffffffffffffff74
:10f4a800ffffffffffffffffffffffffffffffff64
:10f4b800ffffffffffffffffffffffffffffffff54
:10f4c800ffffffffffffffffffffffffffffffff44
:10f4d800ffffffffffffffffffffffffffffffff34
:10f4e800ffffffffffffffffffffffffffffffff24
:10f4f800ffffffffffffffffffffffffffffffff14
:10f50800ffffffffffffffffffffffffffffffff03
:10f51800ffffffffffffffffffffffffbef7189e84
:10f528009abeffffffffffffffffbeef767d52048d
:10f5380052045204520452045204931c969518c65d
:10f54800dbde5defbef7dfffffffffffffffffff23
:10f55800ffffffffffffffffdfffdef79def1ce769
:10f568009ace766d73045204520452045204520423
:10f578007314189edff7ffffffffffff9eefd7957d
:10f58800bbc6dfffffffffffffffffffffffffff20
:10f59800ffffffffffffffffffffffffffffffff73
:10f5a800ffffffffffffffffffffffffffffffff63
:10f5b800ffffffffffffffffffffffffffffffff53
:10f5c800ffffffffffffffffffffffffffffffff43
:10f5d800ffffffffffffffffffffffffffffffff33
:10f5e800ffffffffffffffffffffffffffffffff23
:10f5f800ffffffffffffffffffffffffffffffff13
:10f60800ffffffffffffffffffffffffffffffff02
:10f61800fffffffffffffffffffffffffffffffff2
:10f62800ffffffffffffffffffffffffffffffffe2
:10f63800ffffffffffffffffffffffffffffffffd2
:10f64800ffffffffffffffffffffffffffffffffc2
:10f65800ffffffffffffffffffffbeeff89d7ab63a
:10f66800dff7ffffffffffffdff739a6731c520428
:10f67800520452045204520452041455b6b579ceb9
:10f688001bdf7defbef7dfffffffffffffffffff81
:10f69800ffffffffffffffffffffdfffbef75def8d
:10f6a800dbde39aed42c5204520452045204520404
:10f6b8005204932c9abeffffffffffffffff9eef50
:10f6c800f89d79b6bef7ffffffffffffffffffffc3
:10f6d800ffffffffffffffffffffffffffffffff32
:10f6e800ffffffffffffffffffffffffffffffff22
:10f6f800ffffffffffffffffffffffffffffffff12
:10f70800ffffffffffffffffffffffffffffffff01
:10f71800fffffffffffffffffffffffffffffffff1
:10f72800ffffffffffffffffffffffffffffffffe1
:10f73800ffffffffffffffffffffffffffffffffd1
:10f74800ffffffffffffffffffffffffffffffffc1
:10f75800ffffffffffffffffffffffffffffffffb1
:10f76800ffffffffffffffffffffffffffffffffa1
:10f77800ffffffffffffffffffffffffffffffff91
:10f78800ffffffffffffffffffffffffffffffff81
:10f79800ffffffffffffffff5ddfd78dbabedff77b
:10f7a800ffffffffffffffffbbc6933c520452045d
:10f7b80052045204520452049324969517bedad682
:10f7c8005ce79ef7def7ffffffffffffffffffff8e
:10f7d800ffffffffffffffffffffdfffdef79defec
:10f7e8001ce79aced785730c520452045204520473
:10f7f80052045204b444dbc6ffffffffffffffffc4
:10f80800bef77ab6d78d5ddfdfffffffffffffff93
:10f81800fffffffffffffffffffffffffffffffff0
:10f82800ffffffffffffffffffffffffffffffffe0
:10f83800ffffffffffffffffffffffffffffffffd0
:10f84800ffffffffffffffffffffffffffffffffc0
:10f85800ffffffffffffffffffffffffffffffffb0
:10f86800ffffffffffffffffffffffffffffffffa0
:10f87800ffffffffffffffffffffffffffffffff90
:10f88800ffffffffffffffffffffffffffffffff80
:10f89800ffffffffffffffffffffffffffffffff70
:10f8a800ffffffffffffffffffffffffffffffff60
:10f8b800ffffffffffffffffffffffffffffffff50
:10f8c800ffffffffffffffffffffffffffffffff40
:10f8d800ffffffffbef7bbc6b78d1cd7ffffffffbb
:10f8e800fffffffffffffbced44c5204520452042b
:10f8f800520452045204730c356db6b579ce1ce728
:10f908007defbef7dffffffffffffffffffffffffa
:10f91800ffffffffffffffffffffffffdfffbef758
:10f928005deffbde79c63555520452045204520489
:10f93800520452045204d44cdbc6ffffffffffff02
:10f94800ffffffff1cd7d79539ae7de7ffffffff0d
:10f95800ffffffffffffffffffffffffffffffffaf
:10f96800ffffffffffffffffffffffffffffffff9f
:10f97800ffffffffffffffffffffffffffffffff8f
:10f98800ffffffffffffffffffffffffffffffff7f
:10f99800ffffffffffffffffffffffffffffffff6f
:10f9a800ffffffffffffffffffffffffffffffff5f
:10f9b800ffffffffffffffffffffffffffffffff4f
:10f9c800ffffffffffffffffffffffffffffffff3f
:10f9d800ffffffffffffffffffffffffffffffff2f
:10f9e800ffffffffffffffffffffffffffffffff1f
:10f9f800ffffffffffffffffffffffffffffffff0f
:10fa0800fffffffffffffffffffffffffffffffffe
:10fa1800def7fbced79559ae9eefffffffffffff46
:10fa2800fffffffffbced454520452045204520489
:10fa3800520452045204d444b6a538c6dbde5def46
:10fa4800bef7def7ffffffffffffffffffffffff30
:10fa5800ffffffffffffffffffffffffdfffdef7f7
:10fa68009def3ce7bad638aed4345204520452045f
:10fa78005204520452045204b4449abedff7ffff02
:10fa8800ffffffffffffbef7dbc6d79518a6fcce2a
:10fa98009eefdff7ffffffffffffffffffffffff07
:10faa800ffffffffffffffffffffffffffffffff5e
:10fab800ffffffffffffffffffffffffffffffff4e
:10fac800ffffffffffffffffffffffffffffffff3e
:10fad800ffffffffffffffffffffffffffffffff2e
:10fae800ffffffffffffffffffffffffffffffff1e
:10faf800ffffffffffffffffffffffffffffffff0e
:10fb0800fffffffffffffffffffffffffffffffffd
:10fb1800ffffffffffffffffffffffffffffffffed
:10fb2800ffffffffffffffffffffffffffffffffdd
:10fb3800ffffffffffffffffffffffffffffffffcd
:10fb4800ffffffffffffffffffffbef77de7babe26
:10fb5800d79518a65ddfffffffffffffffffffff41
:10fb6800dff7babed44c5204520452045204520471
:10fb780052045204b3249695f7bdbad63ce79defdc
:10fb8800def7dfffffffffffffffffffffffffffc6
:10fb9800ffffffffffffffffffffffffffffdfff8d
:10fba800bef77def1bdf79cef895b32452045204db
:10fbb800520452045204520452049334f89d9eefa6
:10fbc800ffffffffffffffffffffbef73cdf59ae60
:10fbd800b78dd89559aedbc63cd77de77de77de785
:10fbe8007de77de77de77de77de77de77de77de7ed
:10fbf8007de77de77de77de77de77de77de77de7dd
:10fc08007de77de77de77de77de77de77de77de7cc
:10fc18007de77de77de77de77de77de77de77de7bc
:10fc28007de77de77de77de77de77de77de77de7ac
:10fc38007de77de77de77de77de77de77de77de79c
:10fc48007de77de77de77de77de77de77de77de78c
:10fc58007de77de77de77de77de77de77de77de77c
:10fc68007de77de77de77de77de77de77de77de76c
:10fc78007de77de77de77de77de77de77de77de75c
:10fc88007de75ddf1cd7babe39a6b78dd895bbc650
:10fc98007de7dfffffffffffffffffffffff9eef97
:10fca80018a69334520452045204520452045204c3
:10fcb8005204931c557db6b579ce1bdf7defbef798
:10fcc800dfffffffffffffffffffffffffffffff5c
:10fcd800ffffffffffffffffffffffffffffffff2c
:10fce800def7bef75deffbde79ceb785931c5204d5
:10fcf80052045204520452045204520473145675a6
:10fd0800fbcedff7ffffffffffffffffffffffff58
:10fd1800def75de7fbce9abe39ae39ae19ae18a64e
:10fd280018a618a618a618a618a618a618a618a6db
:10fd380018a618a618a618a618a618a618a618a6cb
:10fd480018a618a618a618a618a618a618a618a6bb
:10fd580018a618a618a618a618a618a618a618a6ab
:10fd680018a618a618a618a618a618a618a618a69b
:10fd780018a618a618a618a618a618a618a618a68b
:10fd880018a618a618a618a618a618a618a618a67b
:10fd980018a618a618a618a618a618a618a618a66b
:10fda80018a618a618a618a618a618a618a618a65b
:10fdb80018a618a618a618a618a618a618a618a64b
:10fdc80019ae39ae59aebbc61cd79eefdff7ffffa1
:10fdd800ffffffffffffffffffffdff7fbce5675bb
:10fde800731452045204520452045204520452042a
:10fdf8007314356db6b559cefbde5def9ef7def7b1
:10fe0800fffffffffffffffffffffffffffffffffa
:10fe1800ffffffffffffffffffffffffffffffffea
:10fe2800dfffdef79ef75ce7dbde59c6b785931484
:10fe3800520452045204520452045204520452040a
:10fe4800933cb78d3cdfdef7ffffffffffffffffaf
:10fe5800ffffffffffffffffffffffffffffffffaa
:10fe6800ffffffffffffffffffffffffffffffff9a
:10fe7800ffffffffffffffffffffffffffffffff8a
:10fe8800ffffffffffffffffffffffffffffffff7a
:10fe9800ffffffffffffffffffffffffffffffff6a
:10fea800ffffffffffffffffffffffffffffffff5a
:10feb800ffffffffffffffffffffffffffffffff4a
:10fec800ffffffffffffffffffffffffffffffff3a
:10fed800ffffffffffffffffffffffffffffffff2a
:10fee800ffffffffffffffffffffffffffffffff1a
:10fef800ffffffffffffffffffffffffffffffff0a
:10ff0800fffffffffffffffffffffffffffffffff9
:10ff1800ffffffffffffdff75ddfd795933c52043c
:10ff280052045204520452045204520452047314e8
:10ff3800356db6ad38c6dbde5ce79ef7def7dfff72
:10ff4800ffffffffffffffffffffffffffffffffb9
:10ff5800ffffffffffffffffffffffffffffffffa9
:10ff6800ffffdfffbef79def3ce7dad659c6967d67
:10ff7800931c520452045204520452045204520470
:10ff880052045204b33cb78dfbcebeefffffffff18
:10ff9800ffffffffffffffffffffffffffffffff69
:10ffa800ffffffffffffffffffffffffffffffff59
:10ffb800ffffffffffffffffffffffffffffffff49
:10ffc800ffffffffffffffffffffffffffffffff39
:10ffd800ffffffffffffffffffffffffffffffff29
:10ffe800ffffffffffffffffffffffffffffffff19
:10fff800ffffffffffffffffffffffffffffffff09
:020000040c01ed
:10000800fffffffffffffffffffffffffffffffff8
:10001800ffffffffffffffffffffffffffffffffe8
:10002800ffffffffffffffffffffffffffffffffd8
:10003800ffffffffffffffffffffffffffffffffc8
:10004800ffffffffffffffffffffffffffffffffb8
:10005800ffffbef7fbceb795b444520452045204d6
:100068005204520452045204520452047314356d5b
:10007800b6ad38c6bad63ce79defbef7dfffffff47
:10008800ffffffffffffffffffffffffffffffff78
:10009800ffffffffffffffffffffffffffffffff68
:1000a800ffffffffdfffbef79def3ce7bad659c65b
:1000b800b78db32452045204520452045204520419
:1000c800520452045204520c732cf45c18a6dbce72
:1000d8005ddfbeefdff7ffffffffffffffffffff63
:1000e800ffffffffffffffffffffffffffffffff18
:1000f800ffffffffffffffffffffffffffffffff08
:10010800fffffffffffffffffffffffffffffffff7
:10011800ffffffffffffffffffffffffffffffffe7
:10012800ffffffffffffffffffffffffffffffffd7
:10013800ffffffffffffffffffffffffffffffffc7
:10014800ffffffffffffffffffffffffffffffffb7
:10015800ffffffffffffffffffffffffffffffffa7
:10016800ffffffffffffffffffffffffffffffff97
:10017800ffffffffffffffffffffffffffffffff87
:10018800ffffffffffffffffdfffbeef5de7fbced7
:1001980039a6155d932c720c520452045204520471
:1001a80052045204520452045204931c5575b6adbd
:1001b80038c6bad63ce79defbef7dfffffffffff6b
:1001c800ffffffffffffffffffffffffffffffff37
:1001d800ffffffffffffffffffffffffffffffff27
:1001e800ffffffffffffdfffbef79def3ce7dad61b
:1001f80059c6f79df43c730c52045204520452043d
:100208005204520452045204520452045204731cfd
:10021800d44c156d567dd78d189e59b659b659b61a
:1002280059b659b659b659b659b659b659b659b64e
:1002380059b659b659b659b659b659b659b659b63e
:1002480059b659b659b659b659b659b659b659b62e
:1002580059b659b659b659b659b659b659b659b61e
:1002680059b659b659b659b659b659b659b659b60e
:1002780059b659b659b659b659b659b659b659b6fe
:1002880059b659b659b659b659b659b659b659b6ee
:1002980059b659b659b659b659b659b659b659b6de
:1002a80059b659b659b659b659b659b659b659b6ce
:1002b80059b659b659b659b659b659b659b659b6be
:1002c80059b659b6189ed78d567d156dd44c7324e2
:1002d8005204520452045204520452045204520466
:1002e800520452045204730cb334768db6b538c632
:1002f800bad63ce77defbef7dfffffffffffffff4a
:10030800fffffffffffffffffffffffffffffffff5
:10031800ffffffffffffffffffffffffffffffffe5
:10032800ffffffffffffffffdfffbef79def3ce78b
:10033800dbde59ce18b655659314520452045204a4
:1003480052045204520452045204520452045204f5
:10035800520452045204520c730c73147314731421
:10036800731473147314731473147314731473144d
:10037800731473147314731473147314731473143d
:10038800731473147314731473147314731473142d
:10039800731473147314731473147314731473141d
:1003a800731473147314731473147314731473140d
:1003b80073147314731473147314731473147314fd
:1003c80073147314731473147314731473147314ed
:1003d80073147314731473147314731473147314dd
:1003e80073147314731473147314731473147314cd
:1003f80073147314731473147314731473147314bd
:1004080073147314730c520c5204520452045204a1
:100418005204520452045204520452045204520424
:100428005204520473141455969dd6b559cedbde8a
:100438003ce79defbef7dfffffffffffffffffff7a
:10044800ffffffffffffffffffffffffffffffffb4
:10045800ffffffffffffffffffffffffffffffffa4
:10046800ffffffffffffffffffffdfffbef79def6f
:100478005ce7fbde99ce38beb795f444730c5204a2
:1004880052045204520452045204520452045204b4
:1004980052045204520452045204520452045204a4
:1004a8005204520452045204520452045204520494
:1004b8005204520452045204520452045204520484
:1004c8005204520452045204520452045204520474
:1004d8005204520452045204520452045204520464
:1004e8005204520452045204520452045204520454
:1004f8005204520452045204520452045204520444
:100508005204520452045204520452045204520433
:100518005204520452045204520452045204520423
:100528005204520452045204520452045204520413
:100538005204520452045204520452045204520403
:1005480052045204520452045204520452045204f3
:1005580052045204520452045204520452045204e3
:10056800730cb4345585b6adf7bd79cefbde5ce7c8
:100578009defbef7dfffffffffffffffffffffff5e
:10058800ffffffffffffffffffffffffffffffff73
:10059800ffffffffffffffffffffffffffffffff63
:1005a800ffffffffffffffffffffffffdfffdef79c
:1005b8009ef77def1ce7bad658c618b6967dd43c90
:1005c800730c52045204520452045204520452044a
:1005d8005204520452045204520452045204520463
:1005e8005204520452045204520452045204520453
:1005f8005204520452045204520452045204520443
:100608005204520452045204520452045204520432
:100618005204520452045204520452045204520422
:100628005204520452045204520452045204520412
:100638005204520452045204520452045204520402
:1006480052045204520452045204520452045204f2
:1006580052045204520452045204520452045204e2
:1006680052045204520452045204520452045204d2
:1006780052045204520452045204520452045204c2
:1006880052045204520452045204520452045204b2
:10069800520452045204520452045204730cb32cf0
:1006a800357596a5d6b538c6bad61ce77def9ef740
:1006b800def7dfffffffffffffffffffffffffff8b
:1006c800ffffffffffffffffffffffffffffffff32
:1006d800ffffffffffffffffffffffffffffffff22
:1006e800ffffffffffffffffffffffffffffdfff32
:1006f800def7bef77def5ce7fbde9ad638c6f7b5c6
:100708009685f444931c5204520452045204520431
:100718005204520452045204520452045204520421
:100728005204520452045204520452045204520411
:100738005204520452045204520452045204520401
:1007480052045204520452045204520452045204f1
:1007580052045204520452045204520452045204e1
:1007680052045204520452045204520452045204d1
:1007780052045204520452045204520452045204c1
:1007880052045204520452045204520452045204b1
:1007980052045204520452045204520452045204a1
:1007a8005204520452045204520452045204520491
:1007b8005204520452045204520452045204520481
:1007c8005204520452045204520452045204520471
:1007d80052045204520452047314d43c557596a51d
:1007e800b6b518c69ad6fbde3ce77defbef7def756
:1007f800dfffffffffffffffffffffffffffffff21
:10080800fffffffffffffffffffffffffffffffff0
:10081800ffffffffffffffffffffffffffffffffe0
:10082800ffffffffffffffffffffffffffffffffd0
:10083800dfffdfffbef79ef77def3ce7dbde99cefb
:1008480038c618b6b79d556dd434931c730c520432
:1008580052045204520452045204520452045204e0
:1008680052045204520452045204520452045204d0
:1008780052045204520452045204520452045204c0
:1008880052045204520452045204520452045204b0
:1008980052045204520452045204520452045204a0
:1008a8005204520452045204520452045204520490
:1008b8005204520452045204520452045204520480
:1008c8005204520452045204520452045204520470
:1008d8005204520452045204520452045204520460
:1008e8005204520452045204520452045204520450
:1008f8005204520452045204520452045204520440
:10090800520452045204520452045204520452042f
:10091800730c731cb3343565769596a5b6b538c691
:1009280099cedbde3ce77def9ef7bef7def7dfff13
:10093800ffffffffffffffffffffffffffffffffbf
:10094800ffffffffffffffffffffffffffffffffaf
:10095800ffffffffffffffffffffffffffffffff9f
:10096800ffffffffffffffffffffffffffffffff8f
:10097800ffffffffdfffdef7bef79def7def3ce7f0
:10098800fbde9ad659cef7bdd7b5b79d767d3565ce
:10099800f44cb334931c7314730c52045204520471
:1009a800520452045204520452045204520452048f
:1009b800520452045204520452045204520452047f
:1009c800520452045204520452045204520452046f
:1009d800520452045204520452045204520452045f
:1009e800520452045204520452045204520452044f
:1009f800520452045204520452045204520452043f
:100a0800520452045204520452045204520452042e
:100a1800520452045204520452045204520452041e
:100a2800520452045204520452045204520452040e
:100a380052045204520452045204520452045204fe
:100a480052045204720c7314931cb32cd444145dd6
:100a5800557d969596adb6b5f7bd59ce9ad6fbdebf
:100a68003ce75def9defbef7def7dfffffffffff1f
:100a7800ffffffffffffffffffffffffffffffff7e
:100a8800ffffffffffffffffffffffffffffffff6e
:100a9800ffffffffffffffffffffffffffffffff5e
:100aa800ffffffffffffffffffffffffffffffff4e
:100ab800ffffffffffffffffdfffdef7bef79def42
:100ac8007def3ce71bdfdbde9ad659ce18c6d7bdd3
:100ad800b6b596b555ad54a534a534a514a514a539
:100ae80014a514a514a514a514a514a514a514a536
:100af80014a514a514a514a514a514a514a514a526
:100b080014a514a514a514a514a514a514a514a515
:100b180014a514a514a514a514a514a514a514a505
:100b280014a514a514a514a514a514a514a514a5f5
:100b380014a514a514a514a514a514a514a514a5e5
:100b480014a514a514a514a514a514a514a514a5d5
:100b580014a514a514a514a514a514a514a514a5c5
:100b680014a514a514a514a514a514a514a514a5b5
:100b780014a514a514a514a514a514a514a514a5a5
:100b880014a514a514a534a554a555ad96b5b6b5a8
:100b9800d7bd18c659ce9ad6dad61bdf3ce77def0b
:100ba8009defbef7def7dfffffffffffffffffff51
:100bb800ffffffffffffffffffffffffffffffff3d
:100bc800ffffffffffffffffffffffffffffffff2d
:100bd800ffffffffffffffffffffffffffffffff1d
:100be800ffffffffffffffffffffffffffffffff0d
:100bf800ffffffffffffffffffffdfffdfffdef766
:100c0800bef79ef77def5def3ce71bdffbdebad654
:100c18009ad679ce59ce38c638c638c618c618c638
:100c280018c618c618c618c618c618c618c618c6cc
:100c380018c618c618c618c618c618c618c618c6bc
:100c480018c618c618c618c618c618c618c618c6ac
:100c580018c618c618c618c618c618c618c618c69c
:100c680018c618c618c618c618c618c618c618c68c
:100c780018c618c618c618c618c618c618c618c67c
:100c880018c618c618c618c618c618c618c618c66c
:100c980018c618c618c618c618c618c618c618c65c
:100ca80018c618c618c618c618c618c618c618c64c
:100cb80018c618c618c618c618c618c618c618c63c
:100cc80018c618c618c638c638c659ce79ce9ad6a8
:100cd800bad6fbde1bdf3ce75def7def9ef7bef784
:100ce800def7dfffdfffffffffffffffffffffff75
:100cf800fffffffffffffffffffffffffffffffffc
:100d0800ffffffffffffffffffffffffffffffffeb
:100d1800ffffffffffffffffffffffffffffffffdb
:100d2800ffffffffffffffffffffffffffffffffcb
:100d3800ffffffffffffffffffffffffffffffffbb
:100d4800dfffdef7def7bef79ef79def7def5def85
:100d58005ce73ce71ce71bdffbdefbdefbdefbdec4
:100d6800fbdefbdefbdefbdefbdefbdefbdefbdeb3
:100d7800fbdefbdefbdefbdefbdefbdefbdefbdea3
:100d8800fbdefbdefbdefbdefbdefbdefbdefbde93
:100d9800fbdefbdefbdefbdefbdefbdefbdefbde83
:100da800fbdefbdefbdefbdefbdefbdefbdefbde73
:100db800fbdefbdefbdefbdefbdefbdefbdefbde63
:100dc800fbdefbdefbdefbdefbdefbdefbdefbde53
:100dd800fbdefbdefbdefbdefbdefbdefbdefbde43
:100de800fbdefbdefbdefbdefbdefbdefbdefbde33
:100df800fbdefbdefbdefbdefbdefbdefbdefbde23
:100e0800fbdefbdefbdefbde1bdf1ce73ce75ce713
:100e18005def7def9def9ef7bef7def7def7dfffb4
:100e2800dfffffffffffffffffffffffffffffffea
:100e3800ffffffffffffffffffffffffffffffffba
:100e4800ffffffffffffffffffffffffffffffffaa
:100e5800ffffffffffffffffffffffffffffffff9a
:100e6800ffffffffffffffffffffffffffffffff8a
:100e7800ffffffffffffffffffffffffffffffff7a
:100e8800ffffffffdfffdfffdef7def7bef7bef78e
:100e98009ef79ef79def9def7def7def7def7def58
:100ea8007def7def7def7def7def7def7def7defda
:100eb8007def7def7def7def7def7def7def7defca
:100ec8007def7def7def7def7def7def7def7defba
:100ed8007def7def7def7def7def7def7def7defaa
:100ee8007def7def7def7def7def7def7def7def9a
:100ef8007def7def7def7def7def7def7def7def8a
:100f08007def7def7def7def7def7def7def7def79
:100f18007def7def7def7def7def7def7def7def69
:100f28007def7def7def7def7def7def7def7def59
:100f38007def7def7def7def7def7def7def7def49
:100f48007def7def7def7def9def9def9ef79ef7a7
:100f5800bef7bef7def7def7dfffdfffffffffffbd
:100f6800ffffffffffffffffffffffffffffffff89
:100f7800ffffffffffffffffffffffffffffffff79
:100f8800ffffffffffffffffffffffffffffffff69
:100f9800ffffffffffffffffffffffffffffffff59
:100fa800ffffffffffffffffffffffffffffffff49
:100fb800ffffffffffffffffffffffffffffffff39
:100fc800ffffffffffffffffffffdfffdfffdfff89
:100fd800dfffdef7def7def7def7bef7bef7bef7b8
:100fe800bef7bef7bef7bef7bef7bef7bef7bef751
:100ff800bef7bef7bef7bef7bef7bef7bef7bef741
:10100800bef7bef7bef7bef7bef7bef7bef7bef730
:10101800bef7bef7bef7bef7bef7bef7bef7bef720
:10102800bef7bef7bef7bef7bef7bef7bef7bef710
:10103800bef7bef7bef7bef7bef7bef7bef7bef700
:10104800bef7bef7bef7bef7bef7bef7bef7bef7f0
:10105800bef7bef7bef7bef7bef7bef7bef7bef7e0
:10106800bef7bef7bef7bef7bef7bef7bef7bef7d0
:10107800bef7bef7bef7bef7bef7bef7bef7bef7c0
:10108800bef7bef7bef7def7def7def7def7dfff07
:10109800dfffdfffdfffffffffffffffffffffffb8
:1010a800ffffffffffffffffffffffffffffffff48
:1010b800ffffffffffffffffffffffffffffffff38
:1010c800ffffffffffffffffffffffffffffffff28
:1010d800ffffffffffffffffffffffffffffffff18
:1010e800ffffffffffffffffffffffffffffffff08
:1010f800fffffffffffffffffffffffffffffffff8
:10110800ffffffffffffffffffffffffffffffffe7
:10111800ffffffffffffdfffdfffdfffdfffdfff77
:10112800dfffdfffdfffdfffdfffdfffdfffdfffc7
:10113800dfffdfffdfffdfffdfffdfffdfffdfffb7
:10114800dfffdfffdfffdfffdfffdfffdfffdfffa7
:10115800dfffdfffdfffdfffdfffdfffdfffdfff97
:10116800dfffdfffdfffdfffdfffdfffdfffdfff87
:10117800dfffdfffdfffdfffdfffdfffdfffdfff77
:10118800dfffdfffdfffdfffdfffdfffdfffdfff67
:10119800dfffdfffdfffdfffdfffdfffdfffdfff57
:1011a800dfffdfffdfffdfffdfffdfffdfffdfff47
:1011b800dfffdfffdfffdfffdfffdfffdfffdfff37
:1011c800dfffdfffdfffdfffdfffffffffffffffc7
:1011d800ffffffffffffffffffffffffffffffff17
:1011e800ffffffffffffffffffffffffffffffff07
:1011f800fffffffffffffffffffffffffffffffff7
:10120800ffffffffffffffffffffffffffffffffe6
:10121800ffffffffffffffffffffffffffffffffd6
:10122800ffffffffffffffffffffffffffffffffc6
:10123800ffffffffffffffffffffffffffffffffb6
:10124800ffffffffffffffffffffffffffffffffa6
:10125800ffffffffffffffffffffffffffffffff96
:10126800ffffffffffffffffffffffffffffffff86
:10127800ffffffffffffffffffffffffffffffff76
:10128800ffffffffffffffffffffffffffffffff66
:10129800ffffffffffffffffffffffffffffffff56
:1012a800ffffffffffffffffffffffffffffffff46
:1012b800ffffffffffffffffffffffffffffffff36
:1012c800ffffffffffffffffffffffffffffffff26
:1012d800ffffffffffffffffffffffffffffffff16
:1012e800ffffffffffffffffffffffffffffffff06
:1012f800fffffffffffffffffffffffffffffffff6
:10130800ffffffffffffffffffffffffffffffffe5
:10131800ffffffffffffffffffffffffffffffffd5
:10132800ffffffffffffffffffffffffffffffffc5
:10133800ffffffffffffffffffffffffffffffffb5
:10134800ffffffffffffffffffffffffffffffffa5
:020000040000fa
:020000040c01ed
:10135800ffffffffffffffffffffffffffffffff95
:10136800ffffffffffffffffffffffffffffffff85
:10137800ffffffffffffffffffffffffffffffff75
:10138800ffffffffffffffffffffffffffffffff65
:10139800ffffffffffffffffffffffffffffffff55
:1013a800ffffffffffffffffffffffffffffffff45
:1013b800ffffffffffffffffffffffffffffffff35
:1013c800ffffffffffffffffffffffffffffffff25
:1013d800ffffffffffffffffffffffffffffffff15
:1013e800ffffffffffffffffffffffffffffffff05
:1013f800fffffffffffffffffffffffffffffffff5
:10140800ffffffffffffffffffffffffffffffffe4
:10141800ffffffffffffffffffffffffffffffffd4
:10142800ffffffffffffffffffffffffffffffffc4
:10143800ffffffffffffffffffffffffffffffffb4
:10144800ffffffffffffffffffffffffffffffffa4
:10145800ffffffffffffffffffffffffffffffff94
:10146800ffffffffffffffffffffffffffffffff84
:10147800ffffffffffffffffffffffffffffffff74
:10148800ffffffffffffffffffffffffffffffff64
:10149800ffffffffffffffffffffffffffffffff54
:1014a800ffffffffffffffffffffffffffffffff44
:1014b800ffffffffffffffffffffffffffffffff34
:1014c800ffffffffffffffffffffffffffffffff24
:1014d800ffffffffffffffffffffdfffdfffdfff74
:1014e800dfffdfffdfffdfffdfffdfffdfffdfff04
:1014f800dfffdfffdfffdfffdfffdfffdfffdffff4
:10150800dfffdfffdfffdfffdfffdfffdfffdfffe3
:10151800dfffdfffdfffdfffdfffdfffdfffdfffd3
:10152800dfffdfffdfffdfffdfffdfffdfffdfffc3
:10153800dfffdfffdfffdfffdfffdfffdfffdfffb3
:10154800dfffdfffdfffdfffdfffdfffdfffdfffa3
:10155800dfffdfffdfffdfffdfffdfffdfffdfff93
:10156800dfffdfffdfffdfffdfffdfffdfffdfff83
:10157800dfffdfffdfffdfffdfffdfffdfffdfff73
:10158800dfffdfffdfffffffffffffffffffffffc3
:10159800ffffffffffffffffffffffffffffffff53
:1015a800ffffffffffffffffffffffffffffffff43
:1015b800ffffffffffffffffffffffffffffffff33
:1015c800ffffffffffffffffffffffffffffffff23
:1015d800ffffffffffffffffffffffffffffffff13
:1015e800ffffffffffffffffffffffffffffffff03
:1015f800fffffffffffffffffffffffffffffffff3
:10160800ffffffffffffffffffffffffdfffdfff22
:10161800dfffdef7def7def7def7bef7bef7bef771
:10162800bef7bef7bef7bef7bef7bef7bef7bef70a
:10163800bef7bef7bef7bef7bef7bef7bef7bef7fa
:10164800bef7bef7bef7bef7bef7bef7bef7bef7ea
:10165800bef7bef7bef7bef7bef7bef7bef7bef7da
:10166800bef7bef7bef7bef7bef7bef7bef7bef7ca
:10167800bef7bef7bef7bef7bef7bef7bef7bef7ba
:10168800bef7bef7bef7bef7bef7bef7bef7bef7aa
:10169800bef7bef7bef7bef7bef7bef7bef7bef79a
:1016a800bef7bef7bef7bef7bef7bef7bef7bef78a
:1016b800bef7bef7bef7bef7bef7bef7bef7bef77a
:1016c800bef7bef7bef7def7def7def7def7dfffc1
:1016d800dfffdfffffffffffffffffffffffffff52
:1016e800ffffffffffffffffffffffffffffffff02
:1016f800fffffffffffffffffffffffffffffffff2
:10170800ffffffffffffffffffffffffffffffffe1
:10171800ffffffffffffffffffffffffffffffffd1
:10172800ffffffffffffffffffffffffffffffffc1
:10173800ffffffffffffffffffffffffffffffffb1
:10174800ffffffffffffdfffdef7def7bef7bef7a5
:10175800bef79ef79ef79def9def7def7def7def46
:101768007def7def7def7def7def7def7def7def11
:101778007def7def7def7def7def7def7def7def01
:101788007def7def7def7def7def7def7def7deff1
:101798007def7def7def7def7def7def7def7defe1
:1017a8007def7def7def7def7def7def7def7defd1
:1017b8007def7def7def7def7def7def7def7defc1
:1017c8007def7def7def7def7def7def7def7defb1
:1017d8007def7def7def7def7def7def7def7defa1
:1017e8007def7def7def7def7def7def7def7def91
:1017f8007def7def7def7def7def7def7def7def81
:101808007def7def7def9def9def9def9ef7bef79e
:10181800bef7bef7def7def7dfffffffffffffffd4
:10182800ffffffffffffffffffffffffffffffffc0
:10183800ffffffffffffffffffffffffffffffffb0
:10184800ffffffffffffffffffffffffffffffffa0
:10185800ffffffffffffffffffffffffffffffff90
:10186800ffffffffffffffffffffffffffffffff80
:10187800ffffffffffffffffffffffffffffffff70
:10188800dfffdef7def7bef79ef79def7def5def3a
:101898005ce73ce73ce71cdf1cdf1bdffbdefbde15
:1018a800fbdefbdefbdefbdefbdefbdefbdefbde68
:1018b800fbdefbdefbdefbdefbdefbdefbdefbde58
:1018c800fbdefbdefbdefbdefbdefbdefbdefbde48
:1018d800fbdefbdefbdefbdefbdefbdefbdefbde38
:1018e800fbdefbdefbdefbdefbdefbdefbdefbde28
:1018f800fbdefbdefbdefbdefbdefbdefbdefbde18
:10190800fbdefbdefbdefbdefbdefbdefbdefbde07
:10191800fbdefbdefbdefbdefbdefbdefbdefbdef7
:10192800fbdefbdefbdefbdefbdefbdefbdefbdee7
:10193800fbdefbdefbdefbdefbdefbdefbdefbded7
:10194800fbde1bdf1bdf1bdf1ce71ce73ce75ce75c
:101958005def7def9def9ef7bef7def7def7dfff69
:10196800ffffffffffffffffffffffffffffffff7f
:10197800ffffffffffffffffffffffffffffffff6f
:10198800ffffffffffffffffffffffffffffffff5f
:10199800ffffffffffffffffffffffffffffffff4f
:1019a800ffffffffffffffffffffffffffffffff3f
:1019b800ffffffffffffffffffffffffdfffdef778
:1019c800bef79ef79def7def3ce73ce71bdffbcec4
:1019d800babe59a6188ef885d77db775b76db76d9d
:1019e800b76db76db76db76db76db76db76db76dcf
:1019f800b76db76db76db76db76db76db76db76dbf
:101a0800b76db76db76db76db76db76db76db76dae
:101a1800b76db76db76db76db76db76db76db76d9e
:101a2800b76db76db76db76db76db76db76db76d8e
:101a3800b76db76db76db76db76db76db76db76d7e
:101a4800b76db76db76db76db76db76db76db76d6e
:101a5800b76db76db76db76db76db76db76db76d5e
:101a6800b76db76db76db76db76db76db76db76d4e
:101a7800b76db76db76db76db76db76db76db76d3e
:101a8800b76dd775f87df88539967aaebac6dbd6c4
:101a9800dbd6fbde1ce73ce77def9def9ef7bef74c
:101aa800def7dfffdfffffffffffffffffffffffa7
:101ab800ffffffffffffffffffffffffffffffff2e
:101ac800ffffffffffffffffffffffffffffffff1e
:101ad800ffffffffffffffffffffffffffffffff0e
:101ae800fffffffffffffffffffffffffffffffffe
:101af800ffffffffffffffffdfffdef7bef79ef7e9
:101b08007def5ce71cdffbce9ab6f885564dd424f2
:101b1800b31c9314730c730c7304520452045204d0
:101b280052045204520452045204520452045204fd
:101b380052045204520452045204520452045204ed
:101b480052045204520452045204520452045204dd
:101b580052045204520452045204520452045204cd
:101b680052045204520452045204520452045204bd
:101b780052045204520452045204520452045204ad
:101b8800520452045204520452045204520452049d
:101b9800520452045204520452045204520452048d
:101ba800520452045204520452045204520452047d
:101bb800520452045204520452045204520452046d
:101bc80052047304730c730c930c9314b41c153dda
:101bd800b76d399e9abebacedbde1bdf3ce77defe0
:101be8009defbef7def7dfffffffffffffffffff01
:101bf800ffffffffffffffffffffffffffffffffed
:101c0800ffffffffffffffffffffffffffffffffdc
:101c1800ffffffffffffffffffffffffffffffffcc
:101c2800ffffffffffffffffffffffffffffffffbc
:101c3800ffffffffdfffdef7bef79ef77def3ce714
:101c48001cd79ab6b76d1535931452045204520432
:101c580052045204520452045204520452045204cc
:101c680052045204520452045204520452045204bc
:101c780052045204520452045204520452045204ac
:101c8800520452045204520452045204520452049c
:101c9800520452045204520452045204520452048c
:101ca800520452045204520452045204520452047c
:101cb800520452045204520452045204520452046c
:101cc800520452045204520452045204520452045c
:101cd800520452045204520452045204520452044c
:101ce800520452045204520452045204520452043c
:101cf800520452045204520452045204520452042c
:101d0800520452045204520452045204520452041b
:101d18005204730cd424565518969ac6bad6fbdecc
:101d28003ce77def9defbef7def7dfffffffffff2c
:101d3800ffffffffffffffffffffffffffffffffab
:101d4800ffffffffffffffffffffffffffffffff9b
:101d5800ffffffffffffffffffffffffffffffff8b
:101d6800ffffffffffffffffffffffffffffffff7b
:101d7800dfffdfffbef79ef77def3ce7fbd6599efe
:101d8800564d9314730452045204520452045204dc
:101d9800520452045204520452045204520452048b
:101da800520452045204520452045204520452047b
:101db800520452045204520452045204520452046b
:101dc800520452045204520452045204520452045b
:101dd800520452045204520452045204520452044b
:101de800520452045204520452045204520452043b
:101df800520452045204520452045204520452042b
:101e0800520452045204520452045204520452041a
:101e1800520452045204520452045204520452040a
:101e280052045204520452045204520452045204fa
:101e380052045204520452045204520452045204ea
:101e480052045204520452045204520452045204da
:101e58005204520452047304730cf434d77d79b6d7
:101e6800bad6fbde3ce77def9ef7bef7dfffdfff6c
:101e7800ffffffffffffffffffffffffffffffff6a
:101e8800ffffffffffffffffffffffffffffffff5a
:101e9800ffffffffffffffffffffffffffffffff4a
:101ea800ffffffffffffffffffffffffffffdfff5a
:101eb800def7bef79def5ce71cdf7aa63545931485
:101ec800520452045204520452045204520452045a
:101ed800520452045204520452045204520452044a
:101ee800520452045204520452045204520452043a
:101ef800520452045204520452045204520452042a
:101f08005204520452045204520452045204520419
:101f18005204520452045204520452045204520409
:101f280052045204520452045204520452045204f9
:101f380052045204520452045204520452045204e9
:101f480052045204520452045204520452045204d9
:101f580052045204520452045204520452045204c9
:101f680052045204520452045204520452045204b9
:101f780052045204520452045204520452045204a9
:101f88005204520452045204520452045204520499
:101f9800520452045204520452045204730cd42cb6
:101fa800b77d79bebad6fbde5ce77defbef7def71c
:101fb800dfffffffffffffffffffffffffffffff49
:101fc800ffffffffffffffffffffffffffffffff19
:101fd800ffffffffffffffffffffffffffffffff09
:101fe800ffffffffffffffffffffffffdfffdef742
:101ff800bef77def3ce7dbbe965d931452045204b6
:102008005204520452045204520452045204520418
:102018005204520452045204520452045204520408
:1020280052045204520452045204520452045204f8
:1020380052045204520452045204520452045204e8
:1020480052045204520452045204520452045204d8
:1020580052045204520452045204520452045204c8
:1020680052045204520452045204520452045204b8
:1020780052045204520452045204520452045204a8
:102088005204520452045204520452045204520498
:102098005204520452045204520452045204520488
:1020a8005204520452045204520452045204520478
:1020b8005204520452045204520452045204520468
:1020c8005204520452045204520452045204520458
:1020d8005204520452045204520452045204520448
:1020e800730c153df89579c6bad61ce77def9ef7b7
:1020f800bef7dfffffffffffffffffffffffffff51
:10210800ffffffffffffffffffffffffffffffffd7
:10211800ffffffffffffffffffffffffffffffffc7
:10212800ffffffffffffffffffffdfffbef79ef789
:102138005def1cdf3996d42c730452045204520408
:1021480052045204520452045204520452045204d7
:1021580052045204731c932cb33cd44cf45cf45cce
:10216800f45cf45cf45cf45cf45cf45cf45cf45ce7
:10217800f45cf45cf45cf45cf45cf45cf45cf45cd7
:10218800f45cf45cf45cf45cf45cf45cf45cf45cc7
:10219800f45cf45cf45cf45cf45cf45cf45cf45cb7
:1021a800f45cf45cf45cf45cf45cf45cf45cf45ca7
:1021b800f45cf45cf45cf45cf45cf45cf45cf45c97
:1021c800f45cf45cf45cf45cf45cf45cf45cf45c87
:1021d800f45cf45cf45cf45cf45cf45cf45cf45c77
:1021e800f45cf45cf45cf45cf45cf45cf45cf45c67
:1021f800f45cf45cf45cf45cf45cf45cf45cf45c57
:10220800d44cb43c932c7324730c520452045204df
:102218005204520452045204520452045204520406
:10222800520452049314766d59b69ad6fbde5defcc
:102238009defbef7dfffffffffffffffffffffff81
:10224800ffffffffffffffffffffffffffffffff96
:10225800ffffffffffffffffffffffffffffffff86
:10226800ffffffffffffffffdfffbef79def5ce70c
:10227800fbceb76d93145204520452045204520414
:1022880052045204520452045204731cb33c155da8
:10229800f8959abefbce3cdf5ddf7de77de77de705
:1022a8007de77de77de77de77de77de77de77de706
:1022b8007de77de77de77de77de77de77de77de7f6
:1022c8007de77de77de77de77de77de77de77de7e6
:1022d8007de77de77de77de77de77de77de77de7d6
:1022e8007de77de77de77de77de77de77de77de7c6
:1022f8007de77de77de77de77de77de77de77de7b6
:102308007de77de77de77de77de77de77de77de7a5
:102318007de77de77de77de77de77de77de77de795
:102328007de77de77de77de77de77de77de77de785
:102338007de77de77de77de77de77de77de77de775
:102348007de75ddf3cdf1cd7babe39a6566db444c5
:10235800732c52045204520452045204520452047c
:10236800520452045204730c153d18a679cedbded4
:102378005ce79defbef7dffffffffffffffffffffb
:10238800ffffffffffffffffffffffffffffffff55
:10239800ffffffffffffffffffffffffffffffff45
:1023a800ffffffffffffdfffbef79def3ce7dbc648
:1023b8005655730c520452045204520452045204e7
:1023c80052045204520c9334767d7ab65ddfdef700
:1023d800ffffffffffffffffffffffffffffffff05
:1023e800fffffffffffffffffffffffffffffffff5
:1023f800ffffffffffffffffffffffffffffffffe5
:10240800ffffffffffffffffffffffffffffffffd4
:10241800ffffffffffffffffffffffffffffffffc4
:10242800ffffffffffffffffffffffffffffffffb4
:10243800ffffffffffffffffffffffffffffffffa4
:10244800ffffffffffffffffffffffffffffffff94
:10245800ffffffffffffffffffffffffffffffff84
:10246800ffffffffffffffffffffffffffffffff74
:10247800ffffffffffffffffffffffffffffffff64
:10248800ffffffffffffffffffffffffdff77de716
:10249800bbc6d795d44c7314520452045204520448
:1024a80052045204520452047304d42cf89559c6a9
:1024b800dbde3ce79defbef7dfffffffffffffff1f
:1024c800ffffffffffffffffffffffffffffffff14
:1024d800ffffffffffffffffffffffffffffffff04
:1024e800ffffffffdfffbef79def3ce7dbc635458b
:1024f8007304520452045204520452045204520403
:102508005204b44cd7953cdfbef7ffffffffffff37
:10251800ffffffffffffffffffffffffffffffffc3
:10252800ffffffffffffffffffffffffffffffffb3
:10253800ffffffffffffffffffffffffffffffffa3
:10254800ffffffffffffffffffffffffffffffff93
:10255800ffffffffffffffffffffffffffffffff83
:10256800ffffffffffffffffffffffffffffffff73
:10257800ffffffffffffffffffffffffffffffff63
:10258800ffffffffffffffffffffffffffffffff53
:10259800ffffffffffffffffffffffffffffffff43
:1025a800ffffffffffffffffffffffffffffffff33
:1025b800ffffffffffffffffffffffffffffffff23
:1025c800ffffffffffffffffffffffffffffffff13
:1025d800ffffdff77de739a6f45c73145204520459
:1025e800520452045204520452045204b324d78da4
:1025f80059c6dad63ce79defbef7dfffffffffffc6
:10260800ffffffffffffffffffffffffffffffffd2
:10261800ffffffffffffffffffffffffffffffffc2
:10262800ffffdfffbef79def5ce7dbc635457304b0
:102638005204520452045204520452045204932c79
:10264800b78d3cdfdff7ffffffffffffffffffff57
:10265800ffffdfffbef77de73cdf1cd7fbd6fbd6cd
:10266800fbd6fbd6fbd6fbd6fbd6fbd6fbd6fbd6da
:10267800fbd6fbd6fbd6fbd6fbd6fbd6fbd6fbd6ca
:10268800fbd6fbd6fbd6fbd6fbd6fbd6fbd6fbd6ba
:10269800fbd6fbd6fbd6fbd6fbd6fbd6fbd6fbd6aa
:1026a800fbd6fbd6fbd6fbd6fbd6fbd6fbd6fbd69a
:1026b800fbd6fbd6fbd6fbd6fbd6fbd6fbd6fbd68a
:1026c800fbd6fbd6fbd6fbd6fbd6fbd6fbd6fbd67a
:1026d800fbd6fbd6fbd6fbd6fbd6fbd6fbd6fbd66a
:1026e800fbd6fbd6fbd6fbd6fbd6fbd6fbd6fbd65a
:1026f800fbd6fbd6fbd6fbd6fbd6fbd6fbd6fcd649
:102708001cd73cdf9de7def7ffffffffffffffff62
:10271800ffffffffffffffff7de719a6b444520c40
:102728005204520452045204520452045204b31c78
:10273800d78d59c6dad63ce79defbef7dfffffff1e
:10274800ffffffffffffffffffffffffffffffff91
:10275800ffffffffffffffffffffffffffffffff81
:10276800dfffdef79ef75ce7fbce564d730452049d
:1027780052045204520452045204520cf45cbbc674
:10278800def7ffffffffffffffffffffbeef1cd7d6
:102798007ab69685f45cb344933c9334933493347b
:1027a80093349334933493349334933493349334e9
:1027b80093349334933493349334933493349334d9
:1027c80093349334933493349334933493349334c9
:1027d80093349334933493349334933493349334b9
:1027e80093349334933493349334933493349334a9
:1027f8009334933493349334933493349334933499
:102808009334933493349334933493349334933488
:102818009334933493349334933493349334933478
:102828009334933493349334933493349334933468
:102838009334933493349334933493349334933458
:102848009334933cb444155db78d9abe3cdfbef714
:10285800ffffffffffffffffffffdfff3cd75675be
:10286800731c520452045204520452045204520477
:10287800b424d79558c6dbde5ce79ef7def7dfffaa
:10288800ffffffffffffffffffffffffffffffff50
:10289800ffffffffffffffffffffffffffffffff40
:1028a800def7bef77def1cd7976573045204520418
:1028b8005204520452045204731c76855ddffffff4
:1028c800ffffffffffffffff9de759ae356d933c0c
:1028d8005204520452045204520452045204520440
:1028e8005204520452045204520452045204520430
:1028f8005204520452045204520452045204520420
:10290800520452045204520452045204520452040f
:1029180052045204520452045204520452045204ff
:1029280052045204520452045204520452045204ef
:1029380052045204520452045204520452045204df
:1029480052045204520452045204520452045204cf
:1029580052045204520452045204520452045204bf
:1029680052045204520452045204520452045204af
:10297800520452045204520452045204520452049f
:1029880052045204520452045204730cb44456754f
:102998009abe9eefffffffffffffffffffff9eefc7
:1029a80018a6932c5204520452045204520452049e
:1029b8005204d42cf8a559cefbde5defbef7def746
:1029c800ffffffffffffffffffffffffffffffff0f
:1029d800ffffffffffffffffffffffffffffdfff1f
:1029e800bef77def3cdf188e931452045204520454
:1029f8005204520452047324d8959eefffffffff40
:102a0800ffffffff9eef59aef454731452045204b3
:102a180052045204520452045204520452045204fe
:102a280052045204520452045204520452045204ee
:102a380052045204520452045204520452045204de
:102a480052045204520452045204520452045204ce
:102a580052045204520452045204520452045204be
:102a680052045204520452045204520452045204ae
:102a7800520452045204520452045204520452049e
:102a8800520452045204520452045204520452048e
:102a9800520452045204520452045204520452047e
:102aa800520452045204520452045204520452046e
:102ab800520452045204520452045204520452045e
:102ac800520452045204520452045204520452044e
:102ad800731c15659abebef7ffffffffffffffffe0
:102ae800def77ab6b33c520452045204520452043c
:102af80052047304154d18b679ce1bdf7defbef76f
:102b0800dfffffffffffffffffffffffffffffffed
:102b1800ffffffffffffffffffffffffdfffdef706
:102b28009ef73ce79ab6b41c52045204520452046d
:102b380052045204731cf89dbef7ffffffffffff0e
:102b4800dffffcce356d731c52045204520452044c
:102b580052045204520452045204520452045204bd
:102b680052045204520452045204520452045204ad
:102b7800520452045204520452045204520452049d
:102b8800520452045204520452045204520452048d
:102b9800520452045204520452045204520452047d
:102ba800520452045204520452045204520452046d
:102bb800520452045204520452045204520452045d
:102bc800520452045204520452045204520452044d
:102bd800520452045204520452045204520452043d
:102be800520452045204520452045204520452042d
:102bf800520452045204520452045204520452041d
:102c0800520452045204520452045204520452040c
:102c180052045204732c767d3cdfffffffffffff59
:102c2800ffffdff7babeb33c520452045204520409
:102c380052045204730c766d18bebad63ce79def69
:102c4800def7dfffffffffffffffffffffffffffd5
:102c5800ffffffffffffffffffffffffdfffbef7e5
:102c68005deffbd6564d73045204520452045204cd
:102c78005204731cd895bef7ffffffffffffdef776
:102c880059aeb33c52045204520452045204520442
:102c9800520452045204520452045204520452047c
:102ca800520452045204520452045204520452046c
:102cb800520452045204520452045204520452045c
:102cc800520452045204520452045204520452044c
:102cd800520452045204520452045204520452043c
:102ce800520452045204520452045204520452042c
:102cf800520452045204520452045204520452041c
:102d0800520452045204520452045204520452040b
:102d180052045204520452045204520452045204fb
:102d280052045204520452045204520452045204eb
:102d380052045204520452045204520452045204db
:102d480052045204520452045204520452045204cb
:102d58005204520452045204d454babedff7ffff9f
:102d6800ffffffffdfff9abe933452045204520460
:102d7800520452045204b324d79d38c6dbde5deffb
:102d8800bef7def7ffffffffffffffffffffffffbd
:102d9800ffffffffffffffffffffdfffbef79def16
:102da8003ce7398e730c5204520452045204520404
:102db8005204567d9eefffffffffffffbef7f89d11
:102dc800732c520452045204520452045204520402
:102dd800520452045204520452045204520452043b
:102de800520452045204520452045204520452042b
:102df800520452045204520452045204520452041b
:102e0800520452045204520452045204520452040a
:102e180052045204520452045204520452045204fa
:102e280052045204520452045204520452045204ea
:102e380052045204520452045204520452045204da
:102e480052045204520452045204520452045204ca
:102e580052045204520452045204520452045204ba
:102e680052045204520452045204520452045204aa
:102e7800520452045204520452045204520452049a
:102e8800520452045204520452045204520452048a
:102e980052045204520452045204933459b6dff7d0
:102ea800ffffffffffffdff719a6731c5204520450
:102eb8005204520452045204154df7b579ce1ce75a
:102ec8009defbef7dfffffffffffffffffffffffe5
:102ed800ffffffffffffffffffffdef7bef75def1e
:102ee800fbcef534520452045204520452045204e4
:102ef800f4545ddfffffffffffffbef7f89d73246b
:102f08005204520452045204520452045204520409
:102f180052045204520452045204520452045204f9
:102f280052045204520452045204520452045204e9
:102f380052045204520452045204520452045204d9
:102f480052045204520452045204520452045204c9
:102f580052045204520452045204520452045204b9
:102f680052045204520452045204520452045204a9
:102f78005204520452045204520452045204520499
:102f88005204520452045204520452045204520489
:102f98005204520452045204520452045204520479
:102fa8005204520452045204520452045204520469
:102fb8005204520452045204520452045204520459
:102fc8005204520452045204520452045204520449
:102fd800520452045204520452045204932c59b617
:102fe800dff7ffffffffffffbeef9685730c52046c
:102ff80052045204520452047314968d18c6dbde30
:103008005defbef7def7ffffffffffffffffffffec
:10301800ffffffffffffffffdfffdef79def3ce74e
:10302800188e730c52045204520452045204732c26
:103038009abeffffffffffffdff739ae732452048c
:1030480052045204520452045204520452045204c8
:1030580052045204520452045204520452045204b8
:1030680052045204520452045204520452045204a8
:103078005204520452045204520452045204520498
:103088005204520452045204520452045204520488
:103098005204520452045204520452045204520478
:1030a8005204520452045204520452045204520468
:1030b8005204520452045204520452045204520458
:1030c8005204520452045204520452045204520448
:1030d8005204520452045204520452045204520438
:1030e8005204520452045204520452045204520428
:1030f8005204520452045204520452045204520418
:103108005204520452045204520452045204520407
:103118005204520452045204520452045204933486
:103128009abeffffffffffffffff3cdfd44c5204b6
:10313800520452045204520452041445f7ad79ce95
:103148001ce79defbef7dfffffffffffffffffff5d
:10315800ffffffffffffffffdfffbef75deffbd6bf
:10316800153d5204520452045204520452049685e6
:10317800def7ffffffffffffdbc693345204520464
:103188005204520452045204520452045204520487
:103198005204520452045204520452045204520477
:1031a8005204520452045204520452045204520467
:1031b8005204520452045204520452045204520457
:1031c8005204520452045204520452045204520447
:1031d8005204520452045204520452045204520437
:1031e8005204520452045204520452045204520427
:1031f8005204520452045204520452045204520417
:103208005204520452045204520452045204520406
:1032180052045204520452045204520452045204f6
:1032280052045204520452045204520452045204e6
:1032380052045204520452045204520452045204d6
:1032480052045204520452045204520452045204c6
:1032580052045204520452045204520452045204b6
:10326800d44c3cdfffffffffffffffff59ae731495
:10327800520452045204520452049314b68d18c6d0
:10328800dbde5defbef7dfffffffffffffffffffa6
:10329800ffffffffffffffffdef79ef73ce759a6a2
:1032a800730c52045204520452045204933c1cd727
:1032b800ffffffffffff7de715655204520452042c
:1032c8005204520452045204520452045204520446
:1032d8005204520452045204520452045204520436
:1032e8005204520452045204520452045204520426
:1032f8005204520452045204520452045204520416
:103308005204520452045204520452045204520405
:1033180052045204520452045204520452045204f5
:1033280052045204520452045204520452045204e5
:1033380052045204520452045204520452045204d5
:1033480052045204520452045204520452045204c5
:1033580052045204520452045204520452045204b5
:1033680052045204520452045204520452045204a5
:103378005204520452045204520452045204520495
:103388005204520452045204520452045204520485
:103398005204520452045204520452045204520475
:1033a80052045675beefffffffffffff9eef156546
:1033b800520452045204520452047304355dd7b5c2
:1033c80099ce3ce79defdef7ffffffffffffffff12
:1033d800ffffffffffffdfffbef77def1cdf765d1e
:1033e8007304520452045204520452049685def7c0
:1033f800fffffffffffff89d730c520452045204b5
:103408005204520452045204520452045204520404
:1034180052045204520452045204520452045204f4
:1034280052045204520452045204520452045204e4
:1034380052045204520452045204520452045204d4
:1034480052045204520452045204520452045204c4
:1034580052045204520452045204520452045204b4
:1034680052045204520452045204520452045204a4
:103478005204520452045204520452045204520494
:103488005204520452045204520452045204520484
:103498005204520452045204520452045204520474
:1034a8005204520452045204520452045204520464
:1034b8005204520452045204520452045204520454
:1034c8005204520452045204520452045204520444
:1034d8005204520452045204520452045204520434
:1034e800520473247ab6ffffffffffffffff59b6b0
:1034f800731c52045204520452045204b324b7a554
:1035080038c6fbde7defbef7dfffffffffffffffe3
:10351800ffffffffffffdfffbef75defdbc6d42c29
:1035280052045204520452045204731cdbc6ffffb7
:10353800ffffffff3cdfb44452045204520452041c
:1035480052045204520452045204520452045204c3
:1035580052045204520452045204520452045204b3
:1035680052045204520452045204520452045204a3
:103578005204520452045204520452045204520493
:103588005204520452045204520452045204520483
:103598005204520452045204520452045204520473
:1035a8005204520452045204520452045204520463
:1035b8005204520452045204520452045204520453
:1035c8005204520452045204520452045204520443
:1035d8005204520452045204520452045204520433
:1035e8005204520452045204520452045204520423
:1035f8005204520452045204520452045204520413
:103608005204520452045204520452045204520402
:1036180052045204520452045204520452045204f2
:103628005204520415659eefffffffffffff7de781
:10363800d44c52045204520452045204730c767d42
:10364800f7bdbad65ce7bef7dfffffffffffffff5e
:10365800ffffffffffffdef79ef73ce77aae930c14
:10366800520452045204520452041565beefffff7f
:10367800ffffffff18a673145204520452045204a9
:10368800520452045204731c9334731452045204a7
:103698005204520452045204520452045204720c4a
:1036a800933c731c520452045204520452045204b0
:1036b8005204520452045204520452045204520452
:1036c8005204520452045204520452045204520442
:1036d8005204520452045204520452045204520432
:1036e8005204520452045204520452045204520422
:1036f8005204520452045204520452045204520412
:103708005204520452045204520452045204520401
:1037180052045204520452045204520452045204f1
:1037280052045204520452045204520452045204e1
:1037380052045204520452045204520452045204d1
:1037480052045204520452045204520452045204c1
:1037580052045204520452045204520452045204b1
:1037680052045204731c9abeffffffffffffdfffe6
:10377800d795520452045204520452045204355d3f
:10378800d7b599ce3ce79ef7def7ffffffffffffb7
:10379800ffffffffdfffdef79def1cdfd77d520441
:1037a8005204520452045204520c189edfffffffc9
:1037b800ffff9eef1565520452045204520452044e
:1037c800520452045204d454dbcef89d933c520464
:1037d8005204520452045204520452045204932cc8
:1037e8009abe39a6d44c520c5204520452045204c4
:1037f8005204520452045204520452045204520411
:103808005204520452045204520452045204520400
:1038180052045204520452045204520452045204f0
:1038280052045204520452045204520452045204e0
:1038380052045204520452045204520452045204d0
:1038480052045204520452045204520452045204c0
:1038580052045204520452045204520452045204b0
:1038680052045204520452045204520452045204a0
:103878005204520452045204520452045204520490
:103888005204520452045204520452045204520480
:103898005204520452045204520452045204520470
:1038a800520452045204767ddef7ffffffffffff4c
:1038b800dbc6732452045204520452045204d43412
:1038c800b6a558c61bdf7defbef7dfffffffffff82
:1038d800ffffffffdfffbef77deffbde364d520433
:1038e80052045204520452047324bbc6ffffffff64
:1038f800fffffcce732452045204520452045204b3
:10390800520452045204d4547de7dff71cd7567d85
:10391800732452045204520452045204520493343d
:103928001cd7dfff5ddf978d933452045204520495
:1039380052045204520452045204520452045204cf
:1039480052045204520452045204520452045204bf
:1039580052045204520452045204520452045204af
:10396800520452045204520452045204520452049f
:103978005204520c73145204520452045204520456
:1039880052045204720cd454933452045204520414
:10399800520452045204520452045204520452046f
:1039a800520452045204520452045204520452045f
:1039b800520452045204520452045204520452044f
:1039c800520452045204520452045204520452043f
:1039d800520452045204520452045204520452042f
:1039e800520452045204b4445de7ffffffffffff97
:1039f8005de7d44c52045204520452045204931cfe
:103a0800969d18c6dbde7defbef7dfffffffffffe9
:103a1800ffffffffdfffbef75deffbd6d42c52049c
:103a28005204520452045204b3445ddfffffffff07
:103a3800ffff18a6730c5204520452045204520495
:103a4800520452045204d4547de7ffffffffbeef37
:103a58009abef45c73145204520452045204933410
:103a68001cd7ffffffffdef7dbc6356d731c520462
:103a7800520452045204520452045204520452048e
:103a8800520452045204520452045204520452047e
:103a9800730cd44cd89559ae39ae7685933452040c
:103aa800520452045204520452045204520452045e
:103ab8005204767d39a693345204520452045204b7
:103ac80052045204932c3cd7978552045204520452
:103ad80052045204520452045204932c978559ae4e
:103ae80039a6356d730c5204731c731c52045204ae
:103af800520452045204520452045204520452040e
:103b080052045204520452045204731c7314520493
:103b180052045204520452045204520452045204ed
:103b2800520452045204730cdbc6ffffffffffff71
:103b3800def7356d52045204520452045204730cd9
:103b4800768df7bdbad65defbef7dfffffffffff4b
:103b5800ffffffffdfff9ef75ce7babeb31c52040e
:103b68005204520452045204f454beefffffffff04
:103b7800dff7567d52045204520452045204520490
:103b8800520452045204d4547de7ffffffffffffa5
:103b9800ffff7de7f89db344520452045204933466
:103ba8001cd7ffffffffffffffff9eef39aed44c8e
:103bb800520c520452045204520452045204520445
:103bc8005204520452045204520452045204730c14
:103bd800567d5ddf3cdfbbbefbce7de7bbbeb3449d
:103be800520452045204520452045204520452041d
:103bf800520cd78ddbc6933c520452045204520433
:103c080052045204932c7de7d78d52045204520477
:103c1800520452045204520473247ab67de7bbbea0
:103c2800dbce1cd7b4445204d895189e731c52049a
:103c380052045204520452045204520452045204cc
:103c48005204520452045204732418a6b78552042d
:103c580052045204520452045204520452045204ac
:103c68005204520452045204f89dffffffffffff65
:103c7800ffffb78d52045204520452045204730ccd
:103c88005575b6b59ad63ce79ef7dffffffffffff5
:103c9800ffffffffdef79ef73ce77aae931452046e
:103ca80052045204520452045675dff7ffffffff17
:103cb8009eef1565520452045204520452045204f1
:103cc800520452045204d4547de7ffffffffffff64
:103cd800ffffffffdff71cd7767d732c5204933468
:103ce8001cd7ffffffffffffffffffffffff5ddfa9
:103cf800b78d9334520452045204520452045204ad
:103d08005204520452045204520452045204b44459
:103d18003ddfbbc6d44c520c731c767d9eef189ebb
:103d28007314731cb44c731452045204b344933484
:103d380052049334d44c730c5204731cb444d454ba
:103d4800b444731c932c7de7d78d52047324b44c70
:103d58007324520452045204d44c9ee7f89d730c09
:103d6800731cf45c7324933cdbc6fbced4549334ad
:103d7800730c933cd454d454b34473145204731c3a
:103d8800b444932cd454b444d4541cd77ab6d44ce9
:103d9800932c520452045204520452045204520402
:103da8005204520452045204767ddff7ffffffffee
:103db800ffff39a6731452045204520452045204e9
:103dc800356596b599ce3ce79ef7def7ffffffff16
:103dd800ffffffffdef79ef73ce779a69314520436
:103de8005204520452045204b785ffffffffffff3d
:103df8007de7d4545204520452045204520452042b
:103e0800520452045204d4547de7ffffffffffff22
:103e1800ffffffffffffffffbef79abe1565933454
:103e28001cd7ffffffffffffffffffffffffffffa5
:103e3800dff7dbc65675731c520452045204520451
:103e480052045204520452045204520452049785f4
:103e58009eef3575520452045204731cdbc61cd7fe
:103e68009334155d5ddfd44c5204731cfbc618a651
:103e78007314b795fbce933c7324f89d5ddf5ddf2b
:103e88003cd7b78d93347de7d78d932c39ae1cd7ab
:103e9800f454520452045204b4447de7babeb44404
:103ea800720c5204731c39ae9eefbeef3cd7f89dde
:103eb8001565dbc63cd75ddf3cdf767d5204f45cdc
:103ec8003cd79abe7de7fbcebbc6beef9ee73cd78c
:103ed800978d52045204520452045204520452045c
:103ee8005204520452045204155ddff7ffffffff2e
:103ef800ffff7ab673145204520452045204520457
:103f0800155596b579ce1ce79defdef7ffffffff4d
:103f1800ffffffffdef79def1ce7599e930c52044d
:103f28005204520452045204d895ffffffffffffca
:103f38005ddfd44c52045204520452045204520419
:103f4800520452045204d4547de7ffffffffffffe1
:103f5800ffffffffffffffffffffffff7de7f89d6c
:103f68001cd7ffffffffffffffffffffffffffff64
:103f7800ffffffffbeef39ae932c520452045204e8
:103f8800520452045204520452045204520439a6f0
:103f98007de7f454520452045204731439ae7de799
:103fa800933c35659eefd454520473243cd759aee4
:103fb800731cf89d3cdfb33c356d9de7f895d454f0
:103fc8005675978593347de7d89539a65ddf767d5c
:103fd8007314520452045204731cf8959eef3cdf8c
:103fe800d795b444520cb344dbc6fbcef55c933c86
:103ff800f45c767dd44cd454fbcedbc6732c155db3
:10400800def71cd7356df454f45c1cd79ab6f45c13
:104018009334520452045204520452045204520477
:104028005204520452045204d454def7ffffffff37
:10403800ffffbbc6731c520452045204520473049b
:10404800144d75ad79ce1ce79defdef7dfffffff5e
:10405800ffffffffdef79def1ce7399e930c52042c
:104068005204520452045204f89dffffffffffff61
:104078005ddfd44c520452045204520452045204d8
:10408800520452045204d4547de7ffffffffffffa0
:10409800ffffffffffffffffffffffff5de7f89553
:1040a8001cd7ffffffffffffffffffffffffffff23
:1040b800ffffffff9eef18a69334520452045204e8
:1040c800520452045204520452045204520459ae87
:1040d8005ddfd454520452045204731439a67de7a8
:1040e800933c35659eefd454520473243cd759aea3
:1040f800731cf89d3cdfb33c39ae5cdfb44c520412
:1041080052045204932c7de7fbce5ddf767d730c61
:1041180052045204520452045204731c56759abe37
:104128009eeffbced44c5204babedbc673245204b5
:10413800730c933c15657675dbc61cd7933c155def
:10414800beef767d520452049334fbce59ae520c26
:1041580052045204520452045204520452045204a7
:104168005204520452045204d454bef7ffffffff16
:10417800ffffdbce731c5204520452045204730432
:10418800f44c75ad59ce1ce79defdef7dfffffff5e
:10419800ffffffffdef79def1ce7599e93145204c3
:1041a8005204520452045204b78dffffffffffff71
:1041b8007de7d45452045204520452045204520467
:1041c800520452045204d4547de7ffffffffffff5f
:1041d800ffffffffffffffff9eef7ab6d454933433
:1041e8001cd7ffffffffffffffffffffffffffffe2
:1041f800bef7bbc61565731c520452045204520420
:104208005204520452045204520452045204f89db7
:104218009de71565520452045204731cbabe1cd79c
:10422800933435659eeff454520473243cd759ae49
:10423800731cf89d3cdfb33c7ab61cd7933c520400
:1042480052045204932c7de7dbc69de7b78d730caf
:104258005204520452045204520452045204732465
:1042680097859eef18a65204babedbc67324520483
:10427800356d1cd71cd7bbc65ddf1cd7933c155dbd
:104288009eef356d520452049334fbce59ae520c56
:104298005204520452045204520452045204520466
:1042a8005204520452045204f55cdef7ffffffff8c
:1042b800ffff9abe7314520452045204520472044b
:1042c800145575ad59ce1ce79defdef7dffffffff4
:1042d800ffffffffdef79def1ce779a6931452045a
:1042e8005204520452045204767dffffffffffff81
:1042f8009eef1565520452045204520452045204ab
:10430800520452045204d4547de7ffffffffffff1d
:10431800ffffffffdef7fbce56757324520493347c
:104328001cd7ffffffffffffffffffffdff73cdfab
:104338009685932c52045204520452045204520497
:104348005204520452045204520452045204156591
:10435800beef18a673245204730c15657de739a6c1
:10436800731c15659eef356d5204b44c5ddf59ae74
:10437800731cf89d3cdfb33c189e7de7f45452044f
:104388007324933c93347de7d79559ae5de7356d3b
:10439800520c5204520452047324933c720c52047b
:1043a800d44c7de739ae52049abefbce932c731cd5
:1043b8007ab63cd7d44c731c7ab61cd7933c155d9f
:1043c8009eef356d520452049334fbce7ab6720ccc
:1043d8005204520452045204520452045204520425
:1043e80052045204520452045675dff7ffffffffd0
:1043f800ffff59ae7314520452045204520452047b
:10440800155d75ad59ce1ce79defdef7dfffffffa9
:10441800ffffffffdef79ef73ce79ab693145204be
:1044280052045204520452041565def7ffffffffe1
:10443800dff75675520452045204520452045204cf
:10444800520452045204d4547de7ffffffffffffdc
:10445800ffff5ddfd795933452045204520493341e
:104468001cd7ffffffffffffffff7de718a6b4443f
:10447800520c52045204520452045204520452047c
:104488005204520452045204520452045204732433
:1044980059ae9eef9abef89d39ae5ddf9eef356d41
:1044a800730cb44c5ddffbcef895dbc6beef59ae9e
:1044b800731cf89d3cdfb33cf55c7de7dbc6d89503
:1044c8007ab659ae93347de7b78db33cdbc63cd79b
:1044d800d44c520452045204566d1ccf39aef89d88
:1044e800dbc67de7356d5204189e7de7f89d56754d
:1044f80039a67de7b795f89d5ddf1cd7933c155d20
:104508009eef356d5204520473249abe5ddfd89530
:10451800356d520452045204520452045204520497
:104528005204520452045204f895ffffffffffffa4
:10453800ffffd895720c52045204520452047304bb
:10454800356596b579ce1ce79defdef7ffffffffd7
:10455800ffffffffdef79ef73ce7bac6b42452041c
:104568005204520452045204b44c9de7ffffffff6b
:10457800fffff895720c520452045204520452047c
:10458800520452045204d4547de7ffffffff9eef0c
:1045980059b6d44c730c5204520452045204933446
:1045a8001cd7ffffffffbef7babef45c73145204ba
:1045b8005204520452045204520452045204520443
:1045c8005204520452045204520452045204520433
:1045d800932cd78dfbce3cd7fbce59ae3cd73cdfd6
:1045e800b78d9334767dfbce1cd7f89d39a6b78d51
:1045f8007314767d7ab6933473145675dbce1cd754
:104608009abe156573249abe56755204f454babe00
:104618009785520452045204933418a61cd73cd7e9
:10462800bbc6567573145204b44c9abe1cd7b795c2
:10463800d44c7ab61cd7babed89539ae932cd44c84
:10464800bbbef4545204520452041565dbc6fcd6b2
:10465800767d520452045204520452045204520405
:10466800520452045204720cbabeffffffffffff50
:10467800dff7567552045204520452045204730c64
:10468800557d96b599ce3ce79ef7def7ffffffff15
:10469800ffffffffdfff9ef75ce7dad6153d520408
:1046a80052045204520452049334fcceffffffff1d
:1046b800ffffdbce731c520452045204520452040e
:1046c800520452045204d4547de7dff7dbc6356d3b
:1046d800731c520452045204520452045204933478
:1046e8001cd7dff71cd7767d73245204520452047a
:1046f8005204520452045204520452045204520402
:1047080052045204520452045204520452045204f1
:10471800520452047314731c7314520cd44c39a6eb
:10472800fccef45c52047314731c5204520c520ce9
:1047380052045204730c5204520452047314731c2e
:10474800730c52045204730c520452045204730c36
:10475800520c520452045204520452047314731c2f
:10476800730c5204520452045204720c731c520cff
:104778005204720c731c730c5204720c52045204cf
:10478800730c5204520452045204520473147314e6
:104798005204520452045204520452045204520461
:1047a800520452045204b33c5ddfffffffffffffda
:1047b8009eeff55c520452045204520452047314de
:1047c800558db6b59ad63ce79ef7def7ffffffff9b
:1047d800ffffffffdfffbef75defdbd67665520414
:1047e8005204520452045204731459aeffffffffdf
:1047f800ffff9eeff4545204520452045204520430
:10480800520452045204d454bbc6b78d9334520494
:104818005204520452045204520452045204732c97
:104828007ab618a6b33c520c5204520452045204ed
:1048380052045204520452045204520452045204c0
:1048480052045204520452045204520452045204b0
:10485800520452045204520452045204520473146f
:1048680093347314520452045204520452045204ee
:104878005204520452045204520452045204520480
:104888005204520452045204520452045204520470
:104898005204520452045204520452045204520460
:1048a8005204520452045204520452045204520450
:1048b8005204520452045204520452045204520440
:1048c8005204520452045204520452045204520430
:1048d8005204520452045204520452045204520420
:1048e8005204520452045675bef7ffffffffffff44
:1048f8001cd7933452045204520452045204b32471
:104908005595f7bdbad65ce7bef7dfffffffffff9f
:10491800ffffffffdfffbef77deffbde1896730c8e
:1049280052045204520452045204767ddef7ffff0b
:10493800ffffdff7f89d720c520452045204520430
:10494800520452045204731c933c730c52045204d4
:104958005204520452045204520452045204720c77
:10496800933c7314520452045204520452045204e5
:10497800520452045204520452045204520452047f
:10498800520452045204520452045204520452046f
:10499800520452045204520452045204520452045f
:1049a800520452045204520452045204520452044f
:1049b800520452045204520452045204520452043f
:1049c800520452045204520452045204520452042f
:1049d800520452045204520452045204520452041f
:1049e800520452045204520452045204520452040f
:1049f80052045204520452045204520452045204ff
:104a080052045204520452045204520452045204ee
:104a180052045204520452045204520452045204de
:104a280052045204731c59aeffffffffffffffff44
:104a380059ae730c52045204520452045204f44402
:104a480055a518c6dbde7defbef7dfffffffffffd2
:104a5800ffffffffdfffdef77def1bdf7ab6b31c3a
:104a68005204520452045204520493345ddfffff8f
:104a7800ffffffff1cd7933c520452045204520418
:104a8800520452045204520452045204520452046e
:104a9800520452045204520452045204520452045e
:104aa800520452045204520452045204520452044e
:104ab800520452045204520452045204520452043e
:104ac800520452045204520452045204520452042e
:104ad800520452045204520452045204520452041e
:104ae800520452045204520452045204520452040e
:104af80052045204520452045204520452045204fe
:104b080052045204520452045204520452045204ed
:104b180052045204520452045204520452045204dd
:104b280052045204520452045204520452045204cd
:104b380052045204520452045204520452045204bd
:104b480052045204520452045204520452045204ad
:104b5800520452045204520452045204520452049d
:104b680052045204d4547de7ffffffffffffbeef5e
:104b7800156552045204520452045204730c15650c
:104b880055ad58c61bdf7defbef7dfffffffffff08
:104b9800ffffffffffffdef79ef73ce7bac61545ac
:104ba80052045204520452045204730c189effff1c
:104bb800ffffffffdff7b78d52045204520452047f
:104bc800520452045204520452045204520452042d
:104bd800520452045204520452045204520452041d
:104be800520452045204520452045204520452040d
:104bf80052045204520452045204520452045204fd
:104c080052045204520452045204520452045204ec
:104c180052045204520452045204520452045204dc
:104c280052045204520452045204520452045204cc
:104c380052045204520452045204520452045204bc
:104c480052045204520452045204520452045204ac
:104c5800520452045204520452045204520452049c
:104c6800520452045204520452045204520452048c
:104c7800520452045204520452045204520452047c
:104c8800520452045204520452045204520452046c
:104c9800520452045204520452045204520452045c
:104ca8005204731c59aeffffffffffffffffdbce6f
:104cb800932c52045204520452045204731455851e
:104cc80096b579ce3ce79defdef7ffffffffffffcc
:104cd800ffffffffffffdfffbef75defdbd6d77dee
:104ce800730c52045204520452045204f4547de7e3
:104cf800ffffffffffff5ddfd4545204520452044c
:104d080052045204520452045204520452045204eb
:104d180052045204520452045204520452045204db
:104d280052045204520452045204520452045204cb
:104d380052045204520452045204520452045204bb
:104d480052045204520452045204520452045204ab
:104d5800520452045204520452045204520452049b
:104d6800520452045204520452045204520452048b
:104d7800520452045204520452045204520452047b
:104d8800520452045204520452045204520452046b
:104d9800520452045204520452045204520452045b
:104da800520452045204520452045204520452044b
:104db800520452045204520452045204520452043b
:104dc800520452045204520452045204520452042b
:104dd800520452045204520452045204520452041b
:104de800520415659eefffffffffffffbef7968594
:104df800520452045204520452045204d43c349dc6
:104e0800f7bdbad65ce7bef7dfffffffffffffff86
:104e1800ffffffffffffdfffbef77deffbde79b689
:104e2800b31c52045204520452045204731439a697
:104e3800ffffffffffffffff7ab6732452045204ff
:104e480052045204520452045204520452045204aa
:104e5800520452045204520452045204520452049a
:104e6800520452045204520452045204520452048a
:104e7800520452045204520452045204520452047a
:104e8800520452045204520452045204520452046a
:104e9800520452045204520452045204520452045a
:104ea800520452045204520452045204520452044a
:104eb800520452045204520452045204520452043a
:104ec800520452045204520452045204520452042a
:104ed800520452045204520452045204520452041a
:104ee800520452045204520452045204520452040a
:104ef80052045204520452045204520452045204fa
:104f080052045204520452045204520452045204e9
:104f180052045204520452045204520452045204d9
:104f2800b33cfbcefffffffffffffffffbce932c41
:104f380052045204520452045204720c156d55adb9
:104f480038c6fbde7defbef7dfffffffffffffff89
:104f5800ffffffffffffffffdef79ef73ce7bace3c
:104f68007665730452045204520452045204b44441
:104f78003cd7ffffffffffffdef7f895731c5204d5
:104f88005204520452045204520452045204520469
:104f98005204520452045204520452045204520459
:104fa8005204520452045204520452045204520449
:104fb8005204520452045204520452045204520439
:104fc8005204520452045204520452045204520429
:104fd8005204520452045204520452045204520419
:104fe8005204520452045204520452045204520409
:104ff80052045204520452045204520452045204f9
:1050080052045204520452045204520452045204e8
:1050180052045204520452045204520452045204d8
:1050280052045204520452045204520452045204c8
:1050380052045204520452045204520452045204b8
:1050480052045204520452045204520452045204a8
:105058005204520452045204520452045204732457
:1050680059aedff7ffffffffffff9eef356d5204dc
:1050780052045204520452045204b32c5595b6b546
:1050880099ce3ce79defdef7ffffffffffffffff35
:10509800ffffffffffffffffdfffbef75defdbde78
:1050a80039a6b31c52045204520452045204520c3e
:1050b800767dbeefffffffffffff9eef968573141f
:1050c8005204520452045204520452045204520428
:1050d8005204520452045204520452045204520418
:1050e8005204520452045204520452045204520408
:1050f80052045204520452045204520452045204f8
:1051080052045204520452045204520452045204e7
:1051180052045204520452045204520452045204d7
:1051280052045204520452045204520452045204c7
:1051380052045204520452045204520452045204b7
:1051480052045204520452045204520452045204a7
:105158005204520452045204520452045204520497
:105168005204520452045204520452045204520487
:105178005204520452045204520452045204520477
:105188005204520452045204520452045204520467
:10519800520452045204520452045204731cf89ddf
:1051a800bef7ffffffffffffdff739ae731c5204a6
:1051b8005204520452045204730c145d55a518c6c7
:1051c800dbde5defbef7dfffffffffffffffffff47
:1051d800ffffffffffffffffdfffbef79def1ce7ad
:1051e8009ace765d73045204520452045204520457
:1051f800731c39a6dff7ffffffffffff9eef9785c0
:10520800731c5204520452045204520452045204ad
:1052180052045204520452045204520452045204d6
:1052280052045204520452045204520452045204c6
:1052380052045204520452045204520452045204b6
:1052480052045204520452045204520452045204a6
:105258005204520452045204520452045204520496
:105268005204520452045204520452045204520486
:105278005204520452045204520452045204520476
:105288005204520452045204520452045204520466
:105298005204520452045204520452045204520456
:1052a8005204520452045204520452045204520446
:1052b8005204520452045204520452045204520436
:1052c8005204520452045204520452045204520426
:1052d800520452045204520452047324f89dbeef3f
:1052e800ffffffffffffffffdbceb33c520452047a
:1052f8005204520452045204b324349596b579ce1c
:105308001bdf7defbef7dfffffffffffffffffffa4
:10531800ffffffffffffffffffffdef7bef75defb9
:10532800dbde59aed42c5204520452045204520407
:1053380052049334babeffffffffffffffffbeef2b
:10534800f895932c52045204520452045204520405
:105358005204520452045204520452045204520495
:105368005204520452045204520452045204520485
:105378005204520452045204520452045204520475
:105388005204520452045204520452045204520465
:105398005204520452045204520452045204520455
:1053a8005204520452045204520452045204520445
:1053b8005204520452045204520452045204520435
:1053c8005204520452045204520452045204520425
:1053d8005204520452045204520452045204520415
:1053e8005204520452045204520452045204520405
:1053f80052045204520452045204520452045204f5
:1054080052045204520452045204520452045204e4
:105418005204520452045204b33c39aebef7ffffa3
:10542800ffffffffffff3cdff55c5204520452040c
:10543800520452045204730c146d55a518c6dad6da
:105448005ce7bef7def7ffffffffffffffffffff91
:10545800ffffffffffffffffffffdfffbef79def2f
:105468001ce79aceb77d730c5204520452045204be
:1054780052045204b444dbc6ffffffffffffffffe7
:10548800def79abed44c730c5204520452045204f0
:105498005204520452045204520452045204520454
:1054a8005204520452045204520452045204520444
:1054b8005204520452045204520452045204520434
:1054c8005204520452045204520452045204520424
:1054d8005204520452045204520452045204520414
:1054e8005204520452045204520452045204520404
:1054f80052045204520452045204520452045204f4
:1055080052045204520452045204520452045204e3
:1055180052045204520452045204520452045204d3
:1055280052045204520452045204520452045204c3
:1055380052045204520452045204520452045204b3
:1055480052045204520452045204520452045204a3
:105558005204520473141565dbcedff7ffffffff1b
:10556800ffffffff5ddf356d520452045204520401
:10557800520452047304d4443495b6b579ce1ce76a
:105588007defbef7dfffffffffffffffffffffff1e
:10559800ffffffffffffffffffffffffdef7bef785
:1055a8005defdbde79c6354d7304520452045204b4
:1055b800520452045204d44cdbc6dfffffffffff46
:1055c800ffffffff5ddfd795933c5204520452045e
:1055d8005204520452045204520452045204520413
:1055e8005204520452045204520452045204520403
:1055f80052045204520452045204520452045204f3
:1056080052045204520452045204520452045204e2
:1056180052045204520452045204520452045204d2
:1056280052045204520452045204520452045204c2
:1056380052045204520452045204520452045204b2
:1056480052045204520452045204520452045204a2
:105658005204520452045204520452045204520492
:105668005204520452045204520452045204520482
:105678005204520452045204520452045204520472
:105688005204520452045204520452045204520462
:105698005204d44c18a69de7ffffffffffffffff52
:1056a800ffff5ddf356d730c52045204520452043f
:1056b800520452049324348555ad38c6dbde5defc1
:1056c800bef7def7ffffffffffffffffffffffff54
:1056d800ffffffffffffffffffffffffdfffdef71b
:1056e8009def3ce7bad639aed43452045204520482
:1056f8005204520452045204b3447ab6def7ffff50
:10570800ffffffffffffdff73cdfd795d44c732483
:1057180052045204520452045204520452045204d1
:1057280052045204520452045204520452045204c1
:1057380052045204520452045204520452045204b1
:1057480052045204520452045204520452045204a1
:105758005204520452045204520452045204520491
:105768005204520452045204520452045204520481
:105778005204520452045204520452045204520471
:105788005204520452045204520452045204520461
:105798005204520452045204520452045204520451
:1057a8005204520452045204520452045204520441
:1057b8005204520452045204520452045204520431
:1057c800520452045204520452045204932cf454c6
:1057d80018a65ddfdff7ffffffffffffffffdfff1b
:1057e8001cd7155d52045204520452045204520448
:1057f80052047314146d34a5f7bdbad63ce79def77
:10580800def7dfffffffffffffffffffffffffffe9
:10581800ffffffffffffffffffffffffffffdfffb0
:10582800bef77def1bdf79cef895b32452045204fe
:10583800520452045204520452047324d8957de74a
:10584800ffffffffffffffffffffffff7de7babe80
:10585800f895356db33c7324731c731c731c731c4f
:10586800731c731c731c731c731c731c731c731cb8
:10587800731c731c731c731c731c731c731c731ca8
:10588800731c731c731c731c731c731c731c731c98
:10589800731c731c731c731c731c731c731c731c88
:1058a800731c731c731c731c731c731c731c731c78
:1058b800731c731c731c731c731c731c731c731c68
:1058c800731c731c731c731c731c731c731c731c58
:1058d800731c731c731c731c731c731c731c731c48
:1058e800731c731c731c731c731c731c731c731c38
:1058f800731c731c731c731c731c731c731c731c28
:10590800731c731c7324b4445675189edbc69eef33
:10591800ffffffffffffffffffffffffbef779b6a7
:10592800b44452045204520452045204520452041d
:10593800730cf45c349db6b579ce1bdf7defbef7f2
:10594800dfffffffffffffffffffffffffffffff7f
:10595800ffffffffffffffffffffffffffffffff4f
:10596800def7bef75deffbde79ced78d931c5204d0
:10597800520452045204520452045204731415651a
:10598800bbc6bef7ffffffffffffffffffffffffe5
:10599800dff7bef79de73cd7fbcedbc6dbc6dbc631
:1059a800dbc6dbc6dbc6dbc6dbc6dbc6dbc6dbc6e7
:1059b800dbc6dbc6dbc6dbc6dbc6dbc6dbc6dbc6d7
:1059c800dbc6dbc6dbc6dbc6dbc6dbc6dbc6dbc6c7
:1059d800dbc6dbc6dbc6dbc6dbc6dbc6dbc6dbc6b7
:1059e800dbc6dbc6dbc6dbc6dbc6dbc6dbc6dbc6a7
:1059f800dbc6dbc6dbc6dbc6dbc6dbc6dbc6dbc697
:105a0800dbc6dbc6dbc6dbc6dbc6dbc6dbc6dbc686
:105a1800dbc6dbc6dbc6dbc6dbc6dbc6dbc6dbc676
:105a2800dbc6dbc6dbc6dbc6dbc6dbc6dbc6dbc666
:105a3800dbc6dbc6dbc6dbc6dbc6dbc6dbc6dbc656
:105a4800dbcefbce3cdf9eefbef7dfffffffffffa5
:105a5800ffffffffffffffffdff71cd7767d7324f3
:105a68005204520452045204520452045204730c55
:105a7800f44c349596b559cefbde5def9ef7def714
:105a8800ffffffffffffffffffffffffffffffff1e
:105a9800ffffffffffffffffffffffffffffffff0e
:105aa800dfffdef79ef75ce7dbde59c6b785931ca0
:105ab800520452045204520452045204520452042e
:105ac800932c7685fbcebef7ffffffffffffffff9e
:105ad800ffffffffffffffffffffffffffffffffce
:105ae800ffffffffffffffffffffffffffffffffbe
:105af800ffffffffffffffffffffffffffffffffae
:105b0800ffffffffffffffffffffffffffffffff9d
:105b1800ffffffffffffffffffffffffffffffff8d
:105b2800ffffffffffffffffffffffffffffffff7d
:105b3800ffffffffffffffffffffffffffffffff6d
:105b4800ffffffffffffffffffffffffffffffff5d
:105b5800ffffffffffffffffffffffffffffffff4d
:105b6800ffffffffffffffffffffffffffffffff3d
:105b7800ffffffffffffffffffffffffffffffff2d
:105b8800ffffffffffffffffffffffffffffffff1d
:105b9800ffffffffdff73cdfd895b44452045204ff
:105ba800520452045204520452045204730cf44c2a
:105bb800349575ad38c6dbde5ce79ef7def7dfffb0
:105bc800ffffffffffffffffffffffffffffffffdd
:105bd800ffffffffffffffffffffffffffffffffcd
:105be800ffffdfffbef79def3ce7dad659c6b78562
:105bf800b32452045204520452045204520452046c
:105c08005204520c932c56759abe5ddfdff7ffffe6
:105c1800ffffffffffffffffffffffffffffffff8c
:105c2800ffffffffffffffffffffffffffffffff7c
:105c3800ffffffffffffffffffffffffffffffff6c
:105c4800ffffffffffffffffffffffffffffffff5c
:105c5800ffffffffffffffffffffffffffffffff4c
:105c6800ffffffffffffffffffffffffffffffff3c
:105c7800ffffffffffffffffffffffffffffffff2c
:105c8800ffffffffffffffffffffffffffffffff1c
:105c9800ffffffffffffffffffffffffffffffff0c
:105ca800fffffffffffffffffffffffffffffffffc
:105cb800ffffffffffffffffffffffffffffffffec
:105cc800ffffffffffffffffffffffffffffffffdc
:105cd8009eefdbceb78db33c7314520452045204ca
:105ce80052045204520452045204730cf44c349576
:105cf80075ad38c6bad63ce79defbef7dfffffffac
:105d0800ffffffffffffffffffffffffffffffff9b
:105d1800ffffffffffffffffffffffffffffffff8b
:105d2800ffffffffdfffbef79def3ce7dad659c65e
:105d3800d795b42c730452045204520452045204ea
:105d48005204520452045204731cd44c567d39ae8a
:105d58001cd79de7beefbef7def7dff7dff7dff70b
:105d6800dff7dff7dff7dff7dff7dff7dff7dff77b
:105d7800dff7dff7dff7dff7dff7dff7dff7dff76b
:105d8800dff7dff7dff7dff7dff7dff7dff7dff75b
:105d9800dff7dff7dff7dff7dff7dff7dff7dff74b
:105da800dff7dff7dff7dff7dff7dff7dff7dff73b
:105db800dff7dff7dff7dff7dff7dff7dff7dff72b
:105dc800dff7dff7dff7dff7dff7dff7dff7dff71b
:105dd800dff7dff7dff7dff7dff7dff7dff7dff70b
:105de800dff7dff7dff7dff7dff7dff7dff7dff7fb
:105df800dff7dff7dff7dff7dff7dff7dff7dff7eb
:105e0800dff7def7bef7beef9eef5ddf9ab6978548
:105e1800f45c932c52045204520452045204520467
:105e280052045204520452047314f45c349575ad50
:105e380038c6bad63ce79defbef7dfffffffffff8e
:105e4800ffffffffffffffffffffffffffffffff5a
:105e5800ffffffffffffffffffffffffffffffff4a
:105e6800ffffffffffffdfffbef79def3ce7dad63e
:105e780059c6f8a5154d730c520452045204520425
:105e88005204520452045204520452045204730c31
:105e9800731c9334156556759685b78db78db78d78
:105ea800b78db78db78db78db78db78db78db78dca
:105eb800b78db78db78db78db78db78db78db78dba
:105ec800b78db78db78db78db78db78db78db78daa
:105ed800b78db78db78db78db78db78db78db78d9a
:105ee800b78db78db78db78db78db78db78db78d8a
:105ef800b78db78db78db78db78db78db78db78d7a
:105f0800b78db78db78db78db78db78db78db78d69
:105f1800b78db78db78db78db78db78db78db78d59
:105f2800b78db78db78db78db78db78db78db78d49
:105f3800b78db78db78db78db78db78db78db78d39
:105f4800b78d978d767d356db444731c73145204e8
:105f58005204520452045204520452045204520489
:105f6800520452045204b32c1475349d96b538c6a5
:105f7800bad63ce79defbef7def7ffffffffffff56
:105f8800ffffffffffffffffffffffffffffffff19
:105f9800ffffffffffffffffffffffffffffffff09
:105fa800ffffffffffffffffdef7bef79def3ce7b8
:105fb800dbde59ce18b6766db3247304520452044e
:105fc8005204520452045204520452045204520419
:105fd8005204520452045204520452045204520409
:105fe80052045204520452045204520452045204f9
:105ff80052045204520452045204520452045204e9
:1060080052045204520452045204520452045204d8
:1060180052045204520452045204520452045204c8
:1060280052045204520452045204520452045204b8
:1060380052045204520452045204520452045204a8
:106048005204520452045204520452045204520498
:106058005204520452045204520452045204520488
:106068005204520452045204520452045204520478
:106078005204520452045204520452045204520468
:106088005204520452045204520452045204520458
:106098005204520452045204520452045204520448
:1060a80052047314d444348d34a5d6b559cedbdeee
:1060b8003ce79defbef7def7ffffffffffffffffa7
:1060c800ffffffffffffffffffffffffffffffffd8
:1060d800ffffffffffffffffffffffffffffffffc8
:1060e800ffffffffffffffffffffdfffbef79def93
:1060f8005ce7fbde99ce18bed79d35559314730423
:1061080052045204520452045204520452045204d7
:1061180052045204520452045204520452045204c7
:1061280052045204520452045204520452045204b7
:1061380052045204520452045204520452045204a7
:106148005204520452045204520452045204520497
:106158005204520452045204520452045204520487
:106168005204520452045204520452045204520477
:106178005204520452045204520452045204520467
:106188005204520452045204520452045204520457
:106198005204520452045204520452045204520447
:1061a8005204520452045204520452045204520437
:1061b8005204520452045204520452045204520427
:1061c8005204520452045204520452045204520417
:1061d8005204520452045204520452045204730cde
:1061e800b3341475349d75adf7bd99cefbde5ce70d
:1061f8009defbef7dfffffffffffffffffffffff82
:10620800ffffffffffffffffffffffffffffffff96
:10621800ffffffffffffffffffffffffffffffff86
:10622800ffffffffffffffffffffffffdfffbef7df
:106238009ef77def1ce7bad659c6f7b5b78d154d51
:106248009314730452045204520452045204520424
:106258005204520452045204520452045204520486
:106268005204520452045204520452045204520476
:106278005204520452045204520452045204520466
:106288005204520452045204520452045204520456
:106298005204520452045204520452045204520446
:1062a8005204520452045204520452045204520436
:1062b8005204520452045204520452045204520426
:1062c8005204520452045204520452045204520416
:1062d8005204520452045204520452045204520406
:1062e80052045204520452045204520452045204f6
:1062f80052045204520452045204520452045204e6
:1063080052045204520452045204520452045204d5
:1063180052045204520452045204730cb3341465e8
:10632800349555a5d6b558c6bad61ce75def9ef785
:10633800bef7dfffffffffffffffffffffffffffce
:10634800ffffffffffffffffffffffffffffffff55
:10635800ffffffffffffffffffffffffffffffff45
:10636800ffffffffffffffffffffffffffffdfff55
:10637800def7bef77def3ce7fbde9ad638c6f7b509
:10638800b7953555b424730c520452045204520480
:106398005204520452045204520452045204520445
:1063a8005204520452045204520452045204520435
:1063b8005204520452045204520452045204520425
:1063c8005204520452045204520452045204520415
:1063d8005204520452045204520452045204520405
:1063e80052045204520452045204520452045204f5
:1063f80052045204520452045204520452045204e5
:1064080052045204520452045204520452045204d4
:1064180052045204520452045204520452045204c4
:1064280052045204520452045204520452045204b4
:1064380052045204520452045204520452045204a4
:106448005204520452045204520452045204520494
:1064580052045204730c931cd43c3575559555a5bc
:10646800b6b518c69ad6fbde3ce77defbef7def779
:10647800dfffffffffffffffffffffffffffffff44
:10648800ffffffffffffffffffffffffffffffff14
:10649800ffffffffffffffffffffffffffffffff04
:1064a800fffffffffffffffffffffffffffffffff4
:1064b800dfffdef7bef79ef77def3ce7dbde99ce28
:1064c80038c6d7b5d7a5967d1555d42c7314730c3b
:1064d8005204520452045204520452045204520404
:1064e80052045204520452045204520452045204f4
:1064f80052045204520452045204520452045204e4
:1065080052045204520452045204520452045204d3
:1065180052045204520452045204520452045204c3
:1065280052045204520452045204520452045204b3
:1065380052045204520452045204520452045204a3
:106548005204520452045204520452045204520493
:106558005204520452045204520452045204520483
:106568005204520452045204520452045204520473
:106578005204520452045204520452045204520463
:10658800520452045204520452045204730c730c01
:106598009324d44415655585349d75adb6b538c674
:1065a80099cedbde3ce77def9ef7bef7def7dfff37
:1065b800ffffffffffffffffffffffffffffffffe3
:1065c800ffffffffffffffffffffffffffffffffd3
:1065d800ffffffffffffffffffffffffffffffffc3
:1065e800ffffffffffffffffffffffffffffffffb3
:1065f800ffffffffdfffdef7bef79def5def3ce734
:10660800fbde9ad659ce17bed7b5b6a59695567560
:10661800355d144dd43cd434b42cb32cb32cb32cea
:10662800b32cb32cb32cb32cb32cb32cb32cb32c6a
:10663800b32cb32cb32cb32cb32cb32cb32cb32c5a
:10664800b32cb32cb32cb32cb32cb32cb32cb32c4a
:10665800b32cb32cb32cb32cb32cb32cb32cb32c3a
:10666800b32cb32cb32cb32cb32cb32cb32cb32c2a
:10667800b32cb32cb32cb32cb32cb32cb32cb32c1a
:10668800b32cb32cb32cb32cb32cb32cb32cb32c0a
:10669800b32cb32cb32cb32cb32cb32cb32cb32cfa
:1066a800b32cb32cb32cb32cb32cb32cb32cb32cea
:1066b800b32cb32cb32cb32cb32cb32cb32cb32cda
:1066c800b32cb32cb42cd434f4441455356d5585ff
:1066d800559555a575adb6b5f7bd58c69ad6dbde46
:1066e8003ce75def9defbef7def7dfffffffffff43
:1066f800ffffffffffffffffffffffffffffffffa2
:10670800ffffffffffffffffffffffffffffffff91
:10671800ffffffffffffffffffffffffffffffff81
:10672800ffffffffffffffffffffffffffffffff71
:10673800ffffffffffffffffdfffdef7bef79def65
:106748007def3ce71bdfdbde9ad659ce18c6d7bdf6
:10675800b6b596b596ad96a5969d969d769d769d71
:10676800769d769d769d769d769d769d769d769d89
:10677800769d769d769d769d769d769d769d769d79
:10678800769d769d769d769d769d769d769d769d69
:10679800769d769d769d769d769d769d769d769d59
:1067a800769d769d769d769d769d769d769d769d49
:1067b800769d769d769d769d769d769d769d769d39
:1067c800769d769d769d769d769d769d769d769d29
:1067d800769d769d769d769d769d769d769d769d19
:1067e800769d769d769d769d769d769d769d769d09
:1067f800769d769d769d769d769d769d769d769df9
:10680800769d769d769d76a555a555ad75adb6b5a3
:10681800d7bd18c659ce9ad6dbde1bdf3ce77def25
:106828009defbef7def7dfffffffffffffffffff74
:10683800ffffffffffffffffffffffffffffffff60
:10684800ffffffffffffffffffffffffffffffff50
:10685800ffffffffffffffffffffffffffffffff40
:10686800ffffffffffffffffffffffffffffffff30
:10687800ffffffffffffffffffffdfffdfffdef789
:10688800bef79ef77def5def3ce71bdffbdebad678
:106898009ad679ce59ce58c638c638c618c618c63c
:1068a80018c618c618c618c618c618c618c618c6f0
:1068b80018c618c618c618c618c618c618c618c6e0
:1068c80018c618c618c618c618c618c618c618c6d0
:1068d80018c618c618c618c618c618c618c618c6c0
:1068e80018c618c618c618c618c618c618c618c6b0
:1068f80018c618c618c618c618c618c618c618c6a0
:1069080018c618c618c618c618c618c618c618c68f
:1069180018c618c618c618c618c618c618c618c67f
:1069280018c618c618c618c618c618c618c618c66f
:1069380018c618c618c618c618c618c618c618c65f
:1069480018c618c618c638c638c659ce79ce9ad6cb
:10695800bad6fbde1bdf3ce75def7def9ef7bef7a7
:10696800def7dfffdfffffffffffffffffffffff98
:10697800ffffffffffffffffffffffffffffffff1f
:10698800ffffffffffffffffffffffffffffffff0f
:10699800ffffffffffffffffffffffffffffffffff
:1069a800ffffffffffffffffffffffffffffffffef
:1069b800ffffffffffffffffffffffffffffffffdf
:1069c800dfffdef7bef7bef79ef79def7def5defc9
:1069d8003ce73ce71ce71bdffbdefbdefbdefbde08
:1069e800fbdefbdefbdefbdefbdefbdefbdefbded7
:1069f800fbdefbdefbdefbdefbdefbdefbdefbdec7
:106a0800fbdefbdefbdefbdefbdefbdefbdefbdeb6
:106a1800fbdefbdefbdefbdefbdefbdefbdefbdea6
:106a2800fbdefbdefbdefbdefbdefbdefbdefbde96
:106a3800fbdefbdefbdefbdefbdefbdefbdefbde86
:106a4800fbdefbdefbdefbdefbdefbdefbdefbde76
:106a5800fbdefbdefbdefbdefbdefbdefbdefbde66
:106a6800fbdefbdefbdefbdefbdefbdefbdefbde56
:106a7800fbdefbdefbdefbdefbdefbdefbdefbde46
:106a8800fbdefbdefbdefbde1bdf1ce73ce73ce757
:106a98005def7def9def9ef7bef7bef7def7dffff8
:106aa800dfffffffffffffffffffffffffffffff0e
:106ab800ffffffffffffffffffffffffffffffffde
:106ac800ffffffffffffffffffffffffffffffffce
:106ad800ffffffffffffffffffffffffffffffffbe
:106ae800ffffffffffffffffffffffffffffffffae
:106af800ffffffffffffffffffffffffffffffff9e
:106b0800ffffffffdfffdfffdef7def7bef7bef7b1
:106b18009ef79ef79def9def7def7def7def7def7b
:106b28007def7def7def7def7def7def7def7deffd
:106b38007def7def7def7def7def7def7def7defed
:106b48007def7def7def7def7def7def7def7defdd
:106b58007def7def7def7def7def7def7def7defcd
:106b68007def7def7def7def7def7def7def7defbd
:106b78007def7def7def7def7def7def7def7defad
:106b88007def7def7def7def7def7def7def7def9d
:106b98007def7def7def7def7def7def7def7def8d
:106ba8007def7def7def7def7def7def7def7def7d
:106bb8007def7def7def7def7def7def7def7def6d
:106bc8007def7def7def7def9def9def9ef79ef7cb
:106bd800bef7bef7def7def7dfffdfffffffffffe1
:106be800ffffffffffffffffffffffffffffffffad
:106bf800ffffffffffffffffffffffffffffffff9d
:106c0800ffffffffffffffffffffffffffffffff8c
:106c1800ffffffffffffffffffffffffffffffff7c
:106c2800ffffffffffffffffffffffffffffffff6c
:106c3800ffffffffffffffffffffffffffffffff5c
:106c4800ffffffffffffffffffffffffdfffdfff8c
:106c5800dfffdef7def7def7bef7bef7bef7bef7fb
:106c6800bef7bef7bef7bef7bef7bef7bef7bef774
:106c7800bef7bef7bef7bef7bef7bef7bef7bef764
:106c8800bef7bef7bef7bef7bef7bef7bef7bef754
:106c9800bef7bef7bef7bef7bef7bef7bef7bef744
:106ca800bef7bef7bef7bef7bef7bef7bef7bef734
:106cb800bef7bef7bef7bef7bef7bef7bef7bef724
:106cc800bef7bef7bef7bef7bef7bef7bef7bef714
:106cd800bef7bef7bef7bef7bef7bef7bef7bef704
:106ce800bef7bef7bef7bef7bef7bef7bef7bef7f4
:106cf800bef7bef7bef7bef7bef7bef7bef7bef7e4
:106d0800bef7bef7bef7bef7def7def7def7dfff4a
:106d1800dfffdfffffffffffffffffffffffffffbb
:106d2800ffffffffffffffffffffffffffffffff6b
:106d3800ffffffffffffffffffffffffffffffff5b
:106d4800ffffffffffffffffffffffffffffffff4b
:106d5800ffffffffffffffffffffffffffffffff3b
:106d6800ffffffffffffffffffffffffffffffff2b
:106d7800ffffffffffffffffffffffffffffffff1b
:106d8800ffffffffffffffffffffffffffffffff0b
:106d9800ffffffffffffdfffdfffdfffdfffdfff9b
:106da800dfffdfffdfffdfffdfffdfffdfffdfffeb
:106db800dfffdfffdfffdfffdfffdfffdfffdfffdb
:106dc800dfffdfffdfffdfffdfffdfffdfffdfffcb
:106dd800dfffdfffdfffdfffdfffdfffdfffdfffbb
:106de800dfffdfffdfffdfffdfffdfffdfffdfffab
:106df800dfffdfffdfffdfffdfffdfffdfffdfff9b
:106e0800dfffdfffdfffdfffdfffdfffdfffdfff8a
:106e1800dfffdfffdfffdfffdfffdfffdfffdfff7a
:106e2800dfffdfffdfffdfffdfffdfffdfffdfff6a
:106e3800dfffdfffdfffdfffdfffdfffdfffdfff5a
:106e4800dfffdfffdfffdfffdfffffffffffffffea
:106e5800ffffffffffffffffffffffffffffffff3a
:106e6800ffffffffffffffffffffffffffffffff2a
:106e7800ffffffffffffffffffffffffffffffff1a
:106e8800ffffffffffffffffffffffffffffffff0a
:106e9800fffffffffffffffffffffffffffffffffa
:106ea800ffffffffffffffffffffffffffffffffea
:106eb800ffffffffffffffffffffffffffffffffda
:106ec800ffffffffffffffffffffffffffffffffca
:106ed800ffffffffffffffffffffffffffffffffba
:106ee800ffffffffffffffffffffffffffffffffaa
:106ef800ffffffffffffffffffffffffffffffff9a
:106f0800ffffffffffffffffffffffffffffffff89
:106f1800ffffffffffffffffffffffffffffffff79
:106f2800ffffffffffffffffffffffffffffffff69
:106f3800ffffffffffffffffffffffffffffffff59
:106f4800ffffffffffffffffffffffffffffffff49
:106f5800ffffffffffffffffffffffffffffffff39
:106f6800ffffffffffffffffffffffffffffffff29
:106f7800ffffffffffffffffffffffffffffffff19
:106f8800ffffffffffffffffffffffffffffffff09
:106f9800fffffffffffffffffffffffffffffffff9
:106fa800ffffffffffffffffffffffffffffffffe9
:106fb800ffffffffffffffffffffffffffffffffd9
:106fc800ffffffffffffffffffffffffffffffffc9
:020000040000fa
:020000040c01ed
:106fd800b6ffff3da9ffff309cffff238fffff1681
:106fe80082ffff0975fffc0069ffef005cffe3000b
:106ff8004fffd60042ffc90035ffbc0028ffaf0095
:107008001bffa2000eff9600000000000000000019
:107018006df1cb14ebffff6ae9ffff686af1c91253
:1070280026ffff710006ffff9111ffff5c0000f1d2
:10703800ff7c01fbff480000ddff6800e8ff33002c
:1070480000c8ff5300d4ff1f0000b4ff3f00bfff7c
:107058000a00009fff2a00aaf60000008aff160017
:1070680000000000000028ffdc0000001cffd40026
:10707800000000000000000056ffae0000004affbc
:10708800a500000000000000000084ff8000000050
:1070980078ff77000000000000000000b2ff5200f7
:1070a8000000a6ff48000000000000000000e0ff0c
:1070b80024000000d4ff1900000000000000000eaa
:1070c800fff401000006faeb000000000038d4d4f9
:1070d800d4dafff9d4d4d4d8fff7d4d4d44c0044ac
:1070e800ffffffffffffffffffffffffffffff5c4b
:1070f8000000000000a1ff57000000a9ff53000096
:1071080000000000000000daff1f000000e1ff1c83
:10711800000000000000000013ffe700000018ff57
:10712800e60000000000000000004cffaf00000077
:1071380050ffaf00000000004cffffffffffffff04
:10714800ffffffffffffffff68004cffffffffff90
:10715800ffffffffffffffffffff680001040404bc
:10716800dbff23040404e0ff1f0404040100000003
:10717800000afdf100000011ffeb00000000000014
:1071880000000037ffc300000041ffba0000000004
:10719800000000000065ff9400000072ff890000f5
:1071a8000000000000000093ff65000000a3ff58e6
:1071b800000000000000000000c1ff37000000d4fc
:1071c800ff28000000000000000000000000ece0c4
:1071d800000000000000000000000000ece00000db
:1071e80000000000000000226786f7f1877243065e
:1071f800000000089ffefffffffffffffff07b007e
:1072080000a1ffffe6aaf7f099c1f2ff660016fd9c
:10721800ffa40700ece0000006460e003dffff3229
:107228000000ece000000000000030ffff5200000a
:10723800ece000000000000003e2ffe14401ece0a4
:107248000000000000000043f6ffffe4fae304003a
:1072580000000000000029b2feffffffed9e3a008b
:107268000000000000002073f8ffffffffb91900bd
:10727800000000000000ece760b7ffffd404000046
:1072880000000000ece000005fffff4b0000000082
:107298000000ece0000004fdff6b020000000000ad
:1072a800ece000003affff5043ca7c421b07ece4c5
:1072b8003c7cedffe00944fffffffffffffffffffe
:1072c800ffdd2b00127ec0e8fbffffffecba680968
:1072d8000000000000000111eee0000000000000c6
:1072e800000000000000ece00000000000000000ca
:1072f80000000000ece000000000000000000000ba
:107308000000726c000000000000000000047fe034
:10731800f9d86d0000000000000030feea0e000001
:10732800000090ffffffffff7a000000000000bc94
:10733800ff6b0000000019fbff681572fff71400cf
:107348000000004bffd8040000000060ffc30000ed
:1073580000c5ff5f00000003d5ff4f0000000000dc
:1073680089ff8800000084ff8d00000067ffc100ce
:1073780000000000009aff740000006effa10000ea
:107388000ce7fe350000000000009aff74000000c2
:107398006fffa1000082ffa6000000000000008728
:1073a800ff8800000084ff8e001af5f82000000016
:1073b8000000000059ffc3000000c5ff61009effe8
:1073c8008a005ad1f8e68f0b0012f6fe580d6effb0
:1073d800f9172efdec1054fffcc7e9ffb600007c3e
:1073e800ffffffffff8700b9ff6e00d8ff55000db4
:1073f800d5ff47000175e1fde07a0346ffdb052470
:10740800ffe50000006aff9c000000000000000289
:10741800d1ff53004dffb900000038ffc90000003c
:107428000000000063ffc400005fffaa00000027ff
:10743800ffdd0000000000000ae5ff3800005effe5
:10744800ad0000002affdc0000000000007effa95c
:107458000000004affc400000044ffc9000000000b
:107468000018f3f9220000001cfff308000083ff56
:107478009e00000000009aff8e0000000000caff76
:10748800920e3ef0ff4d000000002afcee120000b4
:1074980000000041fcffffffffc30100000000b532
:1074a800ff72000000000000004accf8e9981000c4
:1074b8000000000054baecfbebb3400000000000f1
:1074c8000000000000000099fffffffffffffe67bc
:1074d8000000000000000000000045ffffae2b0e7a
:1074e8003ed8fff51100000000000000000090ffea
:1074f800eb0600000040ffff4a000000000000000b
:10750800000099ffcf0000000022ffff5300000099
:1075180000000000000073fff61200000068ffff83
:107528002500000000000000000016f6ff9d000086
:107538003cf0ffaa0000000000000000000000600e
:10754800ffff7b82f9ffba0c00000000000000007a
:107558000000000094fffffffc8805000000000009
:107568000000000000000036d2ffffffaf0100005e
:10757800000000000000000000006dfdffdba6ff1a
:10758800ffa0030000000072fffc12000074ffff60
:10759800a80a008fffffab05000000c4ffc400006d
:1075a8001afaffbb0100000087ffffb5080020fda5
:1075b800ff67000064ffff40000000000080ffff3d
:1075c800be0ca0ffed0e00007effff1900000000ba
:1075d800000078ffffdaffff6f00000071ffff2e49
:1075e8000000000000000071ffffffb5010000006f
:1075f8003affff9f0000000000000684feffffd353
:107608001500000000c4ffffb13b12112e76dfff0a
:10761800ffbffdffd41600000018d0ffffffffffdb
:10762800ffffffe65e0061feffd51700000005635f
:10763800b9e8faf2ddad620900000064feffd61871
:1076480026ffff7111ffff5c01fbff4800e8ff33d5
:1076580000d4ff1f00bfff0a00aaf6000000002f99
:10766800f7fe3f000008d9ff9a00000081ffea10ea
:10767800000013f3ff8100000078fffb1b000000ef
:10768800d5ffae00000018ffff6700000053ffffa2
:107698002b0000008dffee01000000aeffcd0000c2
:1076a8000000c1ffba00000000d4ffa600000000df
:1076b800d8ffa400000000c5ffb800000000b2ff1a
:1076c800cc0000000096ffeb000000005dffff27e4
:1076d80000000021ffff6400000000dfffab000096
:1076e800000082fffa1900000019f7ff7f00000070
:1076f8000089ffe90f0000000adcff970000000086
:1077080030f3fa3905d2ff8a000000000038fdff87
:1077180047000000000096ffde080000000021fd81
:10772800ff6b0000000000b6ffdb00000000004e09
:10773800ffff39000000000bfbff7c000000000089
:10774800caffb800000000008dfff2020000000030
:107758006bffff150000000058ffff280000000025
:1077680044ffff3b0000000040ffff3f0000000017
:1077780055ffff2c0000000069ffff180000000003
:1077880089fff80400000000c6ffc20000000009dd
:10779800faff85000000004bffff4300000000b324
:1077a800ffe4020000001ffdff750000000094ffc9
:1077b800e30b00000035fdff4c00000003cafc8904
:1077c800000000000000000000aefff5000000000f
:1077d8000000000000000091ffda00000000000037
:1077e800000000000074ffbf00000000000012034a
:1077f80000000057ffa300000000170092efac64e0
:107808001d3aff880c4c93d9ef00bbffffffffe048
:10781800ffe6f9ffffffff174a6c8095a9f5ffff08
:10782800bd9c87735f100000000057ffe7ffac00a6
:107838000000000000000026f2ff36e4ff7100009f
:107848000000000008d1ffbb006cfffa3a000000fe
:1078580000009bffff480007e4ffe315000000005d
:1078680057d9d50100006df88e1100000000000303
:1078780023000000081e00000000000000000000b7
:107888000008fffc000000000000000000000008e5
:10789800fffc000000000000000000000008fffce2
:1078a800000000000000000000000008fffc0000cd
:1078b80000000000000000000008fffc00000000bd
:1078c800000098ffffffffffffffffffffffff9094
:1078d80098ffffffffffffffffffffffff9002047e
:1078e8000404040bfffc0404040404020000000068
:1078f8000008fffc00000000000000000000000875
:10790800fffc000000000000000000000008fffc71
:10791800000000000000000000000008fffc00005c
:1079280000000000000000000008fffc000000004c
:10793800000000000088ffff4600affffa0d00dee0
:10794800ffb40011ffff5b0048fff1090080ff97bb
:107958000000bdff2d00000003040404040403e03c
:10796800ffffffffffe4e0ffffffffffe400000071
:107978006ef2c812ebffff6ae9ffff686af2c611f0
:107988000000000000000074ffed06000000000089
:107998000000d3ff940000000000000033ffff3513
:1079a8000000000000000092ffd500000000000069
:1079b8000005ebff760000000000000051fffc1af4
:1079c80000000000000000b0ffb700000000000049
:1079d8000015faff58000000000000006ffff008d3
:1079e80000000000000000cfff9900000000000028
:1079f800002dffff39000000000000008dffda00b5
:107a080000000000000004e8ff7b00000000000008
:107a1800004cfffd1d00000000000000acffbc0092
:107a280000000000000011f8ff5c000000000000ea
:107a3800006afff30a00000000000000caff9e0071
:107a480000000000000029ffff3e000000000000c9
:107a58000088ffde01000000000000000000001b9d
:107a680090d8f7f1d07d0e00000000003bf0ffff3a
:107a7800ffffffffdd2300000015eaffe3531214a8
:107a880058e8ffd40700008cfff725000000002d00
:107a9800f9ff6b0001e9ff9a000000000000a1ff58
:107aa800d60026ffff4a0000000000004fffff231a
:107ab80059ffff1700000000000019ffff567cff68
:107ac800f70000000000000001f8ff7d8bffe300d5
:107ad80000000000000000e5ff9299ffdb000000b5
:107ae8000000000000dcff9e9affdc0000000000a0
:107af800000000ddff9c8fffe40000000000000094
:107b080000e5ff8d7bfff70000000000000001f892
:107b1800ff7e54ffff1700000000000019ffff5907
:107b280020ffff4a0000000000004effff2500d69e
:107b3800ff990000000000009fffe701006dfff6bd
:107b4800230000000029f8ff87000008d7ffe25251
:107b5800121357e6ffe61200000028e1ffffffffbf
:107b6800ffffed3600000000001081d3f3f7d78d3a
:107b780018000000000000000eb0fff00000002b0d
:107b8800d9fffff0000058f4ffedfff0048fffff6e
:107b9800a66efff041fefe7d0072fff0007c4f00f4
:107ba8000077fff0000000000078fff00000000000
:107bb8000078fff0000000000078fff000000000ef
:107bc8000078fff0000000000078fff000000000df
:107bd8000078fff0000000000078fff000000000cf
:107be8000078fff0000000000078fff000000000bf
:107bf8000078fff0000000000078fff000000000af
:107c08000078fff0000000000078fff0000000009e
:107c18000078fff00000055db2e1f8f1cd811500b4
:107c280000000046dbffffffffffffffe938000011
:107c380030feffe26f250c2373f2ffeb110000907a
:107c4800990a000000000050ffff730000010000c7
:107c5800000000000000eaffac0000000000000087
:107c680000000000ccffb800000000000000000089
:107c78000000e4ff9f000000000000000000002c4e
:107c8800ffff5d00000000000000000000a8ffebff
:107c98000d00000000000000000054ffff67000016
:107ca8000000000000000033f3ffaf0000000000f8
:107cb8000000000028eaffcf0d00000000000000cf
:107cc8000022e5ffdb18000000000000000020e1b2
:107cd800ffdd1c00000000000000001ddfffdc1db0
:107ce80000000000000000001bdcffdb1c0000009f
:107cf800000000000019daffd91a00000000000097
:107d0800000017d7ffda1d04040404040404040265
:107d1800a1ffffffffffffffffffffffff90a8ff8f
:107d2800ffffffffffffffffffffff9000002a8517
:107d3800c8e9faf1d292250000001daefeffffff50
:107d4800fffffffff75600004affffb2541c0a224c
:107d580069eafff9250000783b00000000000038c0
:107d6800fdff900000000000000000000000d6ffaa
:107d7800c00000000000000000000000c2ffc100b9
:107d88000000000000000000000af2ff940000005c
:107d98000000000000000098fffa2d00000000021b
:107da80004071b51bffff2530000000000b0ffffa3
:107db800ffffee811e000000000000b0ffffffff84
:107dc800fff1ab3400000000000000030f3070da50
:107dd800fffb5a0000000000000000000008c0ff80
:107de800f2110000000000000000000048ffff53ef
:107df800000000000000000000002fffff630000eb
:107e080000000000000000005bffff4611000000ba
:107e180000000000000fd6ffed0ababf743d180835
:107e28000c2767ddffff6a00baffffffffffffffb8
:107e3800fffff4700000116aaed2e7f9f2e0bb76fa
:107e48001a0000000000000000000000005bffffb7
:107e58008c000000000000000000000021f1ffff7e
:107e68008c0000000000000000000004c7ffefffc6
:107e78008c0000000000000000000083ffc1bfff6d
:107e88008c0000000000000000003dfcf92ccbff36
:107e98008c000000000000000010e1ff7300d3ff19
:107ea8008c0000000000000000aaffb70100d7ff07
:107eb8008c0000000000000062ffe8160000d8fff8
:107ec8008c00000000000025f4fe46000000d8ffea
:107ed8008c000000000005cbff8b00000000d8ffdd
:107ee8008c000000000089ffcb0500000000d8ffcf
:107ef8008c0000000042fdf2240000000000d8ffc2
:107f08008c00000013e4ff5d000000000000d8ffb3
:107f18008c00000066ffffffffffffffffffffff72
:107f2800ffffff7468ffffffffffffffffffffff7b
:107f3800ffffff7413303030303030303030dfff27
:107f4800a130301500000000000000000000d8ff3c
:107f58008c00000000000000000000000000d8ffb6
:107f68008c00000000000000000000000000d8ffa6
:107f78008c00000000000000000000000000d8ff96
:107f88008c000000000affffffffffffffffffff5d
:107f98000400001fffffffffffffffffffff0400bc
:107fa8000033ffff12040404040404040000004723
:107fb800fffa00000000000000000000005cffe87d
:107fc800000000000000000000000070ffd5000065
:107fd80000000000000000000084ffc20000000054
:107fe8000000000000000099ffaf00000000000042
:107ff8000000000000adffe5d4eefdf6d89a33008e
:10800800000000a5fffffffffffffffffe8c010040
:108018000003533b1c08082262d9ffff7f000000c1
:10802800000000000000000dd2fff80f0000000063
:1080380000000000000052ffff4d0000000000009b
:108048000000000020ffff650000000000000000a5
:10805800000026ffff57000000000000000000009d
:1080680062ffff270d07000000000000001ae1ff73
:10807800c9003ce68e4b200b143484effff4330028
:108088003affffffffffffffffffe23c0000004257
:1080980097cdedfbf7e3b4660a000000000000008e
:1080a800003493ceeffcf5e01e000000000998ffb5
:1080b800ffffffffffff2800000007c7ffffa950d1
:1080c8001f0b12370d00000098fff6470000000054
:1080d800000000000026fdff5e0000000000000018
:1080e80000000093ffd30100000000000000000022
:1080f80000ddff7b0000000000000000000019ff09
:10810800ff4b0e7ed4f3f3cc770b00003fffff410b
:10811800d8ffffffffffffd51b005cffffd3ea6b13
:108128001f0a2689feffc3006affffe41b00000048
:10813800000086ffff416fffff58000000000000ad
:108148000ef8ff875dffff1300000000000000d756
:10815800ffa747ffff1a00000000000000c1ffada5
:1081680019feff4c00000000000000d7ff9800c770
:10817800ffaa00000000000017fdff65005efffe7b
:108188004d000000000099fff6150000bbfff77dc9
:10819800220a30a6ffff7c0000000ebaffffffff97
:1081a800ffffff9502000000000356b9e5f9e6acb1
:1081b80042000000c4ffffffffffffffffffffffbc
:1081c800ffa4c4ffffffffffffffffffffffff9fad
:1081d8000304040404040404040438ffff4b0000ef
:1081e8000000000000000000a9ffd7010000000007
:1081f800000000000021fcff6700000000000000f4
:1082080000000093ffec09000000000000000000df
:1082180012f5ff84000000000000000000007dff50
:10822800f91900000000000000000008e9ffa100a3
:1082380000000000000000000066ffff30000000a2
:1082480000000000000001d9ffbe0000000000008f
:108258000000000050ffff4d00000000000000007b
:108268000000c4ffd9010000000000000000003930
:10827800ffff6900000000000000000000aeffedf5
:108288000a00000000000000000024fdff86000036
:10829800000000000000000097fffa1a000000002c
:1082a800000000000015f6ffa30000000000000019
:1082b80000000081ffff3200000000000000000005
:1082c80009ebffc0000000000000000000000034bf
:1082d8009adbf5f7dda23a000000000087fefffff9
:1082e800ffffffffff910100005fffffbd41131675
:1082f80045c3ffff670000ccffcc05000000000964
:10830800d5ffcd0000f1ff7e0000000000008bffcc
:10831800f00000ddff8300000000000098ffdf0090
:10832800009fffdf0e0000000013e5ff8e00001d18
:10833800f0ffcd2d000024ccffd70f00000032e85d
:10834800fffeaa94f8ffb115000000000014d5ff45
:10835800ffffff920000000000002abcfffdbdf1f6
:10836800ffffb02000000042f4ffc32a000d70efa9
:10837800ffee390012ecffad040000000019c8ff41
:10838800e80e6bfffb130000000000001bfbff69f9
:1083980095ffd50000000000000000d4ff9290ff78
:1083a800e20000000000000001e9ff885cffff56c2
:1083b80000000000000062ffff4b08dcfff8822b82
:1083c8000b133599fbffc8020027dcfffffffffff7
:1083d800ffffffc6150000000967b7e5f9f9e4b12a
:1083e800580200000000003da2dcf6e7c05f06006e
:1083f8000000000191ffffffffffffffc81700000b
:108408000078ffffa9340b1d67eaffd105000ef6bf
:10841800ff99000000000027f0ff78005dffff1ab9
:1084280000000000000076ffe90481ffe50000007d
:10843800000000001bffff3a92ffe300000000006d
:10844800000000f8ff697efffe0c0000000000003d
:1084580021ffff8341ffff7c000000000005b6fffd
:10846800ff8c01ccfffa7d20051451cde9fbff8478
:108478000020ddffffffffffffe935fdff7700006c
:108488000f7ed2f8f9dd8d1819ffff5800000000a3
:1084980000000000000045ffff320000000000005f
:1084a8000000000088fff004000000000000000049
:1084b8000005dfffaa0000000000000000000074b3
:1084c800ffff3a00000000000000000059fcffae6a
:1084d8000000000d3c120a1f50b0ffffd60e00002e
:1084e8000024ffffffffffffffa810000000001b94
:1084f800ddf5fdf2d29a3d000000000070f2ca14ca
:10850800ebffff6aeaffff686bf2c611000000008c
:108518000000000000000000000000000000000053
:1085280000000000000000006ef2c812ebffff6ab6
:10853800e9ffff686af2c61100007df4c40e00026c
:10854800f8ffff5e0002f8ffff5c000078f3c10c43
:108558000000000000000000000000000000000013
:108568000000000000000000000000000000000003
:1085780000000000000000000000000000000000f3
:108588000000cafffc0a0001f3ffcb000023ffff35
:108598007a000059fffe2200008effbf000000c8cd
:1085a800ff59000008fae80600000000000000007b
:1085b80000000000000000000000000000000000b3
:1085c80000000000000d7b85000000000000000096
:1085d800000d7bedff98000000000000000d7bed12
:1085e800fffdac2d00000000000d7bedfffa9e277b
:1085f80000000000000d7bedfff48f1c0000000060
:10860800000d7bedffed811300000000000058ed28
:10861800ffe4730c000000000000000097ffffb0ab
:108628003e0000000000000000000d6fddffffd2db
:10863800670b00000000000000000250c1fffff0bf
:10864800912700000000000000000031a2f9fffea1
:10865800bb4f0300000000000000001883ebffff81
:10866800e1550000000000000000000864d4ff98f5
:10867800000000000000000000000000455e00004f
:10868800010404040404040404040404040170ff41
:10869800ffffffffffffffffffffff6470ffffff0c
:1086a800ffffffffffffffffff6400000000000067
:1086b80000000000000000000000000000000000b2
:1086c800000000000000010404040404040404047d
:1086d8000404040170ffffffffffffffffffffff20
:1086e800ff6470ffffffffffffffffffffffff6457
:1086f8000000000000000000000000000000857b72
:108708000d000000000000000000000098ffed7b55
:108718000d0000000000000000002daefeffed7b04
:108728000d00000000000000000029a1fbffed7b08
:108738000d0000000000000000001f94f7ffed7b13
:108748000d0000000000000000001788f1ffed7b1d
:108758000d000000000000000000107beaffed584b
:1087680000000000000000000038adffff97000087
:10877800000000000a63ceffffdd6f0d000000005f
:10878800258eefffffc15002000000034eb9feff27
:10879800f9a231000000000055e1ffffeb8318004b
:1087a80000000000000098ffd364080000000000eb
:1087b800000000005e45000000000000000000000e
:1087c80000000000002481c2eafaf5d6901e0000dd
:1087d80070fffffffffffffffff13c0023fcb855d0
:1087e8001d0a1d5de5ffe207001b000000000000f8
:1087f8003cffff46000000000000000001f6ff6596
:1088080000000000000000000cfcff550000000004
:10881800000000007dfff91600000000000000675e
:10882800fdff79000000000000028cffff890000b6
:108838000000000001a3fffa64000000000000002f
:108848006ffff4410000000000000000dfff5d0042
:10885800000000000000000afffb04000000000008
:1088680000000011e0c60000000000000000000049
:1088780000000000000000000000000000000000f0
:10888800000000000000003ce4e43a0000000000a2
:10889800000000a7ffffa70000000000000000a6de
:1088a800ffffa5000000000000000039e4e33700e6
:1088b80000000000000000000000001863abd4eacc
:1088c800fbf1d29c4a0100000000000000000000fb
:1088d8001792f9ffffffffffffffffffd7430000dd
:1088e8000000000000003cebfffaa95c2c12091ff5
:1088f8003d89e2fffe770000000000004cf9ffad63
:108908001c00000000000000000688fdff67000052
:10891800000024f0ff7a00000000000000000000c2
:10892800000061fff624000000bfff930000000371
:108938005ec2ebf5dcbe8621000099ffa200003c78
:10894800ffe10a00000bb3ffffffffffffff670017
:108958000015f8f70c00a5ff7100000098fff16af8
:108968001c0c2fd6ff5b000000b7ff4801e9ff1a77
:10897800000027feff4600000000caff4f0000006d
:1089880084ff7228ffdc0000007fffc300000000a6
:1089980000d7ff430000006dff8442ffb7000000ce
:1089a800acff820000000000e4ff3800000072ff06
:1089b8008457ffa8000000c2ff6c0000000006fcfe
:1089c800ff2c0000008bff6e59ffb0000000b8ffbd
:1089d800790000000031ffff25000000c5ff3f4778
:1089e800ffc60000008cffba0000000093ffff39ab
:1089f80000002dffec041ffff506000036ffff897d
:108a08001d1069fbadffb1182ed4ff7c0000e0fffc
:108a18004a0000009bffffffffffcd09c5ffffffd6
:108a2800ffc406000086ffc50100000376d8f9e3fd
:108a38009110001cb5f3e58c0a00000017f0ff83c5
:108a4800000000000000000000000000000000001e
:108a5800000000005affff980b0000000000000013
:108a68000000000000000000000000006cfcffeea9
:108a78008d4a1c0a040f2c548bcb220000000000e6
:108a8800000000003ccfffffffffffffffffffffdd
:108a9800f71d00000000000000000000004090c822
:108aa800edfcfef2d4a560100000000000000000fc
:108ab80000000000000000000001000000000000ad
:108ac800000000000000000000000000000000633b
:108ad800ffff45000000000000000000000000004b
:108ae80000c7ffffa9000000000000000000000010
:108af80000002afff6fff913000000000000000044
:108b0800000000008fffabd8ff70000000000000dd
:108b1800000000000006ebff648bffd3000000009c
:108b28000000000000000057fffd1834ffff370069
:108b3800000000000000000000bbffb90000d6ffe5
:108b48009b00000000000000000020feff5a00000b
:108b580079fff20b000000000000000083fff1091c
:108b680000001efeff620000000000000002e3ff9c
:108b78009d00000000bfffc5000000000000004b82
:108b8800ffff3e0000000061ffff29000000000019
:108b980000afffed353434343441fcff8d00000064
:108ba800000017fbffffffffffffffffffffea05c6
:108bb8000000000077ffffffffffffffffffffff41
:108bc800ff5400000000d9ffb800000000000000ba
:108bd80006eaffb70000003fffff53000000000057
:108be8000000008afffd1d0000a3ffe8050000004b
:108bf800000000000024feff7f000ff6ff88000041
:108c08000000000000000000bdffe0026bfffe2432
:108c18000000000000000000000056ffff46ceffe5
:108c2800be000000000000000000000005e9ffaae7
:108c380048fffffffffffdf3e0ba7b1f000000487d
:108c4800fffffffffffffffffffffb7b000048ff69
:108c5800ff3f0404050f2e73e9ffff570048ffff8d
:108c68003c00000000000025f7ffc40048ffff3c5f
:108c780000000000000000b4fff30048ffff3c00c4
:108c8800000000000000a1fff60048ffff3c0000c4
:108c98000000000000c4ffd10048ffff3c000000b6
:108ca80000000034fcff6e0048ffff3f0404040a84
:108cb8002365e5ffb0060048ffffffffffffffff4a
:108cc800ffbf5c02000048ffffffffffffffffff41
:108cd800f5b649000048ffff3c000000051747ae05
:108ce800ffff8b0048ffff3c000000000000009bd6
:108cf800ffff3e48ffff3c0000000000000021ff8e
:108d0800ff9048ffff3c0000000000000006ffff46
:108d1800a848ffff3c000000000000002cffff9661
:108d280048ffff3c00000000000000a9ffff554875
:108d3800ffff3f040404071848b6ffffcc0348ffb1
:108d4800ffffffffffffffffffffc4160048ffff05
:108d5800fffffffffff5dda8500100000000000045
:108d680000085facdbf4fcf1d6aa67120000000033
:108d780056e7ffffffffffffffffff9e0000008297
:108d8800fffff58c3c160a1e56b1fa29000062ff57
:108d9800ffd31e0000000000000012000014f0ffc6
:108da800e61400000000000000000000007dffff46
:108db80058000000000000000000000000d4ffe799
:108dc80004000000000000000000000011ffffa6e2
:108dd80000000000000000000000000036ffff79de
:108de80000000000000000000000000046ffff68cf
:108df80000000000000000000000000046ffff67c0
:108e080000000000000000000000000037ffff78ad
:108e180000000000000000000000000016ffffa294
:108e280000000000000000000000000000e1ffe179
:108e38000100000000000000000000000094ffff97
:108e4800490000000000000000000000002cfdffa9
:108e5800d70800000000000000000000000095ff97
:108e6800ffba0e000000000000000000000008bd6e
:108e7800ffffe97b33130b20386aa70900000008bd
:108e880091fcffffffffffffffffff0c000000004a
:108e9800002483c4ebfbfcf1d8a5660348ffffff61
:108ea800fffffff8e5bd7d22000000000048ffff3e
:108eb800fffffffffffffffffda11400000048ffb9
:108ec800ff3f040406163573d9ffffe0250000486c
:108ed800ffff3c0000000000000278fcffdc0c00f3
:108ee80048ffff3c000000000000000071ffff8cfd
:108ef8000048ffff3c000000000000000000cfff1a
:108f0800f30d48ffff3c0000000000000000006671
:108f1800ffff5248ffff3c00000000000000000077
:108f280028ffff8848ffff3c000000000000000009
:108f38000004ffffa948ffff3c00000000000000fc
:108f4800000000f2ffb748ffff3c000000000000ef
:108f580000000000f7ffae48ffff3c0000000000e3
:108f68000000000008ffff9b48ffff3c00000000d6
:108f7800000000000037ffff7948ffff3c000000b9
:108f88000000000000007bffff3a48ffff3c0000a4
:108f980000000000000007e5ffe30548ffff3c0074
:108fa8000000000000000098ffff6c0048ffff3c35
:108fb8000000000000000b9dffffbc040048fffffd
:108fc8003f04040c1e498bedffffc411000048ff4d
:108fd800fffffffffffffffffff07f0400000048d7
:108fe800fffffffffffbebd5a2630c0000000000b2
:108ff80048ffffffffffffffffffffe448ffffff02
:10900800ffffffffffffffe448ffff3f04040404e6
:109018000404040348ffff3c0000000000000000b7
:1090280048ffff3c000000000000000048ffff3c34
:10903800000000000000000048ffff3c00000000a6
:109048000000000048ffff3c000000000000000096
:1090580048ffff3f040404040404040148ffffff21
:10906800ffffffffffffff6448ffffffffffffff5a
:10907800ffffff6448ffff3c000000000000000005
:1090880048ffff3c000000000000000048ffff3cd4
:10909800000000000000000048ffff3c0000000046
:1090a8000000000048ffff3c000000000000000036
:1090b80048ffff3c000000000000000048ffff3fa1
:1090c800040404040404040348ffffffffffffff38
:1090d800ffffffe448ffffffffffffffffffffe485
:1090e80048ffffffffffffffffffffe448ffffff11
:1090f800ffffffffffffffe448ffff3f04040404f6
:109108000404040348ffff3c0000000000000000c6
:1091180048ffff3c000000000000000048ffff3c43
:10912800000000000000000048ffff3c00000000b5
:109138000000000048ffff3c0000000000000000a5
:1091480048ffff3c000000000000000048ffff3f10
:10915800040404040404040148ffffffffffffffa9
:10916800ffffff5c48ffffffffffffffffffff5c04
:1091780048ffff3c000000000000000048ffff3ce3
:10918800000000000000000048ffff3c0000000055
:109198000000000048ffff3c000000000000000045
:1091a80048ffff3c000000000000000048ffff3cb3
:1091b800000000000000000048ffff3c0000000025
:1091c8000000000048ffff3c000000000000000015
:1091d8000000000000003488c2e8f8faeed1a45b71
:1091e8001400000000002abeffffffffffffffff83
:1091f800ffffd20000000053f6ffffb059230d0e09
:1092080025589cec6000000041faffe93c00000092
:109218000000000000050400000ae1fff22700003a
:1092280000000000000000000000006effff690061
:1092380000000000000000000000000000cbffea72
:1092480007000000000000000000000000000dfe04
:10925800ffa6000000000000000000000000000061
:1092680034ffff7400000000000000000000000050
:10927800000046ffff600000000000009cffffffa9
:10928800ffffff5047ffff630000000000009cff46
:10929800ffffffffff5037ffff79000000000000cd
:1092a8000204040437ffff5013ffff9f0000000073
:1092b80000000000000034ffff5000daffe8010062
:1092c800000000000000000034ffff500087ffff8f
:1092d8005200000000000000000034ffff50001d95
:1092e800f7ffe20f000000000000000034ffff500d
:1092f800000077ffffd4200000000000000034ffca
:10930800ff500000019cfffff39144190808173e25
:109318008effff50000000006df2ffffffffffff10
:10932800ffffffffff500000000000106bb3e0f6e6
:10933800fdf7ead2a9723a0648ffff3c0000000098
:10934800000000000084ffff48ffff3c0000000011
:10935800000000000084ffff48ffff3c0000000001
:10936800000000000084ffff48ffff3c00000000f1
:10937800000000000084ffff48ffff3c00000000e1
:10938800000000000084ffff48ffff3c00000000d1
:10939800000000000084ffff48ffff3c00000000c1
:1093a800000000000084ffff48ffff3c00000000b1
:1093b800000000000084ffff48ffff3f040404048e
:1093c800040404040485ffff48ffffffffffffffbd
:1093d800ffffffffffffffff48ffffffffffffff4c
:1093e800ffffffffffffffff48ffff3c00000000fb
:1093f800000000000084ffff48ffff3c0000000061
:10940800000000000084ffff48ffff3c0000000050
:10941800000000000084ffff48ffff3c0000000040
:10942800000000000084ffff48ffff3c0000000030
:10943800000000000084ffff48ffff3c0000000020
:10944800000000000084ffff48ffff3c0000000010
:10945800000000000084ffff48ffff3c0000000000
:10946800000000000084ffff48ffff3c00000000f0
:10947800000000000084ffffe0ffffffffffff5830
:109488008bd9fffffff1b83000008bfffc03000011
:10949800000088fffc000000000088fffc000000be
:1094a800000088fffc000000000088fffc000000ae
:1094b800000088fffc000000000088fffc0000009e
:1094c800000088fffc000000000088fffc0000008e
:1094d800000088fffc000000000088fffc0000007e
:1094e800000088fffc000000000088fffc0000006e
:1094f800000088fffc000000000088fffc0000005e
:10950800000088fffc0000007bc3f7ffffdea42bf0
:10951800e0ffffffffffff5800000000006cffffa7
:109528001800000000006cffff1800000000006c2d
:10953800ffff1800000000006cffff18000000008b
:10954800006cffff1800000000006cffff1800000f
:109558000000006cffff1800000000006cffff18ff
:1095680000000000006cffff1800000000006cff06
:10957800ff1800000000006cffff1800000000004a
:109588006cffff1800000000006cffff18000000cf
:1095980000006cffff1800000000006cffff1800bf
:1095a800000000006cffff1800000000006cffffc7
:1095b8001800000000006cffff1800000000006c9d
:1095c800ffff1800000000006cffff1500000000fe
:1095d800007cfffe050000000000bdffd4000c2346
:1095e800091c8cffff750030ffffffffffbb050064
:1095f80022ddf9f5cb6d04000000000048ffff3cb8
:10960800000000000000005effff930048ffff3ce1
:1096180000000000000046faffa9020048ffff3cd6
:10962800000000000031f3ffbc06000048ffff3ccb
:109638000000000020e7ffcd0d00000048ffff3cc0
:1096480000000013d8ffdb160000000048ffff3cb5
:10965800000009c6ffe722000000000048ffff3ca9
:109668000004b2fff13000000000000048ffff3c9a
:1096780001a0fff8410000000000000048ffff3c87
:109688008affff5f000000000000000048ffffa8fd
:10969800ffffffa4000000000000000048ffffffdc
:1096a800f5caffff5f0000000000000048ffffe868
:1096b8003413e3fff42600000000000048ffff46d3
:1096c80000003cfcffce07000000000048ffff3c04
:1096d8000000007affff91000000000048ffff3cf7
:1096e80000000001b9ffff4d0000000048ffff3ceb
:1096f8000000000016e6ffec1b00000048ffff3cde
:10970800000000000041fdffc002000048ffff3cd0
:1097180000000000000080ffff7f000048ffff3cc2
:1097280000000000000002bffffc3d0048ffff3cb6
:109738000000000000000019e9ffe31248ffff3ca9
:10974800000000000000000048ffff3c000000008f
:109758000000000048ffff3c00000000000000007f
:1097680048ffff3c000000000000000048ffff3ced
:10977800000000000000000048ffff3c000000005f
:109788000000000048ffff3c00000000000000004f
:1097980048ffff3c000000000000000048ffff3cbd
:1097a800000000000000000048ffff3c000000002f
:1097b8000000000048ffff3c00000000000000001f
:1097c80048ffff3c000000000000000048ffff3c8d
:1097d800000000000000000048ffff3c00000000ff
:1097e8000000000048ffff3c0000000000000000ef
:1097f80048ffff3c000000000000000048ffff3c5d
:10980800000000000000000048ffff6334343434d7
:109818003434343248fffffffffffffffffffff83c
:1098280048fffffffffffffffffffff848ffffffb5
:109838009f000000000000000000000035ffffff4f
:10984800b048fffffff40c0000000000000000001b
:109858000097ffffffb048ffeff9ff60000000002e
:10986800000000000008efffe9ffb048ffe9aeff85
:10987800c00000000000000000005bffe4aeffb085
:1098880048fff74dfffe210000000000000000bd6a
:10989800ff85baffb048fffe04e8ff800000000023
:1098a80000000020feff24c4ffb048ffff048dff26
:1098b800df0100000000000081ffc100c9ffb048bf
:1098c800ffff092cffff41000000000001e0ff60de
:1098d80000ceffb048ffff0c00ccffa10000000045
:1098e8000044fff20b00d0ffb048ffff0c006cfff4
:1098f800f40c00000000a6ff9c0000d0ffb048ff59
:10990800ff0c0012f8ff6100000010f7ff3b000099
:10991800d0ffb048ffff0c0000abffc10000006a99
:10992800ffd9000000d0ffb048ffff0c00004bff3c
:10993800fe220000ccff78000000d0ffb048fffff7
:109948000c000003e6ff81002dfffc1a000000d088
:10995800ffb048ffff0c0000008affe0018fffb452
:1099680000000000d0ffb048ffff0c0000002afff5
:10997800ff47ebff5300000000d0ffb048ffff0c8b
:1099880000000000c9ffe4ffeb0600000000d0ff64
:10999800b048ffff0c0000000069ffffff8f0000c8
:1099a800000000d0ffb048ffff0c0000000010f8d6
:1099b800ffff2e0000000000d0ffb048ffff0c00a2
:1099c80000000000a8ffcc000000000000d0ffb09d
:1099d80048ffffe30e000000000000000000c8ff81
:1099e8009048ffffff97000000000000000000c83b
:1099f800ff9048fffffffe3e00000000000000004f
:109a0800c8ff9048ffe8efffd908000000000000f9
:109a180000c8ff9048ffdf64ffff860000000000d9
:109a28000000c8ff9048ffee00befffb30000000ba
:109a3800000000c8ff9048fff90023f6ffcc0300a0
:109a480000000000c8ff9048ffff010074ffff7589
:109a58000000000000c8ff9048ffff080003cbff8c
:109a6800f62400000000c8ff9048ffff0c00002efd
:109a7800faffbe01000000c8ff9048ffff0c00007d
:109a88000084ffff65000000c8ff9048ffff0c003e
:109a9800000007d7fff01a0000c7ff9048ffff0c2f
:109aa800000000003bfeffaf0000c4ff9048ffff2e
:109ab8000c000000000094ffff5400bdff9048ff19
:109ac800ff0c00000000000ce1ffe811b4ff904813
:109ad800ffff0c00000000000049ffff9ea7ff9059
:109ae80048ffff0c00000000000000a3ffffdaffa2
:109af8009048ffff0c0000000000000013eaffff81
:109b0800ff9048ffff0c000000000000000058ff15
:109b1800ffff9048ffff0c0000000000000000005d
:109b2800b2ffff900000000000207ec0e8f9f8e5d1
:109b3800b971120000000000000000068bfaffff58
:109b4800fffffffffffff26b00000000000007b9f6
:109b5800ffffd468270e102a6edeffff9100000079
:109b6800000093ffff980400000000000008aeff0b
:109b7800ff630000002afdffbf0100000000000095
:109b8800000006d8ffec0e000087ffff340000003d
:109b98000000000000000053ffff690000d7ffd657
:109ba800000000000000000000000006efffb80001
:109bb80012ffff9b000000000000000000000000f2
:109bc800bdfff0002bffff75000000000000000043
:109bd8000000000096ffff1241ffff660000000032
:109be800000000000000000087ffff2240ffff6721
:109bf80000000000000000000000000088ffff21b6
:109c080029ffff76000000000000000000000000af
:109c180098ffff1211ffff9e0000000000000000e7
:109c280000000000bfffef0000d5ffd900000000d2
:109c38000000000000000007f1ffb7000087ffffe9
:109c4800370000000000000000000056ffff66001b
:109c5800002afdffc201000000000000000007d933
:109c6800ffea0c00000093ffff9a040000000000c8
:109c78000009b1ffff5e0000000007baffffd567cb
:109c8800260d0f2a6fdfffff8a0000000000000684
:109c98008cfbfffffffffffffffff06400000000e9
:109ca8000000000000207fc1e9faf9e4b86e100056
:109cb8000000000048fffffffffff9eac8903300eb
:109cc800000048ffffffffffffffffffff9b0400af
:109cd80048ffff3f04040d2968dcffff900048ffa0
:109ce800ff3c00000000000dd1fffc1c48ffff3cba
:109cf80000000000000051ffff6048ffff3c00002b
:109d08000000000021ffff7c48ffff3c000000002e
:109d1800000025ffff6d48ffff3c00000000000029
:109d28005cffff4148ffff3c000000000015daff20
:109d3800e00248ffff3c0003103378e6fffe4f00c7
:109d480048ffffffffffffffffffee56000048ff41
:109d5800fffffffffae4b9721200000048ffff3f5f
:109d68000402000000000000000048ffff3c000063
:109d7800000000000000000048ffff3c0000000059
:109d880000000000000048ffff3c00000000000049
:109d98000000000048ffff3c000000000000000039
:109da800000048ffff3c0000000000000000000029
:109db80048ffff3c0000000000000000000048ffd2
:109dc800ff3c000000000000000000000000000050
:109dd80000207ec0e8f9f8e5b86f11000000000027
:109de800000000068bfafffffffffffffffff06791
:109df80000000000000007b9ffffd468270e102af2
:109e08006edeffff8d000000000093ffff98040046
:109e1800000000000008aeffff600000002afdff00
:109e2800bf01000000000000000006d8ffeb0d0095
:109e38000087ffff3400000000000000000000530e
:109e4800ffff670000d7ffd60000000000000000f9
:109e580000000006efffb70012ffff9b00000000a4
:109e68000000000000000000bdfff0002bffff75a0
:109e780000000000000000000000000096ffff1234
:109e880041ffff6600000000000000000000000025
:109e980087ffff2140ffff6700000000000000006f
:109ea8000000000088ffff2129ffff760000000066
:109eb800000000000000000098ffff1211ffff9e45
:109ec800000000000000000000000000bfffee00de
:109ed80000d5ffd9000000000000000000000007c6
:109ee800f1ffba000087ffff370000000000000004
:109ef80000000056ffff6a00002afdffc2010000b3
:109f080000000000000007d9ffef0d00000093ffdc
:109f1800ff9a0400000000000009b1ffff6a00007a
:109f2800000007baffffd567260d0f2a6fdfffff76
:109f38009f000000000000068cfbfffffffffffff3
:109f4800fffff87a010000000000000000207fc138
:109f5800e9faffffffb71a00000000000000000048
:109f680000000000000013dafff8470000000000be
:109f7800000000000000000000000024ebfff64293
:109f880000000000000000000000000000000000c9
:109f98003bf8fff43c000000000000000000000057
:109fa800000000000057fefff2380000000000002b
:109fb80000000000000000000000567c7c6c0200dd
:109fc80048fffffffffffbeecf9a3f00000000486d
:109fd800ffffffffffffffffffffad08000048ff87
:109fe800ff3f0404091e55c5ffff9f000048ffffff
:109ff8003c000000000004bdfffe200048ffff3cbd
:10a0080000000000000048ffff610048ffff3c001f
:10a01800000000000020ffff7c0048ffff3c00001c
:10a028000000000024ffff730048ffff3c00000011
:10a0380000000058ffff4b0048ffff3c00000000f5
:10a04800000ad1ffe6050048ffff3f0404071d5939
:10a05800d2fffa48000048ffffffffffffffffffa6
:10a06800df4300000048ffffffffffffffffc405bd
:10a078000000000048ffff3c0000007bffff40009d
:10a0880000000048ffff3c00000006d9ffd9070088
:10a09800000048ffff3c0000000045ffff83000070
:10a0a8000048ffff3c0000000000aafffa2b000058
:10a0b80048ffff3c00000000001bf3ffc6010048fa
:10a0c800ffff3c00000000000074ffff6a0048ff2b
:10a0d800ff3c00000000000004d4fff11a48ffff15
:10a0e8003c000000000000003effffae0000004101
:10a0f8009edbf3faedcc964c0a000005a5ffffffa6
:10a10800ffffffffffff66000092ffffa538140c5a
:10a11800275eb5f4110013f9ffa700000000000046
:10a12800000b00003effff4f000000000000000091
:10a13800000047ffff4f0000000000000000000083
:10a148001fffffaf0000000000000000000000c378
:10a15800ffffa51500000000000000000026e9ff31
:10a16800fff5983400000000000000001fbaffff50
:10a17800ffffce5f030000000000000040abfaffc5
:10a18800ffffd12a00000000000000001678e8ff59
:10a19800ffee240000000000000000000b9bffff02
:10a1a800a90000000000000000000001c6fff30045
:10a1b8000000000000000000000083ffff0900000d
:10a1c800000000000000000091fff3000a000000fa
:10a1d80000000000001bebffac0093c87e461d0b7f
:10a1e80009246ae5fff5280094ffffffffffffff42
:10a1f800ffffe13b00002179b3d2e5f8f7e3b4664d
:10a208000a000000b8ffffffffffffffffffffff8f
:10a21800ffffff44b8ffffffffffffffffffffff48
:10a22800ffffff440204040404047affff0f040440
:10a238000404040100000000000078ffff0c000087
:10a248000000000000000000000078ffff0c000084
:10a258000000000000000000000078ffff0c000074
:10a268000000000000000000000078ffff0c000064
:10a278000000000000000000000078ffff0c000054
:10a288000000000000000000000078ffff0c000044
:10a298000000000000000000000078ffff0c000034
:10a2a8000000000000000000000078ffff0c000024
:10a2b8000000000000000000000078ffff0c000014
:10a2c8000000000000000000000078ffff0c000004
:10a2d8000000000000000000000078ffff0c0000f4
:10a2e8000000000000000000000078ffff0c0000e4
:10a2f8000000000000000000000078ffff0c0000d4
:10a308000000000000000000000078ffff0c0000c3
:10a318000000000000000000000078ffff0c0000b3
:10a328000000000000000000000078ffff0c0000a3
:10a338000000000000000000000078ffff0c000093
:10a34800000000007cffff0c00000000000000007f
:10a358000094ffec7cffff0c0000000000000000f0
:10a368000094ffec7cffff0c0000000000000000e0
:10a378000094ffec7cffff0c0000000000000000d0
:10a388000094ffec7cffff0c0000000000000000c0
:10a398000094ffec7cffff0c0000000000000000b0
:10a3a8000094ffec7cffff0c0000000000000000a0
:10a3b8000094ffec7cffff0c000000000000000090
:10a3c8000094ffec7cffff0c000000000000000080
:10a3d8000094ffec7cffff0c000000000000000070
:10a3e8000094ffec7cffff0c000000000000000060
:10a3f8000094ffec7cffff0c000000000000000050
:10a408000094ffec7bffff0c000000000000000040
:10a418000094ffeb6dffff16000000000000000035
:10a4280000a0ffd74cffff3c000000000000000028
:10a4380000caffb80ff9ff950000000000000000f7
:10a4480028feff6c0099fffb440000000000000a92
:10a45800c4ffee130012defffa913910091e5dd415
:10a46800ffff510000001fcdffffffffffffffffb1
:10a47800ed4e00000000000255a9dff5f6debd6aca
:10a4880012000000d2ffcc00000000000000000015
:10a498000010f8ff9d77ffff270000000000000074
:10a4a800000063ffff421dfeff8100000000000066
:10a4b800000000bdffe40200c0ffda000000000059
:10a4c80000000019fdff8b000065ffff350000004c
:10a4d8000000000071ffff30000010f8ff8f00003f
:10a4e8000000000000caffd500000000aeffe60231
:10a4f800000000000024ffff790000000053ffff68
:10a508004300000000007efffe1f0000000007ef70
:10a51800ff9d0000000000d7ffc2000000000000ff
:10a528009cfff00700000032ffff670000000000fa
:10a538000041ffff520000008cfff91200000000ec
:10a54800000001e3ffac000001e3ffb000000000e1
:10a55800000000008afff70e003effff55000000d4
:10a5680000000000002effff5a0093fff1080000d2
:10a5780000000000000000d3ffab01e3ff9e0000d5
:10a58800000000000000000078fff233ffff4200e7
:10a598000000000000000000001dfeffa6ffe5020d
:10a5a8000000000000000000000000c1fffdff8c5b
:10a5b80000000000000000000000000065ffffff31
:10a5c8003000000000000000000000000011f8ff4b
:10a5d800d50000000000000087ffff180000000001
:10a5e80000000086ffff5e0000000000000015fe6e
:10a5f800ff8943ffff5900000000000000d0ffff63
:10a60800ab0000000000000055ffff4508f7ff9a67
:10a618000000000000001cfffffff2060000000021
:10a62800000096fff80900bcffdb000000000000f6
:10a6380066ffd7f7ff46000000000000d6ffbd0008
:10a648000078ffff1d0000000000b1ff99c1ff93d3
:10a65800000000000017ffff79000035ffff5e00d3
:10a6680000000007f4ff587effe0000000000058db
:10a67800ffff35000002eeff9f0000000047ffffcc
:10a688001634ffff2e0000000098ffee02000000c5
:10a69800adffe00000000092ffcf0001e7ff7b0064
:10a6a800000000d9ffad000000006affff22000093
:10a6b80000ddff8500009dffc800000019ffff694d
:10a6c8000000000026ffff63000028ffff3a00009b
:10a6d80051fffe1800005affff250000000000e2ad
:10a6e800ffa4000073ffec0300000cf8ff630000f8
:10a6f8009bffe10000000000009fffe50000beff97
:10a70800a500000000b8ffb00000dcff9d000000bd
:10a718000000005bffff240af9ff5a000000006cec
:10a72800fff4051bffff5900000000000018ffffa1
:10a738005e45fffd130000000020ffff3d59fffeae
:10a748001600000000000000d4ff9784ffc5000039
:10a7580000000000d4ff7f96ffd100000000000039
:10a76800000091ffc7b5ff7b00000000000087ffd5
:10a77800b7c6ff8d00000000000000004dfff2e3a7
:10a78800ff300000000000003bffe7efff4900003a
:10a798000000000000000dfbffffe50000000000c6
:10a7a800000002ecfffffa0b0000000000000000b0
:10a7b80000c6ffff9b0000000000000000a3ffff91
:10a7c800c10000000000000000000082ffff5100ef
:10a7d8000000000000000056ffff7d0000000000a0
:10a7e8002bf9ffa300000000000000002dfbff7cf8
:10a7f800000080ffff4300000000000001c6ffd1f9
:10a8080005000006d4ffda07000000000069fffc1d
:10a81800350000000037fdff810000000018efff41
:10a828008c0000000000008ffff928000000a9ff3d
:10a83800dc090000000000000adeffc0000048ff3d
:10a84800ff41000000000000000043ffff6009de38
:10a85800ff9b000000000000000000009effec9934
:10a86800ffe50f0000000000000000000010e7fff7
:10a87800ffff4f0000000000000000000000006b18
:10a88800ffffc900000000000000000000000003f6
:10a89800cdfffffe3a0000000000000000000000ad
:10a8a80076fff0c8ffd60600000000000000000098
:10a8b80022f6ff692afaff8000000000000000006d
:10a8c80000bbffc9020089fff92a00000000000050
:10a8d8000060fffc3000000be1ffc5010000000034
:10a8e8000016edff8d0000000050ffff6b00000018
:10a8f8000000a8ffe30c0000000000b3fff21c00fa
:10a9080000004bffff5000000000000021f6ffb2de
:10a9180000000ce1ffb100000000000000007bff18
:10a92800ff560092fff41e00000000000000000621
:10a93800d7ffe811bbfff012000000000000000084
:10a9480027fcff9233feff89000000000000000092
:10a95800acfff21500a8fff61a0000000000003353
:10a96800feff7c000023faff97000000000000bbf8
:10a97800ffe60a00000094fffa230000000041fff0
:10a98800ff660000000016f3ffa400000000c8ffe7
:10a99800d703000000000080fffd2d000051ffffdd
:10a9a800500000000000000ce9ffb20003d5ffc50d
:10a9b80000000000000000006dffff3960ffff3b52
:10a9c800000000000000000005dcffc2e0ffaf004f
:10a9d80000000000000000000059fffffffc2800f5
:10a9e80000000000000000000001cdffff990000fa
:10a9f8000000000000000000000060ffff340000bd
:10aa08000000000000000000000058ffff300000b8
:10aa18000000000000000000000058ffff300000a8
:10aa28000000000000000000000058ffff30000098
:10aa38000000000000000000000058ffff30000088
:10aa48000000000000000000000058ffff30000078
:10aa58000000000000000000000058ffff30000068
:10aa68000000000000000000000058ffff30000058
:10aa78000000000098ffffffffffffffffffffff41
:10aa8800ffa498ffffffffffffffffffffffff9df2
:10aa980002040404040404040404bafff8290000ae
:10aaa800000000000000005effff7c0000000000c6
:10aab8000000000016edffd10500000000000000b6
:10aac8000000a9fffc340000000000000000004e58
:10aad800ffff8b0000000000000000000fe5ffdb17
:10aae800090000000000000000009afffe4000007e
:10aaf8000000000000000040feff9a000000000077
:10ab08000000000009dbffe50f0000000000000066
:10ab180000008bffff4e0000000000000000003323
:10ab2800fcffa800000000000000000004d0ffecbb
:10ab3800160000000000000000007cffff5d000020
:10ab48000000000000000028f8ffb7000000000027
:10ab58000000000001c4fff31e0000000000000018
:10ab680000006cffff6f04040404040404040403dd
:10ab7800e8ffffffffffffffffffffffffecf0ff16
:10ab8800ffffffffffffffffffffffecc4ffffff1b
:10ab9800ffff84c4ffffffffff84c4ffa504040474
:10aba80002c4ffa400000000c4ffa400000000c409
:10abb800ffa400000000c4ffa400000000c4ffa41c
:10abc80000000000c4ffa400000000c4ffa40000af
:10abd8000000c4ffa400000000c4ffa4000000009f
:10abe800c4ffa400000000c4ffa400000000c4ffcc
:10abf800a400000000c4ffa400000000c4ffa400db
:10ac0800000000c4ffa400000000c4ffa40000006e
:10ac180000c4ffa400000000c4ffa400000000c49a
:10ac2800ffa504040402c4ffffffffff84c4ffff65
:10ac3800ffffff8489ffdd010000000000000029fc
:10ac4800ffff3f0000000000000000caff9e000058
:10ac58000000000000006afff30b00000000000085
:10ac68000012f9ff5d0000000000000000acffbd0d
:10ac780000000000000000004cfffe1e0000000065
:10ac880000000004e8ff7c00000000000000008dc8
:10ac9800ffdb00000000000000002effff3b00006b
:10aca800000000000000cfff9b0000000000000033
:10acb800006ffff1090000000000000015faff5abc
:10acc8000000000000000000b0ffba000000000013
:10acd80000000051fffd1c0000000000000005eb13
:10ace800ff79000000000000000092ffd80000007b
:10acf800000000000033ffff3800000000000000e3
:10ad080000d3ff98000000000000000074ffef0867
:10ad18004cfffffffffff84cfffffffffff80104a8
:10ad2800040472fff80000000070fff80000000043
:10ad380070fff80000000070fff80000000070ffce
:10ad4800f80000000070fff80000000070fff80035
:10ad580000000070fff80000000070fff80000001d
:10ad68000070fff80000000070fff800000000709d
:10ad7800fff80000000070fff80000000070fff806
:10ad88000000000070fff80000000070fff80000ed
:10ad9800000070fff80000000070fff800000000dd
:10ada80070fff80104040472fff84cffffffffff77
:10adb800f84cfffffffffff800000000000f804481
:10adc80000000000000000000000007affe4080016
:10add800000000000000000009e9ffff7400000007
:10ade8000000000000006dffa9f7ec0d0000000056
:10adf80000000005e1fc1f91ff800000000000003a
:10ae08000060ffa70018f6f213000000000002d748
:10ae1800ff3300008cff8c000000000054ffbf00cf
:10ae2800000015f4f71b00000000ccff4b000000e9
:10ae38000087ff9800000047ffd5010000000012be
:10ae4800f2fa230000c0ff6200000000000082ff49
:10ae5800a40039ffe70700000000000010effd2cf8
:10ae6800b3ff7a00000000000000007dffb0000082
:10ae7800000404040404040404040404040110ff8a
:10ae8800ffffffffffffffffffffff7c10ffffff3c
:10ae9800ffffffffffffffffff7c00006c808019b2
:10aea80000005bffff9b0000007efffd38000000f4
:10aeb8008bffd6090000007eff9200000000095aaf
:10aec800a7dcf5f9e2a93b00000001daffffffff6c
:10aed800fffffffe620000008fcf702c0c1856e2b7
:10aee800fff10d00000400000000000042ffff4acf
:10aef80000000000000000000005ffff67000000e0
:10af080000000000020404f8ff7000001779bde497
:10af1800f8ffffffffff700056f4ffffffffffff82
:10af2800ffffff702dfaffec742e0e030000ffffe9
:10af3800708fffff34000000000007ffff70b1ffb3
:10af4800e100000000000035ffff70a3fff80900d2
:10af580000000005baffff7061ffffb32f0b235bf2
:10af6800d3f3ebff7005c1fffffffffffff03fa822
:10af7800ff70000674cff7f5dc951e0075ff7000b2
:10af8800a0ffd80000000000000000000000a0ffa3
:10af9800d80000000000000000000000a0ffd8005a
:10afa80000000000000000000000a0ffd800000022
:10afb8000000000000000000a0ffd8000000000012
:10afc800000000000000a0ffd50000000000000005
:10afd80000000000a0ffce003eaee5f9e8ae42005a
:10afe8000000a0ffc474feffffffffffff8f0000fb
:10aff800a0ffeffea9380f0e40c4ffff6c00a0ffb2
:10b00800ffad000000000008cfffed09a0ffff39e9
:10b0180000000000000053ffff50a0fffa040000ea
:10b02800000000000fffff85a0ffe1000000000006
:10b03800000000edffa0a0ffda0000000000000003
:10b0480000e3ffaba0ffe30000000000000000eefb
:10b05800ff9fa0fffc0700000000000012ffff8414
:10b06800a0ffff430000000000005affff4ea0ffb2
:10b07800ffbc02000000000ad5ffeb07a0fff4ffa9
:10b08800b33d0f0c3fc6ffff6600a0ff7c87ffffa4
:10b09800ffffffffff870000a0ff410046b3e7fa6c
:10b0a800e8ad3f00000000000000000b68bce4f9b8
:10b0b800e6c99327000031daffffffffffffff3dde
:10b0c8000018e8ffee6f200b2859920000a1fff945
:10b0d80031000000000000000af4ff9900000000a1
:10b0e8000000000041ffff4c0000000000000000cd
:10b0f8005bffff2600000000000000006effff1b42
:10b1080000000000000000005effff2500000000b6
:10b118000000000045ffff4a00000000000000009a
:10b128000ff8ff96000000000000000000acfff8d8
:10b138002c000000000000000020f0ffea671b0a56
:10b148002345973700003de5ffffffffffffff4462
:10b158000000001274c5e8fcf3cf80130000000063
:10b1680000000000000000a0ffd800000000000060
:10b178000000000000a0ffd8000000000000000050
:10b18800000000a0ffd80000000000000000000040
:10b1980000a0ffd80000000000000000000000a090
:10b1a800ffd80000000000000000000000a0ffd849
:10b1b800000000259adef8ebbf56009cffd800007f
:10b1c80057f9ffffffffffffa58effd80032fafff8
:10b1d800e65a130c3194fff1ffd800b9fff82a00a2
:10b1e8000000000088ffffd815feff9b000000004c
:10b1f800000010faffd849ffff4f000000000000d0
:10b2080000c7ffd864ffff2700000000000000a56a
:10b21800ffd870ffff1b0000000000000099ffd856
:10b2280066ffff23000000000000009fffd84cffce
:10b23800ff4600000000000000b7ffd818ffff8d90
:10b2480000000000000005edffd800c0fff21e005e
:10b25800000000006dffffd8003afcffde54120a20
:10b268002b86fceeffd8000061fbffffffffffff0e
:10b27800a366ffd80000002a9ee1f9ebbf58003909
:10b28800ffd800000000000c6cc7eaf5d89327002f
:10b298000000000027dafffffffffffff75b000059
:10b2a8000010e4ffde55130b39bffffb3400009597
:10b2b800fff31f0000000008e2ffbe0005efff8556
:10b2c80000000000000076fffd183dffff45040464
:10b2d800040404044dffff405affffffffffffff78
:10b2e800ffffffffff576dffffffffffffffffffa0
:10b2f800ffffff5c5dffff22000000000000000070
:10b30800000042ffff4700000000000000000000ae
:10b3180009f2ff9b000000000000000000000098f8
:10b32800fffb410000000000000000000010deffed
:10b33800f8852d0b0b1f4f9f9e00000024ccffffac
:10b34800ffffffffffffb000000000055bb3dff861
:10b35800f9e5ba6d1b000000000000001089d8f85c
:10b36800f1d47600000010d9ffffffffff80000036
:10b378000082ffff7d18153e19000000cbffc800b2
:10b3880000000000000000ebff9400000000000037
:10b398000001f4ff8400000000002a8de3ffffff96
:10b3a800ffffff4c0094ffffffffffffffff4c0074
:10b3b800020404f4ff850404040100000000f4ff03
:10b3c800840000000000000000f4ff84000000007a
:10b3d80000000000f4ff840000000000000000f4fa
:10b3e800ff840000000000000000f4ff840000005b
:10b3f8000000000000f4ff840000000000000000ce
:10b40800f4ff840000000000000000f4ff84000046
:10b41800000000000000f4ff8400000000000000ad
:10b4280000f4ff840000000000000000f4ff840026
:10b4380000000000000000f4ff840000000000008d
:10b44800000000239adff8ebba560033ffd800005b
:10b458004df7ffffffffffffaa5cffd80026f7ffad
:10b46800e659120d349effeeffd800acfff7290015
:10b478000000000088ffffd810fbff9600000000c6
:10b4880000000cf5ffd845ffff4b0000000000004e
:10b4980000bfffd864ffff26000000000000009de9
:10b4a800ffd870ffff1b0000000000000091ffd8cc
:10b4b80065ffff250000000000000096ffd849ff47
:10b4c800ff4700000000000000adffd814fdff8f0b
:10b4d80000000000000002e5ffd800b7fff32000dd
:10b4e8000000000065ffffd80032fbffe156120a9a
:10b4f8002b87fcf1ffd800005bfbffffffffffff7e
:10b50800ad94ffd8000000299ee1f9edc05f0197d6
:10b51800ffd800000000000000000000009bffd5dd
:10b528000000000000000000000000b3ffc500009c
:10b53800000000000000000009efff9e0011070056
:10b5480000000000000089ffff550048e68e4a20f1
:10b558000d092f9effffd2030048ffffffffffffeb
:10b56800ffffffd9230000095ca2d1eefbf9e8ba7e
:10b578006b0a0000a0ffd8000000000000000000d7
:10b588000000a0ffd800000000000000000000003c
:10b59800a0ffd80000000000000000000000a0ff8d
:10b5a800d80000000000000000000000a0ffd80044
:10b5b80000000000000000000000a0ffd80000000c
:10b5c8000000000000000000a0ffd20035a3e3fa4d
:10b5d800efc56e050000a0ffc16dfdffffffffff77
:10b5e800ffc30800a0ffecfdba4312103abeffffec
:10b5f8007800a0ffffbf030000000008e0ffce00b6
:10b60800a0ffff440000000000008dfff800a0ff2d
:10b61800fb060000000000006dffff06a0ffe2002f
:10b6280000000000000068ffff08a0ffd80000002d
:10b638000000000068ffff08a0ffd800000000001d
:10b64800000068ffff08a0ffd8000000000000000d
:10b6580068ffff08a0ffd80000000000000068ff96
:10b66800ff08a0ffd80000000000000068ffff08e6
:10b67800a0ffd80000000000000068ffff08a0ff3e
:10b68800d80000000000000068ffff08a0ffd800f5
:10b6980000000000000068ffff0800006cf4a5002f
:10b6a800c6ffff066df4a5000000000000000000c2
:10b6b80000000000a0ffd800a0ffd800a0ffd8001d
:10b6c800a0ffd800a0ffd800a0ffd800a0ffd80096
:10b6d800a0ffd800a0ffd800a0ffd800a0ffd80086
:10b6e800a0ffd800a0ffd800a0ffd800a0ffd80076
:10b6f800000000006cf4a50000000000c6ffff0673
:10b70800000000006df4a50000000000000000002b
:10b718000000000000000000000000000000000021
:10b7280000000000a0ffd80000000000a0ffd80023
:10b7380000000000a0ffd80000000000a0ffd80013
:10b7480000000000a0ffd80000000000a0ffd80003
:10b7580000000000a0ffd80000000000a0ffd800f3
:10b7680000000000a0ffd80000000000a0ffd800e3
:10b7780000000000a0ffd80000000000a0ffd800d3
:10b7880000000000a0ffd80000000000a0ffd800c3
:10b7980000000000a0ffd80000000000a0ffd800b3
:10b7a80000000000a0ffd80000000000a2ffd500a4
:10b7b80000000000c1ffc1001f130e62feff8400dd
:10b7c8008cffffffffeb180069e8fbecad270000da
:10b7d800a0ffd000000000000000000000a0ffd083
:10b7e80000000000000000000000a0ffd0000000e2
:10b7f80000000000000000a0ffd0000000000000d2
:10b8080000000000a0ffd0000000000000000000c1
:10b8180000a0ffd000000000000000000000a0ff12
:10b82800d0000000000029ebffc40aa0ffd00000f0
:10b83800000021e5ffce0f00a0ffd00000001addb8
:10b84800ffd6140000a0ffd0000014d5ffde1b00b7
:10b858000000a0ffcf000ecdffe52200000000a0f1
:10b86800ffca04bdffeb2a0000000000a0ffbd9244
:10b87800ffff69000000000000a0fff0ffffffe8e5
:10b88800190000000000a0ffffd749f4ffc0030023
:10b89800000000a0ffe410005dffff86000000002c
:10b8a800a0ffd00000009efffe4a000000a0ffd0cd
:10b8b8000000000ad5ffed1e0000a0ffd000000028
:10b8c800002bf5ffc70500a0ffd0000000000062b4
:10b8d800ffff9000a0ffd0000000000000a3ffffc2
:10b8e80053000000a0ffd8a0ffd8a0ffd8a0ffd821
:10b8f800a0ffd8a0ffd8a0ffd8a0ffd8a0ffd8a04d
:10b90800ffd8a0ffd8a0ffd8a0ffd8a0ffd8a0ffdd
:10b91800d8a0ffd8a0ffd8a0ffd8a0ffd8a0ffd8f4
:10b92800a0ffd800a0ff730041b0e9f8e1a22e0003
:10b93800001789d6f6f4ce780700a0ff9c78ffffa1
:10b94800fffffffff64137ecffffffffffffc004db
:10b95800a0ffeefea2310c2075f8ffe0e5e7611ac2
:10b968000d35bfffff63a0ffffad0000000000879b
:10b97800fffffb2e000000000decffb3a0ffff3916
:10b98800000000000035ffffb1000000000000a922
:10b99800ffd9a0fff904000000000018ffff77009e
:10b9a80000000000008cffe6a0ffe100000000009e
:10b9b8000014ffff6000000000000088ffe8a0ffff
:10b9c800d800000000000014ffff5c000000000029
:10b9d8000088ffe8a0ffd800000000000014ffff67
:10b9e8005c00000000000088ffe8a0ffd80000000d
:10b9f80000000014ffff5c00000000000088ffe862
:10ba0800a0ffd800000000000014ffff5c00000049
:10ba180000000088ffe8a0ffd80000000000001424
:10ba2800ffff5c00000000000088ffe8a0ffd800ce
:10ba3800000000000014ffff5c0000000000008808
:10ba4800ffe8a0ffd800000000000014ffff5c0022
:10ba5800000000000088ffe8a0ffd80000000000f8
:10ba68000014ffff5c00000000000088ffe80000f1
:10ba7800a0ff730036a2e2f9f0c670060000a0ff2e
:10ba88009c72fdffffffffffffc30800a0ffeefe53
:10ba9800bb4312103abeffff7800a0ffffc00300af
:10baa80000000008e0ffcf00a0ffff4400000000f6
:10bab80000008dfff800a0fffb060000000000005a
:10bac8006dffff06a0ffe20000000000000068ff15
:10bad800ff08a0ffd80000000000000068ffff0872
:10bae800a0ffd80000000000000068ffff08a0ffca
:10baf800d80000000000000068ffff08a0ffd80081
:10bb080000000000000068ffff08a0ffd800000048
:10bb18000000000068ffff08a0ffd8000000000038
:10bb2800000068ffff08a0ffd80000000000000028
:10bb380068ffff08a0ffd80000000000000068ffb1
:10bb4800ff080000000000096fbfeaf9e2b95b05d1
:10bb580000000000002ddfffffffffffffffc81df3
:10bb680000000019e9ffea681d0a2171f1ffd609f2
:10bb78000000a0fff82c000000000039fcff87003f
:10bb88000cf9ff9800000000000000a4ffe803443f
:10bb9800ffff4b0000000000000055ffff3663ff69
:10bba800ff25000000000000002effff526effff7f
:10bbb8001b0000000000000023ffff665affff275c
:10bbc8000000000000000030ffff583dffff50005c
:10bbd8000000000000005affff3705ecffa000003e
:10bbe8000000000000abfff305008dfffb330000f1
:10bbf8000000003dfdff8f00000bdaffed6c1d0912
:10bc08002072f2ffde1000000020cdffffffffffd3
:10bc1800ffffd4220000000000075fbce5faeabb82
:10bc28006505000000000000a0ff76003aade5f9c8
:10bc3800e8af45000000a0ff9c6afcffffffffff84
:10bc4800ff910100a0ffebfdae3a0f0f44cdffffbf
:10bc58006f00a0ffffb000000000000ee0ffee093b
:10bc6800a0ffff3600000000000071ffff51a0ff99
:10bc7800f6030000000000001affff86a0ffdf00a7
:10bc880000000000000001f9ffa0a0ffd90000009b
:10bc98000000000000e5ffaba0ffe400000000008a
:10bca800000000f3ff9fa0fffd0800000000000057
:10bcb8001dffff83a0ffff470000000000006aff90
:10bcc800ff4ca0ffffc0030000000014e1ffea06dc
:10bcd800a0fff6ffb73e10114ad4ffff6500a0ff92
:10bce800b787ffffffffffffff890000a0ffc90024
:10bcf80046b2e7fae8ae40000000a0ffd600000018
:10bd08000000000000000000a0ffd80000000000b4
:10bd1800000000000000a0ffd800000000000000a4
:10bd280000000000a0ffd800000000000000000094
:10bd38000000a0ffd8000000000000000000000084
:10bd4800a0ffd80000000000000000000000a0ffd5
:10bd5800d8000000000000000000000000000021e2
:10bd680097ddf8eabf570034ffd8000050f7ffff0f
:10bd7800ffffffffa35effd8002ef8ffe458130d66
:10bd88003297ffe8ffd800b6fff727000000000051
:10bd98008affffd813fdff9900000000000011fa88
:10bda800ffd849ffff4e00000000000000c7ffd881
:10bdb80064ffff2700000000000000a6ffd870ff06
:10bdc800ff1b0000000000000099ffd865ffff245a
:10bdd80000000000000000a0ffd84bffff46000055
:10bde8000000000000bbffd817ffff8d0000000017
:10bdf800000007f0ffd800bdfff11d0000000000a3
:10be080074ffffd80038fcffde53120a2c8afdedc0
:10be1800ffd800005efbffffffffffffa08fffd8ea
:10be28000000002aa0e2f9eabd55009cffd80000f6
:10be38000000000000000000009fffd80000000084
:10be480000000000000000a0ffd800000000000073
:10be58000000000000a0ffd8000000000000000063
:10be6800000000a0ffd80000000000000000000053
:10be780000a0ffd80000000000000000000000a0a3
:10be8800ffd80000000000000000000000a0ffd85c
:10be9800a0ff6f001691defdff13a0ff8826e2ffca
:10bea800fffff300a0ffacd8f0701e0f3700a0ff13
:10beb800fff12a0000000000a0ffff6e0000000054
:10bec8000000a0fffd10000000000000a0ffe5003a
:10bed800000000000000a0ffd800000000000000e3
:10bee800a0ffd800000000000000a0ffd80000005c
:10bef80000000000a0ffd800000000000000a0ff24
:10bf0800d800000000000000a0ffd80000000000da
:10bf18000000a0ffd800000000000000a0ffd8002b
:10bf28000000000000000000000038a0d4f0f9e68e
:10bf3800b96e1d000099ffffffffffffffffa30081
:10bf48004dffff9b2e0d0f3782df3a008affdd0081
:10bf580000000000000100007cffef13000000005b
:10bf68000000000025f8ffdf5a050000000000006f
:10bf78000045e7ffffe98d2b0000000000000c7072
:10bf8800d9ffffffbb31000000000000003fa8fc04
:10bf9800fffb5000000000000000002cdaffe60361
:10bfa800000000000000000051ffff1d0500000018
:10bfb8000000000069ffff1289b8672e0f071d6592
:10bfc800f3ffc2008cffffffffffffffffdf25002d
:10bfd8001269bce7f9fbeabe700b00000000003fe5
:10bfe800800600000000000000b8ff0c0000000000
:10bff80000000bf8ff0c0000000000005affff0cc7
:10c008000000000030b3feffffffffffff608cff62
:10c01800ffffffffffffff6002046effff0f040436
:10c02800040100006cffff0c0000000000006cff22
:10c03800ff0c0000000000006cffff0c0000000077
:10c0480000006cffff0c0000000000006cffff0cfc
:10c058000000000000006cffff0c00000000000062
:10c068006cffff0c00000000000068ffff120000da
:10c078000000000053ffff400000000000001bfd0f
:10c08800ffd3350a1b1f00000092ffffffffff7c54
:10c09800000000036ccef5f4d6500000c8ffb400d1
:10c0a8000000000000008cffecc8ffb40000000096
:10c0b8000000008cffecc8ffb40000000000000086
:10c0c8008cffecc8ffb4000000000000008cffecff
:10c0d800c8ffb4000000000000008cffecc8ffb4eb
:10c0e800000000000000008cffecc8ffb400000056
:10c0f800000000008cffecc8ffb400000000000046
:10c10800008cffecc8ffb40000000000000097ff9f
:10c11800ecc7ffb800000000000000b7ffecbaff52
:10c12800d700000000000008f2ffec92fffd32008b
:10c13800000000007cffffec3dffffe053180c30cf
:10c1480090fef2ffec0094ffffffffffffffbe5ed3
:10c15800ffec000053b7eafbecbd63022dffec00d7
:10c16800cfffcd000000000000000097fff70f6e22
:10c17800ffff2a00000000000005ecffa50013f9ee
:10c18800ff870000000000004fffff440000acffe5
:10c19800e2010000000000abffe10100004bffffdf
:10c1a80040000000000ff7ff8100000003e6ff9d3c
:10c1b8000000000064fffe210000000089fff10973
:10c1c800000000c0ffbe000000000028ffff57006d
:10c1d800001efeff5d000000000000c7ffb3000066
:10c1e80078fff10a00000000000066fffa1200d490
:10c1f800ff9a000000000000000ef6ff612dffff0f
:10c20800390000000000000000a4ffad81ffd70046
:10c21800000000000000000043ffefcdff760000a3
:10c228000000000000000001e0fffffc1900000012
:10c238000000000000000081ffffb40000000000c3
:10c24800000000008dfff506000000000079ffffe8
:10c2580086000000000002efff8f47ffff3e00004e
:10c26800000000c9ffffd5000000000036ffff48ae
:10c2780009f7ff80000000001afef4f8ff23000011
:10c28800000079fff80900bbffc2000000006aff48
:10c29800bdc8ff7100000000bdffba000075fff9be
:10c2a8000a000000baff7f88ffbf00000008f7ff00
:10c2b8007300002fffff46000010faff373ffffb17
:10c2c80011000044ffff2b000000e7ff8800005b1f
:10c2d800ffeb0204f0ff5b000087ffe400000000b2
:10c2e800a2ffca0000acff9d0000a8ffa90000ca79
:10c2f800ff9d000000005cfffc0e07f3ff4b0000f1
:10c308005afff1040efcff560000000017feff491b
:10c3180046fff207000010fbff3d4bfffd12000037
:10c32800000000d0ff8689ffa800000000bdff8242
:10c3380089ffc70000000000008affbcc6ff560046
:10c348000000006fffc3c2ff80000000000000442f
:10c35800ffeff7f70c0000000020fff5f2ff3900af
:10c36800000000000007f6ffffb200000000000018
:10c37800d2ffffef0300000000000000b7ffff60de
:10c3880000000000000083ffffab00000000000079
:10c398000bdaffdb0b000000000022f4ffad000009
:10c3a80035fbff950000000001c1ffe51300000008
:10c3b8007bfffe4400000070fffe45000000000205
:10c3c800c3ffe20e0026f6ff8e00000000000020ea
:10c3d800f0ff9f02c6ffd207000000000000005bcc
:10c3e800ffffb1fff82c000000000000000000a6cd
:10c3f800ffffff700000000000000000000042ff87
:10c40800fff7120000000000000000000bd9ffff3a
:10c41800ffaa0000000000000000009afff467fe79
:10c42800ff610000000000000050ffff660092ff5f
:10c43800f324000000000019ebffb4000009d9ff45
:10c44800ca0500000001b9ffeb1800000037fcff27
:10c458008600000070ffff52000000000084fffd0e
:10c468003f002df8ffa000000000000005ceffe20d
:10c4780011000000c6ffd700000000000000008e79
:10c48800fffd1a60ffff3700000000000002e5ff13
:10c49800b8000af0ff9700000000000043ffff58b3
:10c4a800000096ffef0800000000009efff0080063
:10c4b8000031ffff570000000007f0ff990000005f
:10c4c80000ccffb70000000053ffff390000000058
:10c4d80066fffc1a000000aeffd800000000000d47
:10c4e800f4ff7700000ff8ff790000000000009cbf
:10c4f800ffd6000062fffd1c00000000000037ffaf
:10c50800ff3000b7ffba0000000000000000d1ffb4
:10c518008710faff5a00000000000000006cffd3eb
:10c528005afff109000000000000000010f6ffbdee
:10c53800ff9b00000000000000000000a2ffffffba
:10c548003b000000000000000000003dffffda0093
:10c55800000000000000000000000dfcff7b000050
:10c5680000000000000000000065fffd1e00000044
:10c578000000000000000000ceffb5000000000031
:10c588000000000000005fffff3d00000000000009
:10c5980000140a196ef7ffaf000000000000000049
:10c5a800b0ffffffffdb1100000000000000009655
:10c5b800f4fbe092140000000000000000000000fe
:10c5c80070ffffffffffffffffffe00070ffffffaf
:10c5d800ffffffffffffdf00010404040404043928
:10c5e800fbff7d000000000000000cdbffc1030022
:10c5f8000000000000009fffee1d0000000000008a
:10c608000055ffff53000000000000001deeff9ad8
:10c618000000000000000002c0ffd70a0000000070
:10c628000000007afff8300000000000000036fb30
:10c63800ff6f000000000000000cdbffb6010000e7
:10c6480000000000009fffe7160000000000000047
:10c6580056fffe4a0404040404040400dfffffff3d
:10c66800ffffffffffffff10e8ffffffffffffffd8
:10c67800ffffff1000000000000155b4e7bb0000f9
:10c68800000003b0ffffffc00000000067ffffa825
:10c69800300b00000000b4ffdb03000000000000c6
:10c6a800caffab00000000000000ccffa40000009f
:10c6b80000000000ccffa400000000000000ccff38
:10c6c800a400000000000000d3ff9f00000000004d
:10c6d8000011f9ff7d000000011545c8fff01a00a0
:10c6e800000038fffff0a3230000000038ffffee32
:10c6f800a02200000000001343c8fff01a00000049
:10c7080000000012faff7e00000000000000d4ffc5
:10c71800a000000000000000ccffa4000000000002
:10c728000000ccffa400000000000000ccffa40023
:10c73800000000000000caffaa000000000000007e
:10c74800b5ffd9020000000000006bffffa52f0a0b
:10c758000000000005b8ffffffc000000000000255
:10c768005eb9eabc50ffbc50ffbc50ffbc50ffbcd8
:10c7780050ffbc50ffbc50ffbc50ffbc50ffbc502a
:10c78800ffbc50ffbc50ffbc50ffbc50ffbc50ff6b
:10c79800bc50ffbc50ffbc50ffbc50ffbc50ffbc9e
:10c7a80050ffbc50ffbc50ffbc50ffbc50ffbc50fa
:10c7b800ffbc50ffbc50ffbc1bf6db9d30000000e7
:10c7c80000001cfffffffd630000000000164edca8
:10c7d800fff7160000000000003bffff58000000b4
:10c7e80000000006ffff6e00000000000000ffffd1
:10c7f8007000000000000000ffff70000000000053
:10c808000000ffff7000000000000000fcff78003f
:10c81800000000000000dbffb00000000000000086
:10c8280069ffff922d0c000000000057c1feffdcdd
:10c83800000000000051bbfeffdc0000000065ffa7
:10c84800ff8a280900000000d9ffab0000000000a3
:10c858000000fcff7600000000000000ffff7000f1
:10c86800000000000000ffff700000000000000052
:10c87800ffff7000000000000007ffff6e000000cf
:10c888000000003cffff5700000000154eddfff5db
:10c89800140000001cfffffffb5a000000001bf7fc
:10c8a800da982900000000000043c4f6e7bb5e05e3
:10c8b80000000000116750fdffffffffffe070253b
:10c8c8000f4fdd9898de500f2772e2ffffffffff42
:10c8d800fc4d671100000000055dbae7f6c33f0094
:020000040000fa
:020000040c01ed
:10c8e800ffffffffffffffffffffffffffffffff50
:10c8f800deffbbfe96f551f40df34bea29ea6bea2d
:10c908000df372f4d7f51cffffffffffffff9ef743
:10c918009ef7ffffffffffffffffffffffffffff88
:10c92800ffffffffffffffffffffffffffffffff0f
:10c93800ffffffffffffffffffffffffffffffffff
:10c94800ffffffffffffffffffffffffffffffffef
:10c95800ffffffffffffffffffffffffffffffffdf
:10c96800ffffffffffffffffffffffffffffffffcf
:10c97800ffffffffffffffffffffffffffffffffbf
:10c98800ffffffffffffffffffffffffffffffffaf
:10c99800ffffffffffffffffffffffffffffffff9f
:10c9a800ffffffffffffffffffffffffffffffff8f
:10c9b800ffffffffffffffffffffffffffffffff7f
:10c9c800ffffffffffffffffffffffffffffffff6f
:10c9d800ffffffffffffffffffffffffffff79fee6
:10c9e800ecea68e9e6e8e6e8e6e8e6e8e6e8e6e844
:10c9f800e6e8e6e806e988e952f4dfff3ce7ae73cb
:10ca080092949defffffffffffffffffffffffff78
:10ca1800ffffffffffffffffffffffffffffffff1e
:10ca2800ffffffffffffffffffffffffffffffff0e
:10ca3800fffffffffffffffffffffffffffffffffe
:10ca4800ffffffffffffffffffffffffffffffffee
:10ca5800ffffffffffffffffffffffffffffffffde
:10ca6800ffffffffffffffffffffffffffffffffce
:10ca7800ffffffffffffffffffffffffffffffffbe
:10ca8800ffffffffffffffffffffffffffffffffae
:10ca9800ffffffffffffffffffffffffffffffff9e
:10caa800ffffffffffffffffffffffffffffffff8e
:10cab800ffffffffffffffffffffffffffffffff7e
:10cac800ffffffffffffffffffff1cfff0f306e97b
:10cad800e6e8e6e8e6e8e6e8e6e8e6e8e6e8e6e8de
:10cae800e6e8e6e8e6e8e6e847e959febad68e73ee
:10caf8008e735ce7fffffffffffffffffffffffff6
:10cb0800ffffffffffffffffffffffffffffffff2d
:10cb1800ffffffffffffffffffffffffffffffff1d
:10cb2800ffffffffffffffffffffffffffffffff0d
:10cb3800fffffffffffffffffffffffffffffffffd
:10cb4800ffffffffffffffffffffffffffffffffed
:10cb5800ffffffffffffffffffffffffffffffffdd
:10cb6800ffffffffffffffffffffffffffffffffcd
:10cb7800ffffffffffffffffffffffffffffffffbd
:10cb8800ffffffffffffffffffffffffffffffffad
:10cb9800ffffffffffffffffffffffffffffffff9d
:10cba800ffffffffffffffffffffffffffffffff8d
:10cbb800ffffffffffffffff79fee9e9e6e8e6e890
:10cbc800e6e8e6e8e6e8e6e8e6e8e6e8e6e8e6e8ed
:10cbd800e6e8e6e8e6e8e6e8e6e80aea7df779ce98
:10cbe80079cedfffffffffffffffffffffffffff24
:10cbf800ffffffffffffffffffffffffffffffff3d
:10cc0800ffffffffffffffffffffffffffffffff2c
:10cc1800ffffffffffffffffffffffffffffffff1c
:10cc2800ffffffffffffffffffffffffffffffff0c
:10cc3800fffffffffffffffffffffffffffffffffc
:10cc4800ffffffffffffffffffffffffffffffffec
:10cc5800ffffffffffffffffffffffffffffffffdc
:10cc6800ffffffffffffffffffffffffffffffffcc
:10cc7800ffffffffffffffffffffffffffffffffbc
:10cc8800ffffffffffffffffffffffffffffffffac
:10cc9800ffffffffffffffffffffffffffffffff9c
:10cca800ffffffffffff38f688e9e6e8e6e8e6e879
:10ccb800e6e8e6e8e6e8e6e8e6e8e6e8e6e8e6e8fc
:10ccc800e6e8e6e8e6e8e6e8e6e8e6e852f4dfff64
:10ccd800ffffffffffffffffffffffffffffffff5c
:10cce800ffffffffdfff1ce77deffffffffffffff9
:10ccf800ffffffffffffffff9def1bdfffffffffb2
:10cd0800ffffffffffffffffffffffffffffffff2b
:10cd1800ffffffffffffffffffffffffffffffff1b
:10cd2800ffffffffffffffffffffffffffffffff0b
:10cd3800fffffffffffffffffffffffffffffffffb
:10cd4800ffffffffffffffffffffffffffffffffeb
:10cd5800ffffffffffffffffffffffffffffffffdb
:10cd6800ffffffffffffffffffffffffffffffffcb
:10cd7800ffffffffffffffffffffffffffffffffbb
:10cd8800ffffffffffffffffffffffffffffffffab
:10cd9800ffffffffbafea8e9e6e8e6e8e6e8e6e80e
:10cda80026e96ef3c8e9e6e8e6e8e6e8e6e8e6e854
:10cdb800e6e8e6e847e92df347e9e6e888e9dbfe37
:10cdc800ffffffffffffffffffffffffffffffff6b
:10cdd800ffffffff55ad0421c739fbdeffffffff53
:10cde800ffffffffffff5ce7a631e318b294ffffe8
:10cdf800ffffffffffffffffffffffffffffffff3b
:10ce0800ffffffffffffffffffffffffffffffff2a
:10ce1800ffffffffffffffffffffffffffffffff1a
:10ce2800ffffffffffffffffffffffffffffffff0a
:10ce3800fffffffffffffffffffffffffffffffffa
:10ce4800ffffffffffffffffffffffffffffffffea
:10ce5800ffffffffffffffffffffffffffffffffda
:10ce6800ffffffffffffffffffffffffffffffffca
:10ce7800ffffffffffffffffffffffffffffffffba
:10ce8800ffffdeffedeae6e8e6e8e6e8e6e8e6e8e2
:10ce9800d3f4ffffbafea8e9e6e8e6e8e6e8e6e844
:10cea800e6e806e955f5ffff17f647e9e6e8edea93
:10ceb800beffffffffffffffffffffffffffffffbb
:10cec800ffffffffe739000000008e73ffffffff41
:10ced800ffffffffdfffeb5a000000002842bef70c
:10cee800ffffffffffffffffffffffffffffffff4a
:10cef800ffffffffffffffffffffffffffffffff3a
:10cf0800ffffffffffffffffffffffffffffffff29
:10cf1800ffffffffffffffffffffffffffffffff19
:10cf2800ffffffffffffffffffffffffffffffff09
:10cf3800fffffffffffffffffffffffffffffffff9
:10cf4800ffffffffffffffffffffffffffffffffe9
:10cf5800ffffffffffffffffffffffffffffffffd9
:10cf6800ffffffffffffffffffffffffffffffffc9
:10cf7800ffffd3f4e6e8e6e8e6e8e6e8e6e86df37e
:10cf8800deffffffffff13f5e6e8e6e8e6e8e6e880
:10cf9800e6e830f4dfffffffdeffcff3e6e8e6e880
:10cfa800b3f4ffffffffffffffffffffffffffffe0
:10cfb800ffffdef704210000000082103ce7ffffbe
:10cfc800fffffffffbdee4200000000065295defa6
:10cfd800ffffffffffffffffffffffffffffffff59
:10cfe800ffffffffffffffffffffffffffffffff49
:10cff800ffffffffffffffffffffffffffffffff39
:10d00800ffffffffffffffffffffffffffffffff28
:10d01800ffffffffffffffffffffffffffffffff18
:10d02800ffffffffffffffffffffffffffffffff08
:10d03800fffffffffffffffffffffffffffffffff8
:10d04800ffffffffffffffffffffffffffffffffe8
:10d05800ffffffffffffffffffffffffffffffffd8
:10d068005cffc9e9e6e8e6e8e6e8e6e809ea3cff45
:10d07800ffffffffffffdfff0cf3e6e8e6e8e6e867
:10d088006aea5dffffffffffffff9dff2aeae6e870
:10d09800e9e91cffffffffffffffffffffffffffa7
:10d0a800ffff7defa210000000000000718cffff61
:10d0b800ffffffff34a5210800000000e3181ce76c
:10d0c800ffffd39c4d6bae73bef7dfff75ad2c63ce
:10d0d800aa52aa52aa52aa52ab5acf7b3ce73ce7c3
:10d0e8006d6b4d6b4d6b4d6b4d6b4d6b6d6b718cf3
:10d0f800fbdeffffbef796b54d6baa52aa52aa52a5
:10d10800aa52cb5a92947defffffffffb6b56d6b25
:10d11800aa52aa52aa52aa52cb5aae731bdf3ce7b4
:10d128004d6b4d6b1bdfffffffffffff79ce4d6b94
:10d1380030849ef755ad4d6b3084bef792944d6b9d
:10d148004d6b4d6b4d6b4d6b4d6bef7bf7bddfff43
:10d15800d7f506e9e6e8e6e8e6e8e6e896f5ffff4b
:10d16800ffffffffffffffff79fe67e9e6e806e93b
:10d1780058feffffffffffffffffffffd6f526e981
:10d18800e6e86febffffffffffffffffffffffff7b
:10d19800ffff3ce7410800000000000008429ef73e
:10d1a800ffffffff294a0000000000008210bad6e6
:10d1b800ffff8a520000c3189def14a54108000024
:10d1c800000000000000000000000000718cbad6ca
:10d1d800210800000000000000000000000000001e
:10d1e800cb5adef7b6b56210000000000000000060
:10d1f8000000000020002c63ffffd7bd610800007d
:10d2080000000000000000000000000010849ad612
:10d218000000000059ceffffffffffff55ad0000e3
:10d2280086317def8e73000086317def2842000045
:10d23800000000000000000000000000a210bad6a4
:10d2480010f4e6e8e6e8e6e8e6e8e6e875f5ffff64
:10d25800ffffffffffffffffffff30f4e6e826e9cf
:10d2680058feffffffffffffffffffffbeff2df38d
:10d27800e6e8e6e896f5ffffffffffffffffffff89
:10d28800ffff79ce00000000e3180000821099ce5d
:10d29800ffff9ad64108000082102000410859cead
:10d2a800ffff8a520000c3185defe841000000004c
:10d2b8006210a318a318a318a318a31810849ad649
:10d2c80021080000a210a318a318a3184108000001
:10d2d80045295ce7ae7300000000a2100421042178
:10d2e800c3182000000061089def494a00000000b3
:10d2f8004108a318a318a318a318a31810849ad632
:10d308000000000059ceffffffffffff55ad0000f2
:10d3180086317def8e73000086317def2842000054
:10d328004108a318a318a318821000000000518c0c
:10d338006aeae6e8e6e8e6e8e6e8e6e809ea5dff3c
:10d34800ffffffffffffffffffffbeff6aeae6e800
:10d35800ccea9effffffffffffffffffffff5cff21
:10d36800a8e9e6e82aea7dffffffffffffffffffce
:10d37800ffff34a500000000cf7b41080000cf7bf1
:10d38800dfffeb5a000000004d6b82102108d7bd6b
:10d39800ffff8a520000c3181ce765290000863188
:10d3a800bad6fbdefbdefbdefbdefbde7def9ad6cc
:10d3b8002108000079cefbdefbdefbded2942108db
:10d3c800e3181bdfcb5a0000863199ce1ce71ce717
:10d3d8001bdf0c6300000000bad666310000042190
:10d3e8009ad6fbdefbdefbdefbdefbde7def9ad6ac
:10d3f8000000000059ceffffffffffff55ad000002
:10d4080086317def8e73000086317def2842000063
:10d418006d6bfbdefbdefbdebad604210000ec629e
:10d4280046e9e6e8e6e847e954f5c8e9e6e830f40d
:10d43800fffffffffffffffffffffffff7f527e9f4
:10d4480006e954f5ffffffffffffffffffffffffa8
:10d4580054f506e9e6e852f4ffffffffffffffff80
:10d46800ffffcf7b00002000f7bd24210000a210a1
:10d4780059ce04210000c31838c6c318000034a5cb
:10d48800ffff8a520000c3181ce765290000518c71
:10d49800ffffffffffffffffffffffffffffbad602
:10d4a800210800007defffffffffffffd7bd410808
:10d4b800e4201ce708420000eb5affffffffffffd4
:10d4c800ffff18c600000000bad6652900002c63cb
:10d4d800ffffffffffffffffffffffffffffbad6c2
:10d4e800000000000421452945294529e3180000ca
:10d4f80086317def8e73000086317def2842000073
:10d50800ef7bffffffffffffffffc73900008a52d5
:10d51800e6e8e6e806e955f5ffff54f5e6e806e92a
:10d52800f7f5ffffffffffffffffffffdeff6ef3d3
:10d53800e6e867e9fafeffffffffffffffffffffd7
:10d548009dff6beae6e806e918feffffffffffff15
:10d55800ffffcb5a000062103ce74d6b0000000053
:10d56800e73921080000ef7b1ce7e4200000ef7b8f
:10d57800ffff8a520000c3181ce765290000b29417
:10d58800ffffffffffffffffffffffffffffbad611
:10d59800210800008e73cf7bcf7bcf7b494a0000e8
:10d5a80086317def08420000eb5affffffffffffc7
:10d5b800ffff58c600000000bad6652900006d6b51
:10d5c800ffffffffffffffffffffffffffffbad6d1
:10d5d8000000000000000000000000000000000043
:10d5e80086317def8e73000086317def2842000082
:10d5f800494ab294b294b294518ca21000002c63a0
:10d60800e6e8e6e82df3beffffffffff4df3e6e88f
:10d618008bea7dffffffffffffffffffffff7cffa0
:10d62800e9e9e6e84df3beffffffffffffffffff5d
:10d63800ffffb9fe67e9e6e8acea9effffffffffe0
:10d64800def7294a0000a3187defdad6410800006a
:10d6580000000000821099ce7def24210000aa521c
:10d66800ffff8a520000c3181ce765290000929446
:10d67800ffffffffffffffffffffffffffffbad620
:10d688002108000000000000000000000000000069
:10d698001084ffff08420000eb5affffffffffff67
:10d6a800ffff58c600000000bad6652900006d6b60
:10d6b800ffffffffffffffffffffffffffffbad6e0
:10d6c80000000000c318042104210421a31800004d
:10d6d80086317def8e73000086317def2842000091
:10d6e8000000000000000000000000000000b294ec
:10d6f80046e967e93bffffffffffffff9afe67e987
:10d7080006e9d3f4ffffffffffffffffffffffff67
:10d7180076f506e926e9f7f5ffffffffffffffffb4
:10d72800ffffffffb2f4e6e847e9fbfeffffffff5c
:10d73800bef7a6310000e420dfffffff694a0000c2
:10d748000000000008429ef79ef786310000652918
:10d75800ffff8a520000c3181ce7652900002c63ec
:10d76800ffffffffffffffffffffffffffffbad62f
:10d778002108000000000000000000000000000078
:10d78800eb5adef78a520000694adef7ffffffff17
:10d79800ffff55ad00000000bad665290000494ad0
:10d7a800ffffffffffffffffffffffffffffbad6ef
:10d7b80000000000b6b51ce71ce71ce7d39c00007e
:10d7c80086317def8e73000086317def28420000a0
:10d7d800000000000000000000000000e420fbde64
:10d7e800abeaf7f5ffffffffffffffffffff51f475
:10d7f800e6e826e999feffffffffffffffffffffb7
:10d808009dffcceae6e8c8e93cffffffffffffff0a
:10d81800ffffffff3cff2aeac9e93cffffffffffcc
:10d828007def24210000a631ffffffff14a521088a
:10d8380000000000518cffffbef7e7390000e31835
:10d84800bef78a520000c3183ce7a6310000210841
:10d85800694aaa52aa52aa52aa52aa52d39c9ad642
:10d8680021080000f39c55ad55ad55adeb5a0000ad
:10d8780045295ce72c6300004108494aaa52aa528c
:10d888008a52a210000020003ce7a73900000000df
:10d89800aa524d6b4d6b4d6b4d6b4d6bd39c9ad60d
:10d8a8000000000059ceffffffffffff55ad00004d
:10d8b80086317def8e73000086317def28420000af
:10d8c800494ab294b294b294b294b2949ad6fffff1
:10d8d800bafedeffffffffffffffffffffff58fe5f
:10d8e800e6e8e6e8eceabeffffffffffffffffff09
:10d8f800ffff1bff67e9e6e8cff3dfffffffffff4e
:10d90800ffffffffffff38f62debbeffffffffff16
:10d91800fbdec3180000cb5affffffff1bdf2421eb
:10d928000000a3183ce7ffffdfff294a0000821030
:10d938005def8a520000c3189def4d6b0000000098
:10d948000000000000000000000000006d6b9ad687
:10d95800210800007defffffffffffff75ad2000ee
:10d9680045293ce7f39c200000000000000000006f
:10d97800000000000000a631dfff518c000000000d
:10d988000000000000000000000000000c639ad6b0
:10d998000000000059ceffffffffffff55ad00005c
:10d9a80086317def8e73000086317def28420000be
:10d9b800ef7bffffffffffffffffffffffffffff03
:10d9c800ffffffffffffffffffffffff9dffccea09
:10d9d800e6e8e6e806e995f5ffffffffffffffff32
:10d9e800ffffbeffabeae6e867e959feffffffff6e
:10d9f800ffffffffffffffff1bffffffffffffff13
:10da0800bad6e7394529718cffffffffffffdbde40
:10da1800d39cdbdeffffffffffff8e7345296529df
:10da28003ce76d6b4529e7399ef79defaa52042123
:10da3800a318a318a318a318c3186529f7bddbde1c
:10da4800663145299deffffffffffffff7bd652901
:10da5800694a5def5ce7cb5a0421a318a318a31801
:10da6800a318e318e73959ceffff9ef7aa520421fd
:10da7800a318a318a318a318a318452975addbdeae
:10da8800652965299ad6ffffffffffffd6b56529ef
:10da9800aa527def518c4529aa527def2c63452966
:10daa8009294ffffffffffffffffffffffffffff56
:10dab800fffffffffffffffffffffffff3f406e994
:10dac800e6e8e6e8e6e867e91bffffffffffffff80
:10dad800ffff71f4e6e8e6e8e6e84aeabeffffff82
:10dae800ffffffffffffffffffffffffffffffff3e
:10daf800dfff5def5ce79ef7ffffffffffffffff24
:10db0800ffffffffffffffffffff9def5ce75ce705
:10db1800dfff7def5ce75defffffffffbef73ce750
:10db2800fbdefbdefbdefbdefbde5defffffdfff88
:10db38005ce75ce7ffffffffffffffffdef75ce747
:10db48007defffffffffbef73ce7fbdefbdefbde02
:10db5800fbde1bdf7defffffffffffffbef71ce7cc
:10db6800fbdefbdefbdefbdefbde3ce7ffffdfff71
:10db78005ce75ce7dfffffffffffffffbef75ce747
:10db88007defffff9ef75ce77defffff7def5ce732
:10db98009ef7fffffffffffffffffffffffffffff6
:10dba800ffffffffffffffffffff79fe47e9e6e802
:10dbb800e6e8e6e8e6e8e6e86ef3beffffffffff0b
:10dbc80079fe67e9e6e8e6e8e6e8e6e892f4dfffea
:10dbd800ffffffffffffffffffffffffffffffff4d
:10dbe800ffffffffffffffffffffffffffffffff3d
:10dbf800ffffffffffffffffffffffffffffffff2d
:10dc0800ffffffffffffffffffffffffffffffff1c
:10dc1800ffffffffffffffffffffffffffffffff0c
:10dc2800fffffffffffffffffffffffffffffffffc
:10dc3800ffffffffffffffffffffffffffffffffec
:10dc4800ffffffffffffffffffffffffffffffffdc
:10dc5800ffffffffffffffffffffffffffffffffcc
:10dc6800ffffffffffffffffffffffffffffffffbc
:10dc7800ffffffffffffffffffffffffffffffffac
:10dc8800ffffffffffffffffffffffffffffffff9c
:10dc9800ffffffffffffffff3cff09eae6e8e6e8ba
:10dca800e6e8e6e8e6e8e6e827e938f6ffffdfff1a
:10dcb800abeae6e8e6e8e6e8e6e8e6e888e9fbfe57
:10dcc800ffffffffffffffffffffffffffffffff5c
:10dcd800ffffffffffffffffffffffffffffffff4c
:10dce800ffffffffffffffffffffffffffffffff3c
:10dcf800ffffffffffffffffffffffffffffffff2c
:10dd0800ffffffffffffffffffffffffffffffff1b
:10dd1800ffffffffffffffffffffffffffffffff0b
:10dd2800fffffffffffffffffffffffffffffffffb
:10dd3800ffffffffffffffffffffffffffffffffeb
:10dd4800ffffffffffffffffffffffffffffffffdb
:10dd5800ffffffffffffffffffffffffffffffffcb
:10dd6800ffffffffffffffffffffffffffffffffbb
:10dd7800ffffffffffffffffffffffffffffffffab
:10dd8800ffffffffffffdffff0f3e6e8e6e8e6e866
:10dd9800e6e8e6e8e6e8e6e8e6e8e9e9d6f58ef357
:10dda800e6e8e6e8e6e8e6e8e6e8e6e8e6e80debd1
:10ddb800beffffffffffffffffffffffffffffffac
:10ddc800ffffffffffffffffffffffffffffffff5b
:10ddd800ffffffffffffffffffffffffffffffff4b
:10dde800ffffffffffffffffffffffffffffffff3b
:10ddf800ffffffffffffffffffffffffffffffff2b
:10de0800ffffffffffffffffffffffffffffffff1a
:10de1800ffffffffffffffffffffffffffffffff0a
:10de2800fffffffffffffffffffffffffffffffffa
:10de3800ffffffffffffffffffffffffffffffffea
:10de4800ffffffffffffffffffffffffffffffffda
:10de5800ffffffffffffffffffffffffffffffffca
:10de6800ffffffffffffffffffffffffffffffffba
:10de7800ffffffffffff5cff67e9e6e8e6e8e6e88b
:10de8800e6e8e6e8e6e8e6e8e6e8e6e806e9e6e8f9
:10de9800e6e8e6e8e6e8e6e8e6e8e6e8e6e8e6e80a
:10dea800f3f4ffffffffffffffffffffffffffff91
:10deb800ffffffffffffffffffffffffffffffff6a
:10dec800ffffffffffffffffffffffffffffffff5a
:10ded800ffffffffffffffffffffffffffffffff4a
:10dee800ffffffffffffffffffffffffffffffff3a
:10def800ffffffffffffffffffffffffffffffff2a
:10df0800ffffffffffffffffffffffffffffffff19
:10df1800ffffffffffffffffffffffffffffffff09
:10df2800fffffffffffffffffffffffffffffffff9
:10df3800ffffffffffffffffffffffffffffffffe9
:10df4800ffffffffffffffffffffffffffffffffd9
:10df5800ffffffffffffffffffffffffffffffffc9
:10df6800ffffffffffffffff59fe09eae6e8e6e8cb
:10df7800e6e8e6e8e6e8e6e8e6e8e6e8e6e8e6e829
:10df8800e6e8e6e8e6e8e6e8e6e8e6e8e6e82aead3
:10df980058feffffffffffffffffffffffffffff31
:10dfa800ffffffffffffffffffffffffffffffff79
:10dfb800ffffffffffffffffffffffffffffffff69
:10dfc800ffffffffffffffffffffffffffffffff59
:10dfd800ffffffffffffffffffffffffffffffff49
:10dfe800ffffffffffffffffffffffffffffffff39
:10dff800ffffffffffffffffffffffffffffffff29
:10e00800ffffffffffffffffffffffffffffffff18
:10e01800ffffffffffffffffffffffffffffffff08
:10e02800fffffffffffffffffffffffffffffffff8
:10e03800ffffffffffffffffffffffffffffffffe8
:10e04800ffffffffffffffffffffffffffffffffd8
:10e05800ffffffffffffffffffff3cff6ef3e6e858
:10e06800e6e8e6e8e6e8e6e8e6e8e6e8e6e8e6e838
:10e07800e6e8e6e8e6e8e6e8e6e8e6e88eeb3cff10
:10e08800ffffffffffffffffffffffffffffffff98
:10e09800ffffffffffffffffffffffffffffffff88
:10e0a800ffffffffffffffffffffffffffffffff78
:10e0b800ffffffffffffffffffffffffffffffff68
:10e0c800ffffffffffffffffffffffffffffffff58
:10e0d800ffffffffffffffffffffffffffffffff48
:10e0e800ffffffffffffffffffffffffffffffff38
:10e0f800ffffffffffffffffffffffffffffffff28
:10e10800ffffffffffffffffffffffffffffffff17
:10e11800ffffffffffffffffffffffffffffffff07
:10e12800fffffffffffffffffffffffffffffffff7
:10e13800ffffffffffffffffffffffffffffffffe7
:10e14800ffffffffffffffffffffffffdfffd7f529
:10e15800edea88e9e6e8e6e8e6e8e6e8e6e8e6e89b
:10e16800e6e8e6e8e6e888e90debf7f5ffffffffec
:10e17800ffffffffffffffffffffffffffffffffa7
:10e18800ffffffffffffffffffffffffffffffff97
:10e19800ffffffffffffffffffffffffffffffff87
:10e1a800ffffffffffffffffffffffffffffffff77
:10e1b800ffffffffffffffffffffffffffffffff67
:10e1c800ffffffffffffffffffffffffffffffff57
:10e1d800ffffffffffffffffffffffffffffffff47
:10e1e800ffffffffffffffffffffffffffffffff37
:10e1f800ffffffffffffffffffffffffffffffff27
:10e20800ffffffffffffffffffffffffffffffff16
:10e21800ffffffffffffffffffffffffffffffff06
:10e22800fffffffffffffffffffffffffffffffff6
:10e23800ffffffffffffffffffffffffffffffffe6
:10e24800beff1cffb6f58ff34aea67e9e6e887e9ff
:10e258002aea8ff3b6f51cffbeffffffffffffffa3
:10e26800ffffffffffffffffffffffffffffffffb6
:10e27800ffffffffffffffffffffffffffffffffa6
:10e28800ffffffffffffffffffffffffffffffff96
:10e29800ffffffffffffffffffffffffffffffff86
:10e2a800ffffffffffffffffffffffffffffffff76
:10e2b800ffffffffffffffffffffffffffffffff66
:10e2c800ffffffffffffffffffffffffffffffff56
:10e2d800ffffffffffffffffffffffffffffffff46
:10e2e800ffffffffffffffffffffffffffffffff36
:10e2f800ffffffffffffffffffffffffffffffff26
:10e30800ffffffffffffffffffffffffffffffff15
:10e31800ffffffffffffffffffffffffffffffff05
:020000040000fa
:020000040c01ed
:10e328002de9f04febb00a900d460891144609927a
:10e338009b46ddf8d0a1ddf8d48100230360cdf839
:10e34800008053465a462146284606f079ffcbf806
:10e35800e000a0b907462368002b51d02a6803fbc8
:10e3680002f1b1fbf3f39a4203d05c23cbf8e0301f
:10e3780005e0b1f1805f43d35c23cbf8e030dbf8f4
:10e38800e000002839d1dbf81430002b00f0468675
:10e398000bf120040bf14c05294620460df0d4fc66
:10e3a80048bb9bf8203003f0fb03022b04d0dbf8ba
:10e3b8002430082b40f044860a9f3e682246099b79
:10e3c8001968089b186814f065f814f091fc386017
:10e3d800002800f03086099b1b680193089b1b6886
:10e3e80000932b462246314600f00affcbf8e000a6
:10e3f800304610f027ffdbf8e0006bb0bde8f08f87
:10e40800002318931a9319930af12104b8f12c0fd9
:10e4180005d9b94601230593212606973ce01e231a
:10e42800cbf8e03000f096be3f23cbf8e03000f0a8
:10e4380091be4023cbf8e03000f08cbe199e7119d4
:10e4480018a815f04af900286fd0002d6ad0e31dee
:10e4580007352544073e361bf218189913f8010fa3
:10e468008854ab42f8d103230593dbf8103059eafe
:10e47800030300f08583204615f0fbfb0446dbf818
:10e48800e030002b40f06686a4eb0a0606f10c0388
:10e498009845c4d3a245c2d8204615f029f9051ecf
:10e4a800c2db05f10c031e44b045c2d323449a4590
:10e4b800bfd804f10806b049204611f04ffc0028e7
:10e4c800bcd1ae49204611f049fc002840f03c86fa
:10e4d800ab49204611f042fc60bbaa49204611f026
:10e4e8003dfc00286bd1a849204611f037fc0028d4
:10e4f80040f0ad80a549204611f030fc002800f01e
:10e508004981dbf81830002bafd00bf1400307939b
:10e51800002d00f0ae85237a002b00f0ae8533463f
:10e52800069fd9e0032305939fe75323cbf8e030f8
:10e5380000f010bedbf8540008b110f083fe9448d8
:10e54800a0fb05304008cbf85800800014f0d0fb41
:10e55800cbf8540048b3dbf85830b3f5807f00f2ad
:10e568007285e3b1224606980346ff25167adbf842
:10e578005410ce54567adbf8541019444e70967adb
:10e58800dbf8541019448e70dbf854101944cd7020
:10e59800013004330332dbf858108842e6d10023f7
:10e5a800cbf8e030022305935fe7dbf85830002b07
:10e5b800f5d00023cbf85830532300f045bd9bf825
:10e5c8004c30032b11d033bb022d40f04285012380
:10e5d800cbf85c30227a637a03eb0223cbf86830fd
:10e5e800cbf86430cbf8603011e0dbf858309d424e
:10e5f80000f22d855db1e21d07352544032312f88d
:10e60800010fdbf85410c8540433aa42f7d1002391
:10e61800cbf8e03029e7022b40f01f85062d40f0ab
:10e628001e850123cbf85c30227a637a03eb022340
:10e63800cbf86030a27ae37a03eb0223cbf864309c
:10e64800227b637b03eb0223cbf86830dfe79bf880
:10e658004c30032b13d013f0fb0321d1022d40f0d3
:10e6680004850123cbf86c30227a637a03eb02230a
:10e67800cbf87830cbf87430cbf870300ce0012d43
:10e6880040f0ef840123cbf86c30237acbf8783054
:10e69800cbf87430cbf870300023cbf8e030e4e6e8
:10e6a800022bf9d1062d40f0e2840123cbf86c301f
:10e6b800227a637a03eb0223cbf87030a27ae37aea
:10e6c80003eb0223cbf87430227b637b03eb02233a
:10e6d800cbf87830e0e737467e1cb54203d013f814
:10e6e800012f002af7d14e2f00f2cb84bb1c0c93cc
:10e6f800184614f0fdfa0b90002800f0ce84002391
:10e708008355e31d421e04f10800384413f8011f25
:10e7180002f8011f8342f9d10c9b9d42c0f04a8543
:10e72800ed1a681c14f0e4fa0646002800f0488543
:10e73800002343555db107f109032344421e013dff
:10e74800284413f8011f02f8011f8242f9d132460a
:10e758000b9f394607980df0dcff0546384610f048
:10e7680071fd304610f06efdcbf8e050002d3ff4ff
:10e778007cae00f0efbc00bfacf1020cb4f1020caf
:10e78800bcf1020cc4f1020cccf1020cd4f1020c65
:10e79800abaaaaaaa749204611f0e0fa00287cd023
:10e7a800dbf81830002b3ff460ae0bf14003079301
:10e7b8000023629364936393002d00f07084237a9e
:10e7c80023b33346e91d21446ff00600001bc71828
:10e7d8008b4203d013f8012f002af8d1bb1c0c93ed
:10e7e8009d4240f261847b1e4e2b11d900230b936e
:10e7f80059250b9810f026fd0023649363936298c3
:10e8080010f020fdcbf8e05000f0a4bc069fe5e72f
:10e818007b1c0d93184614f06bfa0b90002800f03f
:10e8280048840023c355e31d421e1f4413f8011feb
:10e8380002f8011fbb42f9d10d9bf35c002b40f09d
:10e848003b840c9b1a469d4201d24b25d1e7cdf85b
:10e8580000b0eb1ab21863a962a814f07afd054655
:10e868000028c6d1002162a814f06af8629a0b9eab
:10e87800314607980df04dff0546304610f0e2fc92
:10e88800002364936393629810f0dcfccbf8e050ab
:10e89800002d3ff4eaad00f05dbc6749204611f059
:10e8a8005dfa002800f0ff80dbf81830002b3ff4f9
:10e8b800dcad0bf140030d930023629364936393e3
:10e8c800042d40f2fc83237a002b00f00f8433469a
:10e8d800012713f8012f12b10137bd42f9d1fb1cf2
:10e8e80007939d4240f208847b1e4e2b00f212844f
:10e8f8007b1c0b93184614f0fbf90c90002800f0d1
:10e908000f840023c355e31d421ed81913f8011fb5
:10e9180002f8011f8342f9d1f3199b78002b40f0cc
:10e928000484079ab35c002b00f0588407f10b03aa
:10e9380023440699944600e011464a1c0ceb020059
:10e94800854203d913f8010f0028f5d107920f91da
:10e958000b9bf35c0e93881c14f0caf90b900028eb
:10e968005fd000230b9a0798135460b107f10a018e
:10e9780021441046013a0f9b034411f8010f02f895
:10e98800010f9a42f9d10437079b3b440f931a466b
:10e998009d4240f21784f35c002b00f01384134669
:10e9a80008322244ef1a069b0133bb4204d012f806
:10e9b800011f0029f8d11f46781c14f099f9079017
:10e9c800002833d000230799cb555fb10f9bda1d80
:10e9d80022444b1e781e084412f8011f03f8011f39
:10e9e8008342f9d10f9b01331f44bd422cbfed1b5d
:10e9f800069d0e9b13b3cdf800b02b46f21963a900
:10ea080062a814f0a6fc0546002840f05d83639bcd
:10ea1800649a9a4238bf6493002162a813f090ff69
:10ea280021e0002307930b9353254de3002307931d
:10ea3800532549e3dcf1020ce4f1020c691c62a8dd
:10ea480014f04bfe002800f07583629b00225a5593
:10ea58004db10737e319069a13f8010f62998854e4
:10ea680001329542f8d1629b0093079b0b9f3a466f
:10ea78000c9e31460d980af09ffc0546304610f072
:10ea8800e1fb384610f0defb079810f0dbfb0023b3
:10ea980064936393629810f0d5fbcbf8e050002d97
:10eaa8003ff4e3ac56e3b449204611f057f978b97e
:10eab800b249204611f052f948bb237913f0200fd0
:10eac8004ad0dbf81c30002b4ad14ff00109d2e4c0
:10ead800072d40f031830123cbf89c30227a637aea
:10eae80003eb0223cbf8a030a37acbf8a430e37a67
:10eaf800cbf8a830237bcbf8ac30637bcbf8b030b5
:10eb0800a37bcbf8b4300023cbf8e030ade4092d7b
:10eb180040f016830123cbf8b830237a627a02ebef
:10eb28000322a37a03eb0222e37a03eb0223cbf856
:10eb3800bc30237b627b02eb0322a37b03eb022224
:10eb4800e37b03eb0223cbf8c030237ccbf8c43043
:10eb58000023cbf8e03088e44523cbf8e030f9e235
:10eb6800059b03f13100800000f10c012246594455
:10eb780058440ff012f9cbf8e0000028a5d0e9e2dc
:10eb88000025204613f0acfd814628b9002d40f041
:10eb9800e18270e40125f4e73923cbf8e030d9e2cb
:10eba8000bf14c08089b1f68099b1d68ee1df608b1
:10ebb800f81d42463146c00813f059fc3418042f9a
:10ebc8003dd907f1030a424631464feada0013f00d
:10ebd8004efc059005f103094fead9010e4434446f
:10ebe80042464fea9a0013f042fc059b23441c4618
:10ebf800044407f1010a4fea9909424649464fea97
:10ec08009a0013f034fc6e1cb10804440c444246cc
:10ec18004fea5a0013f02bfc204481447608424600
:10ec28003146780813f023fc8144b1446d0842460c
:10ec38002946384613f01bfc81444d449de205f1fa
:10ec480003094fead906f81c42463146800813f0fa
:10ec58000efc34440444022fcbd86e1c4fea9609ac
:10ec6800781c42464946400813f001fca1448144ff
:10ec7800022fdbd1d2e729461ba812f09dfe18b956
:10ec88005323cbf8e0307de2dbf8e030002b40f096
:10ec98007982cdf800b0199b189a1ca91ba814f00a
:10eca80058fbcbf8e000002840f06c821c9b9d428a
:10ecb80000f068825b23cbf8e03063e20bf14c0292
:10ecc800099b1968089b186813f0e4fb044614f0c4
:10ecd8000ff80a9b1860002838d0dbf8e030002bca
:10ece80040f05c8234b100210a980268d1540133a3
:10ecf8009c42fad10bf14c0014f0bcfe814600286e
:10ed080000f086810a9b1f6806971b990b91089b48
:10ed18001a680d92099b1e680f96dbf848307bbb7a
:10ed2800072806d800fb02f5ec1d24f00704a542cd
:10ed380010d1cdf800900f9b0d9a0b99069803f00f
:10ed4800e7ff0790079bcbf8e03027e25323cbf887
:10ed5800e03023e2009033468846084603f0d8ffa7
:10ed680007900028eed1009623462a4641463846a9
:10ed78000df0d8fde6e700bfecf1020cf4f1020c4f
:10ed880003900f9b02930d9b01934aaf009742abf0
:10ed98003aaa25a91ea80af0f7f841ac39ad1dae6c
:10eda8000df19008ba4648af2b464d46cdf840b015
:10edb800ddf82cb0994617e00c9b1a6802fb05f2a7
:10edc800d31d05990968daf8000005900e980068c7
:10edd800009023f007035944059858440df0a2fd0c
:10ede8000af1040abc4219d00434059404360c967e
:10edf80008f10408cdf8388059f8041f20680095f8
:10ee0800d8f8003032685944584403f081ff07901d
:10ee1800002840f00081072de2d8cde7a946ddf8ab
:10ee280040b003950f9b02930d9b019362ab009337
:10ee38005aab52aa33a92ca80af0a6f8072d67d90d
:10ee4800e80832ab10932cab0c9362afad4b0e932a
:10ee5800ad4b0f93dff8b8c2ac4ee646ddf82cc0d8
:10ee6800cdf844b048e008f10108059b1b6822442e
:10ee780043450fd901fb03833d6800fb03530cebab
:10ee880003055344914615f801bb09f801bf9d429b
:10ee9800f9d1e8e701310b9b1b6899421bd20c9b07
:10eea80005931b68002bf5d0def8004004fb00f446
:10eeb8000f9a12680e9d2d6802fb015832680d9d4d
:10eec80005fb0822069d00fb0252013addf81c8072
:10eed8000ceb000acee70c9b04330c9304370e9b13
:10eee80004330e930f9b04330f930ef1040e043674
:10eef80039aa109b9a4208d0109b043310930b93a5
:10ef08001b68002be7d00799c9e7ddf844b019e77b
:10ef18000d9b05fb03f310932cab139332ab1493a7
:10ef280062ab784a0f92784a0e92784a0d92784ae4
:10ef38000c929a46cdf854b057e00134059ba34291
:10ef480010d00b9917a814f069fa03460028f4d0da
:10ef5800e208e14301f007018b400698815c0b430e
:10ef68008354eae701354e44dbf800309d421ad25b
:10ef7800daf8003008ebc303334417930e9b1c6880
:10ef88000f9b1b6804fb07340c9b1b680d9a1268c7
:10ef980003fb052309fb03f3109a02fb043409eb76
:10efa80004030593cde70137129b9844119b1b6816
:10efb8009f4206d2dbf80030002bf4d0079d2e4686
:10efc800d6e7139b043313930af1040a0f9a043209
:10efd8000f920e9a04320e920d9a04320d920c9ae8
:10efe80004320c9233aa9a420fd0139b9b461b689b
:10eff80003fb09f31293149b0433149311931b68b6
:10f00800002bded0079fb846d4e7ddf854b099e668
:10f018001f23079396e6ddf840b093e60bf14c0109
:10f028000bf120000ff02ffdcbf8e00000283ff493
:10f03800e2a9fff7e2b95323cbf8e030fff7d8b9dc
:10f048003820fff7dab92623cbf8e03082e0262310
:10f0580000e01e23cbf8e0307ce02a23fae72923de
:10f06800f8e72b23cbf8e03074e02c23fae72d23c4
:10f07800f8e700230b93592406e000230b93592447
:10f0880002e000230b9359240b9810f0dbf80020c2
:10f0980010f0d8f8cbf8e0405ce05324f4e7002304
:10f0a8000b934b25fff7a5bb00230b934b25fff7cd
:10f0b800a0bb5325fff79dbb4825fff79abb00234c
:10f0c80007930b930c931e250c9810f0bbf80b9824
:10f0d80010f0b8f8079810f0b5f80023649363931c
:10f0e800629810f0aff8cbf8e05033e000230793b4
:10f0f8000b930c935925e7e7002307930b930c9385
:10f108004b25e1e75031030c1831030c3431030c63
:10f11800fc30030c002307930b930c935925d3e77a
:10f128000c9b07930b935325cee7002307930b9370
:10f138004825c9e75325c7e74923cbf8e03009e05c
:10f148004a23cbf8e03005e0dbf8103059ea030336
:10f158003ff420ad00231b931d931c93dbf848302c
:10f16800002b7ff41dad099b1d680bf14c0229464d
:10f17800089b186813f07bf90544dbf8e030002b96
:10f188003ff479ad00241a941994189810f05af89d
:10f198001894dbf8e030002b3ff490ad00231d936a
:10f1a8001c931b9810f04ef8fff7e9b80023337052
:10f1b800fff7cdba012013f09bfd06460028f5d1d4
:10f1c800532461e7012013f093fd079000283ff4d2
:10f1d8002dac0023079a1370069f03e40b9bf35c86
:10f1e8000e93012013f084fd0b9000283ff419ac16
:10f1f80000230b9a1370069b0793fff7c4bb00bf4d
:020000040000fa
:020000040c01ed
:10f208002de9f04fa1b0099007919046994619460b
:10f2180010460cf099fd059020bb98f80030032ba0
:10f2280036d02b9b2a9a03fb02f30493d9f80430b7
:10f23800102b00f0a180d8f80430082b00f0a18131
:10f24800049b002b00f09381099b9b46079f1e4659
:10f25800039300230893069305931d461c46da463c
:10f26800bb46c8e24a462b992a9813f013f901467f
:10f27800002800f08281079b013b099a013a18187f
:10f2880013f8011f02f8011f8342f9d1002174e12c
:10f29800d8f80c20d8f80800d8f8041001238b40bf
:10f2a8001ab9d9f80c20d9f808009a4228bf1a468a
:10f2b80006920eab1ea9002243f8042f9942fbd1f7
:10f2c8004ff0ff331f93069b002baad083464ff0c5
:10f2d800000acdf82080cdf828903be04ff0ff33ae
:10f2e80003643e680135082d2bd049fa05f303f075
:10f2f800010448fa05f303f0010303eb4403039afe
:10f3080042fa05f404f0010404eb4303049a42fab8
:10f3180005f404f0010404eb430406eb840756f8f3
:10f328002430002bddd1442013f0e2fc46f8240001
:10f33800031f00f13c01002243f8042f9942fbd13e
:10f34800cce7c6f840a00af1010a0bf1040b069bb2
:10f358009a450cd09bf800909bf801809bf80230ee
:10f3680003939bf803300493059d0faebde7ddf8ca
:10f378002080ddf8289054e7d8f80430102b7ff46b
:10f388005aaf049b002b00f0f280099b1846ddf869
:10f398001ca0d34657469c469e46002246469846a1
:10f3a80091e0022b08d0042b47d0062b52d0002125
:10f3b8000d4603910b466fe09af800309af8014029
:10f3c800059304eb03239bb29af8021006919af86e
:10f3d8000350089505eb01218db203959af8045066
:10f3e80009959af805100a9101eb0525adb2d9f8ef
:10f3f8001010002900f08580059904eb0124d9f844
:10f4080014108c4202d04ff6ff7145e00899069c13
:10f4180001eb0424d9f818108c4202d04ff6ff7182
:10f428003ae009990a9c04eb0124d9f81c10611ae6
:10f4380018bf4ff0ff3189b22ee039787b7803eba3
:10f4480001239bb2bc78f97801eb042189b21d46ef
:10f45800039321e09bf800109bf8013003eb012394
:10f468009bb29bf802409bf8031001eb042189b280
:10f4780003919bf804409bf8051001eb04218db221
:10f488009bf806409bf8071001eb042189b203e0c2
:10f498001d4603934ff6ff713478acbb190a08f880
:10f4a800121008f1010101f81230013206300ef194
:10f4b800040e0cf1080c0bf1080b0af1060a0437cc
:10f4c800049b934252d099f80030002b7ff469af27
:10f4d800079b13f81250013313f8124004eb05236d
:10f4e8009bb2d9f810100029d2d004eb0524d9f822
:10f4f8001410611a18bf4ff0ff3189b21d460393eb
:10f50800cae74ff6ff71c7e7022c19d0042c22d0a6
:10f51800062ccad11c0a8cf800408cf80130039cd8
:10f52800230a8cf802308cf803402b0a8cf804303c
:10f538008cf805500b0a8cf806308cf80710b4e7e5
:10f54800190a0170437003990b0a8370c1702b0a62
:10f5580003714571a9e71c0a8ef800408ef8013046
:10f568000b0a8ef802308ef803109ee7b04698f822
:10f578000030032b00f019820021084621b0bde8b5
:10f58800f08f98f80030062b0bd0022b7ff458ae82
:10f59800cdf80090079b00220499099803f02cfaf3
:10f5a800e5e7cdf80090079b01220499099803f03c
:10f5b80023fadce7079b1d5dd9f81030002b00f01b
:10f5c800f480d9f81400a84214bfff23002308933d
:10f5d800069505951ce004fb05f30e932a4607994a
:10f5e8000ea812f09cfdc0eb0022012303fa05f5da
:10f5f800013db2fbf5f5edb2d9f81030e3b1d9f819
:10f608001430834214bfff23002308930695059501
:10f6180098f80030002b40f01f81d8f80420082a01
:10f6280000f0d980102a40f00981099a531c03f888
:10f63800145002f81450d0e0ff230893e6e7022b99
:10f6480017d0032b6ad0042b00f08780062bdfd15c
:10f65800d9f80430082b00f098809bf800509bf8ec
:10f66800023005939bf8043006939bf80630089304
:10f67800cee7d9f80430082b13d03d78bb78059332
:10f688003b790693d9f81030002b00f09b807b78eb
:10f6980003eb0523d9f814108b4228d0ff230893d5
:10f6a800b6e704eb44030799cd5c4a1cd25c05928b
:10f6b8008a1cd35c0693d9f81030002b7fd0d9f878
:10f6c80014309d4202d0ff230893a1e7d9f81830df
:10f6d800059a9a4202d0ff23089399e7d9f81c307b
:10f6e800069a934214bfff230023089390e7fb7800
:10f6f800059903eb0123d9f818108b4202d0ff2398
:10f70800089385e77b79069a03eb0223d9f81c2036
:10f71800934214bfff230023089379e7d9f8042004
:10f72800082a12d1079b185dd9f80c3083424cd9ae
:10f73800d9f8083013f8205003eb8000437805937c
:10f7480083780693c378089362e704fb02f30e9369
:10f7580007990ea812f0e3fce6e7d9f80430082b65
:10f7680009d0079b13f82450023313f82430089368
:10f77800069505954ce7079b13f81450013313f8c9
:10f78800143008930695059542e7079a12f8245015
:10f79800531c13f824300593931c13f82430069354
:10f7a800d31c13f82430089332e706950595ff23f8
:10f7b80008932de706950595ff23089328e7ff236f
:10f7c800089325e7ff23089322e7ff2308930025e2
:10f7d800069505951ce7099b1d5501340af1080a91
:10f7e800039b0433039306360bf1080b0637049b7f
:10f7f800a3423ff4bcae99f80030002b7ff41faf52
:10f80800d9f80450082d3ff4d5ae102d7ff4e3ae9f
:10f81800079a12f81450d9f81030002bcad0531c8c
:10f8280013f8140000eb0520d9f81430984214bfdf
:10f83800ff230023089306950595e9e6c2f108031e
:10f8480045fa03f30121914001390b40dbb221460f
:10f85800099810f0c7fbc0e7022b1fd0032b35d047
:10f86800042b00f08380062bb7d1d8f80430082b7e
:10f8780000f092808af801508af80050059b8af8b7
:10f8880003308af80230069b8af805308af804307b
:10f89800089b8af807308af806309ee7d8f80430c3
:10f8a800082b08d075703570059bf370b370069bf4
:10f8b8007371337191e704eb44030999cd544a1ce1
:10f8c8000598d0548a1c0699d15486e7ac46059908
:10f8d8008e46069b0b9308980a9005f0010201f0ea
:10f8e800010101eb420203f0010303eb420201466e
:10f8f80000f0010303eb420320aa02eb830353f851
:10f90800440c002856d001230c940d950c460b9df1
:10f918004cfa03f202f001024efa03f101f0010180
:10f9280001eb420245fa03f101f0010101eb42014a
:10f9380044fa03f202f0010202eb410250f82200fd
:10f94800002839d00133082be2d10c9c0d9d036ca3
:10f95800002b33dbd8f80420082a02d1099a135562
:10f968003be72146099810f03dfb36e7d8f804300c
:10f97800082b09d0102b7ff430af039b5d701d70ee
:10f988000899d970997028e7099b03f81450013336
:10f99800089a03f8142020e7039b1d7005995970f5
:10f9a80006999970089ada7017e70fa812f086fe80
:10f9b8000021e2e55221e0e55221dee55221dce5b5
:020000040000fa
:020000040c01ed
:10f9c8005f000000200000000000070000000000a9
:10f9d80000000000000000002100040014000800de
:10f9e80002001400000004000000000022000900ca
:10f9f80007000b000100140000000900500000007f
:10fa0800230012001400120000001400000012006d
:10fa18009000000024000e001700100001001500df
:10fa280000000e00f8010000250015001400170062
:10fa380001001400000015003c030000260014001b
:10fa4800140015000100140000001400e004000078
:10fa5800270004000700060001001400000004004d
:10fa680070060000280007001800080001001400b4
:10fa7800000007008c060000290008001800080094
:10fa88000000140000000800340700002a000e00df
:10fa98000d000f000100150000000e00f407000023
:10faa8002b000e000d0010000100100000000e00d9
:10fab800ac0800002c000500070008000100030046
:10fac80000000500640900002d000700030009007c
:10fad8000100090000000700880900002e0004004a
:10fae800040008000200040000000400a00900004f
:10faf8002f000b0014000a000000140000000b0087
:10fb0800b009000030000e001400100001001400bd
:10fb180000000e008c0a00003100080014001000dc
:10fb28000200140000000800a40b000032000e00c0
:10fb3800140010000100140000000e00440c000026
:10fb480033000e00140010000100140000000e0025
:10fb58005c0d0000340010001400100000001400b8
:10fb680000001000740e000035000e001400100094
:10fb78000100140000000e00b40f000036000e0053
:10fb8800140010000100140000000e00cc1000004a
:10fb980037000e00140010000100140000000e00d1
:10fba800e411000038000e001400100001001400d9
:10fbb80000000e00fc12000039000e0014001000b6
:10fbc8000100140000000e00141400003a000400a4
:10fbd8000f00080002000f00000004002c150000b0
:10fbe8003b0006001300080000000f00000006009c
:10fbf800681500003c000e000f0010000100120004
:10fc080000000e00dc1500003d000e00080010008a
:10fc180001000e0000000e00b01600003e000e00ad
:10fc28000f0010000100120000000e002017000055
:10fc38003f000c0014000c000000140000000c0031
:10fc4800f417000040001700170019000100140005
:10fc580000001700e4180000410012001400120010
:10fc68000000140000001200f81a000042000f0003
:10fc7800140012000200140000000f00601c0000b5
:10fc880043001000140012000100140000001000ce
:10fc98008c1d000044001100140014000200140020
:10fca80000001100cc1e000045000c0014001000dc
:10fcb8000200140000000c002020000046000c0088
:10fcc80014000f000200140000000c0010210000b6
:10fcd8004700120014001400010014000000120074
:10fce8000022000048001000140015000200140053
:10fcf80000001000682300004900080014000900f3
:10fd08000100140000000800a82400004a000900af
:10fd180019000800fdff1400000009004825000034
:10fd28004b00100014001100020014000000100025
:10fd38002c2600004c000c0014000f0002001400d8
:10fd480000000c006c2700004d001500140019007d
:10fd580002001400000015005c2800004e0011008d
:10fd6800140015000200140000001100002a000011
:10fd78004f001400140016000100140000001400c5
:10fd8800542b000050000e00140011000200140053
:10fd980000000e00e42c00005100140019001600a9
:10fda8000100140000001400fc2d000052000f0098
:10fdb800140011000200140000000f00f02f0000d2
:10fdc80053000e0014000f000100140000000e0084
:10fdd8001c31000054001000140010000000140032
:10fde8000000100034320000550010001400140008
:10fdf80002001400000010007433000056001100c7
:10fe0800140011000000140000001100b4340000b8
:10fe180057001a0014001a000000140000001a000d
:10fe280008360000580011001400100000001400eb
:10fe380000001100103800005900100014001000d4
:10fe48000000140000001000643900005a000e0081
:10fe5800140010000100140000000e00a43a000075
:10fe68005b000700180009000200140000000700ea
:10fe7800bc3b00005c000b0014000a0000001400ea
:10fe880000000b00643c00005d000700180009003a
:10fe98000000140000000700403d00005e000e0056
:10fea8000d0010000100140000000e00e83d0000e5
:10feb8005f000e0003000c00ffffffff00000e00b4
:10fec800a03e0000600006000500080001001600c2
:10fed80000000600cc3e000061000d000f0010007d
:10fee80001000f0000000d00ec3e000062000e0053
:10fef800150011000200150000000e00b03f0000c0
:10ff080063000c000f000d0001000f0000000c0042
:10ff1800d840000064000e00150011000100150013
:10ff280000000e008c41000065000e000f0010005c
:10ff380001000f0000000e00b442000066000b0034
:10ff480015000a000000150000000b00884300009f
:10ff580067000e001600110001000f0000000e00df
:10ff68007044000068000e00150011000200150022
:10ff780000000e00a44500006900040015000700f9
:10ff88000200150000000400cc4600006a000800ca
:10ff98001c000700feff15000000080020470000b5
:10ffa8006b000d0015000f000200150000000d0089
:10ffb800004800006c00030015000700020015004f
:10ffc80000000300144900006d0016000f001a001d
:10ffd80002000f0000001600544900006e000e00d9
:10ffe8000f00110002000f0000000e00a04a0000e0
:10fff8006f000f000f00110001000f0000000f003c
:020000040c02ec
:10000800744b000070000e001600110002000f0073
:1000180000000e00584c000071000e001600110080
:1000280001000f0000000e008c4d000072000a0055
:100038000f000c0002000f0000000a00c04e000074
:1000480073000c000f000d0001000f0000000c00f1
:10005800584f000074000a0013000a000000130043
:1000680000000a000c50000075000d000f00110080
:1000780002000f0000000d00cc50000076000f00b9
:100088000f000e0000000f0000000f00905100004c
:10009800770016000f00160000000f000000160081
:1000a8007452000078000f000f000f0000000f00ce
:1000b80000000f00c053000079000f0016000e006a
:1000c80000000f0000000f00a45400007a000c008c
:1000d8000f000d0001000f0000000c00f05500009b
:1000e8007b000a0018000b000000140000000a0042
:1000f800a45600007c0003001c000f000600150039
:1001080000000300945700007d000a0018000b004f
:100118000000140000000a00e85700007e000e00ee
:100128000400100001000c0000000e00d858000068
:020000040000fa
:020000040c02ec
:10013800b0f1ff3f00f05a832de9f04184b0054645
:10014800044643781f2b3dd8dfe813f029003f0011
:100158004e005b006b008a0042014b0154014302d0
:100168004c0208033c003b034d033c001a023002da
:1001780059019a013c003c00b502e6023c00e1024c
:100188003c0051026a027e022000e501d0f8cc3a18
:10019800002b40f3b982002600f2a917abe2082130
:1001a80000200af041fec84d286810f01dfe00230b
:1001b80064222146c5480ef00dfe28600423a37072
:1001c8000c23637004b0bde8f081c14a00231370aa
:1001d8005370406905f12c03009302234a2113f060
:1001e80077f80c236b70ede7406905f13003009355
:1001f800072305f184024a2112f0effe0c236b70ed
:10020800e0e7b34a0723137000235370406905f1f0
:100218003403009302234a2113f05af80c236b701d
:10022800d0e790f88a3003eb43035b00024652f8ac
:10023800840fc5f88b0090889279a5f88f0085f80f
:10024800912005f19202c5f88020686905f138010e
:10025800009103334a2112f0c0fe0c236b70b1e702
:1002680090f88a8008eb48067600f21d8b308318d8
:1002780059789f783f0447ea0127835c1f43c5f8f4
:10028800a47100210cf010fc0fb1874201d00e239d
:100298006370d4f880300022a4f89a21b8f1000fd6
:1002a80000f0908019461e4401204ff0090c642785
:1002b8001de090462ae0062b64d0072b69d0052b59
:1002c8004ad09ef803209ef80430013302fb033322
:1002d800bef8012013449bb25a1eb5f89ae192b2b7
:1002e800964598bfa5f89a3106318e426bd08e4656
:1002f8004a79002addd00b7903fb02220244d3b2eb
:1003080003f1ff385ffa88f8024618469ef8003075
:10031800092b43d0cfd92c2b4fd013d9472b16d02c
:10032800642bced185f8ad7285f8d82285f8d982ac
:10033800bef80130a5f8da329ef80530023b85f8a0
:10034800ac32bee7132bbcd185f8d222b9e7bef890
:100358000130a5f8d632b4e795f88430802b08d060
:100368009ef8033085f8ca32bef80130a5f8c832c5
:10037800a7e795f886301f2bf2d89ef80330013393
:10038800dbb2efe785f8cb22bef80130a5f8cc3216
:1003980097e7bef80130a5f8ce3292e785f8adc2ee
:1003a80085f8d02285f8d1829ef804209ef8053081
:1003b80002fb033385f8ac3283e7bef80130a5f8b9
:1003c800d4327ee7012084f89f0106236370f9e6a2
:1003d80000f13c03428c0d2111f050f80c236b7096
:1003e800f0e600f14003828c182111f047f80c2345
:1003f8006b70e7e60223037009234370e2e64ff4cb
:10040800fa7012f07bfad5f8c85a324b1b689d4235
:100418002cd9ed1afd2d28bffd25d4f8f4222c4e39
:10042800d11831700a0a727004f53e712a461944cf
:10043800b01c12f03fff606904f14c030093ab1c41
:1004480032464a2112f044ff0c236370214a136894
:100458002b441360204a1368013313605bb1d4f84e
:10046800d82a1e4951f823009047abe60023194ac1
:100478001360194a13601f2363700323e370a1e616
:10048800c378012b2cd05ab242b1022b7ff49aae1a
:1004980090f8a931b3b30023c37093e6b0f8cc3217
:1004a80001339bb20a4a13701b0a53705523937089
:1004b800406905f17003009303234a2112f008fff5
:1004c8000c236b707ee600bf780d0720d50b030c5c
:1004d800140407205c0a07209c0a07208025030cc7
:1004e8004ff4fa7012f00afa4db1686905f1740315
:1004f8000093012305f2a9124a2112f06efd0c2384
:1005080063705fe6d0f8d83a322098471f236b70a3
:100518000323eb7056e6c378042b19d0052b22d0a1
:10052800032b7ff44faeb0f8cc3201339bb2b04a04
:1005380013701b0a537001239370406905f150032f
:10054800009303234a2112f0c3fe0c236b7039e693
:100558004ff4fa7012f0d2f9d5f8d83a64209847d7
:1005680009236b702ee690f8a93113b10323c370e9
:1005780028e6d0f8d83a6420984709236b7021e61a
:10058800b0f8cc328df80c301b0a8df80d300123f1
:100598008df80e30406905f150030093032303aa38
:1005a8004a2112f095fe0c236b700be64ff4fa709b
:1005b80012f0a4f9686905f154030093012303aa12
:1005c8004a2112f00afd642012f098f90c236b708e
:1005d800f8e513f085fa00287ff4f4ad28460ef00c
:1005e800d3faefe50ef0d0fa0c236b70eae5002899
:1005f8003ff4e8add0f88030002b3ff4e3adb0f81d
:10060800d4327b4a13701b0a5370406905f16003aa
:10061800009302234a2112f05bfe0c236b70d1e594
:1006280000238361c36180f8203090f8ca324069a2
:1006380005f164020092013305f2a9124a2112f071
:10064800ccfc0c236b70bde590f8a931c0f8d03a0a
:10065800002b3ff4b7ad90f89f219342c8bfc0f874
:10066800d02a90f8aa31ff2b04d000f5d5717c3040
:100678000bf0bcfed4f8d02a531ec4f8cc3aabb168
:1006880094f89f319a423ff79dadb4f8c832584a62
:1006980013701b0a5370606904f14403009302232a
:1006a8004a2112f015fe0c2363708be50923637051
:1006b8000223237086e5d0f8d03a90f89f21934220
:1006c8003ff780ad90f8ca22406905f148010091d2
:1006d80003fb02f305f2a9124a2112f07efc0c2357
:1006e8006b706fe505f17c000bf080fe0136d5f8e4
:1006f800cc3ab34208dd95f8ca3206fb03f3f91881
:10070800fb5cff2beed1f1e7092363705ae50ef08d
:100718003bfa0c236b7055e590f8a931c0f8d03a34
:10072800002b3ff44fad90f89f219342c8bfc0f80b
:10073800d02a90f8aa31ff2b04d000f5d5717c306f
:100748000bf054fed4f8d03a013bc4f8cc3a13b1bc
:100758001823637036e50923637033e5037eff2ba6
:100768000ed05a1ed2b2fd2a07d890f8d82293424a
:1007780003d390f8d912994205d20a23637021e570
:10078800092343701ee5417e11f00f05f5d0981e30
:10079800801ac0b2e37ea17e41ea0321637f227ff3
:1007a80042ea0322042d06d0052d07d0012de4d1fd
:1007b80011f052f8e1e711f01bf8dee711f032f81a
:1007c800dbe70c4dd0f8d83a286898472b680133f6
:1007d8002b60642b03dd0923637001222a60142037
:1007e80012f08cf8eee4ff230370ebe4704700bfcf
:0807f800140407209cbb07203c
:020000040000fa
:020000040c02ec
:100800002de9f04f8db0099090f8cc87b8f1000f2a
:100810004ad0b8f1010f00f0cf80b8f1020f00f01c
:100820006b81b8f1030f00f01d820999d1f8043ae9
:10083000d1f8fc291344adf82830d1f8083ad1f8a2
:10084000002a1344adf82a30bc4b1b78adf82c308d
:10085000bb4b1b78adf82e3028310aa80ef006fcf1
:10086000012800f0ca82b54b1b7809990846d1f8d7
:10087000042a1344c1f8043ad1f8ec19b0f8422024
:100880000a44934208dbc0f8041aad4b1a78d0f83a
:10089000083a1344c0f8083a099b98690ef0d6fc50
:1008a00000200db0bde8f08f0820a44b1870a44bb9
:1008b0001870099c04f1040acdf800a0002304225a
:1008c00001460bf03bfc606912f016faa06104f2dd
:1008d000c4439c4a136004f244539b4a136004f2dd
:1008e000c4539a4a13609a4b00221a80994f4ff0d2
:1008f000000b954e954d994659e0404634e04246ee
:1009000040e04346120242ea00400343b9f80020a7
:1009100050460df031ff2368023323603368023301
:1009200033602b6802332b603988013189b23980fa
:10093000072933d82368b3f900c00cf1800c4feac3
:10094000cc1c3368b3f90030834a13602a68b2f9cb
:10095000002082480260b42000fb02c0c011ccd449
:10096000ff28a8bfff20c0b26ff02b0e0efb03ccf8
:100970006ff05a0e0efb02c2d211c0d4ff2aa8bfdc
:10098000ff22d2b203eb031ec3eb0e136344db1151
:10099000b7d4ff2ba8bfff23dbb2b3e7b9f8003011
:1009a00001339bb2a9f80030072b3ff63eafa7f802
:1009b00000b00021634cbde70820604b1870102187
:1009c0005f4b1970099c231d079300930023042299
:1009d0000bf0b4fb606912f08ff9a0610023604a4c
:1009e0001370584cdff86091dff86081584f9a46d9
:1009f0009b466de0dc463fe05e464be058463302e6
:100a000043ea0c43564e3678dff858c11cf80660ae
:100a100032440343d20007980df0aefe2368023340
:100a200023602988013189b2298007293ed82368ab
:100a3000b3f900e00ef1800e4feace1e3a88560858
:100a400001ebc606d9f8003033f91600424b1860a6
:100a5000d8f8003033f91660404b1e604ff0b40cec
:100a60000cfb06ec5feaec1cc4d4bcf1ff0fa8bf82
:100a70004ff0ff0c5ffa8cfc6ff02b0303fb00eed2
:100a80006ff05a0303fb06e6f611b5d4ff2ea8bf9c
:100a9000ff26f6b200eb0013c0eb03107044c01148
:100aa000acd4ff28a8bfff20c0b2a8e73b88013321
:100ab0009bb23b80072b03d8a5f800a05946b6e7a8
:100ac000274a13780133dbb21370012b3ff6adae2a
:100ad000099901ebc31202f2c44222609b0103f2a6
:100ae000c453ca18c9f8002080330b44c8f800303a
:100af000a7f800a0174ddfe71020104b1870082151
:100b00000f4b1970099c231d0793009300230422a7
:100b10000bf014fb606912f0eff8a0610023104a9b
:100b20001370084cdff82090dff82080084f9a46b9
:100b30009b4683e0dc4655e05e4661e08c0e072074
:100b40008d0e0720300e0720280e07202c0e0720c0
:100b5000820e07207c0e0720340e0720380e072057
:100b60008b0e0720b03f030c5846330243ea0c4378
:100b7000b04e3678dff8ecc21cf806600343120171
:100b8000314407980df0f8fd23680233236029886b
:100b9000013189b2298007293ed82368b3f900e0e2
:100ba0000ef1800e4feace1e3a884e0806ebc206c2
:100bb000d9f8003033f916009f4b1860d8f8003090
:100bc00033f916609d4b1e604ff0b40c0cfb06ec25
:100bd0005feaec1caed4bcf1ff0fa8bf4ff0ff0cd6
:100be0005ffa8cfc6ff02b0303fb00ee6ff05a03ef
:100bf00003fb06e6f6119fd4ff2ea8bfff26f6b230
:100c000000eb0013c0eb03107044c011acd4ff28fc
:100c1000a8bfff20c0b2a8e73b8801339bb23b804e
:100c2000072b03d8a5f800a05946b6e7814a1378e8
:100c30000133dbb21370012b3ff6f7ad099901ebdd
:100c4000c31202f2c4422260db0003f2c453ca188a
:100c5000c9f8002080330b44c8f80030a7f800a082
:100c6000774ddfe71020774b1870774b1870099c91
:100c7000231d079300930023042201460bf05efa24
:100c8000606912f039f8a06100236a4a13706f4d51
:100c9000dff8dcb1dff8dca16d4e4ff00002adf8fb
:100ca000222089e04ff0000c31e000213fe00022db
:100cb0000b0243ea0c43b7f800c06649098801eb10
:100cc0004c011343644a1288014407980df054fd07
:100cd0002088013080b22080012834d82b689a1ceb
:100ce0002a60b3f900e00ef1800e4feace1ed8f86c
:100cf00000104ff0b40c0cfb01ec5feaec1cd1d4fb
:100d0000bcf1ff0fa8bf4ff0ff0c5ffa8cfcd9f8c5
:100d100000206ff02b0303fb02ee6ff05a0303fb7e
:100d200001e1c911c1d4ff29a8bfff21c9b202eb5b
:100d30000213c2eb03127244d211b8d4ff2aa8bf27
:100d4000ff22d2b2b4e73b8801339bb23b80032b36
:100d500015d83288520803ebc2039bb2dbf800209f
:100d600032f91320c9f80020daf8002032f91330e4
:100d7000c8f80030bdf8223023800020aee7338869
:100d800001339bb23380072b0ed8344a12881344a8
:100d9000314a1380bdf822303b800023dff8989061
:100da000dff898802e4cd4e7224a13780133dbb267
:100db0001370032b3ff639ad2a4ad15c254a1180c6
:100dc0005a0829498a5c25490a80099901ebc3120e
:100dd00002f2c4422a60254ad35c03f262335b000c
:100de000ca18cbf8002080330b44caf80030bdf895
:100df000223033800023124fc7e709980146036b66
:100e00000493d0f8083ad0f8002a13440393d0f89a
:100e1000043ad0f8fc29134402930b4b1b7801933e
:100e2000084b1b780093446a00231a460431a047fc
:100e300019e500bf8b0e0720340e0720380e07205f
:100e40007c0e07208c0e07208d0e0720300e072009
:100e5000820e0720800e0720860e0720840e0720b2
:100e60007e0e0720ac3f030cb03f030ca83f030ce1
:080e7000280e07202c0e0720bc
:020000040000fa
:020000040c02ec
:100e78002de9f04fa1b00490059193461c460293ca
:100e88000b6802681d921e931f934feac40abaf1b9
:100e9800020f40f2a582cdf818a04ff000094a468b
:100ea80051e013465a1c13f0070ffad10d93db08d3
:100eb8001f1d029aba4240f29c820beb0302517842
:100ec8001bf8034004eb012403330beb0305927872
:100ed8001bf8033002eb032323444ff6ff729342bf
:100ee8000bd0152301931d9b049a13601e9b059a32
:100ef8001360019821b0bde8f08f04eb0906314674
:100f08001da812f0eafb002800f076823b19029a2d
:100f18009a42c0f07482002c3fd009f1010215f802
:100f2800010f1d9901f8090091469642f5d1db00a1
:100f38000d93b146039b002b40f04f820d9a931cf2
:100f4800534580f05082d3081bf8033002f00701a4
:100f58000b4103f001030393511c931cc8081bf8b1
:100f6800000001f0070140fa01f101f00101d80881
:100f78001bf8000003f0070340fa03f303f0010035
:100f8800d31c0d9301eb4001032900f02f8239b9de
:100f980013f0070f8bd0131d84e74e463b46c6e778
:100fa80000230e930f931093139314931593012911
:100fb8002bd01132069ca24200f2538205225946d8
:100fc8000da810f0e0fc0990052259460da810f074
:100fd800dafc0890042259460da810f0d4fc061d2e
:100fe80006eb46030d9a13449c42c0f03d82002351
:100ff800189319931a934c2011f07afe074600288b
:1010080000f07481bd4d002453e04ff4906011f05e
:101018006ffe044660b3031f00f50f71082243f802
:10102800042f9942fbd104f50f7304f57f7109224f
:1010380043f8042f9942fbd104f57f7304f25c4115
:10104800072243f8042f9942fbd104f25c4304f2cf
:101058007c41082243f8042f8b42fbd10f234ff425
:10106800907221460ea803f065f920460ef0eaf8c2
:10107800802011f03dfe0446002800f05681031f31
:1010880000f17c01052243f8042f8b42fbd10f238a
:101098002022214613a803f04df920460ef0d2f87d
:1010a80043e12b68002247f8232001340435132c30
:1010b8000bd0a642f5d9d5f80080032259460da8d1
:1010c80010f061fc47f82800efe7072313223946a0
:1010d80018a803f02ff9019098b1002307939846b8
:1010e80038460ef0aff840460ef0acf807980ef010
:1010f800a9f818a812f09ef9019b002b00f01581a1
:1011080095e14ff4906011f0f3fd8046802011f0d6
:10111800effd0790b8f1000f00f0ed80002800f017
:10112800ea80a8f1040308f27c41002243f8042f66
:101138008b42fbd1079a131f02f17c01002243f86e
:10114800042f8b42fbd1099b03f20116c3eb837377
:10115800079a02eb8303a3f204430a93019c0b97bb
:1011680004e0a31b079a42f823000134089b5d1c86
:101178003544ac4280f09c80534618aa0da95846c5
:101188000ff0cafa0f2804d8a642ead948f8240072
:10119800ebe7102824d0112858d012287ad10d9bbb
:1011a8000733534500f23a81072259460da810f03b
:1011b800eafb10f10b0fd9d004f10b0318440023fc
:1011c8000a9fa6428cbf48f8243047f824300134df
:1011d80084425dd0a542f4d12c460f230193c5e784
:1011e800002c00f00f810d9b0233534500f20e8155
:1011f800022259460da810f0c6fb099b03f581731e
:101208009c4219d26ff04043234458f8232010f130
:10121800030fabd0e31c18440a9fb44234bf48f80c
:10122800242047f824200134a0420dd0a542f4d14f
:101238002c460d23019399e7a21b6ff040431344fa
:10124800079a52f82320e2e704468fe70d9b033301
:10125800534500f2df80032259460da810f093fb96
:1012680010f1030f82d0e31c184400230a9fa64202
:101278008cbf48f8243047f824300134a04205d008
:10128800a542f4d12c460e2301936fe704466de77f
:1012980004466be70b9fb0f1ff3f02d01023019388
:1012a8001ee70d9b534594bf0b230a23019317e7b1
:1012b8000b9f019b002b7ff413afd8f8003413b9b0
:1012c800402301930ce70f234ff4907241460ea878
:1012d80003f030f8019000287ff402af0f2320229a
:1012e800079913a803f026f80190f9e607908046bd
:1012f80053230193f4e653230193f1e66cf8020caf
:1013080009f1010529461da812f0e7f9002800f0a7
:1013180089801d9b03f80940a94606e01d982246ce
:101328004119484411f0c6ffb94653460eaa0da903
:1013380058460ff0f1f90446ff28e1d9a0f201134d
:101348001c2b40d84a4a52f823404a4a52f82320d4
:101358000d9b1344534568d859460da810f013fb4c
:101368000444534613aa0da958460ff0d5f91d2871
:1013780064d8414b53f82060404b53f820200d9b14
:10138800134453455dd859460da810f0fcfa06449d
:101398004e4559d8a9eb060504eb090739461da89f
:1013a80012f09bf9002852d0b442b7d9002cbcd017
:1013b8002c441d9b6a1c595d33445955154694426b
:1013c800f7d1b946b1e7b0f5807f43d00d9b5345bf
:1013d8008cbf0a230b23019329e00023019382e5a4
:1013e800342301937fe5342301937ce5142301938f
:1013f80079e53423019376e55323019373e51723a5
:10140800019370e50b9f3623019369e60b9f322306
:10141800019365e60b9f3223019361e60b9f32230c
:1014280001935de65323019301e0332301930ea852
:1014380012f000f813a811f0fdff54e512230193f0
:10144800f5e733230193f2e734230193efe75323be
:101458000193ece70ea811f0edff13a811f0eaffd5
:1014680068e531230193e2e732230193dfe700bf08
:1014780058d0020cccd0020c8ccd020c04ce020c3d
:020000040000fa
:020000040c02ec
:101488002de9f04f87b0044600274ff0010bba460c
:101498002368a26b9b689a4280f06b82baf1010fb5
:1014a80044d0256a23465a4659460df10d00a847ef
:1014b8009df80d50ff2debd1266a23465a46594612
:1014c8000df10e00b0479df80e30d92b40f2d180b7
:1014d800db2b00f05581c0f01b82dd2b00f044812e
:1014e800e02b40f0d180204610f034fa0f2840f26b
:1014f8002081256a23460522594604a8a8479df855
:1015080010304a2b00f01981204611f015ff84f89d
:101518003d00204611f010ff84f83e0094f83d305d
:10152800012bb5d0642084f8be04eee194f846306f
:10153800012b0cd0032b40f01a8294f84a30012b6f
:101548000bd0022b4bd0642084f8be04dde184f874
:10155800c334002084f8cc07d7e194f84d30012b30
:1015680020d0022befd194f84b30012bebd194f81b
:101578004e30012be7d1e26cbd4b1340bd4a93427c
:10158800e1d1042384f8c334002084f8c60784f822
:10159800c707012384f8c837022284f8c92784f8ca
:1015a800cc37b2e194f84b30012bccd194f84e30c3
:1015b800012bc8d1e26cae4b1340ae4a9342c2d164
:1015c800032384f8c334002084f8c607012384f871
:1015d800c737022384f8c83784f8cc0795e194f814
:1015e8004d30012b25d0022badd194f84b30012b77
:1015f800a9d194f84e30012ba5d1e26c9c4b134035
:101608009c4a93429fd1062384f8c334002084f86f
:10161800c60784f8c70784f8c80784f8c9070123f0
:1016280084f8ca37022384f8cb37032384f8cc37ed
:101638006be194f84b30012b85d194f84e30012b97
:1016480081d1e26c8a4b13408a4a93427ff47baf84
:10165800042384f8c334002084f8c60784f8c70735
:10166800012384f8c837022384f8c93784f8cc37b3
:101678004be1d02bbff40cafc02b10d0c42b00f023
:10168800e380012b3ff404af204610f063f90128f2
:1016980040f269810238a36b1844a063f8e620463b
:1016a80010f058f90546082839d9204611f044feab
:1016b80084f84000204610f04df9a4f84400204674
:1016c80010f048f9a4f84200204611f035fe84f8dd
:1016d800460000eb40030733ab4226da18b3002676
:1016e800f5b2204611f028fe254485f8470020462b
:1016f80011f022fe8df80d00030985f84a3000f03c
:101708000f0085f84d00204611f016fe85f85000b0
:10171800013694f84620f3b29a42e1d8b8e664203c
:1017280084f8be04f1e08246b2e6642084f8be0480
:10173800ebe0642084f8be04e7e09df81130462b06
:101748007ff4e2ae9df81230492b7ff4ddae9df8b0
:101758001330462b7ff4d8ae9df81430002b7ff45d
:10176800d3ae84f83cb0cfe6204610f0f3f8042856
:101778007ff48eae204610f0edf8a4f8d40187e689
:10178800204610f0e7f8422802d95746824645e03d
:10179800642084f8be04b8e023465a4659460df141
:1017a8000f00276ab84723465a46594604a8276aad
:1017b800b8472b7803eb881304eb43039df80f100d
:1017c8009df8102002eb0122a3f854200135b54200
:1017d80016d08df8109094f85330002bdcd12346a6
:1017e8005a4659460df10f00276ab8472b7803eb84
:1017f800881304eb43039df80f20a3f85420e5e772
:10180800019f94f85330002b0cbf41238123aaeb8e
:10181800030a1ffa8afabaf1420f13d9204611f0c7
:101828008bfd8df80d0000f00f0894f8533043ea53
:10183800101384f85330104d05f140064ff000099d
:101848000197c6e7ba4623e6204610f083f8054616
:10185800122824d8642084f8be0456e004eb031947
:1018680009f2d71904eb032303f2f7182ae000bfa3
:10187800ff0000ff010000012408030c276a23462b
:101888004a4659464046b847a5eb0905adb294f813
:10189800d631013384f8d631122d7ff6f9ad2046c2
:1018a80011f04afd8df80d0000f00f03c0f300178a
:1018b800002fd3d13f331b0103f10709a14427337c
:1018c80004eb03082346102259464846266ab047c7
:1018d80009f1ff3209f10f014ff0000912f8013f39
:1018e8004b441ffa83f98a42f8d1113dadb2a9459c
:1018f80008d817b1b9f5807f04d8002fbed1b9f147
:10190800100fbbd9642084f8be0407b0bde8f08f7f
:10191800204610f01ff80646022813d9204611f079
:101928000bfd8df80d00f71ea7eb4007bfb294f82a
:10193800463083420ad143000233b34206da68b123
:10194800002631e0642084f8be04dee7642084f8d1
:10195800be04dae7022514e05d4612e0a36b3b44bf
:10196800a363da4694e5642084f8be04cde700203a
:10197800cbe794f83c0010f1ff3018bf0120c4e712
:101988005546204611f0d8fc8df80d00631900f07b
:101998000f0283f8b824000983f8bb04013694f8d1
:1019a8004620f3b29a42d9d9204611f0c5fc8df8e9
:1019b8000d0094f847308342e2d094f848308342cf
:1019c800cad094f849308342c4d0022de6d8d8e76b
:020000040000fa
:020000040c02ec
:1019d8002de9f04f87b0a54cdff8a0a20af11c034f
:1019e800029304f1440b0ae00023a360022284f866
:1019f8002820636423689b6859460720984794f811
:101a08002820531e002a00f05682092bfad801a17b
:101a180051f823f0f119020c451a020ca91b020c0b
:101a2800511c020c891c020c751d020c7d1d020c38
:101a3800e11d020ce71d020c0d1e020ca368636475
:101a480023689b6859460f209847002803dd09231f
:101a580084f82830d3e7a06810f012f82062006eee
:101a68006062243012f054f8606a303012f050f896
:101a7800a0680ff06bfd40017d4b1a584ff480436e
:101a8800b3fbf2f37b4a1360e368012b0ed9606a5b
:101a980043685bb1002550f8241b01ebc5010ef02b
:101aa80039f90135606a43689d42f4d3606a036975
:101ab8005bb10025c16801ebc50124300ef02af99d
:101ac8000135606a03699d42f4d3836a1bb909230f
:101ad80084f8283093e724300cf076fe606a2430ce
:101ae8000cf032fd606a24300df019faa0680ff08e
:101af80047fd012807d0606a5e4b1968243009f059
:101b080029f800260be0606a5a4b1968243009f05e
:101b18007df8f6e7606a04a930300ef0fbf8636ad6
:101b28009a6ae2b153f8241f04aa0868496803c2f4
:101b38003146184610f0fcff636a5a6b002ae9d058
:101b48000025186b04a900ebc5000df063fa012805
:101b5800e5d00135636a5a6b9542f2d3dae7a0689b
:101b68000ff00efd01280dd0606a303009f0a4fd99
:101b7800002323612363636a5b6b43b9092384f8f9
:101b880028303ce7606a303009f0f4fcf0e7a068e0
:101b98000ff0dcfc0bf08cfe032384f828302ee7d2
:101ba800636a22695b6b9a4203d10a2384f828305e
:101bb80025e74ff0ff332364029812f029f878b331
:101bc800236cb3f1ff3f3ff41aaf01260025a0684c
:101bd8000ff056ff8146636a21691b6b03ebc10155
:101be8000af0eefa636a22691b6b03ebc203b3f9ce
:101bf8000470b3f90680a0680ff0a8fc039500955f
:101c08001d4b33440246414638460af093fa99f888
:101c18005c304bb1022b0bd0042384f82830eee65d
:101c2800002626645546d2e799f85030052bf3d1a3
:101c380003980cf00bfbb0f1ff3fedd12a690021ae
:101c4800686911f0bbfee7e7a0680ff019ff4430a0
:101c58000df0a0fe606128b10023c377052384f846
:101c68002830cce6072384f82830c8e6b4120620ca
:101c78002872020c400e072080150620600a0720f3
:101c88006569ab7f9bb12b689b6b284698470128f9
:101c980011d0002384f83830ff2384f83930ab7f23
:101ca800022b1ad0ab6c003318bf0123ab77062385
:101cb80084f82830a3e6012384f838302b685b6c5d
:101cc80028469847c0b284f839000028e7d12b6825
:101cd800d3f8183128469847e9e72b6c5bb304a979
:101ce80028460df0f3f8bdf91430002b12ddbdf9cc
:101cf8001630002b0edd636a21691b6b03ebc101f3
:101d080004a80df0aff958b92b68d3f81831284654
:101d18009847cce72b68d3f8183128469847c6e788
:101d2800664ad16852f8080c0b6b04a903ebc00093
:101d38000cf0fef809e0636a21691a6b04f11803d4
:101d480002ebc1021068516803c32b68d3f8143141
:101d58005b49284698476b6a01336b62eb7f012b1e
:101d680040f0a980236b013323639be7042384f8a5
:101d7800283044e6636a22691b6b03ebc20133f91e
:101d88003200b1f90210266cc6eb06150aeb850283
:101d9800d368936253681362936853621af82550a4
:101da8000b2d28bf00253201931b0aeb83031d77f7
:101db8001d69dd6200259d635d691d631a46236800
:101dc8005b681c329847b0f1ff3f74d04ff0ff3387
:101dd800236410f09dff12e610f09aff0fe6a36847
:101de8000133a360374a1268d2f8e822934234bf1d
:101df80002230a2384f8283023689b6800210620e0
:101e08009847fce523689b68002108209847002331
:101e18002363e36a0133e3622a4b1b68d3f8e83291
:101e2800002b3ff4ecad0026b146264f31e02946a1
:101e380005f10c000ef052fa6b68082b03d92846fe
:101e480010f086fe2ce0284611f062fe28e005f12d
:101e5800180805f10c0140460ef040faeb69082b12
:101e680006d9404610f074fe012384f8283009e0b2
:101e7800404611f04dfef7e705f10c0011f048fe61
:101e880084f8289001363b68d3f8e8329e42bff4c4
:101e9800b6ad30460ff0f4fd056ee368012bc6d8e9
:101ea800eb69002bd3d12b69082be5d905f10c0080
:101eb80010f04efee4e707b0bde8f08fcc12062024
:081ec800c8bb07203c0e0720f7
:020000040000fa
:020000040c02ec
:101ed0002de9f04fc5b003460390881c02330df185
:101ee000140b01f1120202929a46b3e0b5f91e30ca
:101ef000b0f81e8008fb03f8b5f95e20b0f85e303c
:101f000003fb02f308eb030241f2511101fb02f162
:101f10007c4a02fb031241f67e0303fb081835f9e5
:101f2000021c30f8023c03fb01f3b5f93e40c18fbf
:101f300001fb04f103eb01094fea49395b1a5b032a
:101f400008eb0904a9eb08010091d1189b1a019331
:101f5000b5f96e20b0f86e8008fb02f8b5f94e2096
:101f6000b0f84ee00efb02feb5f92e20b0f82ec000
:101f70000cfb02fcc28906fb02f608eb0c050eeb1b
:101f80000607ea1942f2a15909fb02f25e4b03fb74
:101f900005255e4b03fb072208eb06075c4b03fba2
:101fa00007f705eb070940f68e1303fb0898174463
:101fb00043f20b0909fb06760eeb0c07dff8549190
:101fc00009fb07f73a4444f2b31909fb0e223d44da
:101fd00046f2542707fb0c5ca51905f58065ed1248
:101fe0004bf8045ca61b06f58066f612cbf8dc60a5
:101ff00001eb0c0404f58064e412cbf81c40a1eb67
:102000000c0101f58061c912cbf8bc10019b991835
:1020100001f58061c912cbf83c109b1a03f580636f
:10202000db12cbf89c30009a1346434403f58063df
:10203000db12cbf85c30a2eb080808f58063db12fa
:10204000cbf87c3002300af1020a0bf1040b029b40
:1020500098423bd05546baf90e60002e7ff446af49
:10206000baf91e30002b7ff441afbaf92e30002ba5
:102070007ff43cafbaf93e30002b7ff437afbaf9aa
:102080004e30002b7ff432afbaf95e30002b7ff474
:102090002dafbaf96e30002b7ff428af3af9022c3d
:1020a00030f8023c03fb02f39b004bf8043ccbf8f6
:1020b0001c30cbf83c30cbf85c30cbf87c30cbf824
:1020c0009c30cbf8bc30cbf8dc30bbe7039b03f192
:1020d000100b0cae9033019329e06ff07f0489e080
:1020e0006ff07f0898e06ff07f01a3e06ff07f0250
:1020f000aee06ff07f02b9e06ff07f03c4e06ff0f5
:102100007f03cfe0dfc4ffff3bc1ffff84f3ffff8e
:1021100033e3fffffdadffff6ff07f072af8087c78
:102120000bf1100b2036019b9b4500f0ca8056f83e
:10213000187c56f8080c3a1841f2511a0afb02fab8
:10214000614b03fb00a041f67e0909fb07a756f887
:10215000203c56f8102c03eb02094fea49399b1a30
:102160005b0307eb0901a9eb070ec2181b1a0093ca
:1021700056f8049c56f80cac56f814cc56f81c8c47
:1021800009eb0c040aeb0805601942f2a15707fba2
:1021900000f04e4f07fb04044d4f07fb050009eb11
:1021a00008054c4f07fb05f5671940f68e1303fb36
:1021b0000977054443f20b0909fb08580aeb0c05a3
:1021c000dff8149109fb05f5284444f2b31909fb23
:1021d0000a002c4446f2542505fb0c4c01eb080484
:1021e00004f50034a41414f1800ffff676af7f2cb1
:1021f000a8bf7f24da462bf8104ca1eb080808f59d
:1022000000384feaa84818f1800ffff669afb8f11f
:102210007f0fa8bf4ff07f082af8028c02eb0c0159
:1022200001f50031891411f1800ffff65caf7f29b1
:10223000a8bf7f212af80e1ca2eb0c0202f5003287
:10224000921412f1800ffff651af7f2aa8bf7f22b0
:102250002af8042c009b1a1802f50032921412f18d
:10226000800ffff646af7f2aa8bf7f222af80c2cea
:10227000009b1b1a03f500339b1413f1800ffff62c
:102280003baf7f2ba8bf7f232af8063c0eeb07034a
:1022900003f500339b1413f1800ffff630af7f2b53
:1022a000a8bf7f232af80a3caeeb070707f50037e3
:1022b000bf1417f1800ffff62faf7f2fa8bf7f2726
:1022c0002ce745b0bde8f08fdfc4ffff3bc1ffff47
:0c22d00084f3ffff33e3fffffdadffffd1
:020000040000fa
:020000040c02ec
:1022dc0000000000963007772c610eeeba51099978
:1022ec0019c46d078ff46a7035a563e9a395649ed4
:1022fc003288db0ea4b8dc791ee9d5e088d9d297f8
:10230c002b4cb609bd7cb17e072db8e7911dbf9053
:10231c006410b71df220b06a4871b9f3de41be8477
:10232c007dd4da1aebe4dd6d51b5d4f4c785d383d3
:10233c0056986c13c0a86b647af962fdecc9658a77
:10234c004f5c0114d96c0663633d0ffaf50d088dd3
:10235c00c8206e3b5e10694ce44160d5727167a277
:10236c00d1e4033c47d4044bfd850dd26bb50aa5d3
:10237c00faa8b5356c98b242d6c9bbdb40f9bcacf7
:10238c00e36cd832755cdf45cf0dd6dc593dd1ab53
:10239c00ac30d9263a00de518051d7c81661d0bf77
:1023ac00b5f4b42123c4b3569995bacf0fa5bdb8d3
:1023bc009eb802280888055fb2d90cc624e90bb177
:1023cc00877c6f2f114c6858ab1d61c13d2d66b6d3
:1023dc009041dc760671db01bc20d2982a10d5ef37
:1023ec008985b1711fb5b606a5e4bf9f33d4b8e893
:1023fc00a2c9077834f9000f8ea8099618980ee137
:10240c00bb0d6a7f2d3d6d08976c6491015c63e692
:10241c00f4516b6b62616c1cd83065854e0062f2b6
:10242c00ed95066c7ba5011bc1f4088257c40ff512
:10243c00c6d9b06550e9b712eab8be8b7c88b9fc36
:10244c00df1ddd62492dda15f37cd38c654cd4fb92
:10245c005861b24dce51b53a7400bca3e230bbd436
:10246c0041a5df4ad795d83d6dc4d1a4fbf4d6d392
:10247c006ae96943fcd96e34468867add0b860da36
:10248c00732d0444e51d03335f4c0aaac97c0ddd92
:10249c003c710550aa41022710100bbe86200cc9b6
:1024ac0025b56857b3856f2009d466b99fe461ce12
:1024bc000ef9de5e98c9d9292298d0b0b4a8d7c736
:1024cc00173db359810db42e3b5cbdb7ad6cbac092
:1024dc002083b8edb6b3bf9a0ce2b6039ad2b174ae
:1024ec003947d5eaaf77d29d1526db048316dc730a
:1024fc00120b63e3843b64943e6a6d0da85a6a7aae
:10250c000bcf0ee49dff099327ae000ab19e077d09
:10251c0044930ff0d2a3088768f2011efec206692d
:10252c005d5762f7cb67658071366c19e7066b6e89
:10253c00761bd4fee02bd3895a7ada10cc4add67ad
:10254c006fdfb9f9f9efbe8e43beb717d58eb06009
:10255c00e8a3d6d67e93d1a1c4c2d83852f2df4fad
:10256c00f167bbd16757bca6dd06b53f4b36b24809
:10257c00da2b0dd84c1b0aaff64a0336607a0441ad
:10258c00c3ef60df55df67a8ef8e6e3179be694609
:10259c008cb361cb1a8366bca0d26f2536e268522d
:1025ac0095770ccc03470bbbb91602222f26055589
:1025bc00be3bbac5280bbdb2925ab42b046ab35cad
:1025cc00a7ffd7c231cfd0b58b9ed92c1daede5b09
:1025dc00b0c2649b26f263ec9ca36a750a936d02ed
:1025ec00a906099c3f360eeb856707721357000549
:1025fc00824abf95147ab8e2ae2bb17b381bb60c6d
:10260c009b8ed2920dbed5e5b7efdc7c21dfdb0bc8
:10261c00d4d2d38642e2d4f1f8b3dd686e83da1fec
:10262c00cd16be815b26b9f6e177b06f7747b71848
:10263c00e65a0888706a0fffca3b06665c0b0111ec
:10264c00ff9e658f69ae62f8d3ff6b6145cf6c1648
:10265c0078e20aa0eed20dd75483044ec2b30339ec
:10266c00612667a7f71660d04d476949db776e3e48
:10267c004a6ad1aedc5ad6d9660bdf40f03bd8376c
:10268c0053aebca9c59ebbde7fcfb247e9ffb530c8
:10269c001cf2bdbd8ac2baca3093b353a6a3b424ec
:1026ac000536d0ba9306d7cd2957de54bf67d92348
:1026bc002e7a66b3b84a61c4021b685d942b6f2aec
:1026cc0037be0bb4a18e0cc31bdf055a8def022d48
:020000040000fa
:020000040c02ec
:1026dc009d4b1b78012b00f0858170b582b011f0f9
:1026ec002ff99a4d28600368db6a4ff488724ff417
:1026fc00f071984728680368d3f8b03000219847e8
:10270c002868036800240094d3f8c8602346224646
:10271c002146b0472a68536943f03003536111f0e6
:10272c000ff98b4e306003685b692246214698474f
:10273c0030680368db6a4ff488724ff4f071984785
:10274c0030680368d3f8a03082499847286803683a
:10275c00db6e3168984711f0d5f87f4e3060036d11
:10276c005b690522114698473068036ddb6a1c22b1
:10277c00782198473068036dd3f8b03021469847dc
:10278c003068036dd3f8a830214698473068036d44
:10279c00d3f838317149984728680368db6e316883
:1027ac00984711f0aff86e4e3060036d5b69aa224a
:1027bc0040f23f1198473068036ddb6a4b22502181
:1027cc0098473068036dd3f8b0302146984730688d
:1027dc00036dd3f8a830214698473068036dd3f8c1
:1027ec0038316049984728680368db6e3168984730
:1027fc0011f050f95c4e3060036d5b695722e1219a
:10280c0098473068036ddb6a28224121984730686d
:10281c00036dd3f8a030554998473068036dd3f851
:10282c00b030214698473068036dd3f838315049a1
:10283c00984728680368db6e3168984711f02af9cd
:10284c004c4e3060036d5b6957224ff4967198477c
:10285c003068036ddb6a2822462198473068036d87
:10286c00d3f8a030444998473068036dd3f8b030a2
:10287c00214698473068036dd3f838313f49984763
:10288c0028680368db6e3168984711f003f93c4ef9
:10289c003060036d5b69572240f2771198473068be
:1028ac00036ddb6a2822642198473068036dd3f8e6
:1028bc00a030344998473068036dd3f8b0302146c6
:1028cc0098473068036dd3f838312f4998472868fa
:1028dc000368db6e3168984711f00af82b4e3060b4
:1028ec00036d5b69102240f20b1198473068036d41
:1028fc00db6a4a22a02198473068036dd3f8b030c8
:10290c00214698473068036dd3f8a8302146984784
:10291c003068036dd3f850311d4998473068036d0a
:10292c00d3f858311b49984728680368db6e316827
:10293c00984710f0e7ff184e3060036d5b69512229
:10294c0028219847306829e08a0e0720240e07209a
:10295c0090120620043b020ca412062010ba072089
:10296c009c12062088ba0720881206203c38020cdc
:10297c0034120620a01206207435020c6c120620ac
:10298c008c120620ac32020c501206209412062037
:10299c0098b90720d4b9072098120620036ddb6a7a
:1029ac0071229e2198473068036dd3f8a8302146d8
:1029bc0098473068036dd3f838310c49984728682c
:1029cc000368db6e31689847214628680df040fc9f
:1029dc00022120460cf06cfb054b01221a7020469c
:1029ec0002b070bd4ff0ff30704700bf4cba0720eb
:0429fc008a0e072018
:020000040000fa
:020000040c02ec
:102a00002de9f04f83b004460f4699460c9d161ee3
:102a100014bf4ff004084ff003082b78002b71d13e
:102a20006b68082b0dd0102b29d04ff0010b0bfa3f
:102a300003fb0bf1ff3b0023019300296cd09a4666
:102a400048e0002968d009f1ff334f44013fff20df
:102a500004e00246e2704444bb425dd001331a7880
:102a6000a27062702270002ef5d02a69002af0d080
:102a70001a7869698a4214bfff220022eae7002916
:102a80004ad000234ff0ff0c09f1010005e0624637
:102a9000e270013344449f423ed019f81320a270e3
:102aa00062702270002ef4d02a69002aefd019f843
:102ab000131010f8132002eb012269698a4214bf37
:102ac000ff220022e4e7ff20e0700af1010a4444fb
:102ad000574521d06a68494601a80ff024fbc0eb96
:102ae0000023b3fbfbf3dbb2a37063702370002ef3
:102af000ebd02b69002be6d06b69834214bfff201b
:102b00000020e1e7022b0ad0032b6dd0042b00f04c
:102b1000a080062b00f0ce8003b0bde8f08f6b687c
:102b2000082b08d00029f7d04b4601eb410709ebf1
:102b30004709ff2743e00029eed04b4601eb410750
:102b4000b944ff2710e0aa69914201d03a4606e055
:102b5000ea69624514bfff22002200e03a46e270b3
:102b6000444403334b45d7d01a78227059786170aa
:102b700093f802c084f802c0002ef1d02869002822
:102b8000ecd068698242ded03a46e8e7987893f85c
:102b900003c00ceb002ca869844501d03a4609e03b
:102ba000597901eb0221ea69914214bfff22002208
:102bb00000e03a46e270444406339945acd01a78b6
:102bc00022709a7862701a79a270002ef3d0286968
:102bd0000028eed0187893f801c00ceb002c68693f
:102be0008445d3d03a46e5e700230193002993d0ea
:102bf000ca464f441ce0494601a80ff094fa1ce075
:102c00008200ab6813f820302370ab6813445b7804
:102c10006370ab6813449b78a3701eb1ab681a4411
:102c2000d378e37044440af1010a57453ff474af86
:102c30006a68082adfd19af80000eb688342dfd87f
:102c40000023a37063702370002eebd0ff23e3708a
:102c5000e8e76b68082b06d000293ff45daf00233e
:102c600009f102011be000293ff456af002309f1ee
:102c7000010104e0013344449f423ff44daf19f891
:102c80001320a27062702270002ef3d011f813206e
:102c9000e270efe7013344449f423ff43daf19f83f
:102ca0002320a27062702270002ef3d011f823202e
:102cb000e270efe76b68082b06d000293ff42cafd9
:102cc0004b4609ebc1071be000293ff425af4b46fb
:102cd00009eb810704e0444404339f423ff41caff6
:102ce0001a7822705a7862709a78a270002ef2d008
:102cf000da78e270efe744440833bb423ff40cafac
:102d00001a7822709a7862701a79a270002ef2d026
:062d10009a79e270efe782
:020000040000fa
:020000040c02ec
:022d1600704704
:020000040000fa
:020000040c02ec
:102d18002de9f04f8bb0149ce51d0395ed08049543
:102d280002fb04f2073205920193002b00f04d815b
:102d38004fead209864609f10103029301eb09081b
:102d480001eb050b00239a4638e0039b072b09d9b2
:102d5800a8eb09030ef1ff3213f8011f02f8011f57
:102d68005b45f9d1049b4b451dd2a3eb09024244b4
:102d78000ef1ff30591e714412f8013f10f8014f4f
:102d8800234401f8013f4245f6d10ce0059b072b8f
:102d980009d9a8eb09030ef1ff3213f8011f02f855
:102da800011f4345f9d10af1010ace44029b984418
:102db8009b44009b019a524500f00b81cdf800e03e
:102dc800c9f1000212f80820042a00f2008101a1ca
:102dd80051f822f0952d020c532d020cf12d020c06
:102de800332e020ccf2e020c8bb1059a072adad9a2
:102df800a8eb0901013b0ef1ff3011f8012f13f880
:102e0800014f224400f8012f4145f6d1cbe7059b3d
:102e1800072bc8d9a8eb09030ef1ff3213f8011fdd
:102e280002f8011f4345f9d1bde753b3039a072ab6
:102e38000ed9a8eb09015c1e0ef1ff3014f8015ff2
:102e480011f8012f02eb550200f8012f5945f5d171
:102e5800049a4a45a7d2541ea2eb090040440ef139
:102e6800ff352344744415f8012f13f8011f11444a
:102e780010f8012f02eb610204f8012f4045f2d14e
:102e880091e7039b072b09d9a8eb09030ef1ff3241
:102e980013f8011f02f8011f5b45f9d1049b4b454c
:102ea80081d2a3eb090242440ef1ff30591e71444e
:102eb80010f8014f12f8013f03eb540301f8013fea
:102ec8004245f5d16fe753b3039a072a0dd9a8eb0a
:102ed80009015c1e0ef1ff3011f8012f14f8015f93
:102ee8002a4400f8012f5945f6d1049a4a45bff4ff
:102ef8005aaf02f1ff3ca2eb090747440ef1ff323b
:102f080003eb0c015c1ef444cdf81890cdf81ca01e
:102f180091468a46cdf820e0cdf824b02ae0039bfc
:102f2800072b09d9a8eb09030ef1ff3213f8011f8b
:102f380002f8011f5b45f9d1049b4b45bff433af41
:102f4800a3eb090242440ef1ff30591e714412f8f6
:102f5800013f10f8014f234401f8013f4245f6d1e3
:102f680021e79142ccbf7046304628440cf8010f47
:102f7800474521d017f8015f19f8016f1af801efda
:102f880014f8010faeeb00010029b8bf494209b29d
:102f9800321a002ab8bf524212b20eeb0603a3eb54
:102fa8004003002bb8bf5b421bb28b469142a8bfbf
:102fb80093465b45d5dad8e7ddf81890ddf81ca014
:102fc800ddf820e0ddf824b0ede6019802e02420e9
:0c2fd80000e000200bb0bde8f08f00bf4f
:020000040000fa
:020000040c02ec
:102fe400cf000000cf000000ff00000080000000c0
:102ff4004000000000000000e1000000800000002c
:10300400ff000000e1000000cf000000000000000d
:1030140012000000ff000000e10000009100000029
:10302400ba000000ba000000ff0000009200000097
:103034004900000000000000db00000092000000d6
:10304400ff000000db000000ba00000000000000e8
:1030540003000000ff000000db00000092000000fd
:103064007ac600007ac60000ffff0000108400004a
:1030740008420000000000001cd70000108400007b
:10308400ffff00001cd700007ac60000000000000b
:103094001f000000ffff00001cd70000928c0000fe
:1030a40075c6000075c60000ffff00002184000003
:1030b400114200000100000039d700002184000003
:1030c400ffff000039d7000075c6000001000000b2
:1030d4003f000000ffff000039d70000a58c00006e
:1030e400d4d0c800d4d0c800ffffff008080800087
:1030f4004040400000000000e7e3d60080808000ec
:10310400ffffff00e7e3d600d4d0c80000000000b2
:10311400ff000000ffffff00e7e3d60094928c005d
:10312400ffd4d0c8ffd4d0c8ffffffffff8080804a
:10313400ff404040ff000000ffe7e3d6ff808080af
:10314400ffffffffffe7e3d6ffd4d0c8ff00000076
:10315400ffff0000ffffffffffe7e3d6ff94928c21
:10316400d4d0c8ffd4d0c8ffffffffff808080ff0a
:10317400404040ff000000ffe7e3d6ff808080ff6f
:10318400ffffffffe7e3d6ffd4d0c8ff000000ff36
:10319400ff0000ffffffffffe7e3d6ff94928cffe1
:1031a400000000000000000000000000000000001b
:1031b400000000000000000000000000000000000b
:1031c40000000000000000000000000000000000fb
:1031d40000000000000000000000000000000000eb
:1031e40000000000000000000000000000000000db
:1031f40000000000000000000000000000000000cb
:1032040000000000000000000000000000000000ba
:1032140000000000000000000000000000000000aa
:10322400000000000000000000000000000000009a
:10323400000000000000000000000000000000008a
:10324400000000000000000000000000000000007a
:10325400000000000000000000000000000000006a
:103264000100000000000000000000000000000059
:10327400000000000000000000000000000000004a
:10328400000000000000000000000000000000003a
:10329400000000000000000000000000000000002a
:0832a400000000000000000022
:020000040000fa
:020000040c02ec
:1032ac0012000000cf000000ff00000080000000b2
:1032bc004000000012000000e1000000800000004f
:1032cc00ff000000e1000000cf0000001200000031
:1032dc0012000000ff000000e1000000910000005f
:1032ec0003000000ba000000ff0000009200000084
:1032fc004900000003000000db0000009200000009
:10330c00ff000000db000000ba000000030000001a
:10331c0003000000ff000000db0000009200000032
:10332c001f0000007ac60000ffff000010840000a0
:10333c00084200001f0000001cd700001084000091
:10334c00ffff00001cd700007ac600001f00000021
:10335c001f000000ffff00001cd70000928c000033
:10336c003f00000075c60000ffff00002184000034
:10337c00114200003f00000039d7000021840000fa
:10338c00ffff000039d7000075c600003f000000a9
:10339c003f000000ffff000039d70000a58c0000a3
:1033ac00ff000000d4d0c800ffffff008080800029
:1033bc0040404000ff000000e7e3d6008080800022
:1033cc00ffffff00e7e3d600d4d0c800ff000000e9
:1033dc00ff000000ffffff00e7e3d60094928c0093
:1033ec00ffff0000ffd4d0c8ffffffffff808080ed
:1033fc00ff404040ffff0000ffe7e3d6ff808080e6
:10340c00ffffffffffe7e3d6ffd4d0c8ffff0000ac
:10341c00ffff0000ffffffffffe7e3d6ff94928c56
:10342c00ff0000ffd4d0c8ffffffffff808080ffac
:10343c00404040ffff0000ffe7e3d6ff808080ffa5
:10344c00ffffffffe7e3d6ffd4d0c8ffff0000ff6c
:10345c00ff0000ffffffffffe7e3d6ff94928cff16
:10346c000000000000000000000000000000000050
:10347c000000000000000000000000000000000040
:10348c000000000000000000000000000000000030
:10349c000000000000000000000000000000000020
:1034ac000000000000000000000000000000000010
:1034bc000000000000000000000000000000000000
:1034cc0000000000000000000000000000000000f0
:1034dc0000000000000000000000000000000000e0
:1034ec000c000000fc0000000f00000008000000b1
:1034fc00ed0000000c000000fe00000008000000c1
:10350c000f000000fe000000fc0000000c0000009a
:10351c000c0000000f000000fe000000f600000090
:10352c00000000000000000000000000000000008f
:10353c00000000000000000000000000000000007f
:10354c00000000000000000000000000000000006f
:10355c00000000000000000000000000000000005f
:08356c00000000000000000057
:020000040000fa
:020000040c02ec
:10357400b6000000cf000000ff0000008000000043
:1035840040000000b6000000e100000080000000e0
:10359400ff000000e1000000cf000000b6000000c2
:1035a40012000000ff000000e10000009100000094
:1035b4001c000000ba000000ff00000092000000a0
:1035c400490000001c000000db0000009200000025
:1035d400ff000000db000000ba0000001c00000037
:1035e40003000000ff000000db0000009200000068
:1035f400e00700007ac60000ffff0000108400000e
:1036040008420000e00700001cd7000010840000fe
:10361400ffff00001cd700007ac60000e00700008e
:103624001f000000ffff00001cd70000928c000068
:10363400c107000075c60000ffff000021840000e0
:1036440011420000c107000039d7000021840000a6
:10365400ffff000039d7000075c60000c107000055
:103664003f000000ffff000039d70000a58c0000d8
:1036740000ff0000d4d0c800ffffff00808080005e
:103684004040400000ff0000e7e3d6008080800057
:10369400ffffff00e7e3d600d4d0c80000ff00001e
:1036a400ff000000ffffff00e7e3d60094928c00c8
:1036b400ff00ff00ffd4d0c8ffffffffff80808022
:1036c400ff404040ff00ff00ffe7e3d6ff8080801b
:1036d400ffffffffffe7e3d6ffd4d0c8ff00ff00e2
:1036e400ffff0000ffffffffffe7e3d6ff94928c8c
:1036f40000ff00ffd4d0c8ffffffffff808080ffe2
:10370400404040ff00ff00ffe7e3d6ff808080ffda
:10371400ffffffffe7e3d6ffd4d0c8ff00ff00ffa1
:10372400ff0000ffffffffffe7e3d6ff94928cff4b
:103734000000000000000000000000000000000085
:103744000000000000000000000000000000000075
:103754000000000000000000000000000000000065
:103764000000000000000000000000000000000055
:103774000000000000000000000000000000000045
:103784000000000000000000000000000000000035
:103794000000000000000000000000000000000025
:1037a4000000000000000000000000000000000015
:1037b4000a000000fc0000000f00000008000000e8
:1037c400ed0000000a000000fe00000008000000f8
:1037d4000f000000fe000000fc0000000a000000d2
:1037e4000c0000000f000000fe000000f6000000c6
:1037f40000000000000000000000000000000000c5
:1038040000000000000000000000000000000000b4
:1038140000000000000000000000000000000000a4
:103824000000000000000000000000000000000094
:0838340000000000000000008c
:020000040000fa
:020000040c02ec
:10383c0036000000cf000000ff00000080000000f8
:10384c004000000036000000e10000008000000095
:10385c00ff000000e1000000cf0000003600000077
:10386c0012000000ff000000e100000091000000c9
:10387c00e0000000ba000000ff0000009200000011
:10388c0049000000e0000000db0000009200000096
:10389c00ff000000db000000ba000000e0000000a8
:1038ac0003000000ff000000db000000920000009d
:1038bc0000f800007ac60000ffff00001084000032
:1038cc000842000000f800001cd700001084000023
:1038dc00ffff00001cd700007ac6000000f80000b3
:1038ec001f000000ffff00001cd70000928c00009e
:1038fc0001f8000075c60000ffff000021840000e5
:10390c001142000001f8000039d7000021840000aa
:10391c00ffff000039d7000075c6000001f8000059
:10392c003f000000ffff000039d70000a58c00000d
:10393c000000ff00d4d0c800ffffff008080800093
:10394c00404040000000ff00e7e3d600808080008c
:10395c00ffffff00e7e3d600d4d0c8000000ff0053
:10396c00ff000000ffffff00e7e3d60094928c00fd
:10397c00ff0000ffffd4d0c8ffffffffff80808057
:10398c00ff404040ff0000ffffe7e3d6ff80808050
:10399c00ffffffffffe7e3d6ffd4d0c8ff0000ff17
:1039ac00ffff0000ffffffffffe7e3d6ff94928cc1
:1039bc000000ffffd4d0c8ffffffffff808080ff17
:1039cc00404040ff0000ffffe7e3d6ff808080ff10
:1039dc00ffffffffe7e3d6ffd4d0c8ff0000ffffd7
:1039ec00ff0000ffffffffffe7e3d6ff94928cff81
:1039fc0000000000000000000000000000000000bb
:103a0c0000000000000000000000000000000000aa
:103a1c00000000000000000000000000000000009a
:103a2c00000000000000000000000000000000008a
:103a3c00000000000000000000000000000000007a
:103a4c00000000000000000000000000000000006a
:103a5c00000000000000000000000000000000005a
:103a6c00000000000000000000000000000000004a
:103a7c0009000000fc0000000f000000080000001e
:103a8c00ed00000009000000fe000000080000002e
:103a9c000f000000fe000000fc0000000900000008
:103aac000c0000000f000000fe000000f6000000fb
:103abc0000000000000000000000000000000000fa
:103acc0000000000000000000000000000000000ea
:103adc0000000000000000000000000000000000da
:103aec0000000000000000000000000000000000ca
:083afc000000000000000000c2
:020000040000fa
:020000040c02ec
:103b0400ff000000cf000000ff0000008000000064
:103b140040000000ff000000e10000008000000001
:103b2400ff000000e1000000cf00000000000000e2
:103b340012000000ff000000e100000091000000fe
:103b4400ff000000ba000000ff0000009200000027
:103b540049000000ff000000db00000092000000ac
:103b6400ff000000db000000ba00000000000000bd
:103b740003000000ff000000db00000092000000d2
:103b8400ffff00007ac60000ffff00001084000061
:103b940008420000ffff00001cd700001084000052
:103ba400ffff00001cd700007ac6000000000000e0
:103bb4001f000000ffff00001cd70000928c0000d3
:103bc400ffff000075c60000ffff00002184000015
:103bd40011420000ffff000039d7000021840000db
:103be400ffff000039d7000075c600000100000087
:103bf4003f000000ffff000039d70000a58c000043
:103c0400ffffff00d4d0c800ffffff0080808000ca
:103c140040404000ffffff00e7e3d60080808000c3
:103c2400ffffff00e7e3d600d4d0c8000000000087
:103c3400ff000000ffffff00e7e3d60094928c0032
:103c4400ffffffffffd4d0c8ffffffffff8080808e
:103c5400ff404040ffffffffffe7e3d6ff80808087
:103c6400ffffffffffe7e3d6ffd4d0c8ff0000004b
:103c7400ffff0000ffffffffffe7e3d6ff94928cf6
:103c8400ffffffffd4d0c8ffffffffff808080ff4e
:103c9400404040ffffffffffe7e3d6ff808080ff47
:103ca400ffffffffe7e3d6ffd4d0c8ff000000ff0b
:103cb400ff0000ffffffffffe7e3d6ff94928cffb6
:103cc40000000000000000000000000000000000f0
:103cd40000000000000000000000000000000000e0
:103ce40000000000000000000000000000000000d0
:103cf40000000000000000000000000000000000c0
:103d040000000000000000000000000000000000af
:103d1400000000000000000000000000000000009f
:103d2400000000000000000000000000000000008f
:103d3400000000000000000000000000000000007f
:103d44000f000000fc0000000f000000080000004d
:103d5400ed0000000f000000fe000000080000005d
:103d64000f000000fe000000fc0000000000000046
:103d74000c0000000f000000fe000000f600000030
:103d8400000000000000000000000000000000002f
:103d9400000000000000000000000000000000001f
:103da400000000000000000000000000000000000f
:103db40000000000000000000000000000000000ff
:083dc4000000000000000000f7
:020000040000fa
:020000040c02ec
:103dcc002de9f04f099f154604468e461e46002be2
:103ddc0040f0cc808a42b2fa82fc4cd9bcf1000f84
:103dec000bd0ccf1200801fa0cfe20fa08f802faec
:103dfc000cf548ea0e0e00fa0cf44fea15491ffabe
:103e0c0085f8befbf9fa210c09fb1ae30afb08fb47
:103e1c0041ea03439b452ad9eb180af1ff3004d23f
:103e2c009b4502d9aaf102002b44a3eb0b03a4b2cd
:103e3c00b3fbf9f209fb123302fb08f844ea034422
:103e4c00a04516d92c1902f1ff3303d2a04501d994
:103e5c00931e2c44a4eb080443ea004027b124fa37
:103e6c000cf400233c607b603146bde8f08f50467b
:103e7c00dbe71346eee702b9ffdebcf1000f2ed1f3
:103e8c008b1a01264fea154eaab2b3fbfef8210c91
:103e9c000efb183308fb02f941ea0343994561d93b
:103eac00eb1808f1ff3004d2994502d9a8f10200b1
:103ebc002b44a3eb0903a4b2b3fbfef10efb1133ad
:103ecc004a4344ea0344a2424ed92c1901f1ff3370
:103edc0003d2a24201d98b1e2c44a41abce7ccf10c
:103eec00200e02fa0cf521fa0ef901fa0cf320fa65
:103efc000efe4eea03034fea154800fa0cf4b9fb28
:103f0c00f8f11ffa85fe08fb1192180c01fb0ef656
:103f1c0040ea0242964221d9aa1801f1ff3003d29d
:103f2c00964201d9881e2a44921b9bb2b2fbf8f927
:103f3c0008fb192209fb0efe43ea02439e450fd9ea
:103f4c00eb1809f1ff3604d29e4502d9a9f10206fd
:103f5c002b44a3eb0e0346ea004693e70846e3e73f
:103f6c004e46f6e74046a4e70b46b6e78b4206d929
:103f7c00002f7ed00026c7e90001304674e7b3fa63
:103f8c0083fcbcf1000f0fd18b4201d3824209d8c4
:103f9c00841a61eb030e0120002f6dd0c7e9004e8f
:103fac00002661e76046f7e7ccf1200e03fa0cf32c
:103fbc0022fa0ef521fa0ef41d4301fa0cf320fa45
:103fcc000ef10b434fea154a00fa0cf6b4fbfaf962
:103fdc001ffa85f80afb19401c0c09fb08f144ea8e
:103fec000044a14202fa0cf23fd92c1909f1ff301e
:103ffc0004d2a14202d9a9f102002c44641a9bb24a
:10400c00b4fbfaf90afb194409fb08f843ea04412a
:10401c0088452cd9691809f1ff3304d2884502d997
:10402c00a9f10203294443ea0040a1eb0801a0fbdb
:10403c0002894945c2464c4602d306d1464504d2b4
:10404c00b8eb020a69eb05040138afb1b6eb0a0311
:10405c0061eb040606fa0efe23fa0cf34eea030398
:10406c0026fa0cf6c7e900369ae74846c6e74b46ef
:0c407c00d9e73e463846f7e63e46f5e63a
:020000040000fa
:020000040c02ec
:104088002de9f0439db00446884617461d46b0f911
:1040980004600dab0068616803c34fea55091ffa55
:1040a80089f1bdf83420521aadf83420bdf8363005
:1040b8005b1aadf83630abb29a19adf83820bdf8b6
:1040c8003a201344adf83a300da80ff007fa01284a
:1040d80000f029810fab2068616803c3002f00f04e
:1040e8002581002d00f022813346002eb8bf731cb5
:1040f8005e1006aa3946404601f024fe012d1ad961
:1041080015f0010f59d009f1010333445a421592b1
:10411800169217931893013b07ee903af8eee77a58
:10412800cded147aa6eb090607ee906af8ee677ae9
:10413800cded137a0ce073421593169317961896e3
:1041480007ee906af8eee77acded147acded137aa2
:10415800b4f900301193b4f902301293259b1a93e5
:10416800279b1b93069b13b39df82430012b3bd050
:104178009df82530012b3dd09df82630012b3fd0ee
:104188009df82730012b41d0069b022b0fd19df8bb
:104198003030012b40d09df83130012b42d09df8b2
:1041a8003230012b44d09df83330012b46d09df896
:1041b8009030012b48d00020b9e009eb06035a42a1
:1041c8001592169217931893013b07ee903af8ee62
:1041d800677acded147aa6eb090607ee906af8ee39
:1041e800677acded137ab3e7089a07990fa804f018
:1041f80063f8bde7089a07990fa804f0f7f8bbe73a
:10420800089a07990fa803f0a5fcb9e7089a079937
:104218000fa803f0ddfdb7e70b9a0a990fa804f081
:104228004bf8b8e70b9a0a990fa804f0dff8b6e73d
:104238000b9a0a990fa803f08dfcb4e70b9a0a9918
:104248000fa803f0c5fdb2e7b4f904000028b8bf11
:104258000130401002aa414601300ef060fb039b7a
:10426800594203916688b4f90620002ab8bf013282
:10427800c2f34f02c5f38f0523885b1b02980344e2
:10428800b4f904000028b8bf013003eb6003adf8af
:104298001030731b0b441a44adf812200ffa89f63c
:1042a800adf81460adf81660279b0093259b1a465d
:1042b800494604a808f0a8f907eb0801b4f9040076
:1042c8000028b8bf0130401002aa01300ef027fbc9
:1042d8000399494203916288b4f90670002fb8bf68
:1042e8000137c7f34f0723885b1b02980344b4f9cf
:1042f80004000028b8bf013003eb6003adf81030ac
:10430800551b0d443d44adf81250adf81460adf89e
:104318001660279b0093259b1a46494604a808f077
:1043280073f9002003e04ff0ff3000e000201db0db
:04433800bde8f08369
:020000040000fa
:020000040c02ec
:10433c002de9f04786b004460d4616469846970080
:10434c0038460ef0d3fca060002800f0e2805eb18d
:10435c002b1f03eb070cc5f10401ca18a06853f816
:10436c00045f85509c45f8d12661c4f80c8000236d
:10437c0000930293019303930593049338460ef034
:10438c00b5fc6060002814bf00255325e76807f1d1
:10439c000108019e4fea880168460df024fb0028b5
:1043ac0000f0b980cdf80480b04508d9002200e0b7
:1043bc001e46009b43f82620731cb742f8d1e768d1
:1043cc0007f10108049e4fea880103a80df00bfbce
:1043dc00002800f0b180cdf81080b04508d900223b
:1043ec0000e01e46039b43f82620731cb742f8d10d
:1043fc00002d40f0918023696bb12b46a26852f8d6
:10440c002300009951f82020013241f8202001337b
:10441c0022699342f2d1e36873b1294601220398d1
:10442c00009b5b58465833445b0040f82230013205
:10443c000431e3689a42f2d92369002b7ed02b46d3
:10444c0003e001332269934278d0a26852f823200a
:10445c00002af6d0039850f822104e1c40f8226027
:10446c00626842f82310ece71d4661e049f823c06e
:10447c00724600e0921b0131a36853f80080884516
:10448c0023d0666808f1ff33a3eb0109335823faf4
:10449c0009f303f00103002a2fdb266902f102095c
:1044ac00b1452cd803eb4203d4f8009059f82320e3
:1044bc0047f6ff7a5245ddd14a1c4245d6d001372a
:1044cc003e4449f823603a46d5e70cf1010c2369c8
:1044dc009c455dd35b0018d02b4647f6ff70002639
:1044ec00226852f82310814208bf42f8236001333e
:1044fc002269b3eb420ff3d31ae0372518e03725c6
:10450c0016e0372514e0372512e01d4610e0532540
:10451c000ee053250ce053250024029401940098de
:10452c000af08efe00940594049403980af088fe19
:10453c00284606b0bde8f0875325ede70026029625
:10454c00019600980af07cfe009605960496039856
:10455c000af076fe03962069c0000ef0c7fb2060bf
:10456c000028d4d023695b000ad02b4647f6ff7194
:10457c00226842f8231001332269b3eb420ff7d3c0
:10458c002369002b3ff470af2a462f46ac46ae464b
:10459c004fea8c00a36853f82c80b8f1000f94d02c
:1045ac00616808f1ff3351f82c1021fa03f303f082
:1045bc000103002aa5db2669911cb142a3d8294628
:0245cc0070e796
:020000040000fa
:020000040c02ec
:0245ce00704734
:020000040000fa
:020000040c02ec
:1045d0002de9f04188b0ddf83880884d2d7a002d26
:1045e00040f0f380002a00f0f080022a03d1047c1e
:1045f000062c00f2ed801f4615460c460646f422b6
:1046000000217e480ff0def90023adf81830adf838
:104610001a307369adf81c30b369adf81e3021460d
:1046200006a80af023fd002800f0d58004aa214640
:1046300006a809f081fcb8f1000f00f0cf8000233c
:10464000adf80830adf80a30bdf81430adf80c30d4
:10465000bdf81630adf80e3002a90b463a4603c934
:1046600005f0bafc9df83c30012b71d0d8f8003031
:10467000002b00f0b680d8f80040604a5460002358
:104680009382d38263691383a3695383636a002b84
:1046900000f0aa80bdf914c0bcf1000f40f3a78060
:1046a000bdf916e0bef1000f40f3a480062313729b
:1046b00001239372134643f80c6b04a903c983e8e2
:1046c00003005763b2f90c306146bcf1000fb8bf6c
:1046d0000cf1010103eb61039363484ab2f90e3018
:1046e0007146bef1000fb8bf0ef1010103eb61038b
:1046f000d3636369002bb8bf01335b103f4a136477
:10470000a369002bb8bf01335b103c4a53641046c9
:1047100082f8a850237c53720ef052f8b0f1ff3f9c
:1047200050d0012d27d035480ef026f8b0f1ff3fcc
:1047300048d032480ff0c4f8b0f1ff3f42d0022d0c
:1047400025d12e480ef088fab0f1ff3f25d139e08f
:10475000327cbdf90e10bdf90c0009f077f8c8f8ed
:104760000000436900210191826900920a461030dd
:1047700006f0b2fe7fe721480ef05efab0f1ff3f8f
:1047800020d01e480ff09cf8b0f1ff3f1ad01b4814
:104790000ef072fab0f1ff3f14d018480df068fd2a
:1047a000b0f1ff3f0ed015480df08bfeb0f1ff3f8a
:1047b00008d012480ef090fab0f1ff3f4ff0ff30f2
:1047c00018bf002008b0bde8f0814ff0ff30f9e7d6
:1047d0004ff0ff30f6e74ff0ff30f3e74ff0ff30d8
:1047e000f0e74ff0ff30ede74ff0ff30eae74ff032
:1047f000ff30e7e74ff0ff30e4e700bf2005072078
:020000040000fa
:020000040c02ec
:104800002de9f04194b004460d4617461e460aa80d
:104810000ff0a2f9804b1b7a002b40f0ed80f422c0
:1048200000217d480ff0cef80023adf84830adf8f8
:104830004a306369adf84c30a369adf84e30294673
:1048400012a80af013fc002800f0d98010aa29460b
:1048500012a809f071fbadf83870adf83a60bdf8f8
:104860004430adf83c30bdf84630adf83e300cabce
:1048700010aa0aa90ea805f0cdfabdf94430002b04
:1048800040f3c080bdf94630002b40f3be80624d3e
:104890002b4643f80c4b10aa92e8030083e8030070
:1048a00005f114030caa92e8030083e803001a9ba5
:1048b000c5f89c300ef00afe68722368a3b9237b0a
:1048c00093b9e36a13f0100f02d0237c834242d0e5
:1048d000514a114651f80c0b1a9b1432103002f059
:1048e000fffd002800f094804b480df057ffb0f119
:1048f000ff3f2dd048480ef0e3ffb0f1ff3f27d037
:1049000045480ef0b9f9b0f1ff3f21d042480ef012
:1049100009ffb0f1ff3f1bd03f480df001fbb0f1a4
:10492000ff3f15d03c480df0a3fcb0f1ff3f0fd086
:1049300039480df0c6fdb0f1ff3f09d036480ef002
:10494000bbf9b0f1ff3f03d0334b01221a720020b4
:1049500014b0bde8f0812c462d6805f1100801a8bf
:104960000ef020fc0df050ffc36806930df04cffd5
:10497000436804930df048ff836805930df044ffee
:1049800003788df80c300df03fff036907930df0ad
:104990003bff436908932a7c204b03eb4213b4f995
:1049a00010201f6807fb02f7b4f91230002b20dd3e
:1049b0000025b4f90e202a44b4f90c1040460cf03e
:1049c00063f90646b4f91620bdf90630d21ab4f9d7
:1049d0001410bdf904302a44c91a03a80cf054f984
:1049e0003a4631460ef06afc0135b4f912309d4268
:1049f000dfdb4ff0ff30abe74ff0ff30a8e74ff0c1
:104a0000ff30a5e74ff0ff30a2e74ff0ff309fe700
:104a10004ff0ff309ce700bf20050720c870020c54
:020000040000fa
:020000040c02ec
:104a20002de9f04f85b0109f9df844804fb31d468f
:104a30001646039102904ff0ff333b600af032febe
:104a40008346f0b1b8f1010f0cd0b8f1020f1bd0c2
:104a5000b8f1080f18d0a5b19eb10f9b8bb10e9b7a
:104a600023b90ee00f9b63b10e9b53b1dbf80090ae
:104a7000c9eb091a6f4b03eb8a0a504607f0b1f9ec
:104a800038b905b0bde8f08f002dfad0002eedd179
:104a9000f7e7dbf800c0cceb0c12664b03eb8203ac
:104aa0005c6a186a002800f0c08023785bb104f1ca
:104ab0002c0200230133984200f0b780144612f80c
:104ac0002c1b0029f6d1012222700022a262dbf801
:104ad0000020120292b2cceb0c10564901eb80017f
:104ae000888d42ea0042dbb2134323628b8d01338f
:104af0009bb24ff6ff72934208bf01238b85039b45
:104b000063800e9b63600f9ba360e6602561029b40
:104b1000a361002384f8243001222277637584f88e
:104b20001480236a3b60daf828306bb1c9eb0919ad
:104b3000404b03eb8909d9f82830002b55d09a6aed
:104b4000002a4ed11a464fe0caf82840c9eb091393
:104b5000384a02eb83035a69dbf814309a420dd0cd
:104b6000c9eb0915334b03eb8505eb685b69002145
:104b70000bf114009847dbf814306b6102232377a4
:104b8000b8f1010f35d0b8f1020f40d06368226947
:104b9000e1686088c9eb0915264e06eb8505ee68cd
:104ba000a5680095b568a847f8b94ff0ff333b609a
:104bb000c9eb09191f4b03eb8909d9f80c301b69a4
:104bc000984784f8240094f82430dbb2002b0cbf03
:104bd00001234ff0ff33637550460ef007ff04e0ea
:104be0001a46936a002bfbd19462504607f0dffe11
:104bf00047e7c9eb09130f4a02eb8303db681b6825
:104c0000a2686168608898470028eed1cde7c9ebbb
:104c10000913084a02eb8303db685b682269e168d9
:104c2000608898470028e0d1bfe7504607f0bffef4
:084c300027e700bfd0090720af
:020000040000fa
:020000040c02ec
:104c380082b02de9f04f83b002ac04e906000d9371
:104c48009df83ca09df840609df844109df84c707c
:104c58009df854e0bdf858c0bdf90440bdf90650b0
:104c68001ab21b14bdf938b0bdf93a804ff00009eb
:104c7800a0f80090a0f80290baf1000f30d19df88a
:104c880048904a4492b2002c00dd29b30280002edd
:104c980075d15a1c3a4492b24280022900f0c5806c
:104ca800002d40f3c280012964d0ac46002db8bf66
:104cb80005f1010c02eb6c0cb0f90620002ab8bf14
:104cc8000132aceb620c0ffa8cfc3b44634580f27a
:104cd800ac80a0f802c0a8e0644422440280d6e771
:104ce800baf1010f12d05a449df85090a2eb090274
:104cf800b0f80490a2eb090292b20ffa82f90329e4
:104d080001d1002c32dca0f80090c0e7d946bbf1f5
:104d1800000fb8bf0bf1010902eb6902b0f904906a
:104d2800b9f1000fb8bf09f10109a2eb690292b20b
:104d38000280002cabdd59b9a146002cb8bf04f1a4
:104d480001094fea5c0404eb6904224402809ee7ef
:104d580003299cd1a146002cb8bf04f101094feaf0
:104d68005c0404eb6904121b028090e76444121b84
:104d780002808ce71544ac440ffa8cfca5e7012ea1
:104d880024d0b0f9064003eb0802a2eb0e02121b76
:104d980092b216b2012947d0002d45dd022949d02b
:104da8002146002cb8bf611c49102f46002db8bf02
:104db8006f1ca1eb67010a4412b214444344a3ebed
:104dc8000e0e7445c8bf324642802ee04246b8f106
:104dd800000fb8bf08f1010203eb6203b0f9062027
:104de800002ab8bf0132a3eb62039bb24380002db7
:104df8001bdd01290dd0022917d12a46002db8bf85
:104e08006a1c4fea5c0c0ceb620ca3eb0c034380ae
:104e18000be02a46002db8bf6a1c4fea5c0c0ceb6d
:104e2800620c6344438000e0468003b0bde8f04f65
:0c4e380002b070476544521b12b2bee786
:020000040000fa
:020000040c02ec
:104e44002de9f04f89b0129f139cadf81830adf8de
:104e54001a704d88adf81c508d88adf81e5000288e
:104e640000f0e080002a00f0e080002c00f0dd80fb
:104e74001d460392009106a80ef032fb012800f0b3
:104e8400d78004a906a80ef06dfebdf91020aa4231
:104e9400ccbf531b00230293009bb3f90200019083
:104ea4004119bdf914301344994202dd5b1a1844c8
:104eb4000190227a634b03eb42135b68202b10d0e2
:104ec400102b4ad0d4f80ca0bdf912b0bdf91a3099
:104ed400abeb030bbdf91630002b40f3b1805f44fc
:104ee40081e0d4f80ca0bdf912b0bdf91a30abebd7
:104ef400030bbdf91630002b40f39e8007eb0b0823
:104f04000de00bf1010b08f10108bdf91230bdf9f8
:104f14001a209b1abdf9162013445b451bdd009b28
:104f2400de890bfb06f6029b01998b42e9da9c1998
:104f3400039b1c449946cf183744a5eb0900801bfa
:104f4400204414f8013b5af8232041460cf02afe71
:104f5400bc42f2d1d5e700206be0d4f80c90bdf947
:104f640012a0bdf91a30aaeb030abdf91630002bc2
:104f740064dd07eb0a0b009bde890afb06f6029b45
:104f840001998b4212da9c19039b1c449846cf1852
:104f94003744a5eb0800801b204414f8013b39f882
:104fa400132059460cf0fefdbc42f2d10af1010a6d
:104fb4000bf1010bbdf91230bdf91a209b1abdf992
:104fc400162013445345d6dc002032e00bf1010bcc
:104fd4000137bdf91230bdf91a209b1abdf916200c
:104fe40013445b451cdd009bde890bfb06f6029b2c
:104ff40001998b42eada9c19039b1c44994601eb04
:105004000308b044a5eb0900801b204414f8013bbd
:105014001af8032039460cf0c5fd4445f2d1d5e712
:10502400002006e04ff0ff3003e04ff0ff3000e0d7
:10503400002009b0bde8f08f0020fae70020f8e76f
:085044000020f6e72872020cbf
:020000040000fa
:020000040c02ec
:10504c002de9f0438bb00646894615461f46684647
:10505c000ef07cfd784b1b7a002b40f0dd80002d90
:10506c0000f0da80022d03d1337c062b00f2d780be
:10507c00f422002170480ef09ffc0023adf8203084
:10508c00adf822307369adf82430b369adf8263031
:10509c00494608a809f0e4ff002800f0c3800df190
:1050ac00180808ac42464946204608f03fff98e8ed
:1050bc00030084e80300bdf82020129b1344adf8d4
:1050cc002030bdf82220139b1344adf8223004abe2
:1050dc003a4694e8030004f079ffbdf92620002a33
:1050ec00b8bf0132bdf8223003eb62039bb2bdf9ad
:1050fc0024100029b8bf0131bdf8202002eb610259
:10510c00bdf914100029b8bf0131a2eb6102adf852
:10511c001020bdf91620002ab8bf0132a3eb6203a0
:10512c00adf8123002aa694604a808f0fffebdf9da
:10513c000c30002b79ddbdf90e30002b78dd3e4ca8
:10514c0007232372266084f8a85004f10c030aaae2
:10515c0012e9030083e8030004f1140302aa92e8a5
:10516c00030083e8030000232362e36167630ef00e
:10517c00a7f96072149bc4f89c300123a3722046db
:10518c000df018fbb0f1ff3f43d0012d14d02a488d
:10519c000df0ecfab0f1ff3f3bd027480ef08afb44
:1051ac00b0f1ff3f35d0022d12d123480df04efd4a
:1051bc00b0f1ff3f12d12ce020460df037fdb0f1dd
:1051cc00ff3f26d01c480ef075fbb0f1ff3f20d0fe
:1051dc0019480df04bfdb0f1ff3f1ad016480ef0f8
:1051ec009bfab0f1ff3f14d013480df03bf8b0f12f
:1051fc00ff3f0ed010480df05ef9b0f1ff3f08d024
:10520c000d480df053fdb0f1ff3f4ff0ff3018bfcc
:10521c0000200bb0bde8f0834ff0ff30f9e74ff002
:10522c00ff30f6e74ff0ff30f3e74ff0ff30f0e7d9
:0c523c004ff0ff30ede700bf2005072019
:020000040000fa
:020000040c02ec
:105248002de9f04f83b00c9c002c73d0002b71d04b
:10525800202c73d91d4616468846074602f140049d
:1052680020460cf06dfc20460af09cfd2b78892b1b
:1052780068d16b78502b65d1ab784e2b62d1eb7827
:10528800472b5fd12b790d2b5cd16b790a2b59d128
:10529800ab791a2b56d1eb790a2b53d105f10804b7
:1052a80020460ef025fa0d2853d15c4920460af015
:1052b80055fd002851d005f110000ef019fa38609c
:1052c80005f114000ef014fac8f8000095f81890cb
:1052d800c6f8509095f819b086f84cb095f81aa011
:1052e800c6f840a0ec7e74642b7f0193b3643b68de
:1052f800bbb3d8f80030a3b333695bb905f11d001f
:105308000ef0f6f90746112105f10c000bf0a8fe86
:1053180087422ad1baf1000f2bd174bb019b012b14
:105328002fd8bbf1060f72d8dfe80bf02f713b487e
:10533800577164003024c2f8e04006e01b24c2f82c
:10534800e04002e01c24c6f8e040204603b0bde877
:10535800f08f5e24c6f8e040f7e71d24c6f8e04069
:10536800f3e75d24c6f8e040efe73924c6f8e040eb
:10537800ebe72024c6f8e040e7e72124c6f8e04040
:10538800e3e72224c6f8e040dfe7b9f1100f40d880
:10539800234b23fa09f303f00103002b08bf25244c
:1053a80018e0b9f1080f15d0b9f1100918bf4ff07e
:1053b8000109b9f1000f18bf25240be0b9f1080f56
:1053c80029d84ff48b7323fa09f303f00103002b58
:1053d80008bf2524c6f8e040b7e7b9f1080ff9d0af
:1053e800b9f1100918bf4ff00109b9f1000f18bf42
:1053f8002524efe7b9f1080fecd0b9f1100918bf6f
:105408004ff00109b9f1000f18bf2524e2e71f2466
:10541800e0e72524dee72524dce700bf743e030c23
:045428001601010068
:020000040000fa
:020000040c02ec
:10542c0038b5624b1b78012b25d05ab26ab1022bce
:10543c0038d05f4b1b78042b00f2b580dfe813f0fb
:10544c003c004a0083009200ae005a4b1b685a4a3b
:10545c0012689342edd9594a1021c2f81813584ad0
:10546c0012681344574a1360504b01221a70564b62
:10547c0000221a80dde74f4b1b68524a1268934298
:10548c00d7d34e4a1021c2f81413504a1268134451
:10549c004f4a1360454b02221a704e4a136801336f
:1054ac001360c6e7434b1a68494b1b689a42c0d33a
:1054bc003e4b03221a70bce7404b2022c3f8142148
:1054cc003b4b01221a70444b1b681bb1434a13809f
:1054dc00434d29e0394b4ff00062c3f81821354b8e
:1054ec001b68404a1268934213d33f4a1168344aee
:1054fc0012681a440a443d48006802443348006864
:10550c0002443848026019442b4a1160274a002192
:10551c0011700133274a1360354b1a682f4b1a80d0
:10552c00234b02221a702e4d2c4b1c8864002146f2
:10553c0028460bf0c7fe23464ff0c04229460020f8
:10554c0008f0e2fe38bd1d4b4ff00062c3f8142189
:10555c00174b03221a70274b1b681bb11f4a138071
:10556c001f4de1e7114b1b78032b08d01c4d224b30
:10557c001a681a4b1a800e4b00221a70d4e70f4b84
:10558c002022c3f81821104bb3f90020511c1980ac
:10559c0000211a480df02efd0546e8e7044b0022c9
:1055ac001a700f4dc0e70e4dbee700bf910e0720dd
:1055bc00130507207c0d0720100e072000008444e3
:1055cc00b8bb0720140e0720680e0720b0bb0720bd
:1055dc00080e0720040e0720a4bb07206a0e072024
:1055ec00e01502200c0e0720b4bb0720bcbb072023
:1055fc00a8bb0720a0bb0720acbb0720e0110620ee
:020000040000fa
:020000040c02ec
:10560c00002800f0af802de9f04f91b005460068fe
:10561c00002800f0aa800368db69984704462868d4
:10562c0003685b6898470646002c00f093800028be
:10563c0000f09080c369002b00f08f80d5f808a093
:10564c00076907f00107286803681b6c9847044634
:10565c00039028680368db6b07a9984707a93046b5
:10566c000df074fb002c7bd04ff000094fe087b19c
:10567c00bdf92030002bb8bf0133bdf91c4004eb41
:10568c006304bdf92830002bb8bf013304eb63046d
:10569c0056e0bdf92030002bb8bf0133bdf91c40da
:1056ac0004eb6304bdf92830002bb8bf0133a4eb25
:1056bc00630445e02fb1bdf91c40bdf920301c44fa
:1056cc003ee0bdf91c40bdf920301c44bdf928302a
:1056dc00e41a35e0bdf91c4032e0f38abdf93620fe
:1056ec009b1a6a682244bdf93410686901902869d4
:1056fc00009053440a440ba9304609f097fa67e02e
:10570c00b38a9a4409f10109039b4b451ed02868c2
:10571c0003689c6c06ab05aa4946a0472868036839
:10572c005b6c09aa494698472b7b012b9fd0022b17
:10573c00c0d0002fced0bdf91c40bdf928301c4480
:10574c00ddf81480069b98451dd3d9e7002011b0d5
:10575c00bde8f08f4ff0ff30f9e74ff0ff30f6e780
:10576c000020f4e74ff0ff3070474ff0ff30eee7ca
:10577c00bbf1200f1ad1bdf932301c4408f10108dd
:10578c00069b9845bcd2286803689b69414698479c
:10579c0083460baa0146304606f077ff002fe7d070
:1057ac00bdf93230e41abbf1200fe7d0a96900290a
:1057bc0093d0f38abdf936209b1a6a682244bdf94e
:1057cc0034000091534402440ba9304609f02ef9e1
:0657dc00002fd3d1cfe73e
:020000040000fa
:020000040c02ec
:1057e2002de9f04f87b004468b4691469a4696b211
:1057f20003883344adf8103043883344adf8123097
:1058020006f00107a7eb46081ffa88f8838843448d
:10581200adf81430c3884344adf81630524604a89c
:105822000af02ffb23883344adf810306388adf8bb
:105832001230a3884344adf814300ffa89f5adf85d
:1058420016505246594604a80af01bfb23883344db
:10585200adf810306388e28813449b1badf8123018
:10586200a3884344adf81430adf816505246594659
:1058720004a80af006fb2388adf81030638833448d
:10588200adf81230adf81450e3884344adf8163049
:105892005246594604a80af0f4fa2388a28813440f
:1058a2009b1badf8103063881e44adf81260adf852
:1058b2001450e3889844adf816805246594604a81d
:1058c2000af0dffa07eb5907bfb223883b44adf871
:1058d200103063883b44adf81230adf81450adf887
:1058e2001650cdf80ca001260296cdf804b0009611
:1058f2004b465a22114604a8fef7c5fb09eb49089c
:10590200c8f34f082388a2881344a3eb0803adf819
:10591200103063883b44adf81230adf81450adf846
:105922001650cdf80ca00296cdf804b000964b4666
:105932005a22002104a8fef7a6fb23881f44adf8d3
:1059420010706388e2881344a3eb0803adf81230a9
:10595200adf81450adf81650cdf80ca00296cdf863
:1059620004b000964b465a22b42104a8fef78bfbe2
:105972002388a2881344a3eb0803adf81030638890
:10598200e2881344a3eb0808adf81280adf8145076
:10599200adf81650cdf80ca00296cdf804b00096e2
:1059a2004b465a224ff4877104a8fef76cfb07b0ee
:0459b200bde8f08fcd
:020000040000fa
:020000040c02ec
:0259b600704738
:020000040000fa
:020000040c02ec
:1059b8004ff08c439b7d002b00f0df8010b56f4bc0
:1059c8009c6a4ff08c435b8b13f0020f16d06b4b25
:1059d800ff2283f82020022283f82120674b93f8c6
:1059e80020305bb2b3f1ff3f00f09280634b93f835
:1059f80020305bb2062b00f0a68010bd4ff08c4320
:105a08005b8b13f0010f07d05c4bff2283f820203b
:105a1800022283f82120e1e74ff08c435b8b13f0df
:105a2800040f07d0554bff2283f82020012283f86a
:105a38002120d3e7514b93f820305bb2032b45d09c
:105a4800042b10d0022bc9d14c4b1b692bb14b4beb
:105a58009888002109f0c4ffc0e7484b98880121c5
:105a680009f0beffbae7454a936912699a420cd019
:105a7800424a9268d15c4ff08c429162591cd369ba
:105a8800002bfcd13d4b9961a8e73c4b5b697bb18e
:105a98003a4b9b885b0043f001034ff08c42536202
:105aa800d369002bfcd1354b032283f8202095e7de
:105ab8004ff08c42536843f440335360d369002b52
:105ac800fcd12e4b062283f8202087e72b4bd9697f
:105ad8005b69013b8b420dd04ff08c42d369002ba0
:105ae800fcd14ff08c43986a244bda68505401314a
:105af800d96173e74ff08c42536843f4e023536055
:105b0800d369002bfcd11d4b062283f82020e3e744
:105b18001a4b002283f820204ff08c42536843f43c
:105b280040335360d369002bfcd14ff08c439b2248
:105b38001a76124b5b6a002b3ff45faf0f4b5b6a20
:105b48002046984759e70d4b002283f8202083f818
:105b580021204ff08c439b221a761a46538b03f070
:105b68003003102bfad1054b5b6a002b3ff445af8d
:105b7800024b5b6a204698473fe77047cc0b0720eb
:020000040000fa
:020000040c02ec
:105b8800f0b58db005460c4616461f4668460df022
:105b9800dfff6b4b1b7a002b40f0c280002e00f019
:105ba800bf80022e03d12b7c062b00f2bc80f4228e
:105bb800002163480df002ff0023adf82830adf84e
:105bc8002a306b69adf82c30ab69adf82e30214620
:105bd8000aa809f047fa002800f0a88008aa214678
:105be8000aa808f0a5f9139badf81830149badf876
:105bf8001a303ab2adf81c20129b1bb2adf81e3019
:105c08000021adf81010adf81210adf81420adf861
:105c1800163002ab04aa694606a804f0f7f8bdf9e5
:105c28001430002b40f38580bdf91630002b40f36b
:105c38008380434c042323720123a372234643f831
:105c48000c5b04aa92e8030083e8030084f8a860c8
:105c580004f1140302aa92e8030083e80300e76250
:105c6800129b23630df02efc6072159bc4f89c30c8
:105c78002b680bb92b7be3b131480cf09dfdb0f1db
:105c8800ff3f4bd0012e22d02d480af08dfbb0f1fa
:105c9800ff3f43d02a480df00ffeb0f1ff3f3dd043
:105ca800022e20d126480cf0f3ffb0f1ff3f20d19f
:105cb80034e02246214651f80c0b159b1432103063
:105cc80001f05cfd0028d7d14ff0ff3026e01c48da
:105cd8000af0c4fdb0f1ff3f20d019480df0ecfdeb
:105ce800b0f1ff3f1ad016480cf0c2ffb0f1ff3fe9
:105cf80014d013480cf0b8fab0f1ff3f0ed010489a
:105d08000cf0dbfbb0f1ff3f08d00d480cf0d0ffe2
:105d1800b0f1ff3f4ff0ff3018bf00200db0f0bdcd
:105d28004ff0ff30fae74ff0ff30f7e74ff0ff3062
:105d3800f4e74ff0ff30f1e74ff0ff30eee700bf38
:045d4800200507200b
:020000040000fa
:020000040c02ec
:105d4c0070b515460023136053609360d3601361e4
:105d5c0053619361b0f5b47f21dd684b83fb002365
:105d6c000344c217c2eb23234ff4b47202fb130497
:105d7c00914220dc002c40f3a180631840d4b3f591
:105d8c00b47f69dccb0f01222a60e20f002c40f3b8
:105d9c008c80002b00f089800c4449427ce0044646
:105dac0010f5b47f04da04f5b47414f5b47ffadb9f
:105dbc00b1f5b47f0add514b83fb01230b44ca17a9
:105dcc00c2eb23234ff4b47202fb1311002cd1da73
:105ddc000e19002e74dd02232b6004f5b47068607c
:105dec004ff4b471a96005f10c0205f0cbf800205a
:105dfc0028616e6105f11802314605f0c3f853e0d5
:105e0c0002232b6004f5b470084468604ff4b4713d
:105e1c00a96005f10c0205f0b5f8002028616c6151
:105e2c0005f11802214605f0adf83de002232b6088
:105e3c000020686004f5b471a96005f10c0205f04e
:105e4c00a1f806f5347028614ff4b471696105f15d
:105e5c00180205f097f827e002222a6000206860fb
:105e6c00a3f5b471a96005f10c0205f08bf82c6157
:105e7c004ff4b471696105f11802204605f082f8ff
:105e8c0012e001222a60e20f00297ff77faf002a7f
:105e9c003ff47caf04f5b4746c602144a96005f147
:105eac000c02204605f06ef870bd002af4d0002bd1
:105ebc00f2d00c4404f5b4744942ede7002c15da29
:105ecc00661816f5b47fb1dbcb0f002cd9d1002ba3
:105edc00d7d001232b6001f5b47068604ff4b47116
:105eec00a96005f10c0205f04df8dde7cb0f0cb9fc
:105efc00002beed101222a60e20f47e7b7600bb608
:020000040000fa
:020000040c02ec
:105f0c006c4b9b7d002b00f0d38010b56a4b9c6ac8
:105f1c00684b5b8b13f0020f16d0674bff2283f894
:105f2c002020022283f82120634b93f820305bb2af
:105f3c00b3f1ff3f00f08a805f4b93f820305bb2e7
:105f4c00062b00f09c8010bd5a4b5b8b13f0010f9d
:105f5c0007d0594bff2283f82020022283f82120fe
:105f6c00e2e7544b5b8b13f0040f07d0524bff222c
:105f7c0083f82020012283f82120d5e74e4b93f89b
:105f8c0020305bb2032b42d0042b10d0022bcbd190
:105f9c00494b1b692bb1484b9888002109f044fdf3
:105fac00c2e7454b9888012109f03efdbce7424a07
:105fbc00936912699a420bd03f4a9268d15c3d4a70
:105fcc009162591cd369002bfcd13b4b9961abe717
:105fdc00394b5b6973b1384b9b885b0043f0010311
:105fec00344a5362d369002bfcd1334b032283f820
:105ffc00202099e72f4a536843f440335360d36908
:10600c00002bfcd12c4b062283f820208ce72a4b4a
:10601c00d9695b69013b8b420bd0264ad369002bb3
:10602c00fcd1244b986a244bda6850540131d96165
:10603c007ae7204a536843f4e0235360d369002b7a
:10604c00fcd11d4b062283f82020e6e71a4b0022d8
:10605c0083f82020174a536843f440335360d369c4
:10606c00002bfcd1134b9b221a76134b5b6a002b33
:10607c003ff469af104b5b6a2046984763e70e4bc1
:10608c00002283f8202083f821200a4b9b221a76c9
:10609c001a46538b03f03003102bfad1064b5b6a74
:1060ac00002b3ff450af044b5b6a204698474ae7fd
:0c60bc00704700bf00408045f80b072033
:020000040000fa
:020000040c02ec
:1060c80030b46a4b4ff481421a60032483f8474086
:1060d800002183f84e10012283f8512083f85220c2
:1060e80083f8331083f8371083f8381083f83910a1
:1060f8008e20d8624ff0dc60c3f880004ff0ac60af
:10610800c3f8900083f8ca2083f8d51083f8d61016
:1061180083f8d710062583f8d85083f8d91083f868
:10612800da10052083f8b50083f8ba1083f8bb109d
:1061380083f8bc1083f8bd104d48c3f8000100f582
:106148000000c3f8100183f8402183f8412183f847
:10615800422183f8442183f8451183f8462102201f
:1061680083f8480183f8490183f84a0183f84b0111
:1061780083f84c0183f84d0183f84e0183f84f01f1
:1061880083f8552183f8562183f8575183f859210c
:1061980083f85a2183f85b11332083f830010c20ef
:1061a80083f83101042083f8320183f8330183f83e
:1061b800341183f8351183f8361183f837113620f6
:1061c80083f83a0183f83b41302083f83c0183f897
:1061d8003d4183f8c22183f8c32183f8c42183f8a1
:1061e800c52183f8c62183f8c72183f8cd2183f818
:1061f800ce2183f8cf2183f8d02183f8d12183f8e9
:10620800d22183f8d32183f8d42183f8d52183f8c8
:10621800d721442283f8b12183f8b22183f8b3212e
:10622800402483f8b64183f8b72183f8b82183f86e
:10623800b92183f8ba2183f8bb412022c3f8002290
:10624800c3f8102283f8451283f8321283f8c1127a
:1062580083f8b012c3f80003c3f8100383f844139b
:1062680083f8451383f8321330bc70470000844428
:0462780020000008fa
:020000040000fa
:020000040c02ec
:10627c002de9f0438bb09df84c70149c674d2e7a31
:10628c00002e40f0bc80267c073ef6b2022e40f277
:10629c00b980984691460e460546f42200215f4887
:1062ac000df08afb0020adf82000adf822006b69e0
:1062bc00adf82430ab69adf82630314608a808f0ab
:1062cc00cffe002800f0a18006aa314608a807f0ee
:1062dc002dfeadf81090adf81280bdf81c30adf865
:1062ec001430bdf81e30adf816300023adf8083070
:1062fc00adf80a306369adf80c30a369adf80e3017
:10630c006b4606aa02a904a803f07efdbdf91c3059
:10631c00002b7dddbdf91e30002b7cdd3f4b0522b3
:10632c001a721a4642f80c5b06a903c982e80300ec
:10633c005c6003f11402694603c982e80300227c05
:10634c005a7218460cf024fab0f1ff3f54d033487f
:10635c000df0b0fab0f1ff3f4ed030480cf086fc97
:10636c00b0f1ff3f48d09df84830012b1ed1eb6aad
:10637c0013f0010f15d0e36a43f00103e3622b6bba
:10638c00236326480bf0c6fdb0f1ff3f34d0e36a1f
:10639c0013f0010f1ad0ab6bc3b120480cf0c2f94b
:1063ac0014e0e36a23f00103e362eae71b480df013
:1063bc00b3f9b0f1ff3f1fd0e36a23f00103e362ae
:1063cc0016480bf0a7fdb0f1ff3f15d02fb91348bd
:1063dc000bf048ffb0f1ff3f0ed010480cf06bf8fb
:1063ec00b0f1ff3f08d00d480cf070fcb0f1ff3f4e
:1063fc004ff0ff3018bf00200bb0bde8f0834ff01a
:10640c00ff30f9e74ff0ff30f6e74ff0ff30f3e7de
:10641c004ff0ff30f0e74ff0ff30ede7200507209d
:020000040000fa
:020000040c02ec
:10642c0082b02de9f04782b002ac04e906000b9370
:10643c009df834909df838409df83c109df844c070
:10644c00bdf85070bdf90450bdf906601ab21b14aa
:10645c00bdf930a0bdf932e04ff00008a0f8008083
:10646c00a0f80280b9f1000f26d19df8408042447b
:10647c0092b20ffa82f8032901d1002d12dca0f898
:10648c000080002c60d101339c441ffa8cfc022943
:10649c0001d1002e54dca0f802c002b0bde8f047d8
:1064ac0002b070473d442a440280002c4cd1013389
:1064bc009c44a0f802c0f0e7b9f1010f0ed0524491
:1064cc009df84880a2eb0802b0f80480a2eb080209
:1064dc0092b209b9002d2fdc0280d2e7d046baf176
:1064ec00000fb8bf0af1010802eb6802b0f9048092
:1064fc00b8f1000fb8bf08f10108a2eb680292b224
:10650c000280002dbddd51b9a846002db8bf05f1a4
:10651c0001087d0805eb6805521b0280c5e70329bd
:10652c00afd1a846002db8bf05f101087d0805ebd9
:10653c0068052a440280b8e73d44521b0280b4e748
:10654c00664437444780a8e7012c10d073449df86b
:10655c004ce0a3eb0e03b0f806e0a3eb0e039bb2ea
:10656c001ab2012901d1002e2ddc428095e772462a
:10657c00bef1000fb8bf0ef1010203eb6203b0f9dc
:10658c000620002ab8bf0132a3eb62039bb2438002
:10659c00002e82dd01290cd002297ff47eaf324619
:1065ac00002eb8bf721c7f0807eb62073b44438088
:1065bc0073e73246002eb8bf721c7f0807eb6207e8
:0e65cc00db1b438069e73e449b1b438065e771
:020000040000fa
:020000040c02ec
:1065da002de9f04f85b00e4642b307461146b04644
:1065ea004369b6f1100400f0c180002b00f0be80b0
:1065fa009c4205d09b68002b00f0b8809c42f9d1e0
:10660a00d4f8009089450dd021f003050435202dda
:10661a0038bf2025a9450dd82a462146384604f018
:10662a005cfd68bb304605b0bde8f08f06f0b2f8f5
:10663a000026f7e7294620460bf029fe0028f1d06c
:10664a00bb68103ba3eb0903bb602268256008eb1b
:10665a000503002159609960d960521b48f805204a
:10666a0001221a73bb68103322681344bb60fa68ac
:10667a00934288bffb602146384609f0d8fed1e72d
:10668a0000222146384608f0b9ff002866d0027b6e
:10669a00002a66d0036803f11008214638460bf039
:1066aa0066fc00284ad0027b002a47d002681032d2
:1066ba00b8f1000f42d0002a40d02368103b904422
:1066ca004344ab423ad322462146384608f096ff65
:1066da00804698b3e9460fc889e80f0007f1180bfe
:1066ea00414658460cf01efc07f1140a2146504652
:1066fa000cf018fc94e80f0088e80f002268314675
:10670a0008f110000cf0d5fd99e80f0084e80f009d
:10671a00012323732146584609f067fe4146504635
:10672a0009f063fe2146384609f081fe2a464146b1
:10673a00384604f0d2fc00283ff474af29463846a4
:10674a0004f0c9fd054678b1226831460cf0b1fd66
:10675a003146384606f01ef82e4663e74ff0000829
:10676a009be74ff0000898e706465be7384604f0d7
:06677a00b2fd064656e7e1
:020000040000fa
:020000040c02ec
:106780002de9f84f90f8c33453b30546002610277f
:1067900034463ce095f8c23413f0070f07d0284682
:1067a00003f0bdfd95f8c23413f0070ff7d1394659
:1067b00028460bf0b1f900f130039bb2072b08d843
:1067c000a5f8ce47a5f8d047a5f8d247a5f8c44705
:1067d00026e0642385f8be3402e0642385f8be34e5
:1067e0001846bde8f88fb5f8c4370133a5f8c437ab
:1067f00005ebc910d5f8e01700f2c440fbf768fbc1
:1068000095f8c3340136f2b2934240f28680b5f86f
:10681000d4212ab1b5f8c41703fb02f39942b9d0c9
:10682000f2b2d10101f2c2432b4405f242520a44b2
:106830005ffa86f9c84623f8024f9a42fbd105eb6e
:10684000080a9af8c6272a4492f8503005ebc31379
:106850005433c5f8e03792f8bb2402f13f031b0123
:10686000d91d2944c5f8d41727332b44c5f8d83788
:1068700005eb421303f58f63c5f8dc37284608f0b3
:1068800045fc00f00f0128460bf038fc9af8c627ab
:1068900005eb4201b1f8ce3703441bb205ebc8103b
:1068a000a0f8c434a1f8ce372a4492f8b83405ebe6
:1068b000031202f2d712c5f8d42705eb032202f225
:1068c000f712c5f8d82705eb431303f58763c5f81e
:1068d000dc374ff0010a284608f018fc0aeb1013c9
:1068e000dbb200283ff47faf3f2b3ff676af03f1da
:1068f000010a5ffa8afa0a4a12f803b000f00f019f
:1069000028460bf0fbfb0beb881b05eb4b0babf8a6
:10691000c404baf13f0fded965e7002360e700bf8a
:046920002408030c38
:020000040000fa
:020000040c02ec
:106924005d4b40f602625a611a46136913f0010f77
:10693400fbd05a4b01221a61594ad36943f480238c
:10694400d361d36813f4806ffbd0534b00221a64d5
:106954000c219964e1215964da661a46936f13f0a5
:10696400400ffbd14c4b8322da64196c40f60222af
:106974000a431a641a46136913f0807ffbd0494b0b
:10698400494a9a631a46536813f4807ffbd1474bf4
:1069940002221a611a46936813f0010ffbd0414b8f
:1069a400434a1a621a46536813f0040ffbd13d4b55
:1069b400404a5a621a46536813f0080ffbd1394b08
:1069c4003d4a9a621a46536813f0100ffbd1354bb7
:1069d4004122c3f894201a46d2f8943013f0400fa1
:1069e400fad0304b4122c3f898201a46d2f8983096
:1069f40013f0400ffad02b4b4122c3f89c201a46c7
:106a0400d2f89c3013f0400ffad0264b4222c3f840
:106a1400cc201a46d2f8cc3013f0400ffad0214bd8
:106a24004122c3f8d4201a46d2f8d43013f0400fd0
:106a3400fad01c4b4122c3f8e4201a46d2f8e430c1
:106a440013f0400ffad0174b4222c3f8e8201a463d
:106a5400d2f8e83013f0400ffad0124b4022c3f8ba
:106a6400fc201a46d2f8fc3013f0400ffad00d4b3c
:106a74004022c3f800211a46d2f8003113f0400f27
:106a8400fad0084b4122c3f820211a46d2f820310b
:106a940013f0400ffad0704700000444002004446f
:106aa40000000244000005440009010000200544e0
:0c6ab400060101000601020005010100be
:020000040000fa
:020000040c02ec
:106ac0002de9f0418ab0119f5f4c247a002c40f0f0
:106ad000a880002a00f0a580022a07d1047c062c99
:106ae00000f2a2803c7c062c00f2a180984616465b
:106af0000d460446f422002153480cf063ff0023a6
:106b0000adf82030adf822306369adf82430a369c8
:106b1000adf82630294608a808f0a8fa002800f0a9
:106b2000898006aa294608a807f006fa0021adf8d0
:106b30001010adf81210adf81480109badf816309f
:106b4000adf80810adf80a107b69adf80c30bb69e0
:106b5000adf80e306b4606aa02a904a803f05af954
:106b6000bdf91c30002b68ddbdf91e30002b67dd40
:106b7000354b03221a7201229a721d4645f80c4bbe
:106b800006aa92e8030085e8030083f8a8605f6026
:106b900003f11402694603c982e803003a7c5a7281
:106ba00018460bf00dfeb0f1ff3f37d0012e14d088
:106bb000254809f0fdfbb0f1ff3f2fd022480cf033
:106bc0007ffeb0f1ff3f29d0022e12d11e480cf0fb
:106bd00063f8b0f1ff3f12d120e01b4809f042fefc
:106be000b0f1ff3f1ad018480cf06afeb0f1ff3f39
:106bf00014d015480cf040f8b0f1ff3f0ed0124809
:106c00000bf05ffcb0f1ff3f08d00f480cf064f8c8
:106c1000b0f1ff3f4ff0ff3018bf00200ab0bde8d1
:106c2000f0814ff0ff30f9e74ff0ff30f6e74ff01b
:106c3000ff30f3e74ff0ff30f0e74ff0ff30ede7c4
:0c6c40004ff0ff30eae700bf20050720fe
:020000040000fa
:020000040c02ec
:106c4c002de9f04786b004460e4691461f465d4d31
:106c5c00a5fb0235ed08013502f00108a8eb42084e
:106c6c004fea450ab0f904204244b0f90000484408
:106c7c0000970b465244b4f90210401b04f0cfffae
:106c8c00b4f904204244b4f90210b4f906301944a2
:106c9c00b4f9000048440097334652440139401b74
:106cac0004f0bdffb4f906204244b4f90210494483
:106cbc00009733465244491bb4f9000004f019ff05
:106ccc00b4f906204244b4f902104944b4f9000066
:106cdc00b4f904301844009733465244491b013828
:106cec0004f007ffd12505fb09f5374ba3fb053550
:106cfc006d0904352388adf810306388adf8123077
:106d0c002bb2adf81430adf8163003974ff00108e4
:106d1c00cdf808800196cdf8008043465a221146e2
:106d2c0004a8fdf7abf9adb205ea08092388a288df
:106d3c0013445b1b4b44adf810306388adf8123034
:106d4c000397cdf808800196cdf8008043465a226f
:106d5c00002104a8fdf792f92388adf81030638860
:106d6c00e28813444b445b1badf812300397cdf80b
:106d7c0008800196cdf8008043465a22b42104a81d
:106d8c00fdf77cf92388a28813444b445b1badf8b8
:106d9c0010306388e28813449944a9eb0505adf8db
:106dac0012500397cdf808800196cdf80080434629
:106dbc005a224ff4877104a8fdf760f906b0bde8bc
:0c6dcc00f08700bfabaaaaaa1f85eb51fc
:020000040000fa
:020000040c02ec
:106dd800fd3f030c4d3f030c7900030c533f030c9c
:106de800bf00030ca9cb020cf5ce020c593f030cd3
:106df80005dc020c5f3f030c6ddc020c7dc4020c49
:106e080031b4020c8d3e030c3923030ca51f030c6f
:106e18000140030c55f6020cd129030c6123030c25
:106e2800953e030cd11f030c9d3e030cfd1f030c64
:106e3800dd3c030ca933030cf329030c89ed020c88
:106e480000000000571a030c000000002509030c7d
:106e580000000000c93b030c3525030c0540030c5a
:106e68002539030c3939030c4905030c0940030c77
:106e78003b37030c0d40030c5137030c1140030c36
:106e88006737030c1540030c9928030c1940030cb1
:106e9800bd28030cd93b030c0501030c1d40030c52
:106ea8008923030c7d37030ca53e030c892f030ca3
:106eb8003300030c790d030c8111030ccbef020c8a
:106ec8002fca020cf7d3020c77e7020cf3e1020c8d
:106ed800993b030c09e6020c55a2020ce5a3020c2f
:106ee800a93b030cbf94020c151e030c3b3e030c7c
:106ef8002140030c653f030cb988020cb92d030c23
:106f08006b29030c353f030ccf3c030c8f3a030c61
:106f180023c0020cd93f030c35ed020cdd3f030cf6
:106f2800793b030ce13f030c893b030c3b3f030c0b
:106f3800c122030ce53f030c7528030ce93f030c41
:106f4800091c030ced3f030c413f030cf13f030cfc
:046f5800473f030ca0
:020000040000fa
:020000040c02ec
:106f5c002de9f04100284ed00e46054600294fd0b1
:106f6c000af0d0f800285fdb28460af0cbf8074679
:106f7c00504b1b78012b7bd14e4b9b689e42c0f033
:106f8c0095804c4b0024013493f82020012a6fd1ba
:106f9c0020339a689642f6d2b4f1ff3f68d0a742ec
:106fac0025d0062c62dc434b03eb44131b695bb905
:106fbc00404b03eb44130134072c59d020331a698e
:106fcc00002af8d0a74212d03a4800eb44100bf03c
:106fdc0003fc804600284bd0324629460cf068f959
:106fec002946344800eb47100cf048fe45462c4629
:106ffc002046bde8f08108460bf078fe0446f7e722
:10700c0008f01ef90024f3e72a4b03eb4818d8f8d4
:10701c0008309e4244d93246294620460cf048f9a5
:10702c00284608f00df9e3e7294623480cf04cfc00
:10703c0080b1294620480cf05fff304609f05afe1b
:10704c00044660b1324629460cf032f9284608f065
:10705c00f7f8cde730460bf049fe0446c8e7324658
:10706c0029461548fff7b3fa0446c1e7072cabd104
:10707c003146114804f02ef904460e4b1b78012bb7
:10708c000ed10c4f4ff00008294638460af0f8fa9a
:10709c000128b9d008f1010817f8203f012bf3d0d3
:1070ac003246294620460cf003f9b9e700289ed059
:0c70bc00002478e714060720700c072061
:020000040000fa
:020000040c02ec
:1070c80001000000080000000200000000000000ad
:1070d80000000000000000000000000000000000a8
:1070e800010000000800000002000000e0000000ad
:1070f8001c00000003000000000000000000000069
:1071080002000000100000000300000000f800006a
:10711800e00700001f000000000000000b05000051
:1071280002000000100000000300000000f800004a
:10713800c00700003e000000010000000b0601002f
:107148000300000018000000040000000000ff0019
:1071580000ff0000ff000000000000001008000011
:10716800040000002000000005000000000000ffef
:107178000000ff0000ff0000ff00000018100800da
:107188000400000020000000050000000000ff00cf
:1071980000ff0000ff000000000000ff10080018ba
:1071a80001000000010000000000000000000000d5
:1071b80000000000000000000000000000000000c7
:1071c80001000000040000000100000000000000b1
:1071d80000000000000000000000000000000000a7
:1071e800010000000800000002000000000000008c
:1071f8000000000000000000000000000000000087
:107208000100000001000000000000000000000074
:107218000000000000000000000000000000000066
:020000040000fa
:020000040c02ec
:10722800010000000800000002000000000000004b
:107238000000000000000000000000000000000046
:10724800010000000800000002000000e00000004b
:107258001c00000003000000000000000000000007
:1072680002000000100000000300000000f8000009
:10727800e00700001f000000000000000b050000f0
:1072880002000000100000000300000000f80000e9
:10729800c00700003e000000010000000b060100ce
:1072a8000300000018000000040000000000ff00b8
:1072b80000ff0000ff0000000000000010080000b0
:1072c800040000002000000005000000000000ff8e
:1072d8000000ff0000ff0000ff0000001810080079
:1072e8000400000020000000050000000000ff006e
:1072f80000ff0000ff000000000000ff1008001859
:107308000100000001000000000000000000000073
:107318000000000000000000000000000000000065
:10732800010000000400000001000000000000004f
:107338000000000000000000000000000000000045
:10734800010000000800000002000000000000002a
:107358000000000000000000000000000000000025
:107368000100000001000000000000000000000013
:107378000000000000000000000000000000000005
:020000040000fa
:020000040c02ec
:10738800f8b5054617461e464c4c4ff421620021bd
:1073980020460cf013fb20460cf05afb25602b68a6
:1073a800002b40f08480464b2362464b6362069b69
:1073b800236304f128000cf0cbfb0023c4f8f03958
:1073c800c4f8ec396b69c4f8f439ab69c4f8f83916
:1073d800c4f8fc79c4f8006a2046faf751f8002886
:1073e80068d1204607f0def8b4f84200c208364bf0
:1073f8001a80b4f84410cb08344c2380b0ebc20f89
:1074080002dd013230480280b1ebc30f02dd0133e7
:107418002e4a1380294b93f8cc37012b12d0022b1c
:107428003bd0032b15d1294a118801f0010303eb46
:1074380051031380244a118801f0010303eb51031f
:10744800138006e0214a118801f0010303eb510380
:1074580013801a480cf064fc00231d4a13801d4a4f
:1074680013801b4e184f154d144632883b889a429c
:107478001bd22846fff780f92846f9f7bdf923887b
:1074880001339bb22380114a12889a42edd8002317
:107498002380338801333380e7e70b4a118801f0f2
:1074a800010303eb51031380d3e70020f8bd4ff02d
:1074b800ff30fbe74ff0ff30f8e700bf00e9062098
:1074c800d320030c65e0020c6c0e0720780e072011
:0874d800700e0720740e07205e
:020000040000fa
:020000040c02ec
:1074e0002de9f0439bb004460d46174699460cf033
:1074f00045fc002871d006468368002b70d0b5f992
:1075000000300693b5f902300793b5f904300893bb
:10751000b5f906300993e368159363681393a3687c
:10752000149320780cf0aafc8df848002369169378
:107530004ff00008cdf86480636917938df8608080
:107540000bf062f90546c3680d9343680b9383689b
:107550000c9300780cf092fc8df828002b690e93a8
:10756000cdf844806b690f938df8408068460bf02e
:1075700019feb7f90030bdf900209b1a0293b7f944
:107580000230bdf902209b1a0393b7f9043004932b
:10759000b7f906300593b9f1fe0f2cd92278531fa5
:1075a000dbb2012b01d9032a1dd13569ff234a46dd
:1075b00000210220a847f36801209847b56802ab74
:1075c0000aaa06a912a8a84705462278531fdbb2cb
:1075d000012b20d9032a1ed026e04ff0ff3027e0f0
:1075e0004ff0ff3024e0b56802ab0aaa06a912a842
:1075f000a8470546e9e73469ff234a4600210220ef
:10760000a047f36801209847b46802ab0aaa06a90c
:1076100012a8a04705463469ff231a4600210846f0
:10762000a047f36800209847281c18bf012040425b
:067630001bb0bde8f08371
:020000040000fa
:020000040c02ec
:0276360070479b
:020000040000fa
:020000040c02ec
:10763800f8b5054617461e46494c4ff4216200210d
:1076480020460cf0bbf920460cf002fa2560089b96
:1076580010336363434b2362434b636204f1280096
:107668000cf076fa0023c4f8f039c4f8ec396b69e9
:10767800c4f8f439ab69c4f8f839c4f8fc79c4f82b
:10768800006a2046f9f7fcfe002865d1204606f07e
:1076980089ffb4f84200c208344b1a80b4f8441089
:1076a800cb08334c2380b0ebc20f02dd01322f48e8
:1076b8000280b1ebc30f02dd01332d4a1380284b42
:1076c80093f8cc37012b12d0022b3bd0032b15d1ca
:1076d800274a118801f0010303eb51031380234a61
:1076e800118801f0010303eb5103138006e0204adf
:1076f800118801f0010303eb5103138018480cf0c3
:107708000ffb00231b4a13801b4a1380194e174f87
:10771800134d144632883b889a421bd22846fff7fd
:107728002bf82846f9f768f8238801339bb22380a1
:107738000f4a12889a42edd80023238033880133f8
:107748003380e7e7094a118801f0010303eb51038d
:107758001380d3e70020f8bd4ff0ff30fbe700bff0
:1077680010f30620d320030ce1d7020c6e0e07207d
:0c7778007a0e0720720e0720760e072004
:020000040000fa
:020000040c02ec
:107784002de9f0439bb004460d46164699460cf08d
:10779400f3fa00286dd080468368002b6cd0b5f9cd
:1077a40000300693b5f902300793b5f90430089315
:1077b400b5f906300993e368159363681393a368d6
:1077c400149320780cf058fb8df848002369169325
:1077d40000271997636917938df860700bf012f8fe
:1077e4000546c3680d9343680b9383680c93007834
:1077f4000cf042fb8df828002b690e9311976b69ee
:107804000f938df8407068460bf0cafcb6f900304f
:10781400bdf900209b1a0293b6f90230bdf902208b
:107824009b1a0393b6f904300493b6f90630059312
:10783400b9f1fe0f2cd92278531fdbb2012b01d9e9
:10784400032a1cd1d8f81050ff234a4600210120f6
:10785400a847d8f8085002ab0aaa06a912a8a84754
:1078640005462278531fdbb2012b20d9032a1ed0f0
:1078740024e04ff0ff3025e04ff0ff3022e0d8f84d
:10788400085002ab0aaa06a912a8a8470546e8e7c9
:10789400d8f81040ff234a4600210120a047d8f819
:1078a400084002ab0aaa06a912a8a0470546d8f8c0
:1078b4001040ff231a4600210846a047281c18bf81
:0a78c400012040421bb0bde8f08334
:020000040000fa
:020000040c02ec
:1078ce00b1f1ff3f5ed0b0f1ff3f5cd0012814bf95
:1078de0000200120d36a8b4201d1002856d1136bb0
:1078ee008b4201d1002854d1536b8b4201d1002819
:1078fe0052d1936b8b4201d1002850d1d36b8b4266
:10790e0001d100284ed1136c8b4201d100284cd1ed
:10791e00536c8b4201d100284ad1936c8b4201d11a
:10792e00002848d1936d8b4201d1002846d1d36dea
:10793e008b4201d1002844d1136e8b4201d1002815
:10794e0042d1536e8b4201d1002840d1d36c8b4271
:10795e0001d100283ed1136d8b4201d100283cd1bc
:10796e00536d8b4201d100283cd1d36e8b4201d195
:10797e0000283cd1136f8b4200d1d8bb536f8b4282
:10798e0000d1e0bb70470023537070470223537041
:10799e00a5e703235370a7e704235370a9e7052334
:1079ae005370abe707235370ade708235370afe76f
:1079be0016235370b1e71e235370b3e7172353708a
:1079ce00b5e717235370b7e71c235370b9e71d2390
:1079de005370bbe712235370bde71f23537004236c
:1079ee00d370bde71f2353700523d370bde70b2360
:1079fe005370bfe7132353700123d370bee71323d5
:087a0e0053700223d370bde7a1
:020000040000fa
:020000040c02ec
:027a16007047b7
:020000040000fa
:020000040c02ec
:107a1800f0b585b005460468a36cb4f918100029c0
:107a2800b8bf0131e26ca2eb61020292b4f91a20ec
:107a3800002ab8bf0132c3eb62030393444b02a987
:107a48000191626b00920ccb03c905f0e7f8039a29
:107a580053420393286803685b69002bb8bf01335e
:107a68005b10013b02990b44029301688969002964
:107a7800b8bf0131d24302eb61020392002b52db03
:107a880006687169002a4edb8b424cdab669964269
:107a980049dd01398b424dd0013e96424ad004213e
:107aa800c4f8901029680b6529684a6521684969f6
:107ab80001fb0231a1652f683968496901398b4298
:107ac800b4bf5e1c1e463e6629684a66216849693d
:107ad80001fb0261a1662e6831688969013991420a
:107ae800ccbf511c1146336728684167206840693c
:107af80000fb0131a16728680668716901398b426a
:107b0800b8bf0133b16901399142c8bf0132c0f829
:107b180080302968c1f884202168496901fb023353
:107b2800c4f8883003e04ff0ff33c0f8ec30002091
:107b380005b0f0bd0121c4f8901029680b652968cb
:107b48004a652168496901fb0233a365efe700bf75
:047b58007815062076
:020000040000fa
:020000040c02ec
:107b5c002de9f04f8db005461646d0f820b0446a9a
:107b6c00b0f90430002bb8bf0133b0f900a00aeb18
:107b7c00630ab0f90630002bb8bf0133b0f90280ac
:107b8c0008eb6308b2f5877facbf4ff000094ff0ec
:107b9c000109b429c8bf49f00109b9f1000f15d08a
:107bac00b4291bdc6ff06303089300230993b6f52b
:107bbc00877f18db002306936ff0630307934cf267
:107bcc0050330493314a059202920393002c59dbf3
:107bdc0008f1ff38631c0193002746e008aa6420d3
:107bec0009f07efce3e706aa3146642009f078fc34
:107bfc00e5e72b6bea6a41460aeb040008f038fc17
:107c0c00013429d504fb046300ee103ab8eec00a27
:107c1c0009f080fc07f006f9d5ed047af4eec07a91
:107c2c00f1ee10faecd8d5ed057af4eec07af1ee5f
:107c3c0010fae5db0a94002fdbd004aa08a90aa8e5
:107c4c0008f026fd0028dbd002aa06a90aa808f035
:107c5c001ffd0028cdd1d3e74b46b9461f4601374f
:107c6c0008f10108019b9f420cd07b420b93cbf196
:107c7c000004bbf1000ff2dd07fb07f63b464f4655
:107c8c009946bfe70db0bde8f08f00bfb03cffffd9
:020000040000fa
:020000040c02ec
:107c9c002de9f04f8fb00546894605929a46002390
:107cac000893adf83030adf832304369adf834306c
:107cbc008369adf836300ca807f0d2f9002877d0dc
:107ccc000aaa49460ca806f031f9bdf92c30002b54
:107cdc0071ddbdf92e30002b70ddab682a7c052ad6
:107cec000cbf0622022208210291019200936b68bc
:107cfc0006aa07a908a808f00aff0446002860d1c4
:107d0c00314e00230193089b00932b7c069a079914
:107d1c00304607f01dfa337c052b10d0042b21d0f4
:107d2c00189b00935346059a4946274804f0ecffec
:107d3c00089807f085fa00200fb0bde8f08ff369c2
:107d4c00002bedd035466b6a297c53f8240005f0e6
:107d5c0083fe09906b6a43f824000134eb69a3425b
:107d6c00f1d8dde7184bdb69002bd9d0164e4ff05c
:107d7c00000b04eb4407d6f8248008eb0705cdf87c
:107d8c0024b02a88ab78adf824208df82630317ccd
:107d9c00099805f061fe0990bdf824209df8263065
:107dac0028f80720ab700134f369a342e1d8b7e798
:107dbc004ff0ff30c0e74ff0ff30bde74ff0ff3022
:0c7dcc00bae74ff0ff30b7e7200a0720ad
:020000040000fa
:020000040c02ec
:107dd8002de9f04f8db005461646036a0093446ab4
:107de800b0f90430002bb8bf0133b0f900b00beb89
:107df800630bb0f90630002bb8bf0133b0f902901d
:107e080009eb6309b2f5b47facbf4ff0000a4ff03d
:107e1800010ab1f5877fc8bf4af0010abaf1000f1d
:107e280015d0b1f5877f19dc002308936ff0630341
:107e38000993b6f5b47f16db6423069300230793f2
:107e48004cf25033049305932f4b02930393002c69
:107e580057dd631c01934ff0010847e008aa64202e
:107e680009f040fbe5e706aa3146642009f03afb31
:107e7800e6e70bf1ff302b6bea6a4946204408f02d
:107e8800f9fa0134a6422ad004fb047300ee103a32
:107e9800b8eec00a09f040fb06f0c6ffd5ed047a3b
:107ea800f4eec07af1ee10faebd8d5ed057af4eedf
:107eb800c07af1ee10fae4db0a94baf1000fd8d0d8
:107ec80004aa08a90aa808f0e5fb0028d9d002aa44
:107ed80006a90aa808f0defb0028cad1d1e708f1f4
:107ee800010809f10109019b98450ad0c8f100036e
:107ef8000b93009b002bf2dd08fb08f75e1c0124a6
:0c7f0800c2e70db0bde8f08fb03cfffff9
:020000040000fa
:020000040c02ec
:107f1400fd3f030c4d3f030c7900030c533f030c4e
:107f2400bf00030ca9cb020cf5ce020c593f030c85
:107f340005dc020c5f3f030c6ddc020c7dc4020cfb
:107f440031b4020c8d3e030c3923030ca51f030c22
:107f54000140030c55f6020cd129030c6123030cd8
:107f6400953e030cd11f030c9d3e030cfd1f030c17
:107f7400dd3c030ca933030cf329030c89ed020c3b
:107f840000000000571a030c000000002509030c30
:107f940000000000c93b030c3525030c0540030c0d
:107fa4002539030c3939030c4905030c0940030c2a
:107fb4003b37030c0d40030c5137030c1140030ce9
:107fc4006737030c1540030c9928030c1940030c64
:107fd400bd28030cd93b030c0501030c1d40030c05
:107fe4008923030c7d37030ca53e030c892f030c56
:107ff400b93d030c790d030c8111030ccbef020c7a
:108004002fca020cf7d3020c77e7020cf3e1020c3f
:108014003beb020c1fb6020c73be020c23c8020c0d
:10802400853e030cbf94020c151e030c3b3e030c4f
:108034002140030c653f030cad3e030cb92d030c2a
:0c8044008d29030cf53f030c792d030c73
:020000040000fa
:020000040c02ec
:10805000fd3f030c4d3f030c7900030c533f030c11
:10806000bf00030ca9cb020cf5ce020c593f030c48
:1080700005dc020c5f3f030c6ddc020c7dc4020cbe
:1080800031b4020c8d3e030c3923030ca51f030ce5
:108090000140030c55f6020cd129030c6123030c9b
:1080a000953e030cd11f030c9d3e030cfd1f030cda
:1080b000dd3c030ca933030cf329030c89ed020cfe
:1080c00000000000571a030c000000002509030cf3
:1080d00000000000c93b030c3525030c0540030cd0
:1080e0002539030c3939030c4905030c0940030ced
:1080f0003b37030c0d40030c5137030c1140030cac
:108100006737030c1540030c9928030c1940030c26
:10811000bd28030cd93b030c0501030c1d40030cc7
:108120008923030c7d37030ca53e030c892f030c18
:108130000f25030c790d030c8111030ccbef020cfe
:108140002fca020cf7d3020c77e7020cf3e1020c02
:10815000b93b030c1fb6020c73be020c23c8020c01
:10816000c53d030cbf94020c151e030c3b3e030cd3
:108170002140030c653f030cad3e030cb92d030ced
:0c818000af29030cf93f030c31e9020c9d
:020000040000fa
:020000040c02ec
:10818c002de9f0418ab0109d494c247a002c7cd109
:10819c00047c2f7ca7427bd1073ce4b2022c7ad919
:1081ac001e4690460c460746f422002140480bf030
:1081bc0003fc0020adf82000adf822007b69adf87f
:1081cc002430bb69adf82630214608a806f048ffdc
:1081dc00002863d006aa214608a805f0a7feadf832
:1081ec001080adf81260bdf81c30adf81430bdf83d
:1081fc001e30adf816300023adf80830adf80a305b
:10820c006b69adf80c30ab69adf80e306b4606aa55
:10821c0002a904a801f0f8fdbdf91c30002b40ddcb
:10822c00bdf91e30002b3fdd214b02221a721a467b
:10823c0042f80c7b06a903c982e803005d6003f1d8
:10824c001402694603c982e803002a7c5a72184654
:10825c000af09efab0f1ff3f14d015480bf02afb40
:10826c00b0f1ff3f0ed012480af000fdb0f1ff3f15
:10827c0008d00f480af02afdb0f1ff3f4ff0ff3055
:10828c0018bf00200ab0bde8f0814ff0ff30f9e7cd
:10829c004ff0ff30f6e74ff0ff30f3e74ff0ff30d1
:1082ac00f0e74ff0ff30ede74ff0ff30eae700bfab
:0482bc002005072072
:020000040000fa
:020000040c02ec
:1082c0002de9f04f8db005461746d0f820b0466a2c
:1082d000b0f90430002bb8bf0133b0f900a00aebad
:1082e000630ab0f90630002bb8bf0133b0f9024081
:1082f00004eb6304592accbf4ff000094ff0010989
:108300000029c8bf49f00109b9f1000f11d0c9b95e
:108310006423089300230993592f18dd0023069343
:1083200064230793324b04934cf25032059202922d
:108330000393002e59dd009404f1ff38f6433319fe
:10834000019345e008aa642009f0d0f8e4e706aa02
:108350003946642009f0caf8e4e70af1ff302b6bd4
:10836000ea6a4146204408f089f80134a7422ad03d
:1083700004fb046300ee103ab8eec00a09f0d0f82e
:1083800006f056fdd5ed047af4eec07af1ee10fa5f
:10839000ebd8d5ed057af4eec07af1ee10fae4db15
:1083a0000a94b9f1000fd8d004aa08a90aa808f0c5
:1083b00075f90028d9d002aa06a90aa808f06ef912
:1083c0000028cad1d1e708f1ff38019b98450cd0ad
:1083d000009ba3eb08060b96bbf1000ff3dd06fb39
:1083e00006f60bf101070124c2e70db0bde8f08fde
:0483f000b03cffff9f
:020000040000fa
:020000040c02ec
:1083f4002de9f04f8db005461746d0f820a0466a07
:10840400b0f90430002bb8bf0133b0f9009009eb88
:108414006309b0f90630002bb8bf0133b0f902404c
:1084240004eb6304b32accbf4ff000084ff00108fb
:108434005a29c8bf48f00108b8f1000f13d05a29cf
:1084440019dc0023089364230993b32f18dd6ff01c
:108454006303069300230793314b049305934cf273
:10846400503302930393002e57dd0194671ef643a5
:1084740006eb040b43e008aa642009f035f8e4e7ae
:1084840006aa3946642009f02ff8e5e72b6bea6a5f
:10849400414609eb040007f0efff013429d504fb42
:1084a400046300ee103ab8eec00a09f037f806f09b
:1084b400bdfcd5ed047af4eec07af1ee10faecd8f6
:1084c400d5ed057af4eec07af1ee10fae5db0a9404
:1084d400002fdbd004aa08a90aa808f0ddf80028b8
:1084e400dbd002aa06a90aa808f0d6f80028cdd144
:1084f400d3e74346b8461f46013f5f450dd0019b75
:10850400de1b0b96caf10004baf1000ff4dd06fb82
:1085140006f63b4647469846c1e70db0bde8f08fe6
:04852400b03cffff69
:020000040000fa
:020000040c02ec
:10852800fd3f030c4d3f030c7900030c533f030c34
:10853800bf00030ca9cb020cf5ce020c593f030c6b
:1085480005dc020c5f3f030c6ddc020c7dc4020ce1
:1085580031b4020c8d3e030c3923030ca51f030c08
:108568000140030c55f6020cd129030c6123030cbe
:10857800953e030cd11f030c9d3e030cfd1f030cfd
:10858800dd3c030ca933030cf329030c89ed020c21
:10859800e1e9020c571a030ce513030c2509030c37
:1085a8007b21030cc93b030c3525030c0540030c48
:1085b8002539030c3939030c4905030c0940030c10
:1085c8003b37030c0d40030c5137030c1140030ccf
:1085d8006737030c1540030c9928030c1940030c4a
:1085e800bd28030cd93b030c0501030c1d40030ceb
:1085f8008923030c7d37030ca53e030c892f030c3c
:108608008fb1020c790d030c8111030ccbef020c16
:108618002fca020cf7d3020c77e7020cf3e1020c25
:108628003beb020c1fb6020c73be020c23c8020cf3
:1086380089e9020cbf94020c151e030c3b3e030c87
:108648002140030c653f030cad3e030cb92d030c10
:048658006509030ca1
:020000040000fa
:020000040c02ec
:10865c0030b4047814f0800f07d104f07f040121aa
:10866c0019601460002030bc704704f0e005c02d88
:10867c002ed004f0f005e02d35d004f0f805f02de7
:10868c0040d004f0fc05f82d51d004f0fe05fc2d73
:10869c0073d1052971d94178090601f07c51a407e1
:1086ac0004f080440c43417901f03f010c43817884
:1086bc00890401f47c010c43c178090301f47c3179
:1086cc0021430479a40104f47c640c430621c7e71c
:1086dc00012946d9a40104f4f864417801f03f0162
:1086ec000c430221bce702293ed94178890101f4ef
:1086fc007c612403a4b22143847804f03f040c432e
:10870c000321ade7032932d94178090301f47c3107
:10871c00a40404f4e0140c43c17801f03f0121439c
:10872c008478a40104f47c640c43042198e70429a4
:10873c0020d94178890401f47c01240604f04074aa
:10874c000c43017901f03f010c438178090301f4da
:10875c007c312143c478a40104f47c640c430521ce
:10876c007ee74ff0ff307ee74ff0ff307be74ff0b6
:10877c00ff3078e74ff0ff3075e74ff0ff3072e7ce
:020000040000fa
:020000040c02ec
:10878c002de9f04f95b083468a46914698461e9e39
:10879c00209d0bf0edfa00285cd007460368002bf7
:1087ac005bd00af02bf80446c3680f9343680d9313
:1087bc0083680e9300780bf05bfb8df83000236917
:1087cc00109300231393626911928df8483006a818
:1087dc000bf0bcf9bdf91830a3eb0b020a92bdf9f2
:1087ec001a00a0eb0a020b92a3eb09020892a0eb71
:1087fc0008020992b6f900209b1a0293b6f90230ce
:10880c00c01a0390b6f904300493b6f906300593f8
:10881c00fe2d2fd99df83020531fdbb2012b01d92f
:10882c00032a1dd13c69ff232a4600210120a047c1
:10883c001f9b00933c6802ab08aa0aa90ca8a0478e
:10884c0004469df83020531fdbb2012b21d9032a9b
:10885c001fd024e04ff0ff3025e04ff0ff3022e036
:10886c001f9b00933c6802ab08aa0aa90ca8a0475e
:10887c000446e6e73c69ff232a4600210120a04775
:10888c001f9b00933c6802ab08aa0aa90ca8a0473e
:10889c0004463d69ff231a4600210846a847201cc0
:0c88ac0018bf0120404215b0bde8f08f5d
:020000040000fa
:020000040c02ec
:1088b800437e002b00f0918070b584b00446036db0
:1088c8009b6e02a99847637e012b12d0bdf90c302c
:1088d800002b6fd0bdf90e20002a6bd0032a72dd61
:1088e800032b70dd94f85430002b73d002263546e4
:1088f8000de0bdf90c30002b5cd0bdf90e20002a2c
:1089080058d0012a58dd012b56dd01263546bdf821
:108918000830adf80030bdf80a30adf802302db29d
:10892800adf80450bdf80e30adf80630236dd3f81d
:108938002c31694620469847bdf80c30adf8043014
:10894800adf80650236dd3f82c3169462046984778
:10895800b5b2bdf80830bdf80c2013445b1badf868
:108968000030bdf80a30adf8023036b2adf8046018
:10897800bdf80e30adf80630236dd3f82c316946ba
:1089880020469847bdf80830adf80030bdf80a30e9
:10899800bdf80e2013445b1badf80230bdf80c3057
:1089a800adf80430adf80660236dd3f82c31694674
:1089b8002046984704b070bd236dd3f82c3102a926
:1089c80020469847f6e7236dd3f82c3102a92046b4
:0c89d8009847efe70226012599e7704759
:020000040000fa
:020000040c02ec
:1089e40070b44749ca6822f4e0621204120c454b81
:1089f4001343cb60bff35f8f62b6434be02283f82f
:108a04000f234ff40040186083f810234ff4803094
:108a1400186083f811234ff40030186083f8122390
:108a24004ff48020186083f814234ff480101860ea
:108a340083f815234ff40010186083f8272380204f
:108a4400586083f828234ff48070586083f82923f2
:108a54004ff40070586083f82a234ff48060586004
:108a640083f837234ff40000586083f838234ff01d
:108a74008070586083f839234ff00070586083f891
:108a84003a234ff080665e6083f83b234ff0006525
:108a94005d6083f83c234ff080545c6083f83d2391
:108aa4004ff00050586083f85a239e6083f85b238c
:108ab4009d6083f85c239c6083f85d23986083f851
:108ac4005e234ff08040986083f85f234ff00040ae
:108ad400986083f860230122da604b6a43f48023b0
:108ae4004b624b6943f010034b614b6a43f4003310
:108af4004b624b6a43f480334b6270bc704700bfd7
:0c8b040000ed00e00000fa0500e100e0d8
:020000040000fa
:020000040c02ec
:108b100000b583b0474b4ff08062c3f89420464bba
:108b2000013bfdd1444b013bfdd1434b013bfdd10a
:108b3000404b4ff08062c3f898208021122007f04c
:108b40008bfd0b21002007f087fd8221112007f00b
:108b500083fd1421122007f07ffd8121132007f0ef
:108b60007bfd00218c2007f077fd08213a2007f0db
:108b700073fd88213d2007f06ffd0221a22007f040
:108b80006bfdd021402007f067fd2021152007f064
:108b900063fd0c21084607f05ffd12213e2007f01f
:108ba0005bfd0121092007f057fd3f21702007f0f0
:108bb00053fd3521712007f04ffd2121722007f070
:108bc0004bfdf021732007f047fd1621172007f019
:108bd00043fd0421182007f03ffda421322007f0b7
:108be0003bfd0221192007f037fd7a211a2007f0fa
:108bf00033fd0a21032007f02ffd83214f2007f0ca
:108c00002bfd3021502007f027fd8321512007f054
:108c100023fd0f21b02007f01ffd01a9322006f02f
:108c200055fc01980af0cafc0028fad003b05df8a0
:0c8c300004fb00bf00008444a08601008b
:020000040000fa
:020000040c02ec
:108c3c0070b584b0437e002b67d0044603689b6eee
:108c4c0002a99847637e012b65d0bdf90c30002b2f
:108c5c005fd0bdf90e20002a5bd0032a70dd032bf8
:108c6c006edd0225bdf80830adf80030bdf80a30d5
:108c7c00adf802302eb2adf80460bdf80e30adf890
:108c8c0006302368d3f82c31694620469847bdf846
:108c9c000c30adf80430adf806602368d3f82c31f5
:108cac00694620469847adb2bdf80830bdf80c2097
:108cbc0013445b1badf80030bdf80a30adf8023040
:108ccc00adf80460bdf80e30adf806302368d3f86b
:108cdc002c31694620469847bdf80830adf8003075
:108cec00bdf80a30bdf80e2013445b1badf8023002
:108cfc00bdf80c30adf80430adf806602368d3f83d
:108d0c002c3169462046984703e00368d3f8dc30e1
:108d1c00984704b070bdbdf90c30002bf9d0bdf9eb
:108d2c000e20002af5d0012a03dd012b01dd0125df
:108d3c0098e72368d3f82c3102a920469847e8e736
:0e8d4c002368d3f82c3102a920469847e1e7ae
:020000040000fa
:020000040c02ec
:028d5a00704760
:020000040000fa
:020000040c02ec
:108d5c002de9f843414b1b68002b7dd0dff80881cf
:108d6c003f4e06f168093d4f69e0336803b19847ff
:108d7c00013510343b68ab425ed9204614f8043cf4
:108d8c000c2bf5d801a252f823f000bf778d020c02
:108d9c00cd8d020cd78d020ce18d020ceb8d020ceb
:108dac00f58d020cff8d020c098e020c138e020c39
:108dbc001d8e020c278e020c318e020c3b8e020c87
:108dcc007368002bd4d09847d2e7b368002bcfd070
:108ddc009847cde7f368002bcad09847c8e73369aa
:108dec00002bc5d09847c3e7f369002bc0d0984738
:108dfc00bee77369002bbbd09847b9e7b369002b6a
:108e0c00b6d09847b4e7336a002bb1d09847afe798
:108e1c00736a002bacd09847aae7b36a002ba7d093
:108e2c009847a5e7f36a002ba2d09847a0e7336bcd
:108e3c00002b9dd098479be734364e4509d018f847
:108e4c00013b002bf8d03b68002bf5d0054c0025de
:108e5c0093e7024b00221a60bde8f88374150620d4
:0c8e6c0008130620741306207015062061
:020000040000fa
:020000040c02ec
:108e78002de9f0418ab0109e424f3f7a002f72d1ff
:108e880090f810c0377cbc4570d11f4690460d46ff
:108e98000446c82200213b480af090fd0021adf8a5
:108ea8002010adf822106369adf82430a369adf83d
:108eb8002630294608a806f0d5f8002859d006aa71
:108ec800294608a805f034f8adf81080adf81270fe
:108ed800bdf81c30adf81430bdf81e30adf81630b2
:108ee8000023adf80830adf80a307369adf80c30de
:108ef800b369adf80e306b4606aa02a904a800f0c3
:108f080085ffbdf91c30002b36ddbdf91e30002b66
:108f180035dd1c4b02221a721d4645f80a4b06aa7b
:108f280003cac3f80a0069605e606a4603cac3f8e8
:108f38001200c3f81610184609f08afbb0f1ff3f7b
:108f48000ed0104809f034feb0f1ff3f08d00d48ac
:108f580009f01efeb0f1ff3f4ff0ff3018bf0020b0
:108f68000ab0bde8f0814ff0ff30f9e74ff0ff306d
:108f7800f6e74ff0ff30f3e74ff0ff30f0e74ff040
:088f8800ff30ede700070720b0
:020000040000fa
:020000040c02ec
:108f90002de9f04f85b001920293ddf83c90119ecf
:108fa000dff8f880dff8f8e0041fdff8f8c03a4f88
:108fb000043918300d4622460394109c03e0caf889
:108fc00000b0824224d058f804af0af1ff335ef8b3
:108fd00004bfa3eb0b034b44b3fbfaf342f8043f8b
:108fe0005cf804af0af1ff3357f804bfa3eb0b039f
:108ff0002344b3fbfaf36b609246136803b16b68ca
:1090000045f8043f9b46002bd9d0daf800b0d6e7ec
:10901000039c00230e9a1360029a13600198054680
:1090200003601346ddf838c000f11c0290461ee0d4
:109030007046384428601f6854f8040f00fb06f09f
:109040000730c0084a6802fb007043f8040fdcf8e0
:10905000007051f8040f226802fb00f006fb00f0dc
:10906000073007ebd0074cf8047f454510d055f882
:10907000047b60680028dcd0d1f804e0bef1000f6a
:10908000d6d006fb00f00730c00800fb0ee0d0e7aa
:1090900005b0bde8f08f00bf4c31030cf830030c75
:0890a0003031030c1431030c04
:020000040000fa
:020000040c02ec
:1090a80008b53c4b98473c4b9847eff3108172b694
:1090b8003a4ad2f8883043f47003c2f88830bff3d4
:1090c8004f8fbff36f8f01b962b6bff34f8fbff3f6
:1090d8006f8f324c0723c4f89032c4f89432bff330
:1090e8004f8fbff36f8f08f027f92d4b23f07f03c5
:1090f800a3602c4b9847636913f4003f12d1bff368
:109108004f8fbff36f8f0022c4f85022bff34f8fe9
:10911800bff36f8f626942f400326261bff34f8f11
:10912800bff36f8f1d4b5b6913f4803f29d11b4b35
:109138000022c3f88420bff34f8fd3f88030c3f3e5
:10914800c906c3f34e335a0143f6e075134802eae1
:109158000504334644ea8371c0f86012013bb3f159
:10916800ff3ff7d1203a12f1200ff0d1bff34f8f14
:109178000a4a536943f480335361bff34f8fbff3f7
:109188006f8f094b9847094b984701f00bfb00bebe
:10919800fee700bfa3f6020ca3f6020c00ed00e008
:1091a8000000000065e6020ca3f6020ca3f6020c10
:020000040000fa
:020000040c02ec
:1091b800002841d003683b4a002908bf11465800df
:1091c800394a934298bf884294bf0120002000d9b1
:1091d800704710b407ee901af8ee677a07ee103a67
:1091e800f8ee476a87eea67adfed306a67eea67a70
:1091f800f2ee046a77eea67a77ee677afceee77a03
:1092080017ee902a2a498b4206d8b2f5ff7f15d867
:10921800012a3ed9540812e0b2f5bf7f3bd2032a97
:109228003cd954002349a1fb04c46408a1fb0212e1
:10923800520842ea042402e000207047ff241c4a36
:10924800934294bf002201224ff08c410b6823f017
:1092580002030b60cb69002bfcd14ff08c41cc6032
:109268000b6823f0407343ea02630b600b6843f01a
:1092780002030b600a46d369002bfcd14ff08c43e4
:1092880010225a831a46d369002bfcd15df8044b8f
:1092980070470124d3e74ff67f74d0e740f20124ea
:1092a800cde700bf80d1f00840420f0095bfd6330c
:0892b800801a0600abaaaaaa65
:020000040000fa
:020000040c02ec
:1092c000002877d13d4b93f83430012b02d04ff07a
:1092d000ff307047394b002283f8342093f9013076
:1092e000022b47d1354b1b78002b43d0334b9b7857
:1092f000002b46d1314b5b68002b49d130b42f4b4a
:109300009d68002d4ed0da69104653794bb1183262
:1093100000230133ab4245d0104618324479002c6b
:10932000f7d10122427111f0080f02d0234a012423
:109330009470224a546801345460948ddbb243ea3d
:1093400004430361938d01339bb24ff6ff72934246
:1093500008bf0123194a9385012382f83430002382
:10936000036041f004010171126942618360c360ce
:1093700000691de0114b012283f834204ff0ff30cb
:1093800070470e4b012283f834204ff0ff307047b6
:1093900011f0080fb2d0094b012283f834204ff0ae
:1093a000ff307047054b012283f834204ff0ff3027
:1093b00030bc70474ff0ff30704700bfd009072026
:020000040000fa
:020000040c02ec
:1093c0002de9f84f0446894690469b46816c013151
:1093d0008900c06cfdf7c2fd0546a16c0131890012
:1093e000206dfdf7bbfd0646a16c01318900606d63
:1093f000fdf7b4fd8246a16c01318900a06dfdf737
:10940000adfd0746002d4cd0002e4ad0baf1000f1a
:1094100047d0002845d0a06c431ca364e5642665b2
:10942000c4f854a0a76505eb80000af013f86ff0ac
:109430004045a06c2844e36c494603eb800007f0ec
:10944000f7fda06c2844236d03eb80000af002f8be
:10945000a06c2844236d414603eb800007f0e8fd33
:10946000a06c2844636d03eb800009f0f3ffa06c4f
:109470002844636d594603eb800007f0d9fda06cca
:109480002844a36d03eb800009f0e4ffa06c0544c1
:10949000a06d0a9900eb850007f0cafd0020bde829
:1094a000f88f284605f0d2fe304605f0cffe504634
:0e94b00005f0ccfe384605f0c9fe5320efe76c
:020000040000fa
:020000040c02ec
:1094be0038b504460b78642b4ad00d4614d9662b6a
:1094ce005bd04fd3672b63d0682b13d1436913f056
:1094de00100f0fd109f03af801280bd02368d3f8fa
:1094ee00fc302046984705e0022b13d0032b20d0ea
:1094fe00012b00d038bd436913f0100ffad109f0db
:10950e0025f80128f6d02368d3f8043129462046e1
:10951e009847efe7436913f0100febd109f016f8f7
:10952e000128e7d02368d3f808312946204698470a
:10953e00e0e7436913f0100fdcd109f007f80128ba
:10954e00d8d02368d3f80c31294620469847d1e766
:10955e0008f0fcff0128cdd02368d3f83031204627
:10956e009847c7e708f0f2ff0128c3d02368d3f865
:10957e00f030294620469847bce708f0e7ff01285f
:10958e00b8d02368d3f8f430294620469847b1e77f
:10959e00436913f0100fadd108f0d8ff0128a9d000
:0c95ae002368d3f8f83020469847a3e764
:020000040000fa
:020000040c02ec
:0295ba007047f8
:020000040000fa
:020000040c02ec
:1095bc00012b6bd92de9f04383b01778557805eb67
:1095cc000726374c84fb06c434442411c4eb4414e2
:1095dc00a6425dd1c5f3401507f00f04082c59d1f4
:1095ec007f2f57d8002d57d11d4617460e46804663
:1095fc000232023b0a998c68bcb100913146a047fb
:10960c0000284ad10a9b1c68002c46d1281f3844dc
:10961c000af06cf88146d8f80050306868b32146df
:10962c00012341f2ae5c1f4f17e00a9900913146bd
:10963c00f7f71cfce4e7a7fb0302d20bc2eb023edc
:10964c0002eb0e129b1aa7fb0102d20bc2eb023edd
:10965c0002eb0e12891a30468eb10246604528bfc5
:10966c006246861a0028e6d02a4415f801eb7344aa
:10967c0019449542f9d11546dde70146012343ea29
:10968c00014399450cbf20463a2006e0352070472f
:10969c00182002e0192000e01a2003b0bde8f08386
:0896ac0043082184718007804e
:020000040000fa
:020000040c02ec
:1096b4002de9f0418cb00646884617460af05cfb5b
:1096c400002845d005464368002b44d009f09af899
:1096d4000446c36807934368059383680693007838
:1096e4000af0cafb8df810002369089300230b933a
:1096f400626909928df82830b6f900300093b6f902
:1097040002300193b6f904300293b6f9063003939c
:10971400fe2f2ad9431fdbb2012b01d903281dd107
:109724002c69ff233a4600210220a047eb68012060
:1097340098476b684246694604a8984704469df8d2
:109744001020531fdbb2012b1ed9032a1cd024e0a6
:109754004ff0ff3025e04ff0ff3022e06b684246c7
:10976400694604a898470446e9e72c69ff233a466a
:1097740000210220a047eb68012098476b6842460d
:10978400694604a8984704462e69ff231a46002117
:109794000846b047eb6800209847201c18bf0120fa
:0897a40040420cb0bde8f08169
:020000040000fa
:020000040c02ec
:1097ac002de9f04182b00446884617461e46099db5
:1097bc00b0f90620b0f9021000954346023a013187
:1097cc00b0f9000002f095f9b4f90620b4f90210d2
:1097dc00b4f9000000953b46023a0131013002f029
:1097ec0088f9b4f9042000954346013ab4f9021003
:1097fc00b4f9000002f013fab4f90420b4f9021021
:10980c00b4f9000000953b46023a0131013002f0f8
:10981c0006fab4f90620b4f90210b4f90000b4f950
:10982c000430184400953346023a0131013802f0f5
:10983c0060f9b4f90620b4f90210b4f90000b4f9d7
:10984c00043018440095089b023a0131023802f0aa
:10985c0050f9b4f90210b4f90630194400953346a6
:10986c00b4f904200139b4f9000002f0d8f9b4f9c4
:10987c000420b4f90210b4f906301944b4f900000c
:10988c000095089b023a0239013002f0c8f902b087
:04989c00bde8f081b2
:020000040000fa
:020000040c02ec
:1098a0002de9f04f8bb004460d4691469a46149e22
:1098b000ddf858b0adf82030adf822604b88adf837
:1098c00024308b88adf8263008a809f00bfe01285b
:1098d00047d009f0fbfd0a2847d094f81880284aa1
:1098e000284bb8f1000f0cbf9046984606a908a86f
:1098f0000af03af9bdf918205245ccbfa2eb0a0391
:1099000000230493b5f9027007eb0a01bdf91c307e
:109910001344994201dd5b1a1f44bdf91a40bdf999
:109920002230e41abdf91e30002b1addcdf814a048
:10993000ddf854a0e889cdf808b0cdf804a0009770
:10994000049b3219059904fb0090c0470134bdf90e
:109950001a30bdf922209b1abdf91e201344a342e0
:10996000e8dc00200bb0bde8f08f94f81880064ac0
:10997000064bb8f1000f0cbf90469846b6e700bf03
:109980008bc5020c35b9020c2903030c690e030cbc
:020000040000fa
:020000040c02ec
:10999000f0b58bb004460d4617461e4668460af0e1
:1099a000dbf8364b1b7a002b5bd1c82200213348f1
:1099b0000af008f80023adf82030adf822306369d2
:1099c000adf82430a369adf82630294608a805f083
:1099d0004dfb002848d006aa294608a804f0acfa96
:1099e000adf81070adf81260bdf81c30adf8143051
:1099f000bdf81e30adf8163002ab06aa694604a8c1
:109a000000f008fabdf91c30002b30ddbdf91e3026
:109a1000002b2fdd194b1d4645f80a4b06aa03ca39
:109a2000c3f80a00696002aa03cac3f81200c3f8a7
:109a30001610184608f010feb0f1ff3f0fd00f4887
:109a400009f0baf8b0f1ff3f09d00c4809f094f8da
:109a5000b0f1ff3f03d0094b01221a7200200bb076
:109a6000f0bd4ff0ff30fae74ff0ff30f7e74ff06f
:109a7000ff30f4e74ff0ff30f1e700bf00070720a9
:020000040000fa
:020000040c02ec
:109a8000f8b5064604680423c4f89030c168606adb
:109a900006f0fcf87061334d85fb0035c017c0eb54
:109aa000651533681b685b69ab42d8bf03f1ff35ae
:109ab0003169a06a06f0eaf8b0612a4b83fb002303
:109ac000c017c0eb631033681b689b698342d8bf23
:109ad00003f1ff302a4625650346606521684f691a
:109ae00007fb0057a7652566606630680068406917
:109af0000138854201d2013525664869256e00fb93
:109b00000350a06622676367306800688069013887
:109b1000834201d2581c6067606f4d6905fb0020cd
:109b2000a067c4f88020c4f88430306800684069b9
:109b30000138824202d20132c4f8802032681268b1
:109b40009269013a934202d20133c4f88430d4f8c6
:109b500084304969d4f8802001fb0323c4f888309d
:089b60000020f8bd1f85eb5148
:020000040000fa
:020000040c02ec
:109b68002de9f04110f0ff0567d003465ffa81fc4c
:109b7800ff2d61d0bcf1000f5ed0bcf1ff0f3fd0cc
:109b8800c5f1ff04c5eb05267f360cfb04662c489f
:109b9800a0fb0626f6091f0e0a0e0cfb02f204fbb8
:109ba80002f27f32a0fb02e2d20905fb0727b7fbce
:109bb800f6f7c3f3074ec1f307420cfb02f204fbae
:109bc80002f27f32a0fb0282d20905fb0e22c3f308
:109bd8000723c1f307210cfb01f104fb01f47f34d7
:109be800a0fb0414e40905fb0343b2fbf6f10904e6
:109bf80041ea07613143b3fbf6f641ea06211ce06e
:109c0800030a090ac5f1ff0203f0ff1001f0ff146f
:109c180002fb04f405fb004000f0ff2003f47f433f
:109c280001f47f4102fb01f105fb031101f47f01ff
:109c3800014341f0ff0100e019460846bde8f08104
:049c48008180808017
:020000040000fa
:020000040c02ec
:109c4c00020e6bd003464fea116cff2a65d0bcf1b3
:109c5c00000f62d02de9f041bcf1ff0f41d0c2f1f1
:109c6c00ff05c2eb02267f360cfb05662c48a0fbd9
:109c7c000646f609c3f30747c1f307440cfb04f48b
:109c8c0005fb04f47f34a0fb04e4e40902fb074762
:109c9c00c3f3072ec1f307240cfb04f405fb04f4f7
:109cac007f34a0fb0484e40902fb0e44dbb2c9b28e
:109cbc000cfb01f105fb01f57f35a0fb0515ed094a
:109ccc0002fb0351b1fbf6f141ea0661b7fbf6f773
:109cdc0041ea0741b4fbf6f441ea04210846bde829
:109cec00f081c2f1ff0400f0ff1001f0ff1504fb3e
:109cfc0005f502fb0050000a00f0ff1003f47f434f
:109d0c0001f47f4104fb01f102fb0313190a01f476
:109d1c007f41014341f07f41e0e719460846704717
:049d2c008180808032
:020000040000fa
:020000040c02ec
:109d3000002b69d02de9f8431c4690460e46054697
:109d4000324b1b78012b0cd0ff23ff2c13d1ff2ba0
:109d500011d1002342463146284609f00bfbbde8ed
:109d6000f8832b4b1978104608f01cfc034600289a
:109d7000ebd10020f3e708f047fd3246294606f014
:109d800007fa074609f0a2fb3a46052109f062f9f5
:109d9000074609f09bfb4246052109f05bf9804626
:109da00009f094fb03280cd003d3431fdbb2012b33
:109db00007d928f0ff00204310f0ff0f0fd100203b
:109dc000cde75ffa88f9ff21204608f067f80146e1
:109dd000484605f05bff28f0ff042043ece73946d6
:109de000fff7c2fe044609f071fb2246014605203a
:109df00009f030f9044608f007fd234632462946ab
:109e000004f0bafc0020aae7002070478e0e07205d
:049e10008f0e07208a
:020000040000fa
:020000040c02ec
:109e1400f0b5056844681d605c60b3f90050b1f9a1
:109e24000040a5425dda16883444641b148094888b
:109e34000d88641b1d882c449480b1f900501d804a
:109e44000488641b9d882c449c80b3f90060b3f99a
:109e54000450b1f90040b1f9047006eb050e04ebaf
:109e6400070ce6450bdd644697883c44a41b641b41
:109e740094800c888d882c441d88641b9c80b3f9c5
:109e84000250b1f90240a5422fda56883444641bcb
:109e94005480d4884d88641b5d882c44d480b1f9e7
:109ea40002405c804088001bdc882044d880b3f9e1
:109eb4000250b3f90640b1f90200b1f9066005ebae
:109ec400040c8719bc450bdd3846d6883044401b4a
:109ed400001bd0804a88c9880a445988521ada80fb
:109ee400f0bdb0f900401c80afe7b0f90200588023
:029ef400dde7a8
:020000040000fa
:020000040c02ec
:109ef60070b58eb000230a930b930b604b60836d95
:109f0600002b5ad015460e4604461a68d26b1846e0
:109f16009047326873682a606b60a06d03685b685f
:109f26009847294608f015ff236d1b6e0ca920469d
:109f3600984794f85430002b41d0e36d2bb15a6901
:109f4600adf82c209b69adf82e30b4f86830089334
:109f560094f82330079394f82230069394f821302e
:109f6600059394f82030049394f864300393e37ec9
:109f76000293a37e01930d9b00930c9b0aaa06ca2b
:109f86002846faf756fe94f854303bb1e36e2a8819
:109f960013442b80e36e6a8813446b80b5f9003056
:109fa6003380b5f9023073802a460ca9284603f09f
:109fb600c0ff2946204608f08aff0eb070bd236e0a
:109fc600002bc2d05a69adf82c209b69adf82e3013
:029fd600bbe7e7
:020000040000fa
:020000040c02ec
:109fd800f0b58fb002ac84e803001d46bdf90c1043
:109fe800bdf90e4008460029b8bf481c401046423b
:109ff80006962346002cb8bf631c5b100793091a0a
:10a00800089109930a961b1b0b930c910d9300233f
:10a0180004930593574206ac0194009704ae96e862
:10a028000c0094e8030002f0f9fd08a901910097db
:10a0380096e80c0003c902f0f1fd0aa90191009706
:10a0480096e80c0003c902f0e9fd0ca901910097fc
:10a0580096e80c0003c902f0e1fd23460eaf104a52
:10a06800104c1146264618688642a8bf064681420b
:10a07800b8bf014658688442a8bf04468242b8bfa8
:10a08800024608339f42eed100232b806b800831b3
:10a09800891ba9800832121bea800fb0f0bd00bfef
:08a0a8006179feff9f860100b3
:020000040000fa
:020000040c02ec
:10a0b0002de9f04f87b0ddf84080119e002e53d07f
:10a0c0001c4691468b4682462c4b1b78012b10d0a8
:10a0d000ff23ff2e17d1ff2b15d100230193cdf8bd
:10a0e000008023464a465946504604f0fbfc03468e
:10a0f0003be0234b1978404608f054fa0346002809
:10a10000e7d1002331e002a809f04cf8bdf90a308c
:10a11000abeb0303bdf90820aaeb0202adf8102057
:10a12000adf81230adf81490adf816403246414605
:10a1300004a8fff7bffa0346b8b1d4b15d46a34403
:10a1400002e001355d4516d0b9f1000ff9d0544653
:10a1500009eb0a07334642462946204606f08ef9a7
:10a160000134a742f6d1ece70023184607b0bde85a
:10a17000f08f0023f9e70023f7e700bf8e0e0720da
:04a180008f0e072017
:020000040000fa
:020000040c02ec
:10a1840010b582b000230193009300eb800212010a
:10a194002b4b13445a6e01921b6e019a43f4c02355
:10a1a40013400093009b03f001039b00009a12f0fc
:10a1b400020f18bf43f00803009a12f0040f18bfef
:10a1c40043f01003009a12f0080f18bf43f0010384
:10a1d400009a12f0100f18bf43f02003009a12f0f7
:10a1e400200f18bf43f04003009a12f4c02f18bf89
:10a1f40043f002030199134a0a4032b100eb4002d2
:10a20400114901eb820200211172019c00eb8001d3
:10a2140009010e4a545000eb400292000a498a5840
:10a224005bb152b10c464200111804eb810149683c
:10a234001044800022581846904702b010bd00bf59
:10a24400000085442a000600f40c072064008544bd
:020000040000fa
:020000040c02ec
:10a2540030b585b004460d46036d1b6e02a99847c0
:10a26400eb6800932b6901932146284609f0cafd47
:10a2740002a9206c05f077f902a9204608f028fe0f
:10a28400694602a806f0acfa18b994f85530012bc7
:10a2940017d0694602a806f0a3fa012813d094f84f
:10a2a4005530012b2dd0002384f85430e36e1bb9b4
:10a2b400e26d236e9a422cd0236dd3f8dc30204615
:10a2c400984705b030bd94f85530012b08d00023d1
:10a2d40084f85430636f002be8d020469847e5e7b4
:10a2e40094f85430022b03d0022384f85430dde771
:10a2f400002384f85430636f002bd7d0204698474e
:10a30400d4e794f85430022bd0d0002384f854308e
:0aa31400cce7238b002bd4d0cee75a
:020000040000fa
:020000040c02ec
:10a31e0070b50446b0f8e629b0f8e4399a4221d374
:10a32e00056a03464ff40072012100f2e470a8475b
:10a33e0080b2a4f8e409231893f8e337ff2b0ed16b
:10a34e00a36b1a46db43184483189bb2013ae118fb
:10a35e0091f8e317ff29f7d0a4f8e439a26300239c
:10a36e00a4f8e6391025082607e0d3b2ff2b23d038
:10a37e00b2f57f4f08bf84f8c26494f8c23403bbb1
:10a38e0084f8c254b4f8e639591c89b2e21892f82e
:10a39e00e40702339bb2a4f8e639621892f8e42778
:10a3ae0002eb002292b2a4f8c024b4f8e409984259
:10a3be00dbd284f8c264e0e784f8c264a4f8e6193c
:10a3ce00dbe7b4f8c0044200a4f8c024013b84f8d3
:06a3de00c234c00b70bd8b
:020000040000fa
:020000040c02ec
:10a3e40030b585b004460d46036d1b6e02a998472f
:10a3f4006b690093ab6901932146284609f002fd7d
:10a40400694602a806f0ecf918b994f85530012b06
:10a4140004d094f85430012b02d013b305b030bdee
:10a4240002a9206c05f09ff802a9204608f050fd0f
:10a43400694602a806f0d4f90028efd1002384f875
:10a444005430e36e1bb9e26d236e9a4205d0236d3e
:10a45400d3f8dc3020469847e0e7238b002bddd08f
:10a46400f5e702a9206c05f07ef802a9204608f061
:10a474002ffd694602a806f0b3f90128ced10123c5
:10a4840084f85430e36e1bb9e26d236e9a4205d012
:10a49400236dd3f8dc3020469847bfe7238b002b8d
:04a4a400bcd0f5e74c
:020000040000fa
:020000040c02ec
:10a4a800f0b58fb004460d46174600260c960d965b
:10a4b800036d1b6e0aa998472e806e80a06d18b197
:10a4c8000368db6b0ca9984794f85430002b40d0f4
:10a4d800e36d23b15b69ab80e36d9b69eb802a6810
:10a4e8006b683a607b60b4f86830089394f823305e
:10a4f800079394f82230069394f82130059394f842
:10a508002030049394f864300393e37e0293a37e8f
:10a5180001930b9b00930a9b0eaa12e9060028469a
:10a52800fbf780ff94f854303bb1e36e2a8813445c
:10a538002b80e36e6a8813446b802b463a460aa93f
:10a548002846fff763fc2946204608f0bffc0fb0f9
:10a55800f0bd236e002bc2d05b69ab80236e9b6974
:04a56800eb80bce7e1
:020000040000fa
:020000040c02ec
:10a56c002de9f04786b0064609f07afc824609f0e0
:10a57c0077fcd0f8e842013c26d40af5387a274f0c
:10a58c002146504608f0befc8046f568d6f810907f
:10a59c0001940023029303930493059309f0e2fbc7
:10a5ac00836801a915209847029bfb61039a3a62c4
:10a5bc00ed1aa9eb02094a462946404601f079fbff
:10a5cc00804658b9013cdbd5002005f0d7f80020b7
:10a5dc0020e0002005f0d2f800201be009f040fb41
:10a5ec00012817d0f560c6f81090d8f80030d3f8d1
:10a5fc0014313146404698477378012b04d0d8f873
:10a60c004080b8f1000ff0d170680028e1d005f05f
:10a61c00b5f8002006b0bde8f08700bf4c0c072051
:020000040000fa
:020000040c02ec
:10a62c002de9f04389b00023adf80430adf80630c5
:10a63c0013600b68002b4bdb4b68002b4bdb9146fc
:10a64c00884605460368db69984707462b685b68b4
:10a65c00284698470646002f40d000283ed00024bc
:10a66c001ce003aa0146304602f00ff8bdf8123088
:10a67c00adf80830bdf81030adf80a30414601a8ed
:10a68c0006f0aaf801281ad0bdf80430bdf8122043
:10a69c001344adf804300134a74214d92b689b69dc
:10a6ac002146284698470a28dbd10023adf8043010
:10a6bc00bdf80630b28a1344adf80630ebe7c9f8a2
:10a6cc000040002001e04ff0ff3009b0bde8f083fe
:10a6dc004ff0ff30f9e74ff0ff30f6e70020f4e7da
:020000040000fa
:020000040c02ec
:10a6ec00f8b52d494c6ad1e90623561c43f10007f5
:10a6fc00c1e90667002c4dd091f82030013381f868
:10a70c002030a36823b1a368013ba3604c6afcb161
:10a71c00a368ebb9012500271f4e0ae0e06906f09b
:10a72c0061fbe3680bb120699847746a84b1a36834
:10a73c0073b925756575a37813b9e368002bedd152
:10a74c00204605f0bdf9a378002bead16770e8e745
:10a75c00124d00242e4603e001342035052c13d075
:10a76c0006eb44135b7d002bf6d006eb4413002262
:10a77c005a75ab78012befd16b6806eb44118b60eb
:10a78c00284602f049f8e7e7034a92f82030013beb
:10a79c0082f82030f8bd00bfa00a072088080720e7
:020000040000fa
:020000040c02ec
:10a7ac0080b5002001f072f808f0eafefef7aaf975
:10a7bc0000222449012008f043fd002222490120f7
:10a7cc0007f07cfa00222149022007f077fa204d8d
:10a7dc00dff8849009f01f031e4c09f580571f44c5
:10a7ec00dff8788008f01f0308f516461e4403e0d6
:10a7fc00bff34f8fbff36f8f08f028fb2b78002b24
:10a80c00fad04ff0000a85f800a000f0e7f85046a7
:10a81c0009f014f8bff34f8f4b46c4f8683220335d
:10a82c00fa1a002af9dcbff34f8fbff36f8fbff317
:10a83c004f8f4346c4f868322033f21a002af9dcf1
:10a84c00d6e700bf9d39030c2d0e030ce93b030c1e
:10a85c00900e072000ed00e094a40720940e072032
:020000040000fa
:020000040c02ec
:10a86c002de9f04182b00446884617461e46089de5
:10a87c00b0f90620b0f9021000954346013a0131b7
:10a88c00b0f9000001f035f9b4f904200095434605
:10a89c00013ab4f90210b4f9000001f0c0f9b4f9ae
:10a8ac000620b4f90000b4f90430184400953b4676
:10a8bc00013ab4f90210013801f01bf9b4f9062081
:10a8cc00b4f90210b4f90000b4f90430184400953e
:10a8dc003346023a0131023801f00bf9b4f9021097
:10a8ec00b4f90630194400953b46b4f904200139fb
:10a8fc00b4f9000001f093f9b4f90420b4f9021092
:10a90c00b4f906301944b4f9000000953346023a04
:0ea91c000239013001f083f902b0bde8f0818c
:020000040000fa
:020000040c02ec
:02a92a00704774
:020000040000fa
:020000040c02ec
:10a92c002de9f04101284ed800eb40032a4c04ebf2
:10a93c0083035b68002b49d017468846064609f00e
:10a94c008bfa03683bbb1c2008f0d0f904460028a6
:10a95c003fd0002343600323037086601e4a7100be
:10a96c008b1902eb83039868e060d8682061c4f807
:10a97c001480a761c3f80880df60204608f080fbd4
:10a98c000546b0f1ff3f1ad000252846bde8f081fe
:10a99c001b68002bd7d05c682578032df8d1a068f4
:10a9ac00b042f5d1c4f81480a7610b4b7200911919
:10a9bc0003eb8101c1f80880cf600025e5e7204654
:10a9cc0004f03efce1e74ff0ff35dee74ff0ff35da
:0ca9dc00dbe74ff0ff35d8e74c0c0720fc
:020000040000fa
:020000040c02ec
:10a9e8002de9f04fdff8ace00ef580594ff0000884
:10a9f800254e264cdff8a0c0254f05e008f2537815
:10aa08000ef1400ece453dd086fb08354feae8737f
:10aa1800c3eba51505eb85056d017046002186fb86
:10aa28000132cb17c3eba2132b4404eb430292f879
:10aa380001a014f8132042ea0a2212b21ffa82fa7d
:10aa48004feada23db00c3eb031b4feada0a0af00a
:10aa5800fc0acaeb0a13caeb830303eb4b03d200cd
:10aa6800d2b202eb820a02eb4a021a448cfb02a31e
:10aa7800d217c2eb631200f8012f01f6c411b942d4
:10aa8800cdd1bbe7bde8f08fd34d6210940e0720ff
:0caa98000071020093a407201f85eb5101
:020000040000fa
:020000040c02ec
:10aaa4000001000100010001ff00ff00ff00fe00a3
:10aab400fe00fd00fc00fb00fa00f900f800f700be
:10aac400f600f500f300f200f100ef00ed00ec00f9
:10aad400ea00e800e600e400e200e000de00db005b
:10aae400d900d700d400d200cf00cc00ca00c700e0
:10aaf400c400c100be00bb00b800b500b200af0086
:10ab0400ab00a800a500a1009e009a009600930047
:10ab14008f008b008800840080007c007800740023
:10ab240070006c006800640060005c005800530012
:10ab34004f004b00470042003e003a003500310010
:10ab44002c00280024001f001b00160012000d001a
:08ab540009000400000000bf2d
:020000040000fa
:020000040c02ec
:10ab5c00032953d943682bb1f0b583b00e46044694
:10ab6c0000273fe0002070475210da8023682b4406
:10ab7c00bdf80620d988521aadf80620bdf802207f
:10ab8c00db881344adf802306946204605f0c0f866
:10ab9c0023682b44b3f90410b3f9062002fb01f22d
:10abac00b2421bd96a461868596803c2b3f9062029
:10abbc0091b20229d8d8b3f9042052109a80236894
:10abcc002b44bdf804209988521aadf80420bdf826
:10abdc0000209b881344adf80030d5e7013763683b
:10abec00bb420ed9fd0023682b44b3f90410b3f912
:10abfc00062002fb01f29642d4d3efe74ff0ff3070
:08ac0c007047002003b0f0bd09
:020000040000fa
:020000040c02ec
:10ac1400032953d943682bb1f0b583b00e460446db
:10ac240000273fe00020704752109a8023682b448d
:10ac3400bdf804209988521aadf80420bdf800200c
:10ac44009b881344adf800306946204605f064f84b
:10ac540023682b44b3f90410b3f9062002fb01f274
:10ac6400b2421bd96a461868596803c2b3f9042072
:10ac740091b20229d8d8b3f906205210da80236899
:10ac84002b44bdf80620d988521aadf80620bdf829
:10ac94000220db881344adf80230d5e7013763683e
:10aca400bb420ed9fd0023682b44b3f90410b3f959
:10acb400062002fb01f29642d4d3efe74ff0ff30b7
:08acc4007047002003b0f0bd51
:020000040000fa
:020000040c02ec
:10accc0030b585b0044603680122c3f890200368b0
:10acdc009a6cb3f918000028b8bf0130d96ca1ebfd
:10acec0060010291b3f91a100029b8bf0131c2eb0f
:10acfc00610203921e4a02a901915b6b00930cca7c
:10ad0c0003c901f089ff039a5342039321680b682e
:10ad1c005b69002bb8bf01335b10013b0298034405
:10ad2c000293086880690028b8bf0130d24302eb57
:10ad3c0060020392002b14db08684569ab4210da01
:10ad4c00002a0edb806990420bdd0b6523685a6587
:10ad5c0023681a685269586d196d00fb02129a65c6
:10ad6c0003e04ff0ff33c1f8ec30002005b030bdec
:04ad7c007815062020
:020000040000fa
:020000040c02ec
:10ad80002de9f04182b00546284e0de002232377dd
:10ad9000eb685b682269e1686088984741e0224679
:10ada0003946284604f029ffac6a002c3bd0237fab
:10adb000012b38d1a369c3f30722c2eb021206ebc1
:10adc0008202dbb203eb4303d76907ebc3076a696f
:10add0007b699a4207d0eb685b69002107f1140098
:10ade00098477b696b61237d022bcfd0042b0ed15a
:10adf00002232377d4f804c02269e1686088a3683d
:10ae00000093eb68d3f808806346c04709e0012b44
:10ae100009d102232377eb681b68a2686168608808
:10ae200098470028bbd002b0bde8f081d0090720c8
:020000040000fa
:020000040c02ec
:10ae300070b5012843d8284a40f6e42303fb0023d9
:10ae40009a68002a3ed0244c40f6e42303fb0043da
:10ae5000db68002b39d00e46054640f6e42303fba1
:10ae600000435869b0f1ff3f1bd040f6e4241a4b71
:10ae700004fb05342246194906f0eafa16f0080fd9
:10ae800001d00122e271144a40f6e42303fb05f3ea
:10ae9000d1180120d0548b79d3b901238b7120466e
:10aea00070bd03210020904704460b4a40f6e4237e
:10aeb00003fb05235861b0f1ff3ff0d0d5e74ff019
:10aec000ff34ece74ff0ff34e9e74ff0ff34e6e7fb
:10aed0004ff0ff34e3e700bf04000220cf78020cfc
:020000040000fa
:020000040c02ec
:10aee0002de9f04106460d4690461f4606f00cfa45
:10aef000002841d0224b93f90030022b06d04ff0ae
:10af0000ff3407f0edfc2046bde8f081002d30d085
:10af1000b5422ed31b4b1b7853b101241a4b1a7820
:10af200042b120330134052cf9d14ff0ff34e8e76a
:10af30000024144b01221a7000225a701a755a7597
:10af40009df818209a705d60c3f80c801f61ad1bde
:10af50009d600e4a1288a4b244ea0244dc61531c8c
:10af60009bb24ff6ff72934208bf0123074a13803a
:10af7000c7e74ff0ff34c4e74ff0ff34c3e700bf2b
:10af8000a00a072088080720a8080720920e07209b
:020000040000fa
:020000040c02ec
:10af90000023137053709370d37088424cd00b1af7
:10afa000b3f5877f26dc431a13f5877f22db10b4c5
:10afb00059288cbf002301231370a0f15a04592c87
:10afc0008cbf002301235370a0f1b403592b8cbf15
:10afd000002301239370a0f58773592b8cbf0023a6
:10afe0000123d37059280bd9592c1cd99378012be4
:10aff00016d10fe00123137053709370d370704714
:10b000005929d4bf002301235370b329d4bf00238f
:10b0100001239370b1f5877fb4bf00210121d17066
:10b020005df8044b7047b329d4bf0023012393700c
:0ab030005378012beed0d9e77047ea
:020000040000fa
:020000040c02ec
:10b03a002de9f04184b006460f4614461d46ddf858
:10b04a002880adf80800adf80a105388013badf826
:10b05a000c309388013badf80e3002a808f03dfa97
:10b06a00012837d008f02dfa35b10a2814bf00207c
:10b07a000120002818bf0125b4f90420cdf800806a
:10b08a002b46013a3946304600f034fdb4f9042023
:10b09a00b4f902003044cdf800802b46013a394613
:10b0aa00013800f027fdb4f90220cdf800802b46c4
:10b0ba00013a3946304600f0b3fdb4f90220b4f93a
:10b0ca0004103944cdf800802b46013a0139304644
:0ab0da0000f0a6fd04b0bde8f0810f
:020000040000fa
:020000040c02ec
:10b0e4002de9f84f05468946174606f043ff064604
:10b0f40000283ed0037b002b3dd0036803f11002ef
:10b10400d9f80040a4f110031344bb4235d307f12e
:10b114001008a7eb040be41b04f11003326813447a
:10b124002f2b2dd905f1180a3146504607f0fdfea4
:10b1340006eb0b0133681c4400234b608b60cb602f
:10b1440046f80b4001230b73504605f051f9ab68e8
:10b15400d9f800209b1a103bab60c9f80070ab68ab
:10b164004344ab60ea6893420dd9eb600020bde82c
:10b17400f88f0022c4e70022c2e74ff0ff30f6e761
:0ab184004ff0ff30f3e70020f1e781
:020000040000fa
:020000040c02ec
:02b18e00704708
:020000040000fa
:020000040c02ec
:10b190002de9f04387b0804603f0acf9254bd3f896
:10b1a000e83243b300263446224f07f5387901963a
:10b1b000029403940494059408f0dafd836801a9cd
:10b1c000152098473146484607f0a2fe0546029be7
:10b1d0004365039b836503685b6922462146984764
:10b1e0002b68db6a059a0499284698470136d7f8f8
:10b1f000e832b342dbd808f039fd012813d00d4bfb
:10b20000d3f8e8327bb100240a4d05f538762146a3
:10b21000304607f07dfe414606f031ff0134d5f897
:10b22000e8329c42f3d3f6f7d7fb002007b0bde825
:08b23000f08300bf2801072094
:020000040000fa
:020000040c02ec
:10b2380038b504461f4d20220021284608f0befbe1
:10b248001d4b2268127c52019a58aa612268127c0e
:10b2580003eb42131b7aeb612c602268137c073bdb
:10b26800dbb2022b15d8137b4bb9144aea6011499b
:10b27800134b4b60204606f0d1fb002038bda37a63
:10b288001bb90c4b0f4ada60f1e70a4b0e4ada6039
:10b29800ede7137b1bb9074b0c4ada60e7e7a37aa3
:10b2a8001bb9044b0a4ada60e1e7024b094ada6043
:10b2b800dde700bfa00c07202872020c192c030c34
:10b2c8003dfe020c51f9020cfdf1020c5527030c4e
:08b2d800791b030c5916030c4d
:020000040000fa
:020000040c02ec
:10b2e0008369002b4ed070b521f003010431002496
:10b2f00002e01c469b684bb11a689142fad8002cb8
:10b30000f7d02568aa4238bf1c46f3e7002c37d097
:10b310000546202938bf20210e46204606f0bcfff6
:10b3200001281ad0237ba3b1214605f1180007f0ac
:10b33000fefd214605f1140005f05cf8002323739f
:10b34000ab68103322681344ab60ea68934288bf4d
:10b35000eb6004f11003184670bd23689b1be1d01d
:10b3600026601036a11900224a608a60ca60103b2c
:10b37000a35101230b7305f1180005f03bf8d1e749
:08b380002346e8e71846704778
:020000040000fa
:020000040c02ec
:10b3880000230b604b60436d002b49d070b58cb027
:10b3980016460d4604461a68d26b184690472a6826
:10b3a8006b6832607360606d03685b68984731460c
:10b3b80007f0cefc236d1b6e0aa920469847194a50
:10b3c8000023089394f82310079194f8221006910b
:10b3d80094f82110059194f8201004910393e37eca
:10b3e8000293a37e01930b9b00930a9b06ca3046e7
:10b3f800f9f71efcb6f900302b80b6f902306b80e5
:10b4080032460aa9304602f093fd2a460aa9284680
:10b4180002f08efd3146204607f058fd0cb070bd95
:08b42800704700bf980b0720dc
:020000040000fa
:020000040c02ec
:10b4300051ea02034ad070b582b015460e46044662
:10b440006b46024652f80a0f516803c3694620460c
:10b4500007f040fd2368d3f82c3169462046984711
:10b46000b4f90e101b4a5160b4f9103093603144a6
:10b4700009b2e1815a1912b22282002920dd002a84
:10b4800021dd1449b4f90e30cb60b4f910300b61f2
:10b490002368d3f81431204698476b46224652f869
:10b4a0000a0f516803c36946204607f013fd23685d
:10b4b000d3f82c31694620469847002002b070bd71
:10b4c0000123e381dbe701232382dae74ff0ff303a
:08b4d000704700bf5cbb0720c0
:020000040000fa
:020000040c02ec
:10b4d8002de9f84f05468946164698460a9f9b4629
:10b4e80003780a2b2bd05b01214ad35803fb08fbb6
:10b4f800b8f1000f0add88440c460b9b3246214602
:10b50800284603f035f90134a045f6d132464946bc
:10b51800284606f06dfe8046012f0ddd741c3e4462
:10b5280022464946284606f063fe5a46414607f039
:10b53800c1fe0134a642f3d10020bde8f88f002fe8
:10b54800fadd07eb020a02e00136b245f4d0bbf19e
:10b55800000ff9dd08eb09074c460b9b32462146e4
:10b56800284603f005f90134bc42f6d1ece700bfe8
:04b578002872020c27
:020000040000fa
:020000040c02ec
:10b57c00002849d02de9f04705464368012b46ddec
:10b58c004ff0080c002713e00133296801ebc302cc
:10b59c0021f83360a2f80290a2f80480a2f806e029
:10b5ac007a1c0cf1080c02376b68bb4229dd17467c
:10b5bc002a6802eb0c0332f90c60b3f90290b3f970
:10b5cc000480b3f906e03b46002fdddb02ebc7003d
:10b5dc0032f93710b142d7dd61465418d0f800a0cb
:10b5ec00406842f801a06060013bb3f1ff3fcbd053
:10b5fc002a6802ebc300083932f93340b442ecdc60
:10b60c00c2e70020bde8f0874ff0ff307047002004
:02b61c00f8e74d
:020000040000fa
:020000040c02ec
:02b61e00704773
:020000040000fa
:020000040c02ec
:10b6200030b583b00024184b1c60184d184b0093a4
:10b63000184b022229681848006800f01bfc174bc1
:10b640001a68174b1968174b1b681344013b0b44ce
:10b6500015480360154b1b681548006803441548de
:10b6600003800a442b681a44134b1a60134b2022a0
:10b67000c3f8182207f096ff08f086f9012007f0ba
:10b6800001fe204603b030bd000e0720bcbb0720e2
:10b69000e0110620e0150220acbb0720b0bb07205c
:10b6a000b4bb0720b8bb0720d4150220a8bb0720d5
:10b6b000a0bb0720d01502200c0e072000008444f8
:020000040000fa
:020000040c02ec
:10b6c000002848d02de9f04705464368012b45dda9
:10b6d0004ff0080c002712e00133296801ebc30288
:10b6e00021f833905680a2f80480a2f806e07a1c74
:10b6f0000cf1080c02376b68bb4229dd17462a683b
:10b7000002eb0c0332f90c90b3f90260b3f9048038
:10b71000b3f906e03b46002fdedb02ebc701b1f9cf
:10b720000200b042d8dd60461418d1f800a0496884
:10b7300042f800a06160013bb3f1ff3fccd02a6822
:10b7400002ebc3010838b1f90240b442ecdcc3e7b4
:10b750000020bde8f0874ff0ff3070470020f8e789
:020000040000fa
:020000040c02ec
:10b760002de9f0418cb004460e461746984600235a
:10b770000793adf82830adf82a304369adf82c3086
:10b780008369adf82e300aa803f070fc68b308aaec
:10b7900031460aa802f0d0fbbdf92430002b27dd8a
:10b7a000bdf92630002b26dda368254615f8102f9d
:10b7b000052a0cbf06220222082102910192009361
:10b7c000636805aa06a907a805f0a7f900962b4605
:10b7d000424639461498103000f046f9079803f0b5
:10b7e00035fd00200cb0bde8f0814ff0ff30f9e7e7
:0cb7f0004ff0ff30f6e74ff0ff30f3e7ba
:020000040000fa
:020000040c02ec
:10b7fc0010b50446c37f052b33d8dfe803f00332c2
:10b80c000d262c2e1c4bff221a60036d9b6b984748
:10b81c0001280bd0237e83b994f8543093b1e36d97
:10b82c009bb10323e377154ba3621ae0236d5b6c8a
:10b83c0020469847104b1860ece70223e377104b37
:10b84c00a3620ee0236e002bebd1a06d18b1036840
:10b85c001b6a984730b1637e4bb90123e377002311
:10b86c00a36210bd0423e377064ba362f9e7064bf2
:10b87c00a3620523e377f4e7440e0720e508030ce5
:0cb88c00cdfe020c29d6020ca508030c0e
:020000040000fa
:020000040c02ec
:10b8980010b5204b1b680021186808f0a9f91e4b49
:10b8a8001b680021186808f0a3f9faf709fcfbf7f0
:10b8b80035f803f067fd06f077fd02f033fc07f07a
:10b8c800a7fa04f023fb02f051fd05f077ff00f022
:10b8d80015fb03f0cffd03f0a5fd04f0cdf80f49eb
:10b8e800002002f087f80e4c2060fff795fe0d4906
:10b8f800002001f07dfda0600b49002002f066fdec
:10b90800606006f00dfa02f045fb08f0ebf9fdf770
:10b9180065f810bd7cb807202cbb0720f831030c54
:0cb92800fc1206203032030cb43e030c6d
:020000040000fa
:020000040c02ec
:10b934002de9f04705460e4617461c46ddf82090d3
:10b944000a9aff21002008f07af9fe2807d94c450d
:10b9540039da013c2c44a846013d4d442ee0ff2138
:10b9640006f09afa80464c452dda013c2c44aa464e
:10b97400013d4d4414e0ff2106f08efa0146404695
:10b9840004f082f9ff2104f07ff906eb040c03466e
:10b99400099a3946aceb0a0005f090feac4212d08d
:10b9a40014f8010f0028f9d0e5e73019099a39464f
:10b9b400a0eb080005f082feac4204d014f8013f6d
:0ab9c400002bf9d0f1e7bde8f08791
:020000040000fa
:020000040c02ec
:10b9ce002de9f04188b005460c461646002313605b
:10b9de0053600368db69984780462b685b6828468e
:10b9ee009847b8f1000f2fd0074600282cd02b68af
:10b9fe001b6c28469847a04229d9fb6953b32b6884
:10ba0e00d3f8488001ab02aa21462846c047029cc3
:10ba1e00019b9c4212d22b689b692146284698476f
:10ba2e0003aa0146384600f02ffeb388bdf8122057
:10ba3e001344b3800134019ba342ecd8bb8af3803c
:10ba4e00002008b0bde8f0814ff0ff30f9e74ff06d
:0aba5e00ff30f6e74ff0ff30f3e78a
:020000040000fa
:020000040c02ec
:10ba68002de9f04784b007468a4691461d460c9e4c
:10ba78000023adf80830adf80a306b68adf80c302b
:10ba8800ab68adf80e306a46314602a802f050faab
:10ba9800bdf90630002b2add4ff0000807e008f159
:10baa800010809f10109bdf9063043451fddbdf95b
:10bab8000430002bf3dd0024b6f90220b6f900109b
:10bac80042442144284607f003f80246397828788a
:10bad80007f0bcfa03464a4604eb0a01384602f06e
:10bae80047fe0134bdf90430a342e5dcd7e7002066
:06baf80004b0bde8f08778
:020000040000fa
:020000040c02ec
:10bafe00f0b589b014461d46adf81000adf8121021
:10bb0e000123adf81430adf8162004a807f0e3fcbd
:10bb1e00012833d006a904a808f01ff8bdf9187043
:10bb2e000e9aff21002008f085f8064618b900236a
:10bb3e00184609b0f0bd0290019506ab009323465e
:10bb4e000122bdf91210bdf91000fcf718fe0346d4
:10bb5e000028edd0bdf91e30002b12dd0024bdf9fa
:10bb6e001a1033462a462144384605f0a2fd013408
:10bb7e00bdf91e30a342f2dc0023d9e74ff0ff33ac
:06bb8e00d6e70023d4e716
:020000040000fa
:020000040c02ec
:10bb94002de9f04387b00546894616460023136015
:10bba40053600368db69984707462b685b6828463f
:10bbb4009847002818bf002f2fd080464f452cd916
:10bbc400c3696bb300240fe001aa0146404600f0ac
:10bbd40060fdbdf80a30b380b8f81430f38000205b
:10bbe40018e00134a74213d92b689b6921462846e3
:10bbf40098470a28f5d0a145e6d001aa0146404657
:10bc040000f047fd3388bdf80a2013443380e8e789
:10bc14004ff0ff3007b0bde8f0834ff0ff30f9e795
:06bc24004ff0ff30f6e7cf
:020000040000fa
:020000040c02ec
:10bc2a00f0b589b014461d46adf81000adf81210f3
:10bc3a00adf814200123adf8163004a807f04dfc26
:10bc4a00012832d006a904a807f089ffbdf91a70a5
:10bc5a000e9aff21002007f0efff064618b90023cd
:10bc6a00184609b0f0bdbdf910000296019506ab61
:10bc7a000093012322460146fcf783fd0346002870
:10bc8a00eed0bdf91c30002b12dd0024bdf91800de
:10bc9a0033462a463946204405f00dfd0134bdf9e4
:10bcaa001c30a342f2dc0023dae74ff0ff33d7e778
:04bcba000023d5e7a7
:020000040000fa
:020000040c02ec
:10bcbe002de9f04383b000910192836c002b3ed0ae
:10bcce0090460f4605468146002403e00134ab6cd6
:10bcde00a34225d9214605f1440007f092fe0646ff
:10bcee00436913f0010ff1d013f0020feed0694645
:10bcfe000a3004f070fd0128e8d1b6f90c20b6f92f
:10bd0e000a10a8eb0202791a3046fff7d1ff00287d
:10bd1e00dcd0436903f02003002b08bf8146d5e732
:10bd2e00b9f1000f07d0d9f81430c3f34013002b2c
:10bd3e0018bf4ff00009484603b0bde8f0838146b6
:02bd4e00f1e71b
:020000040000fa
:020000040c02ec
:10bd500002780b789a422fd142684b689a422dd1d3
:10bd600003690a6993422bd15bb142694b699a42dc
:10bd700028d182698b699a4226d1c269cb699a42dd
:10bd800024d170b4c568cb689d4221d1ad0022d0ca
:10bd900083688a681878117888421ed11e465c1c18
:10bda000587812f8011f884219d10233991b234693
:10bdb000a942f4d101200ce0002070470020704718
:10bdc0000020704700207047002070470020704717
:10bdd000002070bc70470120fbe70020f9e700203d
:02bde000f7e783
:020000040000fa
:020000040c02ec
:10bde20070b58569036b43b990f83530012b01d0ea
:10bdf20000260be0002380f8353004462e783eb151
:10be0200b5f9040004f0e3fb84f83a00304670bd53
:10be120008f053f806466868b0f1ff3f10d1a868f1
:10be2200b0f1ff3f12d1e868b0f1ff3f14d12869a9
:10be3200b0f1ff3f16d1304608f043f80126e5e79e
:10be420000b204f0c4fb84f83600e8e700b204f064
:10be5200befb84f83700e6e700b204f0b8fb84f8d2
:10be62003800e4e700b204f0b2fb84f83900e2e7fc
:020000040000fa
:020000040c02ec
:02be7200704717
:020000040000fa
:020000040c02ec
:10be740010b4019c002c3dd06060a16001fb00f176
:10be8400e1600020e0612270d01f032829d8dfe898
:10be940000f0021726020a460029b8bfca1dd210b4
:10bea400484201f0070100f0070058bf4142002951
:10beb400c8bf01322261636100205df8044b704702
:10bec4000a460029b8bf4a1c5210002901f001019a
:10bed400b8bf49420029c8bf01322261ebe72161a2
:10bee400e9e7064800eb42125268d20801fb02f16e
:10bef4002161e0e74ff0ff30dfe700bfc870020cbc
:020000040000fa
:020000040c02ec
:10bf04004ff08942137843f001031370536813f020
:10bf1400010ffbd14ff089411b4bcb6100220a6218
:10bf240006230b63802088604a630b61174b102241
:10bf34001a7201201875022083f8200083f82c203f
:10bf440083f8382083f8442083f85020072083f8ae
:10bf54005c0083f8682083f8742083f8802083f8d9
:10bf64008c2083f8982083f8a42083f8b02083f8e9
:10bf7400bc200b7843f002030b700a46536813f09d
:10bf8400020ffbd1704700bf90090020c8070720ab
:020000040000fa
:020000040c02ec
:10bf94002de9f04782b09c46ddf828800023019308
:10bfa4000093037890f8019003eb090edcf800404d
:10bfb40004fb0e04d8f800708f422cd20234e61829
:10bfc4000de001980744974215d8dcf800000130d1
:10bfd400ccf80000c8f8007076448f421dd2f01ae5
:10bfe4008246002bedd001ac10f8015b04f8015b34
:10bff400b042f9d1e5e7b9f1000f08d053446a46dd
:10c004004e4413f8011b02f8011bb342f9d1009806
:0ec0140002b0bde8f0870020fae70020f8e750
:020000040000fa
:020000040c02ec
:10c0220038b50446012918d0002380f85430436ff4
:10c0320003b19847e36d2bb3256eed1a18bf0125a6
:10c04200627e022a2ed0e26e2ab3ebb1236dd3f8c0
:10c05200dc3020469847002038bd90f85430022b3f
:10c062001dd0036f03b1984794f85530012b05d0ca
:10c07200636f002bded020469847dbe7022384f86b
:10c082005430d7e70025dbe7a06d20b103681b6ab7
:10c0920098470028dad0002dd8d10020dce74ff0f5
:0ec0a200ff30d9e7e26e002ad0d00125cde7ad
:020000040000fa
:020000040c02ec
:10c0b0000138142837d8dfe800f00b0f1336363676
:10c0c00036362d3236361b1f363636363636220099
:10c0d00002230b700020704701230b600020704783
:10c0e000124b1b680b60124b1b684b6000207047a3
:10c0f00001230b600020704700200860704700207b
:10c100000860486088604ff4f073cb604ff4887328
:10c110000b617047074b1b680b6000207047064b94
:10c120000b60002070474ff0ff307047acbb07201a
:0cc13000bcbb0720040e0720e011062015
:020000040000fa
:020000040c02ec
:10c13c0010b4019c002c3bd06060a16001fb00f1ad
:10c14c00e1602270d01f032829d8dfe800f0021725
:10c15c0026020a460029b8bfca1dd210484201f077
:10c16c00070100f0070058bf41420029c8bf013247
:10c17c002261636100205df8044b70470a46002978
:10c18c00b8bf4a1c5210002901f00101b8bf494246
:10c19c000029c8bf01322261ebe72161e9e70648bb
:10c1ac0000eb42125268d20801fb02f12161e0e778
:0cc1bc004ff0ff30dfe700bf2872020cdc
:020000040000fa
:020000040c02ec
:10c1c80070b584b0436913f0020f05d10368d3f842
:10c1d8001831984704b070bd04460e4602ab0246bb
:10c1e80052f80a0f516803c3314602a802f03aff19
:10c1f800012805d02368d3f8183120469847e9e785
:10c208002368d3f82031022120469847a36c002bdd
:10c21800e0d000256a46314602a801f089febdf843
:10c22800003062899b1aadf80030bdf80230a2894f
:10c238009b1aadf80230636c694653f82500fff786
:0cc24800bfff0135a36cab42e4d8c3e794
:020000040000fa
:020000040c02ec
:10c25400f0b58bb004460f460023089307f004fea4
:10c26400066807f001fe66b345682a46a1693046b0
:10c2740004f062fd40b3a3690293039502a930461a
:10c2840004f047feb0f1ff3f20d0069a0ab3002520
:10c294002c46307d08ab009309ab0599214406f088
:10c2a4008dffb0f1ff3f16d0089b1c44af4205d070
:10c2b4000135069aa242ecd8002003e0bdf8240020
:10c2c40000e000200bb0f0bd0020fbe74ff6ff704c
:0cc2d400f8e70020f6e74ff6ff70f3e7f4
:020000040000fa
:020000040c02ec
:10c2e00000283dd02de9f04182b006464368012b7d
:10c2f00039dd00274ff001080ee00135326802eb0e
:10c30000c5046b4603cb42f83500616008f10108b3
:10c310000137736843451fdd32686b4602ebc80284
:10c320001068516803c33d46002fe6dbfc0031680e
:10c330002144684604f0d3f90128ded13368234450
:10c340001a4652f8080b596898605160013d083c44
:10c35000b5f1ff3febd1d0e7002002b0bde8f0819e
:0ac360004ff0ff3070470020f7e7b0
:020000040000fa
:020000040c02ec
:10c36a002de9ff41836946690093f61acde9016117
:10c37a0004461746039216444ff002086d46424699
:10c38a002946206805f01effb04209d1d4e90232dd
:10c39a00c4e905331a44a262384604b0bde8f08104
:10c3aa0000280dda6268002342f01002b8f1020f89
:10c3ba00a362c4e90533626015d06b68ff1aebe724
:10c3ca006b68984288bf0835a6eb000688bfc01a7a
:10c3da002b6803442b606b68a3eb000088bf08f14d
:0ac3ea00ff386860cbe71f46d6e776
:020000040000fa
:020000040c02ec
:10c3f4000b7890f85c229b1a023b3cd470b54c78c5
:10c40400ce788a7842ea06264d790a7942ea0522ec
:10c4140014f0800f0cd1054604f00f04042c1bd03b
:10c42400052c1ed0012c21d0012385f82e3270bd9d
:10c43400c4f3021101390529f9d801a555f821f0f1
:10c444001bc4020c1bc4020c33c4020c1bc4020c1c
:10c454001bc4020c1bc4020c314698b205f0caf985
:10c46400e2e7314698b205f0dff9dde7314698b2ec
:08c4740005f0f4f9d8e7704768
:020000040000fa
:020000040c02ec
:10c47c0070b582b004460d461646b0f90e308b42ac
:10c48c0030d0002d08bf0125002e08bf01262368df
:10c49c009b6e6946204698472368d3f82c31694631
:10c4ac00204698471349b4f90e304b60b4f910305c
:10c4bc008b602db2e58136b22682cd600e61236889
:10c4cc00d3f814312046984723689b6e6946204662
:10c4dc0098472368d3f82c316946204698470020aa
:10c4ec0002b070bdb0f910309342cad14ff0ff309a
:08c4fc00f6e700bf5cbb07205e
:020000040000fa
:020000040c02ec
:10c5040070b4b0f90230b1f90220934208d0b0f906
:10c514000050b1f90040a5421ad0002070bc704709
:10c52400b0f90650b1f90640a542f0d1b0f9005077
:10c53400b1f90060b0f904402c440134b4421ed077
:10c54400b1f9044034440134a542e0d10120e5e7c7
:10c55400b0f90450b1f90440a54201d00020dde750
:10c56400b0f906001844013090420ad0b1f906002f
:10c5740010440130984214bf00200120cee701206e
:06c58400cce70120cae72c
:020000040000fa
:020000040c02ec
:10c58a002de9f84306460f4690461c46089d0a9a2e
:10c59a00ff21002007f050fbfe2803d9ac4224db20
:10c5aa00bde8f8838146ac4209dbf9e74b46099ab4
:10c5ba004146e01905f07ff80134a542f0d0e210b7
:10c5ca00634204f0070103f0070358bf594280236e
:10c5da000b41b25c1a42efd0e8e7099a4146e019ea
:10c5ea0005f0ddfa0134a542dad0e210634204f024
:10c5fa00070103f0070358bf594280230b41b25c7d
:06c60a001a42efd0e9e73f
:020000040000fa
:020000040c02ec
:10c610002de9f04186b005460f46904618460c9e1f
:10c62000b5f904100b460029b8bf4b1c5b102a88d3
:10c6300001320c460029b8bfcc1c02eba402adf8b5
:10c640001020b5f906100029b8bf03316a880132fd
:10c6500002eba102adf81220adf81430adf816309f
:10c66000039600240294019000944ff4b472214682
:10c6700004a8f7f709fd03960294cdf8048000940e
:10c680003b464ff4b47221462846f7f7fdfc20469e
:06c6900006b0bde8f081d8
:020000040000fa
:020000040c02ec
:10c69600f0b4c3691f68dfb19c88a14216d000249c
:10c6a6000134a74214d003f118061d8b14338d42b2
:10c6b600f6d133687468b068f168136054609060ae
:10c6c600d160336913610020f0bc70471e1df0e78e
:10c6d600202911d04ff6ff731380838a5b0853809d
:10c6e600818a9180d38000231381818a51811361cd
:10c6f600d3814ff0ff30e7e720231380b2f9021011
:10c7060000239380d180138153811361d3814ff02d
:04c71600ff30d9e730
:020000040000fa
:020000040c02ec
:10c71a002de9f04104460f469046c16b013189006c
:10c72a00006cfaf716fc0546e16b01318900606c72
:10c73a00faf70ffc06462db320b3e06b431ce36304
:10c74a002564666405eb800006f07ffe6ff04045c5
:10c75a00e06b2844236c394603eb800004f063fc49
:10c76a00e06b2844636c03eb800006f06efee06b1e
:10c77a000544606c414600eb850004f054fc00203f
:10c78a00bde8f081284602f05cfd304602f059fd12
:04c79a005320f5e74c
:020000040000fa
:020000040c02ec
:10c79e002de9f041a1f11004237b012b1fd00f4690
:10c7ae0005468368103b51f8102c9b1a8360214676
:10c7be00143006f0b5fb05f118082146404603f08b
:10c7ce0012fe0123237366682eb1326802f1100344
:10c7de0033449c4205d02146284603f026febde890
:10c7ee00f08157f8107c103717443146404606f05a
:10c7fe0097fb2146404606f093fb00237360b3601f
:10c80e00f3603760012333733146404603f0ebfd8e
:04c81e003446e0e7d5
:020000040000fa
:020000040c02ec
:02c8220070475d
:020000040000fa
:020000040c02ec
:10c8240000283cd02de9f04186461d4b5a6ad0f8c9
:10c834000880c2b1936844460025984518d3002067
:10c8440000219368c01841f100019369abb1d3f89a
:10c8540008c010eb0c0641f10007bd4208bfb4420a
:10c864000bd31a46ede7c0f808800d4b586214e06c
:10c874000b4b58628261002003e0cef81830c2f8f6
:10c8840018e0a8eb0000cef80800def8183023b159
:10c89400def808109a68521a9a60bde8f081704771
:04c8a400a00a0720bf
:020000040000fa
:020000040c02ec
:10c8a800f0b51f4c2568a446002d36d00022294635
:10c8b80016461346d1f800e00f6986450ad132b111
:10c8c800176101f110031846f0bd3946f2e7ccf8bc
:10c8d8000070f6e705d9ebb11c68a6453cbf1646c3
:10c8e8000b460a46002ff0d1002becd019461f69e1
:10c8f80051f8102b121a102a05d918600844103a5a
:10c908000761026007469d420cbfccf80070376192
:10c918000b46d8e716460b46e3e72b46d3e700bf9e
:04c92800640e072072
:020000040000fa
:020000040c02ec
:10c92c002de9f04f83b0ddf830a0a3eb020b002310
:10c93c000193baf1000f31d091460f460546002401
:10c94c00a04625e0e208e34303f0070101238b40f6
:10c95c00a95c0b43ab540134b44211d0394601a845
:10c96c0006f05afd0028edd1e308e14301f0070180
:10c97c00012202fa01f1ea5c22ea0102ea54eae736
:10c98c003446019b5b44019308f10108c24505d074
:10c99c00b9f1000ff5d009eb0406dfe703b0bde8f1
:02c9ac00f08f0a
:020000040000fa
:020000040c02ec
:10c9ae0070b5044685692b785bb190f83a10b5f9ed
:10c9be00040006f03afa236b13b9012384f83530dc
:10c9ce0070bd07f074fa06466868b0f1ff3f0fd1ec
:10c9de00a868b0f1ff3f11d1e868b0f1ff3f13d165
:10c9ee002869b0f1ff3f15d1304607f064fae2e74f
:10c9fe0094f8361000b206f018fae9e794f83710fa
:10ca0e0000b206f012fae7e794f8381000b206f01a
:10ca1e000cfae5e794f8391000b206f006fae3e7ef
:020000040000fa
:020000040c02ec
:02ca2e0070474f
:020000040000fa
:020000040c02ec
:10ca300010b50446c37f042b1ad8dfe803f00319ae
:10ca40000d131500164bff221a60036d9b6b984760
:10ca500001280ed0237e9bb9606d18b103681b6a54
:10ca6000984790b1637eabb90123e3770023a362bb
:10ca700010bd236d5b6c20469847094b1860e9e7b1
:10ca80000223e377074ba362f2e70323e377064b26
:10ca9000a362ede7054ba3620423e377e8e700bf59
:10caa0004c0e07202d35030cb5e2020c691c030c5b
:020000040000fa
:020000040c02ec
:10cab000914237dcf0b44718013a8618b7421ad2cf
:10cac0007b78405c40ea03203b46751eed1b25f059
:10cad00001043c44dff850c0a3420ed0d9789a78c4
:10cae00042ea012282ea400010f0807f18bf80ea0b
:10caf0000c000233f0e7002003e025f001050235c9
:10cb00002f44be4203d020f07f40f0bc70473b78fa
:10cb100083ea400010f0807ff5d080f4000080f0c0
:0ccb20001b00f0e7002070471b008000a5
:020000040000fa
:020000040c02ec
:10cb2c00f8b51d4b1b786bb301282bd800eb4003d9
:10cb3c00194c04eb83035b68012b26d016460f4679
:10cb4c00054600eb400204eb820301225a60996017
:10cb5c00de60142006f0caf80446c8b10023436016
:10cb6c00012303708560c760066106f089fa0546eb
:10cb7c00b0f1ff3f02d000252846f8bd204602f058
:10cb8c005ffbf9e74ff0ff35f6e74ff0ff35f3e7c2
:0ccb9c004ff0ff35f0e700bf4c0c072005
:020000040000fa
:020000040c02ec
:10cba800b0f90a308b422fd070b582b016460d46c8
:10cbb800044603689b6e694698472368d3f82c316e
:10cbc8006946204698471449b4f90a304b60b4f9cd
:10cbd8000c308b602db26581a681cd60b4f90c3024
:10cbe8000b612368d3f814312046984723689b6e5d
:10cbf8006946204698472368d3f82c316946204671
:10cc08009847002002b070bdb0f90c309342cbd1e8
:0ccc18004ff0ff30704700bf48bb072002
:020000040000fa
:020000040c02ec
:10cc24002de9f04784b004ac04e90300694681e8c7
:10cc34000c000d9d91461e46029ba3eb0208039f28
:10cc4400bf1b0c9bc3f1000a504603f07dfa044657
:10cc5400504602f0f5ff00fb08f2002ab8bfff328d
:10cc6400121204fb07f3002bb8bfff33a2eb2322fd
:10cc74004a442a6004fb08f3002bb8bfff331b129d
:10cc840000fb07f7002fb8bfff3703eb272333441c
:08cc94006b6004b0bde8f087fd
:020000040000fa
:020000040c02ec
:10cc9c0070b582b0194bd3f8e862194b1b684bb3d3
:10ccac006c2006f023f8044604f012f921461548ce
:10ccbc0004f002f8204600f065fe00250095019571
:10cccc00684605f0bffd6581a581009be381019b52
:10ccdc0023822368d3f8dc3020469847636943f0fd
:10ccec0038036361022384f8503084f85c5030467a
:10ccfc0002b070bd4ff0ff36f9e700bf28010720e6
:08cd0c00180e0720080407209f
:020000040000fa
:020000040c02ec
:10cd14002de9f04782b060b3074651b39946904677
:10cd24008a46184e002402e001340a2c1cd056f81e
:10cd3400045b002df8d02d683846a8470128f3d1ac
:10cd4400104b53f824305d68b5b10a9b00934b46f1
:10cd5400424651463846a847054680b9094b53f820
:10cd640024301b6a984700e00025284602b0bde83d
:10cd7400f0874ff0ff35f8e74ff0ff35f5e7002572
:08cd8400f3e700bf240c0720b7
:020000040000fa
:020000040c02ec
:10cd8c00010000000200000003000000040000008d
:10cd9c000500000007000000090000000d00000065
:10cdac0011000000190000002100000031000000fb
:10cdbc00410000006100000081000000c100000083
:10cdcc0001010000810100000102000001030000cc
:10cddc00010400000106000001080000010c000025
:10cdec0001100000011800000120000001300000bb
:08cdfc0001400000016000008d
:020000040000fa
:020000040c02ec
:10ce0400000000000000000000000000000000001e
:10ce14000100000001000000020000000200000008
:10ce240003000000030000000400000004000000f0
:10ce340005000000050000000600000006000000d8
:10ce440007000000070000000800000008000000c0
:10ce540009000000090000000a0000000a000000a8
:10ce64000b0000000b0000000c0000000c00000090
:08ce74000d0000000d0000009c
:020000040000fa
:020000040c02ec
:10ce7c0010b50446c37f042b27d8dfe803f0032644
:10ce8c000d202200144bff221a60036d9b6b9847f8
:10ce9c00012808d0237e6bb9636d83b10323e3773c
:10ceac000e4ba36211e0236d5b6c204698470a4b36
:10cebc001860efe70223e377094ba36205e0637e7a
:10cecc0023b90123e3770023a36210bd054ba362b2
:10cedc000423e377f9e700bf480e07209df2020c0c
:08ceec001535030c391c030c81
:020000040000fa
:020000040c02ec
:10cef40051ea020332d070b582b016460d4604469c
:10cf040003689b6e694698472368d3f82c316946b9
:10cf1400204698471349b4f90a304b60b4f90c0021
:10cf2400886063892b441bb263813044a081cb6049
:10cf3400b4f90c300b612368d3f8143120469847b8
:10cf440023689b6e6946204698472368d3f82c31a2
:10cf5400694620469847002002b070bd4ff0ff306c
:08cf6400704700bf48bb072025
:020000040000fa
:020000040c02ec
:10cf6c0070b582b004460d461646b0f90620b0f9ed
:10cf7c00021000962b46013a0131b0f90000fef781
:10cf8c00b8fdb4f90620b4f90210b4f90000b4f9f4
:10cf9c000430184400962b46013a01310138fef753
:10cfac00a8fd00962b46b4f90420b4f90210b4f98c
:10cfbc000000fef734feb4f90210b4f9063019443f
:10cfcc0000962b46b4f904200139b4f90000fef7a1
:06cfdc0026fe02b070bd4c
:020000040000fa
:020000040c02ec
:10cfe200f8b5846a05460f46164654b1ab6a6a69bb
:10cff2009b1ab3420bd2324639462846fff7b4f9a0
:10d00200f8bd06f0f2fa0028f0d02046f8e7002e2c
:10d01200f1d095f93430002b1bdbdbb23446621eb3
:10d02200b95c994212d1224639462846fff79cf94b
:10d03200a042e5d32744341b22463946686906f0ec
:10d042003cf96b691c446c613046d9e71446002aee
:06d05200e5d13446f0e7d1
:020000040000fa
:020000040c02ec
:10d0580003000000040000000500000006000000b6
:10d068000700000008000000090000000a00000096
:10d078000b0000000d0000000f0000001100000070
:10d0880013000000170000001b0000001f00000034
:10d09800230000002b000000330000003b000000cc
:10d0a800430000005300000063000000730000000c
:10d0b80083000000a3000000c3000000e30000009c
:04d0c8000201000061
:020000040000fa
:020000040c02ec
:10d0cc000000000000000000000000000000000054
:10d0dc000000000000000000000000000000000044
:10d0ec000100000001000000010000000100000030
:10d0fc00020000000200000002000000020000001c
:10d10c000300000003000000030000000300000007
:10d11c0004000000040000000400000004000000f3
:10d12c0005000000050000000500000005000000df
:04d13c0000000000ef
:020000040000fa
:020000040c02ec
:10d1400010b5044603680122c3f890200368c16843
:10d15000586a02f09bfd23683230154aa2fb00207a
:10d160004009186523681a685269196d914201d304
:10d17000013a1a6523682169986a02f087fd2368dd
:10d1800032300b4aa2fb00204009586523681a6818
:10d190009269596d914201d3013a5a6523681a6820
:10d1a0005269586d196d00fb02129a65002010bd7e
:04d1b0001f85eb519b
:020000040000fa
:020000040c02ec
:10d1b4000368996cb3f91220914226d270b4dd6ce5
:10d1c400b3f90c2054195c62b3f90e200a449a6234
:10d1d400b3f914602e44de61b3f916600e441e6286
:10d1e4000126c3f890601c655a65006800684069b0
:10d1f40000fb02429a65b3f91020013a95420cd221
:10d204003544dd64002070bc70470022c3f8ec2074
:10d214000122c3f8f020002070470022da640131b3
:04d224009964efe733
:020000040000fa
:020000040c02ec
:10d2280038b5124de0220021284606f0c7fb104c05
:10d23800104ba360104a6261104a2262104ae262ef
:10d24800104aa263104a626462682168284600f0a6
:10d258009bff63690c342035002bf5d14ff48052c5
:10d268000a490b4804f0bbfd002038bd140607200e
:10d2780044b9072040aa062000dd06204092062077
:10d2880000bd062080550620407a062000cd0620e5
:04d29800700c0720ef
:020000040000fa
:020000040c02ec
:10d29c001a4b1b68d3f8e8328b4229d970b582b08f
:10d2ac000446084604f0eafb054600f10a0621464e
:10d2bc00304601f0d5fef0b16a462146304600f00a
:10d2cc0035fe286e0e4b93f82830012b06d9694693
:10d2dc00183000f093fd002002b070bd084b012205
:10d2ec0083f8282069460c3000f088fd0020f3e715
:10d2fc004ff0ff3070474ff0ff30ede73c0e07204a
:04d30c00b412062031
:020000040000fa
:020000040c02ec
:10d31000b33c030cdd31030c0b3f030c113f030c3a
:10d32000173f030c1d3f030c55c2020c79ef020c92
:10d33000c13c030c6fde020c233f030c293f030c9e
:10d340002f3f030c2ba9020c0000000007d7020c92
:10d35000d91b030ccfb9020cb9d5020c95bb020c3a
:10d360002da6020ce924030c953d030ca13d030cf2
:10d37000973c030ca53c030cd53f030c8f33030ce7
:04d38000d53f030c86
:020000040000fa
:020000040c02ec
:10d384000368d96ab3f91020914225d270b41d6b99
:10d39400b3f90a2054195c62b3f90c200a449a6266
:10d3a400b3f912602e44de61b3f914600e441e62b8
:10d3b40001265e675c639a6300680068406900fb4d
:10d3c4000242da63b3f90e20013a95420cd2354495
:10d3d4001d63002070bc70470022c3f8c0200122e6
:10d3e400c3f8c4200020704700221a630131d962b7
:02d3f400efe761
:020000040000fa
:020000040c02ec
:02d3f60070477e
:020000040000fa
:020000040c02ec
:10d3f800012830d830b440f6e422184b02fb003242
:10d40800cb6893600b69d360002393714ff0ff33af
:10d4180053610b8bcbb1013b9bb2104d40f6e4241a
:10d4280004fb005463844b8b93b1013b99b20b4bc3
:10d4380040f6e42404fb0033998400215970c3f8b2
:10d44800d41a9970104630bc704740f2df13e4e7f5
:10d4580040f20f11ebe74ff0ff3070470400022055
:020000040000fa
:020000040c02ec
:10d46800f8b5012828d800eb4003184c04eb8303d7
:10d478005b6823b317460e46054600eb400204ebf3
:10d48800820300225a60142005f032fc0446c8b119
:10d4980000234360022303708560c660076105f0be
:10d4a800f1fd0546b0f1ff3f02d000252846f8bd42
:10d4b800204601f0c7fef9e74ff0ff35f6e74ff0d9
:10d4c800ff35f3e74ff0ff35f0e700bf4c0c0720be
:020000040000fa
:020000040c02ec
:10d4d80038b5184b1b68012b29d00d4604464ff46c
:10d4e8003b720021144806f069fafff799feb0f183
:10d4f800ff3f1bd006f072f9b0f1ff3f16d005f0e0
:10d50800cffdb0f1ff3f11d02946204600f042fb85
:10d51800b0f1ff3f0ad005f089f8084806f072f923
:10d52800044b01221a60fff7b5fb002038bd4ff00d
:10d53800ff30fbe7180e0720280107200804072002
:020000040000fa
:020000040c02ec
:10d5480008b52c2200210d4806f038fa0c480d4b7e
:10d5580003600d4b43600d4b83600d4bc3600d4b57
:10d5680003610d4b43610d4b83610d4bc3610d4b43
:10d5780003620d4b43620d4b836208bd20050720f3
:10d58800a00b07204d3d030c0148020c8d81020cb5
:10d598007d62020cc16a020c895b020cd145020c47
:10d5a8004d50020c81e8020c593d030ca110030cec
:020000040000fa
:020000040c02ec
:10d5b8002de9f04705468946924698460368db6997
:10d5c800984728b306462b681b6c28469847484559
:10d5d80021d90024caf80040c8f80040274602e0d4
:10d5e8000134a6420fd02b689b69214628469847ec
:10d5f8000a28f5d1c8f80040b9450fd00137631c97
:10d60800caf80030ece7c8f800400020bde8f08711
:10d618004ff0ff30fae74ff0ff30f7e70020f5e76b
:020000040000fa
:020000040c02ec
:10d6280030b58db0044608aa0aa9fcf760fc94f846
:10d6380054302bb30821e06a04f042fc0546a36d80
:10d648000193bdf920300293bdf922300393a37ee4
:10d658008df810300b21e06a04f032fc0146059089
:10d668000a4b1b6806932a46e06a03f089fc079078
:10d6780001a8f7f7c7ff2046fef7bcf80db030bd8c
:10d688000021e06a04f01cfc0546d8e7440e072098
:020000040000fa
:020000040c02ec
:10d698002de9f84304460d461646b1f90010b0f9d5
:10d6a800000006f0d3fb8146b5f90210b4f9020078
:10d6b80006f0ccfb0746b5f90010b5f90420b4f91b
:10d6c8000000b4f904301144184406f0c3fb804646
:10d6d800b5f90210b5f90620b4f90200b4f906301c
:10d6e8001144184406f0b6fba6f800907780a8eb22
:0ed6f8000908a6f80480c01bf080bde8f88386
:020000040000fa
:020000040c02ec
:10d70600f0b583b006460d4600230b604b600368f8
:10d71600db69984740b333681b6c30469847074629
:10d7260010b300240ee0eb88bdf806201344eb800e
:10d73600bdf90430b5f904209a42b8bfab80013474
:10d74600a74211d033685b6c6a462146304698473b
:10d756007b1ea342e7d933685b6830469847eb885f
:0ed76600828a1344eb80e3e7002003b0f0bd9d
:020000040000fa
:020000040c02ec
:10d774002de9f843164b1b68012b23d113785b0169
:10d78400144ce358576807fb03f79368ebb115464d
:10d7940089468046002422460021284603f08afe5a
:10d7a400064609eb040241460b4803f083fe3a4661
:10d7b400314605f081fd0134ab68a342ebd800206b
:10d7c400bde8f8834ff0ff30fae70020f8e700bf28
:0cd7d400000e0720c870020ce0110620b7
:020000040000fa
:020000040c02ec
:10d7e0002de9f84fddf830a08c68002c2cdd914637
:10d7f0000d4606461f46ddf834804ff0000b07e06b
:10d800000bf1010b013708f10108ab685b451bdd2b
:10d810006b68002bf4dd00243a4609eb040128462e
:10d8200002f0b6fc736b1a782978c0b205f012fcce
:10d83000034642460aeb0401706b05f074fd0134a7
:0cd840006b68a342e8dcdbe7bde8f88f72
:020000040000fa
:020000040c02ec
:10d84c002de9f84368b3074659b316460d463c20fc
:10d85c0005f04cfa0446e0b105fb07f87301124ad7
:10d86c00d05800fb08f0a06005f040fa81466060db
:10d87c0090b10023236023736761a561a2682262c3
:10d88c0026746062c4f81c800822e262236363631e
:10d89c00a3632046bde8f883204601f0d1fc4c463a
:0cd8ac00f7e70024f5e700bf2872020c2b
:020000040000fa
:020000040c02ec
:10d8b800114b1870092802d90a2814d070470f4b49
:10d8c8000f4a1a600f4a5a600f4a9a600f4ada6084
:10d8d800431fdbb2032818bf012b94bf012000208f
:10d8e8000b4b18707047054b0a4a1a605a600a4a6f
:10d8f8009a60da60704700bf8f0e0720d00a0720b1
:10d908007533030c319d020ce5ea020cb1a0020c40
:0cd918008e0e07204d2f030c590b030c42
:020000040000fa
:020000040c02ec
:10d9240030b58db004460d46036d1b6e0aa99847a9
:10d9340000232b806b80636d0bb35b69ab80636ddd
:10d944009b69eb80104a0023089394f823100791f5
:10d9540094f82210069194f82110059194f820105f
:10d9640004910393e37e0293a37e01930b9b0093a4
:10d974000a9b06ca2846f8f757fd0db030bd0023b0
:0cd98400ab80eb80dee700bf580b0720f3
:020000040000fa
:020000040c02ec
:10d9900038b50446184b036006f068fa83685a1cd1
:10d9a0008260636000252572e562032363610223c0
:10d9b000a377e5776581a5816423e3812382657779
:10d9c000657601232376ff222277a376e37604236c
:10d9d00084f8203084f8213084f8223084f8233011
:10d9e00025636563a563e563256404f1440005f0e0
:0cd9f00003ff6562a56238bd2885020cab
:020000040000fa
:020000040c02ec
:10d9fc00002827d138b5164b1b7833bb144c0123a8
:10da0c0084f8343084f8353023700a68e260486951
:10da1c00a0614868e0618868a06008696062c868b5
:10da2c0020620025a5626560a5702563a3858b69be
:10da3c00236163619369214606489847022363700a
:10da4c00284638bd4ff0ff3070474ff0ff30f8e7f5
:08da5c00d00907203deb020c8c
:020000040000fa
:020000040c02ec
:10da6400023904292fd8dfe801f0030c192323001d
:10da7400c3029bb2c0f3c422134300f4fc601843f6
:10da84007047c3039bb2c0f3c422134300f4f8628b
:10da94001343800200f4784018437047030403f4ee
:10daa4007f03c0f30742134300f47f4018437047d9
:10dab400030a03f47f43020e42ea006213430002a6
:08dac40000f47f0018437047d5
:020000040000fa
:020000040c02ec
:10dacc00d8b138b504468368d3b10568ddb16b684d
:10dadc0099420ad02b46186820b142688a4215d068
:10daec000346f8e74ff0ff301de02846036823603b
:10dafc0013e0636000221a600fe04ff0ff307047b4
:10db0c004ff0ff300fe04ff0ff300ce08542edd0ce
:10db1c0062688242edd002681a6001f091fba36842
:08db2c00013ba360002038bd9d
:020000040000fa
:020000040c02ec
:10db340008b5154b00221a605a609a600368da6ac5
:10db440012f0040f01d05a6bbab91b7c032b0cd012
:10db5400052b0ed0062b13d10b4b0c4a5a600a49e5
:10db6400086003f05dff002008bd074b084a5a60b7
:10db7400f5e7054b074a5a60f1e74ff0ff30f3e74a
:10db84004ff0ff30f0e700bf600d0720b9f8020c3a
:08db94008534030cf5fd020cc1
:020000040000fa
:020000040c02ec
:10db9c0070b582b004460e4606f062f9144b18605c
:10dbac0048220021134805f007ffa4b12368abb14c
:10dbbc006368b3b1a368bbb10e4d2c606e600024da
:10dbcc00019401a902209847019beb6085f828403d
:10dbdc00204602b070bd4ff0ff30fae74ff0ff3037
:10dbec00f7e74ff0ff30f4e74ff0ff30f1e700bffd
:08dbfc003c0e0720b4120620c4
:020000040000fa
:020000040c02ec
:10dc0400b0f90e308b422bd030b583b00d460446ac
:10dc140003689b6e694698472368d3f82c3169469c
:10dc2400204698470f49b4f90e304b60b4f91020e0
:10dc34008a602db2e581cd600a612368d3f814317e
:10dc44002046984723689b6e694620469847236878
:10dc5400d3f82c31694620469847002003b030bde4
:08dc6400002070475cbb0720a3
:020000040000fa
:020000040c02ec
:10dc6c00b0f910308b422bd030b583b00d46044642
:10dc7c0003689b6e694698472368d3f82c31694634
:10dc8c0020469847b4f90e200e494a60b4f910307a
:10dc9c008b602db22582ca600d612368d3f81431d4
:10dcac002046984723689b6e694620469847236810
:10dcbc00d3f82c31694620469847002003b030bd7c
:08dccc00002070475cbb07203b
:020000040000fa
:020000040c02ec
:10dcd40010b50446037e012b06d0637efbb90123f5
:10dce400e3770023a36210bd437f13b1437e012b6e
:10dcf4000ad90021e06a04f0e5f80d4b1a680146e0
:10dd0400204603f088fbe8e70021c06a04f0daf853
:10dd1400074b1a680146204604f07afedde7022329
:10dd2400e377044ba362204603f0b4ffdbe700bfb4
:08dd3400500e0720991c030c9e
:020000040000fa
:020000040c02ec
:10dd3c00f8b50546836c0bb300242646ef6c57f8f8
:10dd4c00240001f07dfa47f824602f6d57f8240069
:10dd5c0001f076fa47f824606f6d57f8240001f053
:10dd6c006ffa47f82460af6d57f8240001f068fa99
:10dd7c0047f824600134ab6ca342dfd1e86c01f0ae
:10dd8c005ffa286d01f05cfa686d01f059faa86d24
:06dd9c0001f056faf8bd8b
:020000040000fa
:020000040c02ec
:10dda2002de9f047824689461446104605f0a3fc49
:10ddb20000f10c07d9f8005015eb07081dd20646f2
:10ddc20045451ad84146daf80000f9f7c6f8c0b15d
:10ddd200caf80000c9f80080daf8001077b1631eb3
:10dde200013d294404f10b00304413f8012f01f8de
:10ddf200012f8342f9d1002700e04d273846bde8c4
:06de0200f0875327fae748
:020000040000fa
:020000040c02ec
:10de0800f8b504460f464368d3b10026f5002068ec
:10de18003946284401f0fef8012815d02168294424
:10de2800384601f0f7f801280fd021682944384610
:10de380001f018f901280fd001366368b342e5d81c
:10de48003946204601f066fff8bd23685a1938683c
:10de5800796858515160f7e7216829440a463846dd
:06de6800fff716fcf0e7d5
:020000040000fa
:020000040c02ec
:10de6e0059b32de9f0410e4605464369db699847e3
:10de7e0080463368db6930469847804528bf804628
:10de8e00b8f1000f1cd0002433689b692146304640
:10de9e00984707466b699b692146284698478742f3
:10deae0004d101344445efd100200ae06b699b692f
:10debe00214628469847c01b03e04ff0ff307047bd
:06dece000020bde8f08118
:020000040000fa
:020000040c02ec
:10ded40070b501f0e5fb50b105460468c4eb0412cb
:10dee400134b03eb820393f83430012b00d070bd45
:10def4000f4b03eb8206002386f834303046fdf7df
:10df04006eff0028f3d02946304603f0c1fc3046aa
:10df1400fef74bfd7068013870600020b0704ff060
:10df2400ff332b616871012386f83430dfe700bfcb
:04df3400d0090720e9
:020000040000fa
:020000040c02ec
:10df3800f0b5b0f90060b0f90250b0f90440b0f99a
:10df48000630b1f90000b04203dd3444241a24b28b
:10df58000646b1f904c0371900eb0c0e774502dd0f
:10df68007446a41b24b2b1f90200a84203dd2b4475
:10df78001b1a1bb20546b1f90670e91800eb070c2d
:10df8800614502dd63465b1b1bb216805580948099
:04df9800d380f0bd85
:020000040000fa
:020000040c02ec
:10df9c0000b585b00f491048fff798fa0f4b5a6837
:10dfac0001921a7c8df80820db68039301a90b20e1
:10dfbc00fef778f803f092fd094b0a4a5a610a4ab7
:10dfcc009a610a4ada610a4b00221a7005b05df8b0
:10dfdc0004fb00bfa80d07201c3d030c3438030cb8
:10dfec0000120620473a030c353a030c233a030c73
:04dffc00880e072064
:020000040000fa
:020000040c02ec
:10e0000010b50e4c0021206801f064fe206805f078
:10e0100099fa002323600a4a13600a4a13600a4ae5
:10e0200013600a4a13600a4a13600a4a13600a4ad4
:10e0300013600a4a13600a4a137010bd240e0720a9
:10e0400090120620a41206209c1206208812062098
:10e05000a01206208c120620941206209812062088
:04e060008a0e0720fd
:020000040000fa
:020000040c02ec
:10e064002de9f84fddf83090ddf838a088680028f5
:10e0740026dd90460d461e460d9f4ff0000b06e030
:10e084000bf1010b01360137ab685b4518dd6b689a
:10e09400002bf5dd0024324608eb0401284602f08b
:10e0a40075f8297804f0c0fb53460246394609eb5b
:10e0b400040002f0e1f901346b68a342ebdcdfe712
:04e0c400bde8f88f2c
:020000040000fa
:020000040c02ec
:10e0c80010b40368da6cb3f90c1011445962996cf6
:10e0d800b3f90e400c449c620468b4f916400c4431
:10e0e8001c620068b0f914001044d861b3f9180034
:10e0f800824201d20132da64da6c904203d0002005
:10e108005df8044b70470022da6401319964b3f971
:10e118001a209142f3d30022c3f8ec200122c3f85d
:04e12800f020ece710
:020000040000fa
:020000040c02ec
:10e12c004ff08c4301221a601a46d369002bfcd1a4
:10e13c004ff08c434ff480725a601a46d369002b0f
:10e14c00fcd14ff08c43ff22da600c4a1a601a465d
:10e15c00d369002bfcd14ff08c4310225a831a4602
:10e16c00d369002bfcd1064b002283f8212083f8c5
:10e17c0020204ff08c439b229a7570471604100098
:04e18c00cc0b072091
:020000040000fa
:020000040c02ec
:10e19000f8b504460f4616461d462022002105f01c
:10e1a00011fc06b3042f38bf04276660a760e76040
:10e1b000a561ddb1e56133460022114604e0296026
:10e1c00001326368934208d9013b9342f7d9e3686f
:10e1d0002b442b60e3681d44f2e726610020606158
:10e1e00001232370f8bd4ff0ff30fbe74ff0ff3005
:02e1f000f8e74e
:020000040000fa
:020000040c02ec
:02e1f200704774
:020000040000fa
:020000040c02ec
:10e1f400f0b585b00468d4f88c30e26fe16ee06d60
:10e2040025682d7c0295dff844e0def818700e4d89
:10e2140085fb076cfe17c6eb6c164ff0640c0cfb09
:10e2240016760196def8147085fb0756fd17c5ebcc
:10e2340066150cfb1575009502f0d2fbc4f8980026
:10e24400002005b0f0bd00bf1f85eb51c00c0720b6
:020000040000fa
:020000040c02ec
:10e25400f0b58db0044605f08ffd18b3054643684c
:10e264001bb3e368079367680597a668069620784a
:10e2740005f002fe8df810002369089300220b922a
:10e28400636909938df828200092019202970396fe
:10e294006b68694604a89847003018bf01204042c3
:10e2a4000db0f0bd4ff0ff30fae74ff0ff30f7e765
:020000040000fa
:020000040c02ec
:10e2b40070b58cb0044608aa0aa9fdf763f8636d2b
:10e2c4000193bdf920300293bdf922300393a37e5c
:10e2d4008df810300b21e06a03f0f4fd064605903a
:10e2e4000a4b1b680693e56a0021284603f0eafd01
:10e2f40002463146284602f045fe079001a8f7f78a
:10e3040083f92046fef792fb0cb070bd4c0e07203b
:020000040000fa
:020000040c02ec
:10e3140070b400eb4005144c04eb8504247af4b982
:10e32400114c04eb850401252572104c85002e1830
:10e3340004eb0616b166f266b26f92b242ea034289
:10e34400b267336d43f001033365736d13f47f0fcc
:10e3540008d1336d43f480333365012000e000209d
:10e3640070bc70470120fbe7f40c072000008544d3
:020000040000fa
:020000040c02ec
:10e37400144b01221a601a46d369002bfcd1114bad
:10e384004ff480725a601a46d369002bfcd10d4bae
:10e39400e822da600c4a1a601a46d369002bfcd1d1
:10e3a400084b10225a831a46d369002bfcd1074b21
:10e3b400002283f8212083f82020024b9b229a75a7
:10e3c400704700bf0040804516041000f80b07207a
:020000040000fa
:020000040c02ec
:10e3d40038b521b318bb134c012384f828300b68db
:10e3e40063604ff40072e260b1f9042022810020de
:10e3f4000021c4e906010025656284f820501b68e9
:10e4040029460948984763685b689847a0222946cb
:10e41400064805f0d5fa02232370204638bd4ff094
:10e42400ff30fbe7a00a0720eda6020c88080720ae
:020000040000fa
:020000040c02ec
:10e434007fb5c36800911546002b18bf013a0192bd
:10e4440082680446cde902230e460222694600682a
:10e4540003f0a6fe002808dc00f0180383f008028d
:10e4640063681343636005460fe0019a8242fad25f
:10e47400a368e363801ae268184420642ab15a1c32
:10e48400e2632e441b7806f8013c284604b070bdb4
:020000040000fa
:020000040c02ec
:10e4940037b5154d2b68044673b104f0ebfc0190bd
:10e4a40001a805f074f90f30019920f00f0005f070
:10e4b400a7f860b100232b60002c08bf01240f349f
:10e4c40034f00f0405d1094b0c221a60204603b026
:10e4d40030bd042c38bf04242046fef7e3f900289d
:10e4e400f5d040f8044cf2e7c4bb0720600e0720c7
:020000040000fa
:020000040c02ec
:10e4f400154b9b682bb370b5134b1d68fdb11e46bd
:10e5040006e0204603f0a2ff70b1022814d0b5b192
:10e514006c68f3681bb1204698470028f8d02d6832
:10e524002378013b022becd921463046fff7ccfa85
:10e53400204600f089feeae7034803f0b3fd00201b
:0ce5440070bd0020704700bf500d072084
:020000040000fa
:020000040c02ec
:10e550002de9f84305464ff0000818e02968c8196e
:10e5600002463144fff798f82146284604f0e4fac1
:10e57000444601346b68a34208d92868e600811933
:10e580003844fdf7bfff0128f3d1e7e7c8466b68c1
:10e59000434508d908f101094b45f7d94feac907a6
:0ce5a000083f4c46e9e70020bde8f88386
:020000040000fa
:020000040c02ec
:10e5ac0090f8d631012b27d9f0b44fea530c00f276
:10e5bc00564400252e4600f5eb7724f81e6c668435
:10e5cc00a4f11e0307eb05111a8811f8010f024480
:10e5dc00520023f8022f91f82022d88f02445200c7
:10e5ec00a3f84020a342efd101352034ebb29c4577
:0ce5fc00e3d80020f0bc704700207047fe
:020000040000fa
:020000040c02ec
:10e6080010b504460846214605f0fafb94f8553043
:10e61800012b12d0012384f85430236f0bb120460c
:10e628009847e36e1bb9e26d236e9a4212d0236db0
:10e63800d3f8dc302046984710bd94f85430022bac
:10e64800efd0012384f85430236f002be9d0204603
:0ce658009847e6e7238b002beed0e8e7a4
:020000040000fa
:020000040c02ec
:10e664000e4a38b5002313600d4a0e4c13600e4a4f
:10e674000e4d13600e4a13600e4a13600e4a536225
:10e6840013610123936005f0bdfa01f05cfdac4217
:10e6940000d338bd54f8043b9847f8e75c0e0720d4
:10e6a4008c0907200c00000c880907201000000cbe
:0ce6b40080090720840907209009072036
:020000040000fa
:020000040c02ec
:10e6c00038b50d46044608b9002038bd43689b069e
:10e6d00007d5d0e905239a4216d80023c4e90533ab
:10e6e000a362d4e90f13994204d20122c91a206807
:10e6f00005f0a0fc0023c4e90f33002de4d020680e
:10e70000bde8384005f037bc0022c36a114698477f
:0ce710006369002be1d14ff0ff30d6e729
:020000040000fa
:020000040c02ec
:10e71c0043684bb382688a4226d070b48b420fd9bf
:10e72c004c1ce4000368013123441a4652f8086972
:10e73c005d6843f8086c5560083443689942f1d31e
:10e74c000139cc000268002322f8313002682244df
:10e75c00538002682244938002682244d380436829
:0ae76c00013b436070bc704770472a
:020000040000fa
:020000040c02ec
:02e776007047ea
:020000040000fa
:020000040c02ec
:10e7780038b505780a2d0fd01c4603f039fd104b2b
:10e7880003eb45135a68d208013a0e4b53f822306e
:10e7980021469847002038bd446804fb0212d44340
:10e7a80004f00704d2084569012101fa04f0a95cc4
:10e7b80021ea000103fa04f40c43ac54eae700bf71
:08e7c8002872020c80bb07203f
:020000040000fa
:020000040c02ec
:10e7d00038b32de9f0410546002712e021462846ce
:10e7e00004f0aaf93c4601346b68a34208d92868b2
:10e7f00000ebc401304401f072ff0128f3d1ede7d2
:10e8000047466b685a1eba4208d907f101084345ca
:10e81000f6d94feac806083e4446e8e70020bde8be
:08e82000f0814ff0ff3070475a
:020000040000fa
:020000040c02ec
:10e8280008b505f01ffa012806d0114b1b68002b0c
:10e8380003da104b1b68bbb108bd0e4b1b6853b104
:10e848000b4b1b686bb10a4b19680a4a11604ff0f1
:10e85800ff321a60ede7fff7cffb064b00221a6084
:10e86800eee7f3f737ffeee704f036fce4e700bf26
:08e878001c0e0720200e0720f2
:020000040000fa
:020000040c02ec
:10e8800038b5144b1b7a03b3124c0025d4f8f03082
:10e89000bbb9d4f8ec3004eb8303d3f8ac00436885
:10e8a0009847b0f1ff3f13d0d4f8ec20531c04eb91
:10e8b0008202d2f8b020002a08bf2b46c4f8ec3000
:10e8c000e4e702f0edfb002038bd4ff0ff30fbe73e
:08e8d0000020f9e720050720f4
:020000040000fa
:020000040c02ec
:10e8d80010b4447804f0fc04dc2c0cd001291ed9b7
:10e8e800022119604178037803eb012313600020ab
:10e8f8005df8044b704703290ed904211960037889
:10e90800417841ea03238478c17841ea042101eb84
:10e918008321044b0b44e9e74ff0ff30e8e74ff061
:08e92800ff30e5e70024a0fc2c
:020000040000fa
:020000040c02ec
:10e9300038b5436d8b4221d00d4604466bb103f0d0
:10e94000e6fd606d03681b6e002211469847606dfe
:10e9500003685b6e00221146984765655db12b68c0
:10e960001b6e2246064928469847606d03685b6e19
:10e97000224604499847204603f0c9fd002038bdcf
:08e98000313e030c273e030c9d
:020000040000fa
:020000040c02ec
:10e9880038b5054605f0b4f985421dd005f0b6f94d
:10e9980085421dd0286c18b103685b6f29469847db
:10e9a800ab6c63b16b6c1c682368d3f810312046dc
:10e9b8009847204600f046fcab6c002bf2d105f1dd
:10e9c800440004f092fa38bd002000f0d9fedde7db
:08e9d800002000f0fbfedde76a
:020000040000fa
:020000040c02ec
:10e9e00009b370b50c464b6913f0080f1ed11646db
:10e9f00005460146204604f0cff9012819d0206cc5
:10ea000018b103685b6f214698472246314605f1ed
:10ea1000440000f0d1fd25642368d3f8dc302046a3
:10ea20009847002070bd4ff0ff3070474ff0ff3027
:08ea3000f8e74ff0ff30f5e7b5
:020000040000fa
:020000040c02ec
:10ea3800f0b583b0089e002e18bf00291dd0e0b1a4
:10ea48001d4614460a884ff6ff739a420bd0036896
:10ea5800b3b947680a690196009523463a44f6f720
:10ea6800edf903b0f0bdff23009333680a46294649
:10ea78002046fcf7defa0020f3e74ff0ff30f0e71e
:06ea88004ff0ff30ede746
:020000040000fa
:020000040c02ec
:10ea8e00f8b507460c4604f000ff3d4626460fce6d
:10ea9e000fc596e80f0085e80f00a368cbb14ff4c1
:10eaae00806004f022f9b86070b1e068800011d087
:10eabe000023a268d15cba68d1540133e268b3eb8b
:10eace00820ff6d1002005e0e068002818bf532021
:06eade0000e00020f8bd7d
:020000040000fa
:020000040c02ec
:10eae400f0b587b004460d4616461f4602a804f04a
:10eaf40057fbbdf90830e41abdf90a30ed1aadf838
:10eb04001040adf81250adf81460adf81670ff2245
:10eb14000c9904a8faf7ccfd10b9002007b0f0bd99
:10eb240003f070fe0c9b0193009733462a4621465e
:06eb340000f0f2fcf1e725
:020000040000fa
:020000040c02ec
:02eb3a00704722
:020000040000fa
:020000040c02ec
:10eb3c0038b50378ebb190f90130022b19d10446aa
:10eb4c00826a9169c1f30723c3eb03130c4800ebf2
:10eb5c008300cdb205eb4503c56905ebc3052b69f5
:10eb6c00994207d0204604f03bff29462046fcf78b
:10eb7c0001f938bd2946204601f039f8f5e700bf08
:04eb8c00d009072085
:020000040000fa
:020000040c02ec
:10eb900028b310b582b00446d0f88030ebb1b0f89d
:10eba000c8320f4a13701b0a537000f168030093b8
:10ebb00002234a21406904f08ffb04f1180200236c
:10ebc000a3615360137204f16c03009309234a217b
:10ebd000606904f006fa0c23637002b010bd704740
:04ebe00014040720f2
:020000040000fa
:020000040c02ec
:10ebe400f8b5e8b10368d3f8843098470646c8b14d
:10ebf4000f4bd3f8e832bbb100240d4d05f538773f
:10ec04002146384604f082f9864207d00134d5f80b
:10ec1400e832a342f4d84ff0ff3000e02046f8bdbc
:10ec24000020fce70020fae74ff0ff30f7e700bfd1
:04ec3400280107208c
:020000040000fa
:020000040c02ec
:10ec380070b584b000b3f9b11d4614460a884ff682
:10ec4800ff739a420ed00368cbb946680a69099bdc
:10ec58000293089b0193009523463244faf71cfe61
:10ec680004b070bd099b0093089b0a4629462046bc
:10ec7800fcf7dff90020f3e74ff0ff30f0e74ff043
:04ec8800ff30ede785
:020000040000fa
:020000040c02ec
:10ec8c0038b5134b1b7af3b1114c0025d4f8c430b2
:10ec9c00abb9d4f8c030203354f8230043689847fc
:10ecac00b0f1ff3f12d0d4f8c020531c213254f8dd
:10ecbc002220002a08bf2b46c4f8c030e6e702f039
:10eccc0095f9002038bd4ff0ff30fbe70020f9e745
:04ecdc000007072006
:020000040000fa
:020000040c02ec
:10ece00008b52c2200210b4804f06cfe0a480b4b9f
:10ecf00003600b4b43600b4b83600023c3600361d5
:10ed000043618361c361084b0362084b4362084b54
:10ed1000836208bd00070720200b0720353d030c48
:10ed20009199020c798e020c8dec020c413d030c82
:04ed3000f90f030cc8
:020000040000fa
:020000040c02ec
:10ed340038b504460d46806d50b103681b6e002241
:10ed440011469847a06d03685b6e002211469847f0
:10ed5400a5655db12b681b6e224608492846984775
:10ed6400a06d03685b6e224605499847236dd3f86e
:10ed7400dc3020469847002038bd00bf1d3e030c00
:04ed8400133e030c2b
:020000040000fa
:020000040c02ec
:10ed8800f9b138b50c464b6913f0080f1cd105468c
:10ed98000146204603f0fcff012818d0206c18b16a
:10eda80003685b6f21469847214605f1440002f04d
:10edb800dffa25642368d3f8dc3020469847002022
:10edc80038bd4ff0ff3070474ff0ff30f8e74ff095
:04edd800ff30f5e72c
:020000040000fa
:020000040c02ec
:10eddc0070b582b0002b08bf00281bd00646cab104
:10edec001d4610460c460e4bd9684ff47a72002320
:10edfc00a1fb000102f0aaff009523463246014612
:10ee0c000020fcf767f80446b0f1ff3f04d001f096
:10ee1c00fbfb01e04ff0ff34204602b070bd00bf99
:04ee2c00a00a072011
:020000040000fa
:020000040c02ec
:10ee3000fdeec07ab5eec00af1ee10fa11d4f8ee8c
:10ee4000e77a30ee670ab6ee007ab4eec70af1ee62
:10ee500010fa03d5b7ee007a77eec77ab0ee670afc
:10ee60007047f8eee77a30ee670ab6ee007ab4ee55
:10ee7000c70af1ee10faf1d4b7ee007a77ee877a8e
:02ee8000ece7bd
:020000040000fa
:020000040c02ec
:10ee8200002a18bf002921d030b583b00c461546a0
:10ee9200b0b10023adf80030adf802304368adf8f0
:10eea20004308368adf80630684600f0def850b1f1
:10eeb2002a4621466846fff73ef8002003b030bddf
:10eec2004ff0ff30fae74ff0ff30f7e74ff0ff3037
:02eed200704787
:020000040000fa
:020000040c02ec
:10eed40030b585b004460d4603685b6e02a99847b9
:10eee400246cc4b123681b6e69462046984702aa65
:10eef40069461046fff71ef8bdf8083062891344ce
:10ef0400adf80830bdf80a30a2891344adf80a30d0
:10ef1400246c002ce6d102ab03cb2860696005b0f9
:02ef240030bdfe
:020000040000fa
:020000040c02ec
:10ef26002de9f0410546fdf7d8f9002712e0214604
:10ef3600284603f0fefd3c4601346b68a34208d91f
:10ef4600286800ebc401304400f065f80128f3d1cd
:10ef5600ede747466b68bb4208d907f10108434510
:10ef6600f7d94feac806083e4446e9e70020bde85f
:02ef7600f08128
:020000040000fa
:020000040c02ec
:10ef780030b587b0054604f075ff0468c4b1ab69c5
:10ef8800b3f1ff3f16d0009304f06cff4368019380
:10ef98006946204601f0bbffb0f1ff3f0dd069463e
:10efa800204601f089fab0f1ff3f08d0059802e049
:10efb800002000e0002007b030bd0020fbe7002063
:02efc800f9e767
:020000040000fa
:020000040c02ec
:02efca0070478e
:020000040000fa
:020000040c02ec
:10efcc00104b1b6803b1704710b500220e49104658
:10efdc0004f036f904f0c8fa0c4c0221204602f079
:10efec0071f902234ff0c04221460020fff78cf943
:10effc004ff47f325521204604f0defc014b0122f8
:10f00c001a6010bd000e07202d54020ce0150220d2
:020000040000fa
:020000040c02ec
:10f01c00b0f90030b1f90020934219dc10b4b1f909
:10f02c0004402244b0f9044023449a4212dcb0f963
:10f03c000220b1f90240a24210dcb1f9063023449f
:10f04c00b0f9060010448342ccbf0020012002e03e
:10f05c000020704700205df8044b70470020fae751
:020000040000fa
:020000040c02ec
:10f06c0010b4b1f90020b0f90040b1f904301344e8
:10f07c00a34217ddb0f904301c44a24216dab1f9f0
:10f08c000230b0f90240b1f906201a44a24201dc68
:10f09c00002008e0b0f9060020448342acbf0020f9
:10f0ac00012000e000205df8044b70470020fae7d7
:020000040000fa
:020000040c02ec
:10f0bc00104b1b68a3b1104bd3f8e832834212d922
:10f0cc0010b50c4601460d4803f01cff90f850306b
:10f0dc00a3420bd080f8504002f06afa002010bd19
:10f0ec004ff0ff3070474ff0ff3070474ff0ff305c
:10f0fc00f5e700bf180e0720280107200804072099
:020000040000fa
:020000040c02ec
:10f10c00f8b5064600252f46284607e0d6f8d8372e
:10f11c001f44b85c1be00135102d17d0400084b2a1
:10f12c003046fbf7f6f8204480b2d6f8d4375b5d56
:10f13c00002bf0d0d6f8dc2732f81520821a92b2c8
:10f14c009bb29342e2d83b449fb2e4e70020f8bd67
:020000040000fa
:020000040c02ec
:10f15c00f0b4049c002a18bf00291cd00e4615469a
:10f16c00c8b14460059a026005fb01f75a010b49ce
:10f17c00895801fb07f181600022027346618561a9
:10f18c00016203744462c761c262026342638263b8
:10f19c001046f0bc70474ff0ff30fae72872020cb3
:020000040000fa
:020000040c02ec
:10f1ac00494441540000000049454e440000000011
:10f1bc00504c54450000000074524e5300000000a7
:10f1cc00624b474400000000744558740000000076
:10f1dc007a54587400000000695458740000000000
:10f1ec0074494d450000000070485973000000bf81
:020000040000fa
:020000040c02ec
:10f1fc0070b582b0114c2568d5f8943005eb031529
:10f20c00217fa86d04f09afc0023236163612346df
:10f21c0053f8102b1268d169566a04f1140200924b
:10f22c0002463046fcf7b0fe23681b681a7c014688
:10f23c00a86d04f07bfce86502b070bda00c072043
:020000040000fa
:020000040c02ec
:10f24c0000b338b50446104804f0bcfe204601f06b
:10f25c0059ffb0f1ff3f09d021460c4b03eb401096
:10f26c0004f00cfd084804f0adfe38bd064d2846f0
:10f27c0004f0a8fe21462846fdf78bfa284604f038
:10f28c00a1fef2e7704700bf700c072014060720a0
:020000040000fa
:020000040c02ec
:10f29c0010b586b004460023adf80830adf80a303e
:10f2ac00436d5a69adf80c209b69adf80e3004a97a
:10f2bc00fef732fb04a9204603f006fe074b1b6841
:10f2cc000093bdf91230bdf9102002a9606dfdf755
:10f2dc001bfd2046fdf7ccfd06b010bd480e0720e7
:020000040000fa
:020000040c02ec
:10f2ec002de9f04184b00446884603689b6e02a960
:10f2fc0098470221e06a02f0e1fd05460221e06a2e
:10f30c0002f0dcfd06460421e06a02f0d7fd074658
:10f31c000321e06a02f0d2fdcdf8048000903b4658
:10f32c003246294602a8faf73bfa04b0bde8f08150
:020000040000fa
:020000040c02ec
:10f33c002de9f04184b00446884603689b6e02a90f
:10f34c0098470421e06a02f0b9fd05460321e06a02
:10f35c0002f0b4fd06460221e06a02f0affd07465a
:10f36c000221e06a02f0aafdcdf8048000903b4631
:10f37c003246294602a8faf713fa04b0bde8f08128
:020000040000fa
:020000040c02ec
:10f38c00124b01221a801a46136913f0010ffbd19c
:10f39c000e4b48f280121a801a46136913f4004f70
:10f3ac00fbd10a4b01221a621a46136913f0200f83
:10f3bc00fbd1064b00225a621a46136913f0400f18
:10f3cc00fbd1024b4ff480725a81704700200744e6
:020000040000fa
:020000040c02ec
:10f3dc0010b370b506460d4602f088fcd5b100247a
:10f3ec000e4a137e13f0040ffbd0538b13f0070f50
:10f3fc000bd1536803f00703012b936a14bf3355e9
:10f40c0026f814300134a542ebd1a54214bf0020dc
:10f41c00012070bd2c46f8e70020704700400046e4
:020000040000fa
:020000040c02ec
:10f42c00114b01221a601a46936813f0010ffbd19d
:10f43c000d4b4ff480521a6000225a6158690b49e7
:10f44c00014359610221d9635a649a64da641a65da
:10f45c005a659a65da651a6601221a641a46936827
:10f46c00002bfcd1704700bf00000145000f40404d
:020000040000fa
:020000040c02ec
:10f47c00114b01221a601a46936813f0010ffbd14d
:10f48c000d4b4ff480521a6000225a6158690b4997
:10f49c00014359610221d9630c2159649a64da64dd
:10f4ac001a655a659a65da651a6618221a641a463c
:10f4bc009368002bfcd1704700200145000e4040a2
:020000040000fa
:020000040c02ec
:10f4cc0009b330b583b00c46d0b1104bd9680025c8
:10f4dc004ff47a720023a1fb000102f037fc009577
:10f4ec002b462a4601462846fbf7f4fc2060b0f177
:10f4fc00ff3f01d1012004e001f086f8284600e02e
:10f50c00012003b030bd0120704700bfa00a0720c6
:020000040000fa
:020000040c02ec
:10f51c0010b586b0adf81010adf81220adf814305f
:10f52c00089badf81630b8b1044602aa04a9fff73f
:10f53c00a2fcb0f1ff3f0dd0099b0193bdf90e3039
:10f54c000093bdf90c30bdf90a20bdf90810204616
:0ef55c00fbf7bcff06b010bd4ff0ff30fae722
:020000040000fa
:020000040c02ec
:10f56a0020b330b583b00546f1b10c460b88428909
:10f57a0013440b804b88828913444b806a4600f1fe
:10f58a000a012046fef7d3fcbdf800306a899b1aaf
:10f59a00adf80030bdf80230aa899b1aadf80230e6
:0ef5aa006b4603cb2060616003b030bd70473c
:020000040000fa
:020000040c02ec
:10f5b800f8b170b504464368f2b18b421cd31646c5
:10f5c8000d460bd081688b420cd02946204600f0ae
:10f5d80023f9236843f82560002070bd114601f027
:10f5e800c7fefae7053101f037fab0f1ff3fecd179
:0ef5f800f3e74ff0ff3070474ff0ff30ede7c4
:020000040000fa
:020000040c02ec
:10f6060030b4054643698b420fd873b1002003e03e
:10f616009b6899420ad34bb18342f9d9d41a18bfd1
:10f626000124002c18bf1846f2e70020ab6963b12d
:10f63600994201d29a4205d19b6833b19942fbd2d5
:0ef646009a42f9d0984228bf184630bc70474f
:020000040000fa
:020000040c02ec
:10f6540070b5044603689b6b9847f0b1ff21207f87
:10f6640002f01afc0546246c94b1ff2623689b6bb8
:10f674002046984701280bd13146207f02f00cfc2c
:10f684000146284600f000fb0546246c002cedd111
:0ef694002946ff2000f0f8fa70bdff20fce7c9
:020000040000fa
:020000040c02ec
:02f6a2007047af
:020000040000fa
:020000040c02ec
:10f6a400431e13f1030f16d810f47f4f15d1c3b2c4
:10f6b4000d4a9268934212d203eb43020a4bdb6970
:10f6c40003ebc2031a6982420bd15a79002a08bf9c
:10f6d4000023184670470023fbe70023f9e70023c3
:0cf6e400f7e70023f5e700bfd00907207e
:020000040000fa
:020000040c02ec
:10f6f0002de9f04105460e461746090e000e02f0b0
:10f7000014f904463a46c6f30741c5f3074002f030
:10f710000cf9000440ea04643a46c6f30721c5f335
:10f72000072002f002f980463a46f1b2e8b202f050
:0cf73000fcf8204340ea0820bde8f0810e
:020000040000fa
:020000040c02ec
:10f73c002de9f04105460e461746090e000e02f063
:10f74c00eef804463a46c6f30741c5f3074002f00b
:10f75c00e6f8000440ea04643a46c6f30721c5f310
:10f76c00072002f0dcf880463a46f1b2e8b202f02b
:0cf77c00d6f8204340ea0820bde8f081e8
:020000040000fa
:020000040c02ec
:10f78800114bd3f8d43283421cd010b582b0044652
:10f7980043b168228df804201a68d2f8142101a90f
:10f7a80018469047084bc3f8d44244b167238df8f4
:10f7b80004302368d3f8143101a920469847002063
:0cf7c80002b010bd00207047280107208f
:020000040000fa
:020000040c02ec
:10f7d400114bd3f8d83283421ad010b5044623b162
:10f7e4001a6dd2f83821184690470b4bc3f8d8420b
:10f7f40084b1236dd3f8343120469847b0f1ff3fec
:10f8040001d0002010bd044b0022c3f8d822f9e730
:0cf81400002070470020f5e728010720c5
:020000040000fa
:020000040c02ec
:10f820004368fbb1f0b48268934201d20133436074
:10f8300047687e1e8e420fd90b4b3b449b003246dd
:10f8400000e022460468e55844f82250541e043b68
:10f85000a142f6d11644f61b0368002243f8262085
:0cf86000f0bc7047704700bffeffff3f88
:020000040000fa
:020000040c02ec
:10f86c001000000011000000120000000000000059
:10f87c00080000000700000009000000060000005e
:10f88c000a000000050000000b000000040000004e
:10f89c000c000000030000000d000000020000003e
:0cf8ac000e000000010000000f00000032
:020000040000fa
:020000040c02ec
:10f8b8000368d3f8982012f07f4f05d14ff0ff323c
:10f8c800c3f8ec200020704710b504460a4b1b68ab
:10f8d800196ad86902f038fc236802460621587a6a
:10f8e80003f0b4fb24680146d4f89800faf7aaf9a3
:0cf8f800c4f89800002010bd600d07202f
:020000040000fa
:020000040c02ec
:10f9040008b50268936bb3b1197c437a994212d05b
:10f914000c4b00221a605a609a60da600268936b9a
:10f9240073b11b7c07490b730860074b4b6002f0f3
:10f9340077f8002008bd127c437a9a42e8d1f8e7b0
:0cf94400137cefe7400d0720f92b030cab
:020000040000fa
:020000040c02ec
:10f9500070b582b0104d2c68d4f8943004eb0314c9
:10f96000297fa06d04f0f0f82b4653f8102b126895
:10f97000d169566a05f11402009202463046fcf73e
:10f9800009fb2b681b681a7c0146a06d04f0d4f8b3
:0cf99000e06502b070bd00bfa00c0720b5
:020000040000fa
:020000040c02ec
:10f99c00f8b54368f3b103681d68ab7f022b17d031
:10f9ac0006460024274609e001347368a3420ed9a9
:10f9bc00336853f82450ab7f022b09d0012bf3d1c1
:10f9cc0005f14400fff7e4ff30b9af77ece7002511
:0cf9dc002846f8bd0025fbe70546f9e7ca
:020000040000fa
:020000040c02ec
:10f9e800114b00229a61da614ff08c439b221a7600
:10f9f8005a6822f480225a601a46d369002bfcd137
:10fa080069b1094b032283f8202041ea40014ff0f5
:10fa18008c4359621a46d369002bfcd17047024bbc
:0cfa2800042283f82020f0e7cc0b07201c
:020000040000fa
:020000040c02ec
:10fa3400104b00229a61da610f4b9b221a765a68a6
:10fa440022f480225a601a46d369002bfcd161b19a
:10fa5400084b032283f8202041ea4001064b5962f7
:10fa64001a46d369002bfcd17047024b042283f859
:0cfa74002020f1e7f80b0720004080453f
:020000040000fa
:020000040c02ec
:10fa8000104b01221a601a46936813f0010ffbd144
:10fa90000c4b4ff480521a6000225a6158690a498f
:10faa000014359610221d9635a649a64da641a6580
:10fab0005a659a6501221a641a469368002bfcd194
:0cfac000704700bf004081460007404036
:020000040000fa
:020000040c02ec
:10facc00114b5a6a0ab1824203d11346002205e057
:10fadc001a469369002b18bf9842f9d19bb110b408
:10faec0083691bb1846899682144996032b1836938
:10fafc009361002383615df8044b7047024b5a6a93
:0cfb0c0092695a62f5e77047a00a0720d2
:020000040000fa
:020000040c02ec
:10fb1800022a70b5044616461d461ad043689b064d
:10fb280017d441b9002d08bf4ff4806505f10800ce
:10fb3800fef7acfc01466368012e43f020036360c6
:10fb4800c4e9021514bfff230a2384f83430024b9a
:0cfb5800e362002070bd00bfe3cf020c90
:020000040000fa
:020000040c02ec
:10fb640010b50f4c236863b1002813da0d4b2268db
:10fb74001b68d21a43429a4208db22681044206070
:10fb840006e002f0fff82368002bedd14ff0ff32be
:10fb9400104610bd044b1a682368d21a8242ebe760
:0cfba400f40d0720fc0d0720f80d0720d1
:020000040000fa
:020000040c02ec
:10fbb000f8b505460e461746c1f3c421c0f3c4206c
:10fbc00001f0b3fe04463a46c6f38411c5f384102f
:10fbd00001f0abfe800140eac4243a46c6f344017a
:10fbe000c5f3440001f0a1fe44ea4000354315f09e
:0afbf000010f18bf40f00100f8bd3e
:020000040000fa
:020000040c02ec
:10fbfa00f8b504460e461546c3681b69984785f84a
:10fc0a00240095f82430dbb2002b0cbf01274ff0fb
:10fc1a00ff376f752d6a204603f0e3feb36853b1d0
:10fc2a00236b01332363b368f26829463846984741
:08fc3a00236b013b2363f8bdbd
:020000040000fa
:020000040c02ec
:02fc4200704709
:020000040000fa
:020000040c02ec
:10fc440008b503f013fab0f5877f0adcb4280edc9c
:10fc54005a2812ddc0f1b4000a4b33f910004042b7
:10fc640004e0c0f5b470074b33f9100008bdb43894
:10fc7400044b33f910004042f8e7024b33f910000b
:08fc8400f4e700bfa4aa020c82
:020000040000fa
:020000040c02ec
:10fc8c0010b401fb00f3642000fb03f00c4ca4fb4c
:10fc9c000020400b4ff47a7202fb03f3a4fb032306
:10fcac005b0b084aa2fb0312d20802eb8202a3eb05
:10fcbc004203042bc8bf01305df8044b704700bff2
:08fccc005917b7d1cdcccccc07
:020000040000fa
:020000040c02ec
:10fcd40030b583b0c0b104460d466b46024652f8b7
:10fce4000a0f516803c329460a4803f00ff9036851
:10fcf4005b6f21469847044648b929466846fdf794
:10fd0400cbfa204603b030bd4ff0ff34f9e74ff093
:08fd1400ff34f6e708040720a4
:020000040000fa
:020000040c02ec
:10fd1c00f8b170b50446c9b10d46816843688b4291
:10fd2c000dd06268236803ebc2012e68686843f843
:10fd3c0032604860636801336360002070bd053138
:10fd4c0000f0a8fab0f1ff3febd1f7e74ff0ff302e
:08fd5c00f4e74ff0ff3070479f
:020000040000fa
:020000040c02ec
:10fd640038b505460c46084603f032fc042819d180
:10fd74002a7923789a4202d00020c0b213e06a792b
:10fd840063789a4201d00020f7e7aa79a3789a42cf
:10fd940001d00020f1e7e879e378984214bf00200d
:08fda4000120eae7002038bd50
:020000040000fa
:020000040c02ec
:10fdac0010b504460c3003f05bfb0023a36023600a
:10fdbc006360e362a36363632363e3632364636449
:10fdcc00a364e36423656365a365e365a367c4f873
:10fddc008830c4f88c30c4f89030c4f89430c4f82f
:08fdec009830c4f89c3010bdf2
:020000040000fa
:020000040c02ec
:10fdf400036893f898202ab94ff0ff32c3f8ec2037
:10fe04000020704710b504460a4b1b68196ad8696c
:10fe140002f09cf9236802460521587a03f018f988
:10fe240024680146d4f89800f9f79cfec4f89800b9
:08fe3400002010bd600d072045
:020000040000fa
:020000040c02ec
:10fe3c0038b502680023c2f894300268c2f89430d6
:10fe4c000368d3f89420d3f890309a4210d2044629
:10fe5c00084deb6898472268d2f894300133c2f809
:10fe6c0094302368d3f89420d3f890309a42f0d38e
:08fe7c00002038bda00c072096
:020000040000fa
:020000040c02ec
:10fe840070b584b006460c46154603f029fb0128dc
:10fe940017d002a9304603f065fe2a46ff21002050
:10fea40003f0cdfe01900094bdf90e30bdf90c2095
:10feb400bdf90a10bdf9080003f064f9002004b08c
:08fec40070bd4ff0ff30fae7ba
:020000040000fa
:020000040c02ec
:10fecc0010b50446037e012b03d02046fbf790fcb3
:10fedc0010bd90f8543053b10821c06a01f0eeff08
:10feec00084b1a680146204601f091faede7002113
:10fefc00c06a01f0e3ff034b1a680146204601f08b
:08ff0c0086fae2e7440e07202b
:020000040000fa
:020000040c02ec
:10ff14000d4b00221a605a601a72da601a611a755f
:10ff24000a4b0b4a5a6502229a6708211966094846
:10ff3400c3f8a400cc20c3f8a8000120c3f8c8006b
:10ff4400c3f8b0101a607047f40c07200000854411
:08ff5400140119003000010046
:020000040000fa
:020000040c02ec
:10ff5c00104b002283f8212083f820204ff08c4294
:10ff6c00136823f002031360d369002bfcd14ff00c
:10ff7c008c42136843f002031360d369002bfcd14d
:10ff8c004ff08c4310225a831a46d369002bfcd1b4
:08ff9c00704700bfcc0b0720e9
:020000040000fa
:020000040c02ec
:10ffa40070b40f4b1b78cbb10d4b5b7823b14ff082
:10ffb400ff35284670bc704701250a4b342606fbe2
:10ffc400053604460fcc0fc60fcc0fc60fcc0fc698
:10ffd40023683360024b01225a55eae70025ece717
:08ffe400701506200813062029
:020000040000fa
:020000040c02ec
:10ffec0070b4012a16d0022a0cbf0324012404ea9f
:10fffc0001064ff0ff35954023ea0503a41b02fbd5
:020000040c03eb
:10000c0004f403fa04f43eb901fb02f1c9084454a8
:10001c0070bc70470724eae701fb02f1c908435c96
:06002c001c434454f4e7fc
:020000040000fa
:020000040c03eb
:1000320010b584b00446806d18b103681b6a9847f6
:1000420088b194f8543093b1e36d53b102aa694672
:100052002046faf728fa236dd3f82c316946204658
:10006200984704b010bd204602f07effe9e7236ef8
:06007200002bebd1f5e7c5
:020000040000fa
:020000040c03eb
:10007800b0f90a308b421cd030b583b00d46044627
:1000880003689b6e694698472368d3f82c31694604
:1000980020469847658123689b6e694620469847a5
:1000a8002368d3f82c31694620469847002003b0ce
:0600b80030bd002070477e
:020000040000fa
:020000040c03eb
:1000be00b0f90c308b421cd030b583b00d460446df
:1000ce0003689b6e694698472368d3f82c316946be
:1000de0020469847a58123689b6e6946204698471f
:1000ee002368d3f82c31694620469847002003b088
:0600fe0030bd0020704738
:020000040000fa
:020000040c03eb
:1001040038b5049c90f820508d420dd080f8201012
:1001140080f8212080f8223080f823400368d3f847
:10012400dc309847002038bd90f821509542edd13d
:1001340090f822509d42e9d190f82350a542e5d190
:060144004ff0ff30efe771
:020000040000fa
:020000040c03eb
:02014a007047fc
:020000040000fa
:020000040c03eb
:10014c0008b502f08fffb0f5877f0adcb4280fdc0e
:10015c005a28ccbf5a38c0f15a00094b33f9100059
:10016c0008bda0f58770064b33f910004042f7e745
:10017c00c0f58770024b33f910004042f0e700bf26
:04018c00a4aa020c13
:020000040000fa
:020000040c03eb
:1001900010b504780a2c0ad000f076fd64010b4bf0
:1001a0001b59013b0a4a52f82330984710bd436857
:1001b00003fb0211cb4303f00703ca084169885cc3
:1001c00001229a401040d840f0e700bf2872020c8c
:0401d00070bb0720d9
:020000040000fa
:020000040c03eb
:1001d40070b5054603f08efdb8b1064603f044fd44
:1001e400044610b10124204670bd094aeb68d16968
:1001f4005b1aeb602b69126a9b1a2b613368d3f884
:100204001431294630469847ede70024ebe700bf58
:040214004c0c072067
:020000040000fa
:020000040c03eb
:1002180070b5054603f06cfdb8b1064603f022fd43
:10022800044610b10124204670bd094a6b69d169a2
:100238005b1a6b61ab69126a9b1aab613368d3f8be
:100248001431294630469847ede70024ebe700bf14
:040258004c0c072023
:020000040000fa
:020000040c03eb
:10025c00b0b170b505460d4bd3f8e8328b4212d9cc
:10026c000c460b4802f04efe0646214605f10a00ec
:10027c00fdf70ef83368db6e29463046984770bda3
:10028c004ff0ff3070474ff0ff30f8e728010720a0
:04029c00080407202b
:020000040000fa
:020000040c03eb
:1002a000c0b138b5044683688b4216d00d46c900ec
:1002b0000068f6f753fe206030b1a5606368ab427a
:1002c0000ed36560002038bd00236360a3604ff04b
:1002d000ff30f8e74ff0ff3070474ff0ff30f2e7a4
:0402e0000020f0e723
:020000040000fa
:020000040c03eb
:1002e400e8b138b50546b9b10c464168a3688b42fc
:1002f40004d36a68626042b9002038bd2046fff723
:10030400cdffb0f1ff3ff4d1f7e7d20029682068b0
:1003140002f0d2ff0020f0e74ff0ff30ede74ff09e
:04032400ff307047ef
:020000040000fa
:020000040c03eb
:100328002de9f0410646884617461c46069dab4215
:100338000adbbde8f081079a394604eb080001f0b2
:100348002ffc0134a542f4d0e210634204f0070107
:1003580003f0070358bf594280230b41b25c1a428d
:04036800efd0e8e703
:020000040000fa
:020000040c03eb
:10036c0009480a4b03600a4b436000238360094a27
:10037c00c260036143618361c361074b0362074b36
:10038c004362074b83627047600b07208538030c70
:10039c009d7c020c61b7020cc93f030ccd3f030cd2
:0403ac005b8d020c57
:020000040000fa
:020000040c03eb
:1003b00070b506460d4c0025a560e56025616561b8
:1003c000a56120600a4b63600368c16a586903f045
:1003d0003ffce0603368316b986903f039fc2061c1
:1003e0002146304601f01efb284670bdc00c072098
:0403f000819a020ce0
:020000040000fa
:020000040c03eb
:1003f40002684ab110b40c468a420ad8936873b1b1
:100404009c4210d31a46f9e7016000238b604b60cd
:1004140070478a6000234b605160016007e04a60c6
:1004240091608b6003e04a6091608b6059605df875
:04043400044b7047be
:020000040000fa
:020000040c03eb
:10043800f8b50c468e6826b10b681033ca18964278
:1004480001d02046f8bd35681d4400f1180738462c
:1004580002f069fd3146384602f065fd002262600f
:10046800a260e26025600123237321463846fff726
:04047800bdffe6e7f7
:020000040000fa
:020000040c03eb
:10047c002de9f04182b004460d4690461f4602f02d
:10048c0055fc012810d0684602f086febdf902101a
:10049c00bdf90000064b5e683b464246691a201abd
:1004ac00b04702b0bde8f0814ff0ff30f9e700bf74
:0404bc00d00a07203b
:020000040000fa
:020000040c03eb
:1004c000f0b585b0002302934b610a69c2b10c46b6
:1004d00006461d4602afe168009703ab2944307d14
:1004e00002f06efeb0f1ff3f08d0029b1d4463692d
:1004f000013363612269aa42edd8002005b0f0bd46
:040500000020fbe7f5
:020000040000fa
:020000040c03eb
:1005040010b50446fdf742fa0d4b23602365012222
:1005140022726423e38119232382002384f8543054
:1005240084f8553002216176a36584f864300a2189
:10053400a166e266e36523662367636710bd00bfb7
:04054400d86d020c60
:020000040000fa
:020000040c03eb
:10054800836cdbb170b50546436c1868814217d0df
:100558000e4600240368d3f898303146984701289e
:100568000bd00134ab6ca34206d96b6c53f8240052
:10057800b042efd1012000e0002070bd002070479c
:040588000120fae76d
:020000040000fa
:020000040c03eb
:10058c00d0b110b40446c9b1084421460c4a6442a7
:10059c00137e13f0010ffbd0536803f00703012bfc
:1005ac0014bf0b7834f81130936201318142efd1d2
:1005bc0001205df8044b7047002070470120f8e7dc
:0405cc0000400046a5
:020000040000fa
:020000040c03eb
:1005d00038b5044603f06dfa002c16db63090c49ac
:1005e00051f8235004f01f04e54005f001050122f5
:1005f00002fa04f4203341f82340bff34f8fbff3d6
:100600006f8f03f05ffa284638bd0025f9e700bf79
:0406100000e100e025
:020000040000fa
:020000040c03eb
:1006140038b5044600f076fed0b1204600f0c8fba1
:10062400054670b1437873b983680bb94368836036
:100634002846fcf7f5f800242c756c7501236b70c3
:1006440002e0012400e0002402f048f9204638bd0d
:040654000124fbe79b
:020000040000fa
:020000040c03eb
:1006580000b583b08df804008df8051001f0b8fee0
:100668000028fbd1022201a9212001f08df801f018
:10067800affe0028fbd1064b013bfdd1044b013beb
:10068800fdd1034b013bfdd103b05df804fb00bf76
:04069800a086010037
:020000040000fa
:020000040c03eb
:10069c0030b44d680b68146804fb05f4526802fb17
:1006ac001342016801fb05f1406800fb1313002a9b
:1006bc0003da002b01da012009e0002ac8bf002b65
:1006cc00ccbf012000209a4208bf40f0010030bc92
:0206dc00704765
:020000040000fa
:020000040c03eb
:1006de00b0f90020b1f900309a4201d000207047e5
:1006ee00b0f90220b1f902309a4201d000207047d1
:1006fe00b0f90420b1f904309a4201d000207047bd
:10070e00b0f90600b1f90630984214bf002001205e
:02071e00704722
:020000040000fa
:020000040c03eb
:10072000f0b400260d689d4216d2ec08045d05f079
:1007300007073c4104f0010404eb4604166856f830
:10074000246001350d601569b54207d8761bb542a6
:10075000e8d84ff0ff3601e04ff0ff363046f0bcee
:020760007047e0
:020000040000fa
:020000040c03eb
:020762007047de
:020000040000fa
:020000040c03eb
:1007640010b5054c227832b9044b13b10448aff3e9
:1007740000800123237010bd8c0d072000000000b1
:100784000000000008b5034b1bb103490348aff355
:10079400008008bd00000000900d0720000000004c
:020000040000fa
:020000040c03eb
:1007a40010b483b000230193446902780b4b03eb2c
:1007b40042135868c00801fb00f148b1631801aa4c
:1007c4000444214413f8010b02f8010b8b42f9d1c4
:1007d400019803b05df8044b704700bf2872020c07
:020000040000fa
:020000040c03eb
:1007e4000b68b0f90020934214db10b4b0f9044054
:1007f4002244934210da4b68b0f9022093420ddb95
:10080400b0f9060010448342acbf002001205df81b
:10081400044b7047002070470020f8e70020f6e7fb
:020000040000fa
:020000040c03eb
:10082400000108100902030a11182019120b04050b
:100834000c131a21283029221b140d06070e151c2f
:10084400232a313839322b241d160f171e252c3339
:100854003a3b342d261f272e353c3d362f373e3f5d
:020000040000fa
:020000040c03eb
:1008640070b505460c4c0026a660e6602661206043
:100874000a4b63600368c16a586903f0e7f9e060f2
:100884002b68296b986903f0e1f920612146284619
:1008940001f0c6f8304670bd0c0b072041d1020ca4
:020000040000fa
:020000040c03eb
:1008a40010b50446437e012b05d0022b08d0204608
:1008b400faf7a2ff10bd094b196800f071f8f6e7ca
:1008c40090f8543023b1054b1968fef735fdeee777
:1008d400024b196800f05df9e9e700bf440e0720f8
:020000040000fa
:020000040c03eb
:1008e40030b587b0044690f85430abb1c56d02aa58
:1008f40004a92046f9f7d6fd084b1b680093bdf9ff
:100904001230bdf9102002a92846fcf701fa20464e
:10091400faf772ff07b030bd056ee8e7440e072012
:020000040000fa
:020000040c03eb
:1009240038b50546836c8bb1002403e00134ab6c0d
:10093400a3420bd96b6c53f824000028f6d0836cc7
:10094400002bf3d00368db6f9847efe705f1440011
:1009540002f0cdfa2b68d3f8dc302846984738bd2e
:020000040000fa
:020000040c03eb
:1009640010b50446c37f2bb1012b02d0a36a2046e5
:10097400984710bd084bff221a6003689b6b984789
:10098400012802d0054ba362f0e723685b6c204684
:100994009847014b1860f5e7500e0720d5dc020c90
:020000040000fa
:020000040c03eb
:1009a40030b583b004460d4603689b6e694698478c
:1009b400637f53b90421e06a01f084fa2a460146b0
:1009c4006846fcf7d1fa03b030bd0421e06a01f0b7
:1009d40079fa2b46627f01466846f6f735f9f2e765
:020000040000fa
:020000040c03eb
:1009e4002de9f8439846089c099d9df8286054ea2f
:1009f400050301d1bde8f88317463346224601f0ca
:100a040005fe8146334622464146384601f0fefd46
:0e0a140033462a460146484601f0f8fdeae75f
:020000040000fa
:020000040c03eb
:100a22004368dbb110b48b420bd94a1c92000368b5
:100a320001319c58134443f8044c043243689942f0
:100a4200f5d36ff040430b440268002142f82310b3
:0e0a52004368013b43605df8044b70477047fa
:020000040000fa
:020000040c03eb
:100a600090b138b5044683688b4210d00d4689009a
:100a70000068f6f773fa68b12060a5606368ab425e
:100a80000bd36560002038bd4ff0ff3070474ff04a
:0e0a9000ff30f8e74ff0ff30f5e70020f3e706
:020000040000fa
:020000040c03eb
:100a9e00b8b110b44468b9b1b4b103681a689142e0
:100aae0008d000200130844206d953f8042f8a4220
:100abe00f8d103e0002001e04ff0ff305df8044b69
:0e0ace0070474ff0ff3070474ff0ff30f6e7f3
:020000040000fa
:020000040c03eb
:100adc00f8b50546c36b9bb1002427462e6c56f81f
:100aec002400fef7adfb46f824706e6c56f824001b
:100afc00fef7a6fb46f824700134eb6ba342edd154
:0e0b0c00286cfef79dfb686cfef79afbf8bda7
:020000040000fa
:020000040c03eb
:100b1a00f0b5bdb004460d4616461f4603a802f0be
:100b2a0056f89df80c318df82c30449b0c93429b5f
:100b3a000193009703ab324629462046edf7effbb7
:0e0b4a00044603a802f0adfe20463db0f0bd0b
:020000040000fa
:020000040c03eb
:100b5800f0b585b004460d4616461f4602a802f0b9
:100b68001dfbbdf90830e41abdf90a30ed1a01f091
:100b780047fe0a9b003318bf0123019300973346b1
:0e0b88002a462146faf7a4fc002005b0f0bd75
:020000040000fa
:020000040c03eb
:100b9600f0b585b004460f4603689b6e02a99847d8
:100ba6000221e06a01f08df905460421e06a01f0b0
:100bb60088f906460321e06a01f083f900970346a7
:0e0bc6003246294602a8f9f74efe05b0f0bdf2
:020000040000fa
:020000040c03eb
:100bd40008b58378013b032b05d8dfe803f0021145
:100be400090e12234370084b186800f0fff808bd83
:100bf400132343700023c370f5e701234370f2e726
:0c0c04000d234370efe700bf780d0720c0
:020000040000fa
:020000040c03eb
:100c1000f8b505460e461746c1f3c421c0f3c420fb
:100c200000f083fe04463a46c6f34511c5f345106d
:100c300000f07bfe400140eac4243a4606f01f0162
:0c0c400005f01f0000f071fe2043f8bd1d
:020000040000fa
:020000040c03eb
:100c4c00f8b505460e461746c1f34211c0f34210e3
:100c5c0000f065fe04463a46c6f38201c5f38200f5
:100c6c0000f05dfe800040ea44143a4606f00301b1
:0c0c7c0005f0030000f053fe2043f8bd1b
:020000040000fa
:020000040c03eb
:100c8800c0b170b4034604780a2c0fd0406902fb47
:100c980001f5de68b5420bd25b6803fb0212640102
:100ca800054b195901fb020070bc70470020fbe797
:0c0cb8000020f9e7704700bf2872020c12
:020000040000fa
:020000040c03eb
:100cc400b0b138b504460d46082002f013f890b1cf
:100cd400002202604560a26832b920606060a368a7
:100ce4000133a360002038bd626810606060f6e7dd
:0c0cf4004ff0ff3070474ff0ff30f4e786
:020000040000fa
:020000040c03eb
:100d000038b50d4b1b78012b13d105460a4c03e077
:100d100014f8203f012b09d1a368ab42f8d9204633
:100d200001f060fd03460028f2d000e000231846e1
:0c0d300038bd0023fbe700bf14060720bd
:020000040000fa
:020000040c03eb
:100d3c00d8b110b40446c06803888b420fd94388dd
:100d4c0093420ed901fb0323013310f82330ff2b00
:100d5c0009d0226952f823005df8044b704700203b
:0c0d6c00fae70020f8e70020f6e77047e7
:020000040000fa
:020000040c03eb
:100d780082b002ab03e90600009ba3b1036b83b109
:100d8800836b1bb14ff0ff3002b07047012306336d
:100d980000ebc30302aa12e9030083e80300002062
:0c0da800f2e70023f3e74ff0ff30ede727
:020000040000fa
:020000040c03eb
:100db400431e13f1030f0fd883b2042b0ed80a4a33
:100dc40002eb4312d26982420ad15a0106498a5c73
:100dd40042b101eb43107047002070470020704778
:0c0de4000020704700207047880807209e
:020000040000fa
:020000040c03eb
:100df00010b5044600f088fab0b12046fff7daffdc
:100e0000044678b1437843b900202075607520709e
:100e1000044601f065fd204610bdfef757fe002395
:0c0e20006370f1e70124f4e70124f4e71b
:020000040000fa
:020000040c03eb
:100e2c0008b50a4b1b68722b00d808bd012000f0d6
:100e3c005bfc4ff41643064a06490120fdf764faa1
:100e4c000023024a1360044a1370eee7540e072085
:0c0e5c00940e072021018444900e072012
:020000040000fa
:020000040c03eb
:100e68002de9f041069dab4215da17460e46013bc7
:100e7800c41880460138054401e0ac420bd014f98f
:100e8800013f002bf9da3019079a3946a0eb080020
:0a0e980000f086fef1e7bde8f081ee
:020000040000fa
:020000040c03eb
:100ea20030b585b00468d4f89030012b05d1e36ddc
:100eb200c4f89830002005b030bdd4f88c30e26f11
:100ec200e16ee06d25682d7c029532250195009535
:0a0ed200fff787fdc4f89800ece775
:020000040000fa
:020000040c03eb
:100edc0038b50546402001f009ff044602f09afca3
:100eec0004f10c0002f096fc04f1180002f092fce4
:100efc0004f1240002f08efc04f1300002f08afcb4
:0a0f0c00002084f83c002c6638bd7c
:020000040000fa
:020000040c03eb
:100f1600c0b138b5054691b10c464a68096800f07b
:100f260043faa060eb681a1851781a5c42ea01226b
:100f360002301844e06022610020606138bd4ff045
:0a0f4600ff30fbe74ff0ff3070476b
:020000040000fa
:020000040c03eb
:100f5000f8b505460e461746c1f30741c0f30740f2
:100f600000f0e3fc04463a46c6f30721c5f3072028
:100f700000f0dbfc000240ea04443a46f1b2e8b279
:080f800000f0d3fc2043f8bd92
:020000040000fa
:020000040c03eb
:100f8800c8b170b4d0f8c0629eb1d0f8c442043c75
:100f9800002302e00133b34208d054f8040f056877
:100fa8008d42f7d145689542f4d100e0002070bc2d
:080fb80070470020fbe77047c1
:020000040000fa
:020000040c03eb
:100fc0000848094b0360094b436000238360084acb
:100fd000c260036143618361c361064a0262436286
:100fe00083627047e00a07205d38030c8973020ca6
:080ff0003976020ca53f030c49
:020000040000fa
:020000040c03eb
:100ff80038b50c4b1b7aa3b10a4b00221a72d3f8ee
:10100800800070b11d4603f18004bc3504e0ac4299
:1010180007d054f8040f20b18368002bf7d0984705
:08102800f5e738bd00070720c1
:020000040000fa
:020000040c03eb
:1010300070b506460d46084602f0ccfa0446411c3f
:101040003068f5f78bff70b100220255306054b163
:101050006b1e1819c5f10101ca18346813f8015f35
:08106000a5548342f8d170bdd4
:020000040000fa
:020000040c03eb
:10106800a1b110b4421e411801394ff0ff30094cac
:1010780012f8013f4340dbb254f8233083ea1020d2
:101088008a42f5d1c0435df8044b70474ff0ff30fa
:08109800c0437047dc22020c8a
:020000040000fa
:020000040c03eb
:1010a00038b50c4b1b7aa3b10a4b00221a72d3f845
:1010b000ac0070b11d4603f1ac04e83504e0ac426d
:1010c00007d054f8040f20b18368002bf7d098475d
:0810d000f5e738bd20050720fb
:020000040000fa
:020000040c03eb
:1010d800036893f8a920012a01d00020704710b4b2
:1010e8005a680849cc68116b8c4203d000205df81f
:1010f800044b7047d3f8983013630368002283f8d1
:08110800a920f3e7200d0720e8
:020000040000fa
:020000040c03eb
:1011100070b50c4b1b78012b11d10646094c0025ec
:101120003146204600f0b2fa012806d0013514f805
:10113000203f012bf4d04ff0ff35284670bd4ff013
:08114000ff35fae71406072051
:020000040000fa
:020000040c03eb
:1011480010b586b0044602a9fcf7e8fb236d1b6eb8
:1011580004a9204698476a4602a904a8fcf7e8feb5
:101168006946204601f0b2fe236dd3f82c3169465a
:081178002046984706b010bda7
:020000040000fa
:020000040c03eb
:1011800082b002ab03e90600009b93b1026b93426d
:101190000dd0826b9a4203d04ff0ff3002b07047ff
:1011a000012300ebc303002018635863f6e7002314
:0811b000f7e74ff0ff30f1e713
:020000040000fa
:020000040c03eb
:1011b80000b583b0002301930a4b1b6a0193019b7e
:1011c80013f0010f06d1019b13f0020f06d103b0f3
:1011d8005df804fb0020f8f7d1fff4e70120f8f7e9
:0811e800cdfff4e7000085448f
:020000040000fa
:020000040c03eb
:1011f00000b583b0002301930a4bdb690193019b87
:1012000013f0010f06d1019b13f0020f06d103b0ba
:101210005df804fb0020f8f7b5fff4e70120f8f7cc
:08122000b1fff4e70000854472
:020000040000fa
:020000040c03eb
:1012280000b583b0002301930a4b9b690193019b8e
:1012380013f0010f06d1019b13f0020f06d103b082
:101248005df804fb0020f8f799fff4e70120f8f7b0
:0812580095fff4e70000854456
:020000040000fa
:020000040c03eb
:1012600000b583b0002301930a4b5b690193019b96
:1012700013f0010f06d1019b13f0020f06d103b04a
:101280005df804fb0020f8f77dfff4e70120f8f794
:0812900079fff4e7000085443a
:020000040000fa
:020000040c03eb
:101298000c4b93f820305bb20bb10020704710b5af
:1012a800084b9880d9605a6100229a601a6101241b
:1012b8009c701a7083f821202146fef791fb204686
:0812c80010bd00bfcc0b072094
:020000040000fa
:020000040c03eb
:1012d0000c4b5b6913f4803f01d0002900dc7047a0
:1012e00000f01f021144bff34f8f064a0144c2f8b9
:1012f000680220300b1a002bf9dcbff34f8fbff3cd
:081300006f8fece700ed00e047
:020000040000fa
:020000040c03eb
:101308000c4b93f820309bb90a4b93f82830012beb
:1013180001d00020704710b5064c002384f828300f
:10132800b4f90800fff750f984f82100012010bd36
:0813380001207047a00a072004
:020000040000fa
:020000040c03eb
:1013400070b50b480b4d4ff6ff76016821b9436825
:1013500013b9fef776fc70bd83684268334000f134
:101360000c0455f823302046984704eb8000ece746
:081370002800000cb039030c49
:020000040000fa
:020000040c03eb
:10137800b0b138b504460d46816843688b4208d041
:101388006268236843f82250636801336360002071
:1013980038bd0531fff760fbb0f1ff3ff0d1f7e74b
:0613a8004ff0ff3070471a
:020000040000fa
:020000040c03eb
:1013ae0098b1c3681888884211d95888904210d9cc
:1013be00013201fb002203eb82035a789978d87828
:1013ce00000440ea012010437047002070470020bf
:0613de007047002070477b
:020000040000fa
:020000040c03eb
:1013e400f8b5836c8b4213d90d46044600f14407cb
:1013f400384602f00bfb002606642946384601f005
:1014040089fb2368d3f8dc30204698473046f8bd82
:061414004ff0ff30fbe782
:020000040000fa
:020000040c03eb
:10141a0070b582b004460d46164603689b6e69464f
:10142a009847627f12b1637e012b06d9324629465c
:10143a006846fef722fd02b070bd3346294668466b
:06144a00f4f7caf9f7e710
:020000040000fa
:020000040c03eb
:10145000f8b50f461646fef725f950b10546006867
:10146000c0eb0010064c04eb80042046faf7b9fcf0
:1014700000b9f8bdaf60ee602046fbf798faf8e7d8
:04148000d009072068
:020000040000fa
:020000040c03eb
:1014840010b582b088b11446b0f8da22114489b29a
:10149400074a1170090a51709470240ad470009399
:1014a40004234a21406901f015ff02b010bd00bfba
:0414b40014040720f5
:020000040000fa
:020000040c03eb
:1014b800a0b130b40346406902fb01f4dd68ac42d8
:1014c8000ad25c6804fb02121b785b010449c95804
:1014d80001fb020030bc70470020fbe7704700bfeb
:0414e800c870020cba
:020000040000fa
:020000040c03eb
:1014ec0070b504460e4615460846fef7a5fb04fbf0
:1014fc0000f00028b8bfff30001228603046fef71d
:10150c001ffe04fb00f00028b8bfff30001268601b
:04151c00002070bd7e
:020000040000fa
:020000040c03eb
:101520000b4b10ee102aa3eb620307ee903ab6eed7
:10153000007a20ee077a27ee277a27ee277af7ee51
:10154000086a36eec77a27ee800a27ee000a70474f
:04155000df59375fc9
:020000040000fa
:020000040c03eb
:1015540008b5094b1b686bb1084bd3f8e8328342da
:1015640001d8002007e00146054801f0cffc90f8bf
:10157400500000e0002008bd180e072028010720b5
:041584000804072030
:020000040000fa
:020000040c03eb
:1015880008b5094b1b686bb1084bd3f8e8328342a6
:1015980001d8002007e00146054801f0b5fc90f8a5
:1015a800510000e0002008bd180e07202801072080
:0415b80008040720fc
:020000040000fa
:020000040c03eb
:1015bc000b4bd3f8e83293b170b50024084d05f508
:1015cc0038762146304601f09dfc0368d3f8dc30b8
:1015dc0098470134d5f8e832a342f2d870bd704771
:0415ec0028010720ab
:020000040000fa
:020000040c03eb
:1015f00078b110b50446426872b169b1fff74ffa8d
:10160000b0f1ff3f0bd001462046fff70afa002059
:1016100010bd4ff0ff3070474ff0ff30f8e74ff04c
:04162000ff30f5e7bb
:020000040000fa
:020000040c03eb
:1016240010b5094900248c60cc600c610860074a3d
:101634004a6003689b6b1b7c5b01054ad3580b61b2
:1016440000f0eef9204610bd200d07204d1f030cbd
:041654002872020cea
:020000040000fa
:020000040c03eb
:1016580030b583b00a4b1a68d2f89440002119615a
:101668005961106802eb0414a26dc169406a03f164
:10167800140500951033faf789fce06503b030bd16
:04168800a00c07208b
:020000040000fa
:020000040c03eb
:10168c0083698b4212d88bb110b4c468426802fbd8
:10169c00043291420cd2c91ab1fbf4f004fb1010c5
:1016ac00b0fa80f040095df8044b70470020704799
:0416bc000020f8e72b
:020000040000fa
:020000040c03eb
:1016c0002de9f04182b005460e4617469846684619
:1016d00001f068fdbdf90210bdf90000044b5c6823
:1016e00043463a46711a281aa04702b0bde8f08175
:0416f000d00a0720f5
:020000040000fa
:020000040c03eb
:1016f40000eb8003094a02eb0312136d23f001038c
:101704001365136d13f0010ffbd100eb4000044b84
:1017140003eb800000230372704700bf0000854480
:04172400f40c07209a
:020000040000fa
:020000040c03eb
:101728000b4b93f820305bb20bb10020704710b51b
:101738000c46074b98800021d96059619c601a615a
:101748009970197083f82110fef74af9012010bd2d
:04175800cc0b07208f
:020000040000fa
:020000040c03eb
:10175c0010b50b4c94f8204064b20cb1002010bdb5
:10176c00074ca080e360029b6361a16022610021b1
:10177c00a170217084f82110fef730f90120eee7fa
:04178c00cc0b07205b
:020000040000fa
:020000040c03eb
:101790000b4b93f820305bb20bb10020704710b5b3
:1017a0000c46074b98800021d96059619c601a61f2
:1017b0009970197083f82110fef73cf9012010bdd3
:0417c000f80b0720fb
:020000040000fa
:020000040c03eb
:1017c4000a4b0b4a1a604ff6da429a814ff44032c0
:1017d4005a601a46d369002bfcd1044a136843f0bb
:1017e40002031360d369002bfcd17047004000460c
:0417f400040112409a
:020000040000fa
:020000040c03eb
:1017f8000a4b1b681f2b0ed8f0b4094e1d01741933
:10180800062777552071e18022810133034a13604e
:101818000020f0bc70474ff0ff3070477415062069
:041828007013062013
:020000040000fa
:020000040c03eb
:10182c000a4b1b681f2b0ed8f0b4094e1d017419fe
:10183c00072777552071e18022810133034a136019
:10184c000020f0bc70474ff0ff3070477415062035
:04185c0070130620df
:020000040000fa
:020000040c03eb
:101860000a4b1b681f2b0ed8f0b4094e1d017419ca
:10187000052777552071e18022810133034a1360e7
:101880000020f0bc70474ff0ff3070477415062001
:0418900070130620ab
:020000040000fa
:020000040c03eb
:1018940070b428300025012601e003f12800036814
:1018a4006bb19c690a699442f7d11a7f012af4d179
:1018b4009a6a02601d775e759d621d70efe770bcc9
:0218c40070476b
:020000040000fa
:020000040c03eb
:1018c60070b5054637220721c0f3c42000f0bffbe0
:1018d6000446b7220721c5f3451000f0b8fb0646bb
:1018e6001122072105f01f0000f0b1fb344420440b
:0218f60070bdc3
:020000040000fa
:020000040c03eb
:1018f80070b5054637220721c0f3421000f0a6fb59
:101908000446b7220721c5f3820000f09ffb064674
:101918001122022105f0030000f098fb3444204412
:0219280070bd90
:020000040000fa
:020000040c03eb
:10192a00b2b1884214d0632a10d810b50b460446c7
:10193a00884205dd1146c01afef7a3f9201a10bd28
:10194a001146181afef79df92044f8e70846704731
:02195a007047d4
:020000040000fa
:020000040c03eb
:10195c0070b582b00446056a0346012211460df1aa
:10196c000700a8479df80750266a23460122114616
:10197c000df10700b0479df8070040ea052002b0c2
:02198c0070bd2c
:020000040000fa
:020000040c03eb
:10198e00aab1f0b405461746002420462a68d308ab
:10199e00cb5c02f00706334103f00103a340184469
:1019ae0001322a600134a742f0d1f0bc70471046d4
:0219be00704770
:020000040000fa
:020000040c03eb
:1019c00038b583688b4210d205460c46b1eb430f05
:1019d00002d801eb4104640821462868f5f7befaf5
:1019e00028b1ac602860012000e0012038bd002053
:0219f000fce712
:020000040000fa
:020000040c03eb
:1019f20038b583688b4210d205460c46b1eb430fd3
:101a020002d801eb4104640821462868f5f7a5fadb
:101a120028b1ac602860012000e0012038bd002020
:021a2200fce7df
:020000040000fa
:020000040c03eb
:101a2400d0f8ac307bb110b400f1ac020023013328
:101a340052f8044f002cfad100eb8300c0f8ac102c
:101a44005df8044b7047002300eb8300c0f8ac1032
:021a54007047d9
:020000040000fa
:020000040c03eb
:101a560089b170b50d460a6c82420fd104464430f6
:101a6600fff7c3fd00262e642368d3f8dc3020463a
:101a76009847304670bd4ff0ff3070474ff0ff304b
:021a8600f8e77f
:020000040000fa
:020000040c03eb
:101a880008b5084b1b684bb1074bd3f8e8328342c3
:101a980006d90146054801f037fa08bd0020fce7e1
:101aa8000020fae7180e072028010720080407205d
:020000040000fa
:020000040c03eb
:101ab80008b5094b1b7813b1012b07d008bd07489f
:101ac800fef76cfa044b01221a70f7e7fcf7a8fe40
:101ad8000020f9f759fbf1e7880e072000120620cd
:020000040000fa
:020000040c03eb
:101ae80008b5084802f00cf800f096fb01f0e6fa99
:101af8004ff0ff33044a1360044a1360002001f0da
:101b08009ffe08bdf433030c200e07201c0e07208f
:020000040000fa
:020000040c03eb
:101b180070b506460d46f8f7fefb86f8e80980b270
:101b28006b1e13f0ff050ad0400084b23046f8f768
:101b3800f2fb204480b26b1e13f0ff05f4d170bd98
:020000040000fa
:020000040c03eb
:101b480010b504460c3001f0a3fe2046fef7c2ff94
:101b58002046fcf7eff8d4f88800fdf773fbd4f8bb
:101b68008c00fdf76ffbd4f89000fdf76bfb10bd00
:020000040000fa
:020000040c03eb
:101b780030b583b0094d2b4653f8102bd2f894405a
:101b8800106802eb0414a26dc169406a143500950f
:101b9800faf7fcf9e06503b030bd00bfa00c0720e0
:020000040000fa
:020000040c03eb
:101ba800f0b583b005460e461746684601f0f6faca
:101bb800bdf90210bdf90000044b1c6800233a4629
:101bc800711a281aa04703b0f0bd00bfd00a072039
:020000040000fa
:020000040c03eb
:101bd800f8b505460368db69984778b106460127da
:101be80000242b689b692146284698470a2808bf85
:101bf80001370134a642f4d13846f8bd0127fbe786
:020000040000fa
:020000040c03eb
:101c080038b5c36e8b4211d00d46044690f8543057
:101c18001bb1036dd3f8e0309847e56694f854306b
:101c280023b1236dd3f8e03020469847002038bd13
:020000040000fa
:020000040c03eb
:101c380010b50446437e012b05d0022b08d0204660
:101c4800fbf718f910bd054b1968fef7a7fef6e774
:101c5800024b1968fdf746fbf1e700bf480e072065
:020000040000fa
:020000040c03eb
:101c680010b50446437e012b05d0022b08d0204630
:101c7800faf7dafe10bd054b1968fef78ffef6e796
:101c8800024b1968fdf72efbf1e700bf4c0e072049
:020000040000fa
:020000040c03eb
:101c980010b50446437e012b06d0022b09d0012340
:101ca800e3770023a36210bd044b1968fef776fea4
:101cb800f5e7024b1968fdf715fbf0e7500e072012
:020000040000fa
:020000040c03eb
:101cc80030b400eb4004094b03eb84031b7adbb20e
:101cd800834201d030bc7047044b44002518ad0046
:101ce8005951204403eb80035a60f3e7c8070720e3
:020000040000fa
:020000040c03eb
:101cf8000a4b5b8b13f0070f0ed0084b80221a7625
:101d080007225a831b7e13f0040f05d0034b9a6aef
:101d18001a7e12f0040ffad1704700bf0040004647
:020000040000fa
:020000040c03eb
:101d280010b50024074b1c604ff40072214606488a
:101d380001f044fe68222146044801f03ffe204697
:101d480010bd00bf74150620701306200813062066
:020000040000fa
:020000040c03eb
:101d580053b94ab9002908bf00281cbf4ff0ff310a
:101d68004ff0ff3002f060b9adf1080c6de904ce18
:101d7800f2f728f8ddf804e0dde9022304b0704743
:020000040000fa
:020000040c03eb
:101d8800064b1a680ab9064a1a60064a116809b960
:101d9800054911601a68054b1a607047fc0d072049
:101da800d0bb0720f80d0720d0bd0720f40d072071
:020000040000fa
:020000040c03eb
:101db800d0f8803073b110b400f1800200230133f1
:101dc80052f8044f002cfad1203340f823105df864
:0e1dd800044b70470023203340f8231070475f
:020000040000fa
:020000040c03eb
:101de60012f0030f10d110b442600161816100232b
:101df6004b608b60cb60103a0a6001220a73027056
:0e1e060018465df8044b70474ff0ff307047f0
:020000040000fa
:020000040c03eb
:101e140038b505460368d3f8243198470023eb7797
:101e2400ab6c5bb100246b6c53f824000368d3f8eb
:0e1e3400183198470134ab6ca342f4d838bd86
:020000040000fa
:020000040c03eb
:021e42007047e7
:020000040000fa
:020000040c03eb
:101e4400830203f47842030403f07843410301f46a
:101e540078010b4300f00100002818bfff2018434d
:0c1e6400024301481043704700070707c5
:020000040000fa
:020000040c03eb
:101e7000020202f47802430103f478438100c9b2fc
:101e800000f00100002818bf4ff07f4013430343c8
:0c1e90000b430148184370470707070088
:020000040000fa
:020000040c03eb
:101e9c0042f2107303fb00f090fbf1f111f1950f7e
:101eac0007db3231044880fb0130c917c1eb6010ed
:0c1ebc0070470020704700bf1f85eb51ed
:020000040000fa
:020000040c03eb
:101ec80038b50c4638b1054601f0fcfa04eb0010b1
:101ed80055f8200038bd01f0f5fa04eb0010024b6c
:0c1ee80053f82000f6e700bfe42f020cc6
:020000040000fa
:020000040c03eb
:101ef400b53f030cb53f030cb53f030cb53f030cd2
:101f0400b53f030cb53f030cb53f030c7138030c0c
:0c1f1400293b030cb53f030c000000004b
:020000040000fa
:020000040c03eb
:101f200008b50268137c073bdbb2022b0ad8936b1f
:101f300053b1fff777fbb0f1ff3f4ff0ff3018bf11
:0c1f4000002000e0002008bd0020fce7ad
:020000040000fa
:020000040c03eb
:101f4c0010b50368d3f89830074ad360116900685c
:101f5c0050f8982b926b54680a4601fb034101f030
:0c1f6c00a7f9002010bd00bf200d0720c9
:020000040000fa
:020000040c03eb
:101f780043692bb18b4203d89b680bb19942fbd2c2
:101f880082694ab1914203d392682ab19142fbd245
:0c1f98000bb1934200d913461846704765
:020000040000fa
:020000040c03eb
:101fa40008b54369c3f380028a420cd041b923f0d7
:101fb400040343610368d3f8dc309847002008bd6c
:0c1fc40043f00403f5e74ff0ff30f8e7ae
:020000040000fa
:020000040c03eb
:101fd00008b5436903f001028a420cd041b923f0ed
:101fe000010343610368d3f8dc309847002008bd43
:0c1ff00043f00103f5e74ff0ff30f8e785
:020000040000fa
:020000040c03eb
:101ffc0008b54369c3f340028a420cd041b923f0bf
:10200c00020343610368d3f8dc309847002008bd15
:0c201c0043f00203f5e74ff0ff30f8e757
:020000040000fa
:020000040c03eb
:1020280008b5084b9a8992b207494a604cf2ff32c8
:102038009a819b890b6823b10b46486889681b689d
:0c204800984708bd00200744e80d072061
:020000040000fa
:020000040c03eb
:1020540007ee900af8ee676a07ee901af8ee677ad0
:1020640086eea77a07ee902af8ee677a67ee877a0b
:0a207400fceee77a17ee900a7047c1
:020000040000fa
:020000040c03eb
:10207e0070b505460e460368d3f8ec309847ab6c46
:10208e0053b100246b6c314653f82400fff7f0ff78
:0a209e000134ab6ca342f5d870bd0d
:020000040000fa
:020000040c03eb
:1020a80090b170b5064604684cb125686068fdf7c4
:1020b800c9f82046fdf7c6f82c46002df5d10023b7
:0a20c800b3603360736070bd7047b1
:020000040000fa
:020000040c03eb
:1020d200f0b406461868476802fb01f058b1751e55
:1020e200421e16449c6b3c5d05f8014f9c6b01340b
:0a20f2009c63b542f6d1f0bc7047c4
:020000040000fa
:020000040c03eb
:1020fc0011b9002000b2704738b50d460446fff701
:10210c0005fd94f8e8390bb100b238bd4ff6ff73fa
:0a211c00ab401843013000b2f7e7b2
:020000040000fa
:020000040c03eb
:102126008ab12de9f041164688460746002528461d
:1021360044004146384601f072f920430135ae426b
:0a214600f6d1bde8f08110467047a5
:020000040000fa
:020000040c03eb
:1021500030b583b004460d46684601f023f8bdf95a
:102160000030e41abdf90230ed1a00f04dfb2a46aa
:0a2170002146fef70df803b030bd64
:020000040000fa
:020000040c03eb
:10217a0081b170b50d46164600f144042046fff7ba
:10218a0032fab0f1ff3f04d02a4631462046fdf725
:0a219a000efa70bd4ff0ff307047e1
:020000040000fa
:020000040c03eb
:1021a4002de9f0410024804617460e462546bd42df
:1021b40002db2046bde8f081726856f8081b4046f1
:0a21c40000f0effe01350444f1e7de
:020000040000fa
:020000040c03eb
:1021ce002de9f0410024804617460e462546bd42b5
:1021de0002db2046bde8f081726856f8081b4046c7
:0a21ee0001f057f801350444f1e751
:020000040000fa
:020000040c03eb
:1021f80003780a2b0cd010b4446804fb02125b016c
:102208000449c958406901fb02005df8044b704756
:08221800002070472872020c3f
:020000040000fa
:020000040c03eb
:1022200008b50021054801f069f90121044801f0d1
:1022300065f90221034801f061f908bd3412062056
:08224000501206206c1206206a
:020000040000fa
:020000040c03eb
:10224800030001000010000000180000002000003a
:102258000500466173742e000600536d6172742e7a
:082268000500456173792e00a9
:020000040000fa
:020000040c03eb
:1022700008b50368da6a12f0040f04d05a6b12b181
:10228000fbf758fc08bd1a7c531fdbb2012bf7d9b2
:08229000032af5d00020f5e758
:020000040000fa
:020000040c03eb
:10229800036803f11002203393420bd301f11000bd
:1022a800521a2f2a88bf2f2894bf0120002080f0bf
:0822b80001007047002070478f
:020000040000fa
:020000040c03eb
:1022c00038b590f864308b420cd00d460446036d4f
:1022d000d3f8e030984784f86450236dd3f8e030a9
:0822e00020469847002038bd9c
:020000040000fa
:020000040c03eb
:1022e80010b50446fbf750fb064b23602365022319
:1022f80023726423e38123820023637601222276fa
:08230800636510bd147f020c97
:020000040000fa
:020000040c03eb
:1023100010b50446fbf73cfb064b23602365032303
:1023200023726423e3811923238200236376a37637
:08233000636510bd5080020c32
:020000040000fa
:020000040c03eb
:10233800034668b1426912f0040f0bd11b6c2bb134
:102348005a6912f0040ff9d0012070470020704735
:082358000020704701207047ce
:020000040000fa
:020000040c03eb
:1023600010b5044603689b6b9847012804d0207e73
:10237000003018bf012010bd23685b6c20469847d1
:08238000fe28f4d80020f6e766
:020000040000fa
:020000040c03eb
:1023880008b5437e012b09d8437f8b4209d041779a
:102398000368d3f8dc309847002008bd4ff0ff30c1
:0823a800fbe74ff0ff30f8e7fe
:020000040000fa
:020000040c03eb
:1023b000054b064a1a60064a9a60064a5a604ff46c
:1023c0008052da60704700bf00008b450500101096
:0823d0000600030002061010d4
:020000040000fa
:020000040c03eb
:1023d800074b93f820305bb23bb9064b588b00f0a3
:1023e8003000103818bf012070470120704700bf27
:0823f800f80b072000408045ae
:020000040000fa
:020000040c03eb
:1024000038b50546fef780ff044648b12846fef77a
:10241000d1fc38b1047de4b20022027500f060fa0c
:08242000204638bd0024f9e755
:020000040000fa
:020000040c03eb
:1024280090f948305a1e1343426880f8483012f039
:1024380004031bbf42f010024260c0e90f334ff0a3
:08244800ff3008bf1846704781
:020000040000fa
:020000040c03eb
:1024500008b50378022b08d0032b09d0012b01d03b
:10246000002008bdf8f782f8fbe7fdf7b3fef8e7b8
:06247000fdf7d2fef5e7c6
:020000040000fa
:020000040c03eb
:1024760038b504460d46104601f0fdfa04f0070390
:1024860000fb03f30733e40800fb04f000ebd30082
:0624960005fb00f038bd5b
:020000040000fa
:020000040c03eb
:10249c0038b505460c46104601f0eafa04fb05f186
:1024ac0001f0070300fb03f30733c90800fb01f03d
:0624bc0000ebd30038bd67
:020000040000fa
:020000040c03eb
:1024c20008b503689a6b1ab1117c427a914206d020
:1024d2001a7c437a9a4204d0fdf713fa08bd002011
:0624e200fce70020fae710
:020000040000fa
:020000040c03eb
:1024e80000b589b00190029103928df810300a9bd3
:1024f80005930b9b06930023079301a8f3f782f833
:0625080009b05df804fbc0
:020000040000fa
:020000040c03eb
:10250e0010b584b004466a4602a9f8f736ff02a950
:10251e00204600f0d8fc236dd3f82c3102a92046ba
:06252e00984704b010bd47
:020000040000fa
:020000040c03eb
:1025340071b138b50d460446006c18b103685b6f81
:10254400214698472b68db6e21462846984738bdbc
:062554004ff0ff3070475c
:020000040000fa
:020000040c03eb
:10255a0038b504460d46036b1bb1426b98470128f8
:10256a0008d0a36b2bb1e26b294620469847012875
:06257a0000d0002038bd76
:020000040000fa
:020000040c03eb
:102580000c000000180000002400000030000000d3
:102590003c000000480000005e00000064000000f5
:0425a0000000000037
:020000040000fa
:020000040c03eb
:1025a4004b1fdbb2012b03d9032901d0ff20704755
:1025b400034b03eb41118b691840cb7fd840704724
:0425c4002872020c6b
:020000040000fa
:020000040c03eb
:1025c800030c03f47843420b02f4f8621343820ac3
:1025d80002f03e02134310f0ff0f0cbf184643f001
:0425e8000100704737
:020000040000fa
:020000040c03eb
:1025ec00030a03f47843420902f4f86213438208a5
:1025fc0002f03e02134310f0ff0f0cbf184643f0dd
:04260c000100704712
:020000040000fa
:020000040c03eb
:1026100010b53ab1642a06d0884206d0044c54f86a
:102620002330984710bd0846fce70846fae700bf8c
:04263000c4ba072001
:020000040000fa
:020000040c03eb
:1026340010b5faf787ff064c2060fdf795fe606041
:10264400fef7bcfca060fcf749fbe06010bd00bfd6
:04265400240c07202b
:020000040000fa
:020000040c03eb
:1026580010b5064900248c60c46204630860044b0a
:102668004b60fff7a5fb204610bd00bf340d0720c7
:0426780085d3020cf8
:020000040000fa
:020000040c03eb
:10267c0010b5074b1a68936f02eb031304681068cc
:10268c009a6b596b1030fdf77dfde067002010bd93
:04269c00800d072086
:020000040000fa
:020000040c03eb
:1026a00006280bd8dfe800f00c0a040c060a080024
:1026b00003207047022070470420704700207047b5
:0426c000012070473e
:020000040000fa
:020000040c03eb
:1026c40038b5041f00f13c0506e0fff7f9ff206868
:1026d400fcf7bafdac4204d054f8040f0028f4d13e
:0426e400f8e738bd1e
:020000040000fa
:020000040c03eb
:1026e80070b5044601f004f805460830204400f0af
:1026f800ffff0646291d201dfef7b2fc301a18bf41
:04270800012070bd7f
:020000040000fa
:020000040c03eb
:10270c0010b5064b0024194641f8084943f8080c4b
:10271c00034b4b60fff780f9204610bdb01206202a
:04272c006d31030cfc
:020000040000fa
:020000040c03eb
:1027300010b5064900248c60012280f8a9200860a9
:10274000034b4b60fff76ef9204610bd14050720c0
:04275000d910030c8d
:020000040000fa
:020000040c03eb
:1027540010b5074b1b68d3f8944003eb04141868b6
:10276400626d216d1030fdf711fde06510bd00bff5
:04277400a00c07208e
:020000040000fa
:020000040c03eb
:1027780010b5064900248c60cc600c610860044bdd
:102788004b60fff74bf9204610bd00bf0c0a07202d
:04279800197a020c9c
:020000040000fa
:020000040c03eb
:10279c0010b5064900248c608464c4640860044b42
:1027ac004b60fff739f9204610bd00bfc40d072060
:0427bc00b5d1020c85
:020000040000fa
:020000040c03eb
:1027c00010b5064900248c608464c4640860044b1e
:1027d0004b60fff727f9204610bd00bfc40d07204e
:0427e000c9e0020c3e
:020000040000fa
:020000040c03eb
:1027e4000346c06968b10268da611a69013a1a617c
:1027f4000ab90021d96159688a1a59698a4288bf7d
:042804005a6170475e
:020000040000fa
:020000040c03eb
:10280800064b186cb0f1ff3f05d0c0eb0010044b2d
:1028180003eb800070470020704700bfb412062009
:04282800600a07201b
:020000040000fa
:020000040c03eb
:10282c0010b50c46054b1b6cc3eb03130246044955
:10283c0011f82310204600f007fc10bdb41206203e
:04284c00600a0720f7
:020000040000fa
:020000040c03eb
:1028500010b582b00446064b1b689b68694603208e
:102860009847009b2360019b636002b010bd00bfce
:04287000b412062078
:020000040000fa
:020000040c03eb
:1028740038b5836e8b420bd00d460446036dd3f8f6
:10288400e0309847a566236dd3f8e030204698479a
:04289400002038bd2b
:020000040000fa
:020000040c03eb
:1028980038b5837e8b420bd00d4604460368d3f8c7
:1028a800e0309847a5762368d3f8e030204698476b
:0428b800002038bd07
:020000040000fa
:020000040c03eb
:1028bc0038b5c37e8b420bd00d4604460368d3f863
:1028cc00e0309847e5762368d3f8e0302046984707
:0428dc00002038bde3
:020000040000fa
:020000040c03eb
:1028e00010b5074c94f82110b4f9080000f0a4fad0
:1028f00094f8203013b9012284f8282010bd00bfbd
:04290000a00a072002
:020000040000fa
:020000040c03eb
:1029040000b583b04ff0ff33019301a9fcf7dcfd60
:1029140020b9019800f050fe0028fad003b05df809
:0229240004fbb2
:020000040000fa
:020000040c03eb
:1029260008b5002902da11f5b471fcd4b1f5b47f0b
:1029360004dda1f5b471b1f5b47ffadcfef7d3fd81
:0229460008bdca
:020000040000fa
:020000040c03eb
:1029480038b504460d464168013100f0c6fe03461d
:1029580028b123686268134403f8015c0123184610
:0229680038bd78
:020000040000fa
:020000040c03eb
:10296a0010b50446c37f4bb1e37f012b05d0a36aa0
:10297a0020469847e37f012bf9d110bdf8f739ffbc
:02298a00f2e772
:020000040000fa
:020000040c03eb
:10298c0010b50446c37f4bb1e37f012b05d0a36a7e
:10299c0020469847e37f012bf9d110bdfaf768fa6e
:0229ac00f2e750
:020000040000fa
:020000040c03eb
:1029ae0010b50446c37f4bb1e37f012b05d0a36a5c
:1029be0020469847e37f012bf9d110bdfaf731f885
:0229ce00f2e72e
:020000040000fa
:020000040c03eb
:1029d00008b5037f8b4209d0ff2928bfff2101776b
:1029e0000368d3f8dc309847002008bd4ff0ff3073
:0229f000fbe703
:020000040000fa
:020000040c03eb
:1029f20008b500230b604b6050b10246034653f802
:102a02000a0f5b6808604b60106c08b100f061fa55
:022a120008bdfd
:020000040000fa
:020000040c03eb
:102a140070b582b004460d46164603689b6e69463f
:102a240098473346627f29466846f2f7d8fe02b0db
:022a340070bd73
:020000040000fa
:020000040c03eb
:102a360038b5037e012b00d038bd0d460446002173
:102a4600c06afff73efa2a4601462046fef7e2fc38
:022a5600f2e7a5
:020000040000fa
:020000040c03eb
:102a5800030403f460038201d2b21343c00200f4fa
:102a68006040034301481843704700bf1f1f1f0001
:020000040000fa
:020000040c03eb
:102a7800030603f06043820392b21343c00400f4d8
:102a88006000034301481843704700bfff1f1f1f22
:020000040000fa
:020000040c03eb
:102a9800030403f460038201d2b21343c00200f4ba
:102aa8006040034301481843704700bf1f1f1fffc2
:020000040000fa
:020000040c03eb
:102ab800030203f478038200d2b21343400100f406
:102ac8007840034301481843704700bf07070700d1
:020000040000fa
:020000040c03eb
:102ad80060b110b5044602fb01f3c068834201d31c
:102ae800002010bd2046fdf74ffbfae70020704795
:020000040000fa
:020000040c03eb
:102af80008b50278044b03eb42131a7a034b53f8d8
:102b08002230984708bd00bf2872020c30bb07204e
:020000040000fa
:020000040c03eb
:102b180008b538b142688a4207d932b1fdf77dff5e
:102b2800002008bd4ff0ff30fbe74ff0ff30f8e71b
:020000040000fa
:020000040c03eb
:102b380008b538b142688a4207d932b1fbf7eafdd5
:102b4800002008bd4ff0ff30fbe74ff0ff30f8e7fb
:020000040000fa
:020000040c03eb
:102b580058b110b50446006818b1fcf773fb0023a0
:102b680023600020a060606010bd4ff0ff30704708
:020000040000fa
:020000040c03eb
:102b780010b5054900248c600860044b4b60fff7d2
:102b880017f9204610bd00bff40607206b3a030c66
:020000040000fa
:020000040c03eb
:102b980010b5054900248c600860044b4b60fff7b2
:102ba80007f9204610bd00bf940c0720cd36030c52
:020000040000fa
:020000040c03eb
:102bb80010b5054900248c600860044b4b60fff792
:102bc800f7f8204610bd00bf800d07207d26030cb6
:020000040000fa
:020000040c03eb
:102bd80010b5044600f097fd04f1200000f042fc17
:102be80004f14000fdf7def80123c4f8e03010bd21
:020000040000fa
:020000040c03eb
:102bf80010b50468d4f89820617a044b187b00f06b
:102c080025fac4f89800002010bd00bf400d072029
:020000040000fa
:020000040c03eb
:102c180010b5064b1b68d3f8944003eb04141868ee
:102c2800a16d1030fff764ffe06510bda00c072010
:020000040000fa
:020000040c03eb
:102c380010b5054900248c600860044b4b60fef712
:102c4800edfe204610bd00bf8c0b0720cdac020c5a
:020000040000fa
:020000040c03eb
:102c580010b5054900248c600860044b4b60fef7f2
:102c6800ddfe204610bd00bf4c0b0720a30e030c51
:020000040000fa
:020000040c03eb
:102c780010b5054900248c600860044b4b60fef7d2
:102c8800cdfe204610bd00bf0c0d0720653d030c8e
:020000040000fa
:020000040c03eb
:102c980010b5054900248c600860044b4b60fef7b2
:102ca800bdfe204610bd00bf6c0d0720f5e1020ceb
:020000040000fa
:020000040c03eb
:102cb80010b5054900248c600860044b4b60fef792
:102cc800adfe204610bd00bfd00d07209d34030c7b
:020000040000fa
:020000040c03eb
:102cd80010b5054900248c600860044b4b60fef772
:102ce8009dfe204610bd00bfdc0d0720b534030c47
:020000040000fa
:020000040c03eb
:102cf80010b50446fef700f8034608b1184610bda3
:102d080021460248f8f7e8fa0346f7e7700c07206f
:020000040000fa
:020000040c03eb
:102d1800064a136901331361526a526b934234bff6
:102d280003230923014a82f828307047b412062089
:020000040000fa
:020000040c03eb
:102d380000b583b00090019169460448fdf74efd47
:102d4800b0fa80f0400903b05df804fbcc1206200d
:020000040000fa
:020000040c03eb
:102d5800024650b149b1cb88808a1b1a9bb2cb80fe
:102d6800d28a1344cb80002070474ff0ff30704761
:020000040000fa
:020000040c03eb
:102d780038b5436d8b4209d00d4604460bb1fef7ba
:102d8800dff9656515b12046fef7daf9002038bd90
:020000040000fa
:020000040c03eb
:102d980008b538b131b1096c31b1814206d0fff7bd
:102da800f7ff08bd0020fce70020fae70120f8e75c
:020000040000fa
:020000040c03eb
:102db80038b505460c4600f0a7ff012800d038bdfd
:102dc8002846fbf70bff01462046faf763faf6e7b9
:020000040000fa
:020000040c03eb
:102dd80008b54ff0894302225a615b69034bdb68ef
:102de8001bb1024b1869db68984708bdc807072064
:020000040000fa
:020000040c03eb
:102df80008b54ff0894304225a615b69034b9b690c
:102e08001bb1024bd8699b69984708bdc8070720c2
:020000040000fa
:020000040c03eb
:102e1800064b022283f82221012283f8272140f25f
:102e28001c421a6227229a62704700bf000086443b
:020000040000fa
:020000040c03eb
:102e3800002800db01b97047420900f01f00012398
:102e480003fa00f0014b43f82200f4e700e100e048
:020000040000fa
:020000040c03eb
:102e580008b5fcf7b7f8054b9868edf769f9fef780
:102e680027fef5f777ff00f09bfc08bdfc12062053
:020000040000fa
:020000040c03eb
:102e780010b5054c22680ab9fef782ff034b1868a3
:102e88002368c01a10bd00bff40d0720f80d0720f5
:020000040000fa
:020000040c03eb
:102e9800030203f46043c20002f0180213438001e6
:0e2ea80000f4e060034341f6e3001843704776
:020000040000fa
:020000040c03eb
:102eb600030203f46043020102f03002134380016f
:0e2ec60000f4e060034341f6c6001843704775
:020000040000fa
:020000040c03eb
:102ed400034658b151b10a88588902440a804a8885
:0e2ee400988902444a801b6c002bf4d1704781
:020000040000fa
:020000040c03eb
:102ef20050b110b50446006808b1fcf7a6f90020ed
:0e2f02002060a060606010bd4ff0ff3070478f
:020000040000fa
:020000040c03eb
:102f100060b182688a4208d9026821b10023126830
:0e2f200001339942fbd1506870470020704782
:020000040000fa
:020000040c03eb
:102f2e004b684bb18a689a608b680bb14a685a60dd
:0e2f3e0000238b604b6070478b680360f4e7e4
:020000040000fa
:020000040c03eb
:102f4c0070b504460d461646fff758fc331c18bfe7
:0e2f5c0001232a462146fbf709fc002070bd28
:020000040000fa
:020000040c03eb
:102f6a0010b584b004466a4602a9f6f7bfff236d7e
:0e2f7a00d3f82c3102a92046984704b010bdb0
:020000040000fa
:020000040c03eb
:102f880010b582b0044603689b6e6946984723686b
:0e2f9800d3f82c3169462046984702b010bd90
:020000040000fa
:020000040c03eb
:102fa60058b952b138b50c46012529462046fcf7da
:0e2fb60012fa0028f9d0012038bd0020704723
:020000040000fa
:020000040c03eb
:102fc40010b50023934206d113f0030018bf01206b
:0e2fd40000eb930010bdc45ccc540133f2e757
:020000040000fa
:020000040c03eb
:102fe20010b584b001240394069c029401930092cc
:0c2ff20000231a46f1f713fd04b010bdd7
:020000040000fa
:020000040c03eb
:10300000436803fb021203785b010349c958406916
:0c30100001fb0200704700bfc870020cfa
:020000040000fa
:020000040c03eb
:10301c00830803f03e03020202f478421343c0001b
:0c302c0000f4f860184340f00100704709
:020000040000fa
:020000040c03eb
:10303800030a03f47843820802f03e02134340096e
:0c30480000f4f860184340f001007047ed
:020000040000fa
:020000040c03eb
:1030540008b500eb800300eb43000844024b53f82f
:0c30640020301046984708bd94b60720a5
:020000040000fa
:020000040c03eb
:10307000b0f5b47f04dba0f5b470b0f5b47ffada34
:0c308000002802da10f5b470fcd4704790
:020000040000fa
:020000040c03eb
:10308c0030b108b501460448fdf716fe002008bd16
:0c309c004ff0ff30704700bf500d0720c0
:020000040000fa
:020000040c03eb
:1030a80010b5054c24220021204600f087fc01239e
:0c30b8002370002010bd00bf4c0c07204e
:020000040000fa
:020000040c03eb
:1030c400054b1b78012b04d0034b01221a700020fe
:0c30d40070474ff0ff307047890e072056
:020000040000fa
:020000040c03eb
:1030e00008b5054b18680368db6ab0f91020b0f921
:0c30f0000e10984708bd00bf240e0720fa
:020000040000fa
:020000040c03eb
:1030fc0008000000080000000400000004000000ac
:0c310c00020000000200000001000000b2
:020000040000fa
:020000040c03eb
:10311800080000000800000008000000040000008b
:0c31280004000000020000000200000093
:020000040000fa
:020000040c03eb
:103134000000000004000000000000000200000085
:0c3144000000000001000000000000007e
:020000040000fa
:020000040c03eb
:10315000000000000000000004000000000000006b
:0c31600002000000000000000100000060
:020000040000fa
:020000040c03eb
:10316c0003681a68d3f89810126b914201d00020b2
:0c317c0070474ff0ff32c3f8ec20f8e77a
:020000040000fa
:020000040c03eb
:1031880010b582b0059c0194049c0094024ce4683c
:0c319800a04702b010bd00bfd00a072005
:020000040000fa
:020000040c03eb
:1031a400054b596a1a690b6b03ebc2031a685b6817
:0c31b40002604360704700bfb4120620a8
:020000040000fa
:020000040c03eb
:1031c00038b50d4611461a46034b53f82040049b70
:0c31d0002846a04738bd00bf90bb072078
:020000040000fa
:020000040c03eb
:1031dc0038b5054600f044fe0468ad6900f040fec9
:0c31ec00426829462046fdf7a3fd38bdcf
:020000040000fa
:020000040c03eb
:1031f8001432030cdc0c0720010000000200000060
:0c320800280907206039030c6400000056
:020000040000fa
:020000040c03eb
:103214009912030c2917030c5d17030c5dff020cb4
:0c322400e93d030cb991020cdd3d030ce8
:020000040000fa
:020000040c03eb
:10323000000000000000000000000000c192020c2d
:0c324000d5de020c00000000e0011001cf
:020000040000fa
:020000040c03eb
:10324c0030b4054b44002518ad005951044403eb30
:0c325c0084035a6030bc7047f40c07205b
:020000040000fa
:020000040c03eb
:10326800054a138823f002031b041b0c13801369ff
:0c32780013f0020ffbd170470020074448
:020000040000fa
:020000040c03eb
:10328400054b1b6b13f0800f03d1034bd866012051
:0c32940070470020704700bf00408146da
:020000040000fa
:020000040c03eb
:1032a00038b50d461446012801d0204638bd2146c8
:0c32b0002846fdf76bf90028f9d0f6e77e
:020000040000fa
:020000040c03eb
:1032bc005ab110b40a44431e11f8014b03f8014fe4
:0c32cc009142f9d15df8044b7047704747
:020000040000fa
:020000040c03eb
:1032d80010b584b002240394069c0294002401943f
:0a32e8000094f1f799fb04b010bd4b
:020000040000fa
:020000040c03eb
:1032f200030403f07843c20292b21343400300f482
:0a3302007c00184340f0ff00704704
:020000040000fa
:020000040c03eb
:10330c00030203f47803c200d2b21343400100f469
:0a331c007c40184340f07f407047ea
:020000040000fa
:020000040c03eb
:1033260038b502fb01f5c468a54203d2fbf721fac2
:0a333600002038bd4ff0ff30fbe728
:020000040000fa
:020000040c03eb
:1033400010b582b00346046a012211460df1070050
:0a335000a0479df8070002b010bd71
:020000040000fa
:020000040c03eb
:10335a0030b583b0069c65681db10094a84703b0d8
:0a336a0030bd0094f6f725f9f9e7ed
:020000040000fa
:020000040c03eb
:1033740070b504460d461646fff744fa33462a460e
:0a3384002146fbf7f7f9002070bda9
:020000040000fa
:020000040c03eb
:10338e0038b504460d4643699b6d9847a561636940
:0a339e00db6d20469847002038bd83
:020000040000fa
:020000040c03eb
:1033a80000230b604b60034630b1026c22b153f826
:0a33b8000a2f5b680a604b60704743
:020000040000fa
:020000040c03eb
:1033c200430c03f07003020a02f0e0021343000907
:0833d20000f00c0018437047e5
:020000040000fa
:020000040c03eb
:1033da0001f00703c9084269505c80221a41104073
:0833ea00c3f10703d84070474e
:020000040000fa
:020000040c03eb
:1033f400000000004822030c280000004822030caf
:08340400c0bb0720000000001e
:020000040000fa
:020000040c03eb
:10340c00b93f030cbd3f030c177a020cc13f030cf0
:08341c00ff3e030cc53f030c49
:020000040000fa
:020000040c03eb
:103424000368da088a5cd94301f007010a410133d1
:08343400036002f00100704783
:020000040000fa
:020000040c03eb
:10343c0010b504460068fbf703ff6068fbf700ff5c
:08344c00a068fbf7fdfe10bdb6
:020000040000fa
:020000040c03eb
:1034540010b50446002020600121f3f77dfd10b172
:0834640000220270206010bd7f
:020000040000fa
:020000040c03eb
:10346c0000230361c3618361436106220270082259
:08347c0042608360c3607047e9
:020000040000fa
:020000040c03eb
:103484000368d3f8982012f0010f03d14ff0ff32f4
:08349400c3f8ec200020704792
:020000040000fa
:020000040c03eb
:10349c0008b50068d0f89c30d0f89820016ac06953
:0834ac00fef708f9002008bd3d
:020000040000fa
:020000040c03eb
:1034b40008b501684868d1f898300a6ac9691030bb
:0834c400fbf758f9002008bdd8
:020000040000fa
:020000040c03eb
:1034cc00034b1b6cc3eb0313024a12f82300704727
:0834dc00b4120620600a07206b
:020000040000fa
:020000040c03eb
:1034e40008b501460348fbf7bffdb0fa80f0400978
:0834f40008bd00bfcc12062048
:020000040000fa
:020000040c03eb
:1034fc0038b504460d46034b0360436100f03efcb7
:08350c00a56138bd10d3020ccb
:020000040000fa
:020000040c03eb
:1035140010b50446034b1968fff78bfa2046f9f7f8
:08352400abfc10bd480e0720ae
:020000040000fa
:020000040c03eb
:10352c0010b50446034b1968fff77ffa2046f9f7ec
:08353c0079fa10bd4c0e0720c6
:020000040000fa
:020000040c03eb
:1035440048b110b504460368d3f8103198472046b3
:08355400fbf77afe10bd704781
:020000040000fa
:020000040c03eb
:10355c00044a138843f002031380136913f0020f1b
:08356c00fbd170470020074469
:020000040000fa
:020000040c03eb
:10357400044a136843f002031360936813f0020fc4
:08358400fbd170470000014576
:020000040000fa
:020000040c03eb
:10358c00044a136843f002031360936813f0020fac
:08359c00fbd17047002001453e
:020000040000fa
:020000040c03eb
:1035a400044a136843f002031360936813f0020f94
:0835b400fbd170470040814685
:020000040000fa
:020000040c03eb
:1035bc0038b50546fef71eff044608b9204638bd4f
:0835cc002846fdf70ffcf9e7aa
:020000040000fa
:020000040c03eb
:1035d40003783bb1034600bf13f8012f002afbd147
:0835e400181a704718467047e1
:020000040000fa
:020000040c03eb
:1035ec0010b50446fef71aff28b9a368e268c4e9cf
:0835fc0005331344a36210bd66
:020000040000fa
:020000040c03eb
:10360400044a136823b91060036101600120704704
:0836140000207047640e07203e
:020000040000fa
:020000040c03eb
:10361c00030203f47842c30003f4fc631343c0f3c6
:06362c00c40018437047c2
:020000040000fa
:020000040c03eb
:10363200030a03f0e003820902f01c021343c0f301
:06364200c10018437047af
:020000040000fa
:020000040c03eb
:10364800430003f03e0320f03f000004000c184341
:0636580040f00100704784
:020000040000fa
:020000040c03eb
:10365e00030203f47803420102f47c421343c000d8
:06366e00c0b218437047d2
:020000040000fa
:020000040c03eb
:10367400030a03f0e003820902f01c021343c0f3bf
:063684000110184370471d
:020000040000fa
:020000040c03eb
:10368a00030a03f47843420902f4fc621343c0f3c9
:06369a00c4001843704754
:020000040000fa
:020000040c03eb
:1036a000030e03f0e003c20c02f01c021343c0f34c
:0636b00081301843704751
:020000040000fa
:020000040c03eb
:1036b600030c03f47843420b02f4fc621343c0f399
:0636c600c4201843704708
:020000040000fa
:020000040c03eb
:1036cc0008b501684868cb6f0a6ac9691030fbf706
:0636dc004df8002008bdbe
:020000040000fa
:020000040c03eb
:1036e20038b504460d46fef76af9034608b165602f
:0636f2000123184638bd5b
:020000040000fa
:020000040c03eb
:1036f800027843781b0443ea0263c2781343807854
:0637080043ea00207047b7
:020000040000fa
:020000040c03eb
:10370e000123436183610023c3610361036043604e
:06371e008360c3607047e8
:020000040000fa
:020000040c03eb
:1037240008b50368db6a13f0010f01d1002008bd5e
:06373400fef7eafffbe7cf
:020000040000fa
:020000040c03eb
:10373a0008b5c36a8b4204d0c1620368d3f8dc308f
:06374a009847002008bdb5
:020000040000fa
:020000040c03eb
:1037500008b5437e8b4204d041760368d3f8283104
:063760009847002008bd9f
:020000040000fa
:020000040c03eb
:1037660008b5037e8b4204d001760368d3f8dc30bb
:063776009847002008bd89
:020000040000fa
:020000040c03eb
:10377c0010b5044600f074fbd0f8d402a04214bf7c
:06378c000020012010bd29
:020000040000fa
:020000040c03eb
:103792000068002808b501da002008bdfcf7e1f94d
:0637a200431cfad1f8e718
:020000040000fa
:020000040c03eb
:1037a800034b1b7813b9024b01221a70704700bff4
:0437b80000000220eb
:020000040000fa
:020000040c03eb
:1037bc00c0f3440320f03f000004000c184340f019
:0437cc002000704722
:020000040000fa
:020000040c03eb
:1037d0004b084269d05c11f0010f14bf00f00f00dc
:0437e0000009704725
:020000040000fa
:020000040c03eb
:1037e40010b5034c204600f00ff80020e06010bd37
:0437f400500d07204d
:020000040000fa
:020000040c03eb
:1037f800034620b1002018605860986070474ff069
:04380800ff307047d6
:020000040000fa
:020000040c03eb
:10380c00034620b1002018605860986070474ff054
:04381c00ff307047c2
:020000040000fa
:020000040c03eb
:10382000034620b1002018605860986070474ff040
:04383000ff307047ae
:020000040000fa
:020000040c03eb
:103834000000000094b40720000200000001000012
:04384400020000007e
:020000040000fa
:020000040c03eb
:10384800034b1b68002b01da014b1860704700bf5f
:043858001c0e07201b
:020000040000fa
:020000040c03eb
:10385c0003682bb9007b022814bf0020012070479d
:04386c000020704781
:020000040000fa
:020000040c03eb
:1038700000f00700802303411940c0f1070021fa3e
:0438800000f070479d
:020000040000fa
:020000040c03eb
:1038840003682bb9007b032814bf00200120704774
:043894000020704759
:020000040000fa
:020000040c03eb
:1038980010b50446806808b1fbf7d4fc0023a36088
:0438a800e36010bd0c
:020000040000fa
:020000040c03eb
:1038ac0010b504462030fff7f1ff04f14000fef79d
:0438bc0045f910bdfd
:020000040000fa
:020000040c03eb
:1038c00008b5f7f7b9fcb0f1ff3f4ff0ff3018bf74
:0438d000002008bd0f
:020000040000fa
:020000040c03eb
:1038d4000269436813448a4298bf994234bf012065
:0438e4000020704709
:020000040000fa
:020000040c03eb
:1038e800034b93f82800b0fa80f04009704700bff6
:0438f800b4120620e0
:020000040000fa
:020000040c03eb
:1038fc0010b57820fff7faf9044608b1fcf7fcfd87
:04390c00204610bd84
:020000040000fa
:020000040c03eb
:1039100010b55820fff7f0f9044608b1fef7e4fcb3
:04392000204610bd70
:020000040000fa
:020000040c03eb
:1039240038b1826c8a4203d9436c53f82100704742
:0439340000207047b8
:020000040000fa
:020000040c03eb
:1039380008b520b119b14430fdf7adf808bd4ff016
:04394800ff30fbe76a
:020000040000fa
:020000040c03eb
:10394c0010b55020fff7d2f9044608b1faf71af86f
:04395c00204610bd34
:020000040000fa
:020000040c03eb
:1039600000000000370000003b0000003c000000a9
:043970003d00000016
:020000040000fa
:020000040c03eb
:10397400d13d030c5d35030c6932030c6b3f030c22
:04398400000000003f
:020000040000fa
:020000040c03eb
:10398800034a936813f0800ffbd1014b186c704702
:043998000040814624
:020000040000fa
:020000040c03eb
:10399c00012800d07047024b01221a70fae700bfd1
:0439ac00900e072052
:020000040000fa
:020000040c03eb
:1039b000d73a030cc52f030c2940030c2940030cf4
:0439c0002940030c8b
:020000040000fa
:020000040c03eb
:1039c40032b1c9b20244034603f8011b9342fbd14e
:0439d400704700bf79
:020000040000fa
:020000040c03eb
:1039d80008b500f077fa024b1860586008bd00bfc0
:0439e800180d07208f
:020000040000fa
:020000040c03eb
:1039ec00836a2bb19a6a826200221a779a621a70e1
:0239fc00704712
:020000040000fa
:020000040c03eb
:1039fe000278417883781b0443ea012343ea0200ec
:023a0e007047ff
:020000040000fa
:020000040c03eb
:103a100043688b4203d9036853f8210070470020a4
:023a20007047ed
:020000040000fa
:020000040c03eb
:103a220008b5b0f90420b0f902100078f6f77dff6e
:023a320008bdcd
:020000040000fa
:020000040c03eb
:103a340008b5b0f90420b0f902100078f9f712fdc6
:023a440008bdbb
:020000040000fa
:020000040c03eb
:103a460008b5b0f90420b0f902100078f9f76bf860
:023a560008bda9
:020000040000fa
:020000040c03eb
:103a5800431e00f60f22002103f8011f9342fbd1f9
:023a68007047a5
:020000040000fa
:020000040c03eb
:103a6a0008b50368da6f196ad869fef798f8002072
:023a7a0008bd85
:020000040000fa
:020000040c03eb
:103a7c0010b504460078fef70dfe636803fb00f0fa
:023a8c0010bd6b
:020000040000fa
:020000040c03eb
:103a8e0090f854000138c0b201288cbf00200120ec
:023a9e0070476f
:020000040000fa
:020000040c03eb
:103aa00010b55820fff728f90446fef731fc2046f0
:023ab00010bd47
:020000040000fa
:020000040c03eb
:103ab200eff3108072b6bff35f8fb0fa80f0400967
:023ac20070474b
:020000040000fa
:020000040c03eb
:103ac40018b1bff35f8f62b6704772b6bff35f8ff2
:023ad400704739
:020000040000fa
:020000040c03eb
:103ad6000a440023914201d10020704701f8013bbe
:023ae600f8e7ff
:020000040000fa
:020000040c03eb
:103ae800024bd3f8a002c0f34000704700008444a2
:020000040000fa
:020000040c03eb
:103af800030643ea002343ea004040f0ff00704712
:020000040000fa
:020000040c03eb
:103b080008b5024b1860fdf755fd08bd28010720d0
:020000040000fa
:020000040c03eb
:103b1800034610b10020586070474ff0ff307047df
:020000040000fa
:020000040c03eb
:103b280010f0010f14bf01f00f00c1f3031070472c
:020000040000fa
:020000040c03eb
:103b380008b5024b53f82230984708bdf41e030c11
:020000040000fa
:020000040c03eb
:103b480008b5024b53f82130984708bd0c34030cd4
:020000040000fa
:020000040c03eb
:103b58000246024b03cb106051607047cc1206201e
:020000040000fa
:020000040c03eb
:103b680008b50a460149faf7e3f908bdcc12062060
:020000040000fa
:020000040c03eb
:103b780008b5c165036dd3f8e0309847002008bd4b
:020000040000fa
:020000040c03eb
:103b880008b50166036dd3f8e0309847002008bdfa
:020000040000fa
:020000040c03eb
:103b980008b5836d1bb1036dd3f8dc30984708bdb9
:020000040000fa
:020000040c03eb
:103ba80008b500228265c2650266faf7e9fe08bd1b
:020000040000fa
:020000040c03eb
:103bb80008b5436d1bb1036dd3f8dc30984708bdd9
:020000040000fa
:020000040c03eb
:103bc800006c08b970471846036c002bfbd170478e
:020000040000fa
:020000040c03eb
:103bd80019b1006a0860002070474ff0ff30704745
:020000040000fa
:020000040c03eb
:103be800024a136801331360704700bf540e072060
:020000040000fa
:020000040c03eb
:103bf80000294ff480630cbf02220022fbf788bf24
:020000040000fa
:020000040c03eb
:103c080008b5fff7e5fefcf7a8fdfcf7a6fd08bd23
:020000040000fa
:020000040c03eb
:0e3c180018b1c06900f001007047002070472d
:020000040000fa
:020000040c03eb
:0e3c260000f0e00040ead00040ea9010704745
:020000040000fa
:020000040c03eb
:0e3c3400030243ea0043184340f07f4070470c
:020000040000fa
:020000040c03eb
:0e3c4200824203db8a42a8bf0a461046704742
:020000040000fa
:020000040c03eb
:0e3c500042f2107303fb00f0b0fbf1f070477e
:020000040000fa
:020000040c03eb
:0e3c5e0001700b0a4370090c81700020704742
:020000040000fa
:020000040c03eb
:0e3c6c0008b5fff73bfeb0fa80f0400908bd36
:020000040000fa
:020000040c03eb
:0e3c7a0010b50446fff73bfd0c30204410bd92
:020000040000fa
:020000040c03eb
:0e3c8800c3690b60c1610369013303617047ba
:020000040000fa
:020000040c03eb
:0e3c96004160002908bf0022826000207047b4
:020000040000fa
:020000040c03eb
:0e3ca400c160002908bf0022026100207047a5
:020000040000fa
:020000040c03eb
:0e3cb20008b54ff0ff338361f5f77efc08bdc7
:020000040000fa
:020000040c03eb
:0e3cc00008b5fbf759f9b0fa80f0400908bdcd
:020000040000fa
:020000040c03eb
:0e3cce00003118bf012180f85510002070470a
:020000040000fa
:020000040c03eb
:0e3cdc00d0f80e304b6000230b804b807047f9
:020000040000fa
:020000040c03eb
:0c3cec00014b00221a70704700000220fb
:020000040000fa
:020000040c03eb
:0c3cf800014bd3f8d402704728010720cc
:020000040000fa
:020000040c03eb
:0c3d0400014bd3f8d802704728010720bb
:020000040000fa
:020000040c03eb
:0c3d100008b5faf767ffc043c00f08bdfc
:020000040000fa
:020000040c03eb
:0c3d1c00cdef020c75d7020cb1c0020cf8
:020000040000fa
:020000040c03eb
:0c3d28000023c0f8043ac0f8083a7047c5
:020000040000fa
:020000040c03eb
:0c3d3400007b042814bf00200120704711
:020000040000fa
:020000040c03eb
:0c3d4000014b93f8c400704700070720f7
:020000040000fa
:020000040c03eb
:0c3d4c00007b01288cbf00200120704784
:020000040000fa
:020000040c03eb
:0c3d5800014b93f8f00070472005072095
:020000040000fa
:020000040c03eb
:0c3d64000368da6dc3f898200020704757
:020000040000fa
:020000040c03eb
:0c3d7000014b1868704700bfb412062019
:020000040000fa
:020000040c03eb
:0c3d7c00014b5868704700bfb4120620cd
:020000040000fa
:020000040c03eb
:0c3d88000023836043600361c360704748
:020000040000fa
:020000040c03eb
:0c3d940008b543680bb18168984708bd72
:020000040000fa
:020000040c03eb
:0c3da00008b5c3680bb18168984708bde6
:020000040000fa
:020000040c03eb
:0c3dac000178116001221a6000207047ad
:020000040000fa
:020000040c03eb
:0c3db80008b5436d0bb1fdf7c3f908bd61
:020000040000fa
:020000040c03eb
:0c3dc40008b500234365faf7ddfd08bddb
:020000040000fa
:020000040c03eb
:0c3dd000014b186099607047e80d072057
:020000040000fa
:020000040c03eb
:0c3ddc00014b586299627047cc0b072025
:020000040000fa
:020000040c03eb
:0c3de800014b93f821007047cc0b072022
:020000040000fa
:020000040c03eb
:0a3df400030243ea0043184370473e
:020000040000fa
:020000040c03eb
:0a3dfe007f2894bf002001207047c9
:020000040000fa
:020000040c03eb
:0a3e080010b10122427041607047c2
:020000040000fa
:020000040c03eb
:0a3e120008b50846fff7a8f808bd40
:020000040000fa
:020000040c03eb
:0a3e1c0008b50846fff7a3f808bd3b
:020000040000fa
:020000040c03eb
:0a3e260008b50846fef770fb08bd62
:020000040000fa
:020000040c03eb
:0a3e300008b50846fef76bfb08bd5d
:020000040000fa
:020000040c03eb
:0a3e3a00837f8b4238bf8177704709
:020000040000fa
:020000040c03eb
:083e4400000240f0ff0070478e
:020000040000fa
:020000040c03eb
:083e4c0008b5fdf76cfd08bd8f
:020000040000fa
:020000040c03eb
:083e54008842a8bf0846704730
:020000040000fa
:020000040c03eb
:083e5c008842b8bf0846704718
:020000040000fa
:020000040c03eb
:083e640000487047500d0720d3
:020000040000fa
:020000040c03eb
:083e6c000048704728010720ff
:020000040000fa
:020000040c03eb
:083e740049484452000000bf60
:020000040000fa
:020000040c03eb
:083e7c000b2828bf002070474d
:020000040000fa
:020000040c03eb
:083e840008b5faf77ffd08bd47
:020000040000fa
:020000040c03eb
:083e8c004069c0f3800070479b
:020000040000fa
:020000040c03eb
:083e9400406900f001007047d5
:020000040000fa
:020000040c03eb
:083e9c004069c0f340007047cb
:020000040000fa
:020000040c03eb
:083ea40008b5fbf76ffc08bd37
:020000040000fa
:020000040c03eb
:083eac0008b5f4f7c5fe08bdde
:020000040000fa
:020000040c03eb
:083eb4007439030c1200000038
:020000040000fa
:020000040c03eb
:083ebc0008b5fff7f8fd08bd91
:020000040000fa
:020000040c03eb
:083ec40008b5fff7fdfd08bd84
:020000040000fa
:020000040c03eb
:083ecc0000487047e4b807202c
:020000040000fa
:020000040c03eb
:063ed40040f07f40704742
:020000040000fa
:020000040c03eb
:063eda004fea30207047a2
:020000040000fa
:020000040c03eb
:063ee00020f07f40704756
:020000040000fa
:020000040c03eb
:063ee6004fea3060704756
:020000040000fa
:020000040c03eb
:063eec0001700020704788
:020000040000fa
:020000040c03eb
:063ef20001800020704772
:020000040000fa
:020000040c03eb
:063ef8000160002070478c
:020000040000fa
:020000040c03eb
:063efe0000eb40007047dc
:020000040000fa
:020000040c03eb
:063f040051f8100c70479b
:020000040000fa
:020000040c03eb
:063f0a004ff0ff3070478c
:020000040000fa
:020000040c03eb
:063f10004ff0ff30704786
:020000040000fa
:020000040c03eb
:063f16004ff0ff30704780
:020000040000fa
:020000040c03eb
:063f1c004ff0ff3070477a
:020000040000fa
:020000040c03eb
:063f22004ff0ff30704774
:020000040000fa
:020000040c03eb
:063f28004ff0ff3070476e
:020000040000fa
:020000040c03eb
:063f2e004ff0ff30704768
:020000040000fa
:020000040c03eb
:063f340090f855007047f3
:020000040000fa
:020000040c03eb
:063f3a0090f864007047de
:020000040000fa
:020000040c03eb
:063f40000167002070473c
:020000040000fa
:020000040c03eb
:063f4600416700207047f6
:020000040000fa
:020000040c03eb
:063f4c00b0f90a00704705
:020000040000fa
:020000040c03eb
:063f5200b0f90c007047fd
:020000040000fa
:020000040c03eb
:063f5800b0f90e007047f5
:020000040000fa
:020000040c03eb
:063f5e00b0f910007047ed
:020000040000fa
:020000040c03eb
:063f640000238377704783
:020000040000fa
:020000040c03eb
:063f6a004ff48060704777
:020000040000fa
:020000040c03eb
:063f70000068fff795b99f
:020000040000fa
:020000040c03eb
:063f76004ff0ff30704720
:020000040000fa
:020000040c03eb
:043f7c0000befee79e
:020000040000fa
:020000040c03eb
:043f800000befee79a
:020000040000fa
:020000040c03eb
:043f840000befee796
:020000040000fa
:020000040c03eb
:043f880000befee792
:020000040000fa
:020000040c03eb
:043f8c0000befee78e
:020000040000fa
:020000040c03eb
:043f900000befee78a
:020000040000fa
:020000040c03eb
:043f9400000a704768
:020000040000fa
:020000040c03eb
:043f980000787047f6
:020000040000fa
:020000040c03eb
:043f9c0000887047e2
:020000040000fa
:020000040c03eb
:043fa00000687047fe
:020000040000fa
:020000040c03eb
:043fa4000020704742
:020000040000fa
:020000040c03eb
:043fa80000042024cd
:020000040000fa
:020000040c03eb
:043fac000008000801
:020000040000fa
:020000040c03eb
:043fb000000800bf46
:020000040000fa
:020000040c03eb
:043fb4000846704704
:020000040000fa
:020000040c03eb
:043fb800c008704786
:020000040000fa
:020000040c03eb
:043fbc004008704702
:020000040000fa
:020000040c03eb
:043fc0004000704706
:020000040000fa
:020000040c03eb
:043fc40080007047c2
:020000040000fa
:020000040c03eb
:043fc800002070471e
:020000040000fa
:020000040c03eb
:043fcc000120704719
:020000040000fa
:020000040c03eb
:043fd0000020704716
:020000040000fa
:020000040c03eb
:043fd4008069704749
:020000040000fa
:020000040c03eb
:043fd800806d704741
:020000040000fa
:020000040c03eb
:043fdc00c06d7047fd
:020000040000fa
:020000040c03eb
:043fe000006e7047b8
:020000040000fa
:020000040c03eb
:043fe400806e704734
:020000040000fa
:020000040c03eb
:043fe800c06e7047f0
:020000040000fa
:020000040c03eb
:043fec00006f7047ab
:020000040000fa
:020000040c03eb
:043ff000406f704767
:020000040000fa
:020000040c03eb
:043ff400406d704765
:020000040000fa
:020000040c03eb
:043ff800406d704761
:020000040000fa
:020000040c03eb
:043ffc00007a704790
:020000040000fa
:020000040c03eb
:04400000007f704786
:020000040000fa
:020000040c03eb
:04400400806c704715
:020000040000fa
:020000040c03eb
:04400800c06a7047d3
:020000040000fa
:020000040c03eb
:04400c00407e70473b
:020000040000fa
:020000040c03eb
:04401000007e704777
:020000040000fa
:020000040c03eb
:04401400807e7047f3
:020000040000fa
:020000040c03eb
:04401800c07e7047af
:020000040000fa
:020000040c03eb
:04401c00407f70472a
:020000040000fa
:020000040c03eb
:0440200081777047ed
:020000040000fa
:020000040c03eb
:0440240000befee7f5
:020000040000fa
:020000040c03eb
:0440280000207047bd
:020000040000fa
:020000040c03eb
:04402c0000207047b9
:020000040000fa
:020000040c03eb
:04403000704700bf16
:020000040000fa
:020000040c03eb
:0440340000207047b1
:00000001FF
