:020000040000fa
:020000040800f2
:10000000f0ff1120219f020cc962030ccd62030c8a
:10001000d562030cd962030cdd62030c0000000002
:100020000000000000000000000000007163030ced
:10003000d162030c000000007163030c7163030cb8
:100040007163030c7163030c7163030c7163030c24
:100050007163030c7163030c7163030c7163030c14
:100060007163030c7163030c7163030c7163030c04
:100070007163030c7163030c7163030c0d40030c7b
:100080000d40030c0d40030c0d40030c7163030c79
:10009000954f030cb54f030c7163030c7163030c94
:1000a0007163030c7163030c7163030c7163030cc4
:1000b0007163030c7163030c7163030c7163030cb4
:1000c0007163030c7163030c7163030c7163030ca4
:1000d0007163030c7163030c7163030cd130030c67
:1000e0009930030c6130030c2930030c7163030c4d
:1000f0007163030c7163030c7163030c7163030c74
:100100007163030c7163030c7163030c7163030c63
:100110007163030c7163030c7163030c7d5c020c4f
:100120007d5c020c7d5c020c7d5c020c7d5c020c33
:100130007d5c020c7d5c020c7163030c7163030c2b
:100140007163030c7163030c7163030c7163030c23
:100150007163030c7163030c7163030c7163030c13
:100160007163030c7163030c7163030c7163030c03
:100170007163030c7163030c7163030c7163030cf3
:100180007163030c7163030c7163030c7163030ce3
:100190007163030c7163030c7163030c7163030cd3
:1001a0007163030c7163030c9d63020c9d63020c6d
:1001b0009d63020c9d63020c9d63020c9d63020c07
:1001c0009d63020c7163030c7163030c7163030c78
:1001d0007163030c7163030c7163030c7163030c93
:1001e0007163030c7163030c7163030c7163030c83
:1001f0007163030c7163030c7163030c7163030c73
:100200007163030c7163030c7163030c7163030c62
:100210007163030c7163030c7163030c7163030c52
:100220007163030c7163030c7163030c7163030c42
:100230007163030c7163030c7163030c7163030c32
:100240007163030c7163030c7163030c7163030c22
:100250007163030c7163030c7163030c7163030c12
:100260007163030c7163030c7163030c7163030c02
:100270007163030c7163030c7163030c7163030cf2
:100280007163030c7163030c7163030c7163030ce2
:100290007163030c7163030c7163030c7163030cd2
:1002a0007163030c7163030c7163030c7163030cc2
:1002b0007163030c7163030c7163030c7163030cb2
:1002c0007163030c7163030c7163030c7163030ca2
:1002d0007163030c7163030c7163030c7163030c92
:1002e0007163030c7163030c7163030c7163030c82
:1002f0007163030c7163030c7163030c7163030c72
:100300007163030c7163030c7163030c7163030c61
:100310007163030c7163030c7163030c7163030c51
:100320007163030c7163030c7163030c7163030c41
:100330007163030c7163030c7163030c7163030c31
:100340007163030c7163030c7163030c7163030c21
:100350007163030c7163030c7163030c7163030c11
:1003600000000000000000007163030c7163030cc7
:100370007163030c7163030c7163030c7163030cf1
:100380007163030c7163030c7163030c7163030ce1
:100390007163030c095e030c7163030c7163030c3e
:1003a0007163030c7163030c7163030c7163030cc1
:0803b0007163030c7163030c7f
:020000040000fa
:020000040a00f0
:040000000100fefffe
:020000040000fa
:020000040a00f0
:04002000ffffffffe0
:020000040000fa
:020000040a00f0
:0400400000000000bc
:020000040000fa
:020000040a00f0
:04004400ffffffffbc
:020000040000fa
:020000040a00f0
:0400480001000000b3
:020000040000fa
:020000040a00f0
:04004c00410400006b
:020000040000fa
:020000040a00f0
:04005400ffff0000aa
:020000040000fa
:020000040a00f0
:040058007000000034
:020000040000fa
:020000040a00f0
:04005c00020000009e
:020000040000fa
:020000040a00f0
:04006000000000009c
:020000040000fa
:020000040a00f0
:040064000202000094
:020000040000fa
:020000040a00f0
:04008000ffffffff80
:020000040000fa
:020000040a00f0
:0400a000ffffffff60
:020000040000fa
:020000040a00f0
:04200000000000c01c
:020000040000fa
:020000040a00f0
:042004000100feffda
:020000040000fa
:020000040a00f0
:04200800ffffffffd8
:020000040000fa
:020000040a00f0
:04208000ffffffff60
:020000040000fa
:020000040a00f0
:04208400ffffffff5c
:020000040000fa
:020000040a00f0
:04208800ffffffff58
:020000040000fa
:020000040a00f0
:04208c00ffffffff54
:020000040000fa
:020000040a00f0
:04209000ffffffff50
:020000040000fa
:020000040a00f0
:04209400ffffffff4c
:020000040000fa
:020000040a00f0
:04209800ffffffff48
:020000040000fa
:020000040a00f0
:04209c00ffffffff44
:020000040000fa
:020000040a00f0
:0420a000ffffffff40
:020000040000fa
:020000040a00f0
:0420a400ffffffff3c
:020000040000fa
:020000040a00f0
:0420a800ffffffff38
:020000040000fa
:020000040a00f0
:0420ac00ffffffff34
:020000040000fa
:020000040a00f0
:0420b000ffffffff30
:020000040000fa
:020000040a00f0
:0420b400ffffffff2c
:020000040000fa
:020000040a00f0
:0420b800ffffffff28
:020000040000fa
:020000040a00f0
:0420bc00ffffffff24
:020000040000fa
:020000040a00f0
:0420c000ffffffff20
:020000040000fa
:020000040a00f0
:0420c400ffffffff1c
:020000040000fa
:020000040a00f0
:0420c800ffffffff18
:020000040000fa
:020000040a00f0
:0420cc00ffffffff14
:020000040000fa
:020000040a00f0
:0420d000ffffffff10
:020000040000fa
:020000040a00f0
:0420d400ffffffff0c
:020000040000fa
:020000040a00f0
:0420d800ffffffff08
:020000040000fa
:020000040a00f0
:0420dc00ffffffff04
:020000040000fa
:020000040a00f0
:0420e00006070000ef
:020000040000fa
:020000040a00f0
:0420e40004cf0f0016
:020000040000fa
:020000040a00f0
:0420e80006f70401f2
:020000040000fa
:020000040a00f0
:0420ec00863a000030
:020000040000fa
:020000040a00f0
:0420f000ff030000ea
:020000040000fa
:020000040a00f0
:0420f4003f000000a9
:020000040000fa
:020000040a00f0
:0420f800bf00000025
:020000040000fa
:020000040a00f0
:0420fc00ffffffffe4
:020000040000fa
:020000040a00f0
:04210000ffffffffdf
:020000040000fa
:020000040a00f0
:04211000ffffffffcf
:020000040000fa
:020000040a00f0
:04211400ffffffffcb
:020000040000fa
:020000040a00f0
:04211800ffffffffc7
:020000040000fa
:020000040a00f0
:04211c00ffffffffc3
:020000040000fa
:020000040a00f0
:04212000ffffffffbf
:020000040000fa
:020000040a00f0
:048000000000ffff7e
:020000040000fa
:020000040a00f0
:04802000ffffffff60
:020000040000fa
:020000040a00f0
:0480400044000000f8
:020000040000fa
:020000040a00f0
:04804400ffffffff3c
:020000040000fa
:020000040a00f0
:048048000100000033
:020000040000fa
:020000040a00f0
:04804c0041040000eb
:020000040000fa
:020000040a00f0
:04805400ffff00002a
:020000040000fa
:020000040a00f0
:0480580070000000b4
:020000040000fa
:020000040a00f0
:04805c00020000001e
:020000040000fa
:020000040a00f0
:04806000000000001c
:020000040000fa
:020000040a00f0
:048064000202000014
:020000040000fa
:020000040a00f0
:04808000ffffffff00
:020000040000fa
:020000040a00f0
:0480a000ffffffffe0
:020000040000fa
:020000040a00f0
:04a00000000000c09c
:020000040000fa
:020000040a00f0
:04a004000000ffff5a
:020000040000fa
:020000040a00f0
:04a00800ffffffff58
:020000040000fa
:020000040a00f0
:04a08000ffffffffe0
:020000040000fa
:020000040a00f0
:04a08400ffffffffdc
:020000040000fa
:020000040a00f0
:04a08800ffffffffd8
:020000040000fa
:020000040a00f0
:04a08c00ffffffffd4
:020000040000fa
:020000040a00f0
:04a09000ffffffffd0
:020000040000fa
:020000040a00f0
:04a09400ffffffffcc
:020000040000fa
:020000040a00f0
:04a09800ffffffffc8
:020000040000fa
:020000040a00f0
:04a09c00ffffffffc4
:020000040000fa
:020000040a00f0
:04a0a000ffffffffc0
:020000040000fa
:020000040a00f0
:04a0a400ffffffffbc
:020000040000fa
:020000040a00f0
:04a0a800ffffffffb8
:020000040000fa
:020000040a00f0
:04a0ac00ffffffffb4
:020000040000fa
:020000040a00f0
:04a0b000ffffffffb0
:020000040000fa
:020000040a00f0
:04a0b400ffffffffac
:020000040000fa
:020000040a00f0
:04a0b800ffffffffa8
:020000040000fa
:020000040a00f0
:04a0bc00ffffffffa4
:020000040000fa
:020000040a00f0
:04a0c000ffffffffa0
:020000040000fa
:020000040a00f0
:04a0c400ffffffff9c
:020000040000fa
:020000040a00f0
:04a0c800ffffffff98
:020000040000fa
:020000040a00f0
:04a0cc00ffffffff94
:020000040000fa
:020000040a00f0
:04a0d000ffffffff90
:020000040000fa
:020000040a00f0
:04a0d400ffffffff8c
:020000040000fa
:020000040a00f0
:04a0d800ffffffff88
:020000040000fa
:020000040a00f0
:04a0dc00ffffffff84
:020000040000fa
:020000040a00f0
:04a0e000060700006f
:020000040000fa
:020000040a00f0
:04a0e40004cf0f0096
:020000040000fa
:020000040a00f0
:04a0e80006f7040172
:020000040000fa
:020000040a00f0
:04a0ec00863a0000b0
:020000040000fa
:020000040a00f0
:04a0f000ff0300006a
:020000040000fa
:020000040a00f0
:04a0f4003f00000029
:020000040000fa
:020000040a00f0
:04a0f800bf000000a5
:020000040000fa
:020000040a00f0
:04a0fc00ffffffff64
:020000040000fa
:020000040a00f0
:04a10000ffffffff5f
:020000040000fa
:020000040a00f0
:04a11000ffffffff4f
:020000040000fa
:020000040a00f0
:04a11400ffffffff4b
:020000040000fa
:020000040a00f0
:04a11800ffffffff47
:020000040000fa
:020000040a00f0
:04a11c00ffffffff43
:020000040000fa
:020000040a00f0
:04a12000ffffffff3f
:020000040000fa
:020000040c00ee
:10000000f8b500bff8bc08bc9e4670478525030cb8
:10001000f8b500bff8bc08bc9e4670476125030ccc
:020000040000fa
:020000040c00ee
:0800200004370200010000009a
:020000040000fa
:020000040c00ee
:10002800ac2407201c000000000000007c210720f1
:100038000400000000000000d8220720080000008b
:1000480000000000ec210720040000000000000070
:10005800000002204004000000000000f8200720f3
:100068003c00000000000000ec1a0720ff00000020
:10007800000000003c2507200c00000000000000e4
:10008800fcc207200400000001000000010000007d
:1000980040040220c815000000000000bc21072011
:1000a8003000000000000000081a02201c010000b7
:1000b80000000000e4c0072050000000010000001c
:1000c800a9db020cdd58030c3d00030cd146030ce0
:1000d800cd33030cc562030c7738030cf556020cbc
:1000e800953c020c4d5e020cf173020ccd76020cad
:1000f8002132030c5732030c1d1d020c00000000b6
:10010800558a020cb550030cd350030c45b6020cab
:10011800482507200400000000000000eb1b072012
:100128000100000000000000b425072002000000c4
:1001380000000000b62507200200000000000000b3
:100148004c250720180000000000000000c307200d
:100158002000000001000000020000000200000072
:1001680029000000e0010000020000000200000079
:100178000a00000010010000dd2507200100000032
:100188000100000003000000301b022030fc0300c7
:1001980000000000e0bd0720e401000001000000ad
:1001a8009b23020c575f030cf358030c9152030c6a
:1001b8003d61030c195e030c655f030c9b23020c65
:1001c8009b23020c9b23020c4761030cdb38030cb6
:1001d8009b23020cf150030c0f51030c154c030c1c
:1001e800354c030c554c030c9b23020c9b23020c2f
:1001f8009b23020c9b23020ca938030c0959030cfe
:100208009b23020c1f59030c3559030c8355030c0f
:100218009d55030c9b23020c9b23020c9b23020c71
:100228009b23020cb746020c4b59030c7f5a030c54
:100238009b23020c754c030c293e030c553e030c02
:100248009b23020c9b23020c9b23020c9b23020c76
:100258007b5c020c5356030c6159030cad52030c22
:100268009b23020c8d61030c1d62030c9b23020c63
:100278009b23020c9b23020c9b23020cff7e020c87
:100288007759030c8d59030c3d47030ce162030cad
:100298009b23020c2362030c9b23020c9b23020c5e
:1002a8009b23020c9b23020c7b5c020c5356030c11
:1002b8006159030c6147030c2962030c2f62030c7c
:1002c8009b23020c9b23020c9b23020c9b23020cf6
:1002d8009b23020c9b23020c9b23020c9b23020ce6
:1002e8009b23020c9b23020c9b23020c9b23020cd6
:1002f8009b23020c9b23020c9b23020c9b23020cc6
:100308009b23020c9b23020c9b23020c9b23020cb5
:100318009b23020c9b23020c9b23020c9b23020ca5
:100328009b23020c9b23020c9b23020c9b23020c95
:100338009b23020c9b23020c9b23020c9b23020c85
:100348009b23020c9b23020c9b23020c9b23020c75
:100358009b23020c9b23020c9b23020c9b23020c65
:100368009b23020c9b23020c9b23020c9b23020c55
:100378009b23020c9b23020c9b23020c9b23020c45
:100388009b23020c24c207202c000000010000005f
:100398009561030c492a030c0d2a030c9d18030cc4
:1003a800c12d030cdd13030c9113030c0000000096
:1003b80000000000000000000000000090c20720bc
:1003c80018000000010000006b56030c935a030c40
:1003d800a125030ca125030ca125030ca125030cc1
:1003e800d0c207202000000001000000e562030cd5
:1003f800e962030cfd5c030ced62030c3562030c2f
:100408003b62030c8f5f030c4162030c70240720ce
:100418001000000000000000dc2a06202400000074
:100428000000000064250720040000000000000010
:10043800a8160720ec0200000000000050c20720a8
:100448002000000001000000000000004860010cce
:100458001059000000000000000000001e001600f7
:100468000100000038ea010c34c1072078000000c0
:10047800010000000000000048a7000c805c00009c
:100488000000000002000000a00000004a00000078
:10049800402e0000805c000048a7000c000000000f
:1004a8000000000000000000000000000000000044
:1004b80000000000c803010c805c00000000000080
:1004c80002000000a00000004a000000402e0000ca
:1004d800805c0000c803010c000000000000000060
:1004e800000000000000000000000000acc1072070
:1004f80078000000010000000000000058b9010c5d
:10050800401a00000000000002000000780000000f
:100518001c000000200d0000401a000058b9010c12
:1005280000000000000000000000000000000000c3
:100538000000000000000000e025072000960000f1
:100548000000000002000000a00000007800000089
:10055800004b000000960000e02507200000000086
:100568000000000000000000000000000000000083
:10057800e02507200098000001000000ffffffffb2
:10058800ffffffffffffffffffffffffffffffff73
:10059800ffffffffffffffffffffffffffffffff63
:1005a800ffffffffffffffffffffffffffffffff53
:1005b800ffffffffffffffffffffffffffffffff43
:1005c800ffffffffffffffffffffffffffffffff33
:1005d800ffffffffffffffffffffffffffffffff23
:1005e800ffffffffffffffffffffffffffffffff13
:1005f800ffffffffffffffffffffffffffffffff03
:10060800fffffffffffffffffffffffffffffffff2
:10061800ffffffffffffffffffffffffffffffffe2
:10062800ffffffffffffffffffffffffffffffffd2
:10063800ffffffffffffffffffffffffffffffffc2
:10064800ffffffffffffffffffffffffffffffffb2
:10065800ffffffffffffffffffffffffffffffffa2
:10066800ffffffffffffffffffffffffffffffff92
:10067800ffffffffffffffffffffffffffffffff82
:10068800ffffffffffffffffffffffffffffffff72
:10069800ffffffffffffffffffffffffffffffff62
:1006a800ffffffffffffffffffffffffffffffff52
:1006b800ffffffffffffffffffffffffffffffff42
:1006c800ffffffffffffffffffffffffffffffff32
:1006d800ffffffffffffffffffffffffffffffff22
:1006e800ffffffffffffffffffffffffffffffff12
:1006f800ffffffffffffffffffffffffffffffff02
:10070800fffffffffffffffffffffffffffffffff1
:10071800ffffffffffffffffffffffffffffffffe1
:10072800ffffffffffffffffffffffffffffffffd1
:10073800ffffffffffffffffffffffffffffffffc1
:10074800ffffffffffffffffffffffffffffffffb1
:10075800ffffffffffffffffffffffffffffffffa1
:10076800ffffffffffffffffffffffffffffffff91
:10077800ffffffffffffffffffffffffffffffff81
:10078800ffffffffffffffffffffffffffffffff71
:10079800ffffffffffffffffffffffffffffffff61
:1007a800ffffffffffffffffffffffffffffffff51
:1007b800ffffffffffffffffffffffffffffffff41
:1007c800ffffffffffffffffffffffffffffffff31
:1007d800ffffffffffffffffffffffffffffffff21
:1007e800ffffffffffffffffffffffffffffffff11
:1007f800ffffffffffffffffffffffffffffffff01
:10080800fffffffffffffffffffffffffffffffff0
:10081800ffffffffffffffffffffffffffffffffe0
:10082800ffffffffffffffffffffffffffffffffd0
:10083800ffffffffffffffffffffffffffffffffc0
:10084800ffffffffffffffffffffffffffffffffb0
:10085800ffffffffffffffffffffffffffffffffa0
:10086800ffffffffffffffffffffffffffffffff90
:10087800ffffffffffffffffffffffffffffffff80
:10088800ffffffffffffffffffffffffffffffff70
:10089800ffffffffffffffffffffffffffffffff60
:1008a800ffffffffffffffffffffffffffffffff50
:1008b800ffffffffffffffffffffffffffffffff40
:1008c800ffffffffffffffffffffffffffffffff30
:1008d800ffffffffffffffffffffffffffffffff20
:1008e800ffffffffffffffffffffffffffffffff10
:1008f800ffffffffffffffffffffffffffffffff00
:10090800ffffffffffffffffffffffffffffffffef
:10091800ffffffffffffffffffffffffffffffffdf
:10092800ffffffffffffffffffffffffffffffffcf
:10093800ffffffffffffffffffffffffffffffffbf
:10094800ffffffffffffffffffffffffffffffffaf
:10095800ffffffffffffffffffffffffffffffff9f
:10096800ffffffffffffffffffffffffffffffff8f
:10097800ffffffffffffffffffffffffffffffff7f
:10098800ffffffffffffffffffffffffffffffff6f
:10099800ffffffffffffffffffffffffffffffff5f
:1009a800ffffffffffffffffffffffffffffffff4f
:1009b800ffffffffffffffffffffffffffffffff3f
:1009c800ffffffffffffffffffffffffffffffff2f
:1009d800ffffffffffffffffffffffffffffffff1f
:1009e800ffffffffffffffffffffffffffffffff0f
:1009f800ffffffffffffffffffffffffffffffffff
:100a0800ffffffffffffffffffffffffffffffffee
:100a1800ffffffffffffffffffffffffffffffffde
:100a2800ffffffffffffffffffffffffffffffffce
:100a3800ffffffffffffffffffffffffffffffffbe
:100a4800ffffffffffffffffffffffffffffffffae
:100a5800ffffffffffffffffffffffffffffffff9e
:100a6800ffffffffffffffffffffffffffffffff8e
:100a7800ffffffffffffffffffffffffffffffff7e
:100a8800ffffffffffffffffffffffffffffffff6e
:100a9800ffffffffffffffffffffffffffffffff5e
:100aa800ffffffffffffffffffffffffffffffff4e
:100ab800ffffffffffffffffffffffffffffffff3e
:100ac800ffffffffffffffffffffffffffffffff2e
:100ad800ffffffffffffffffffffffffffffffff1e
:100ae800ffffffffffffffffffffffffffffffff0e
:100af800fffffffffffffffffffffffffffffffffe
:100b0800ffffffffffffffffffffffffffffffffed
:100b1800ffffffffffffffffffffffffffffffffdd
:100b2800ffffffffffffffffffffffffffffffffcd
:100b3800ffffffffffffffffffffffffffffffffbd
:100b4800ffffffffffffffffffffffffffffffffad
:100b5800ffffffffffffffffffffffffffffffff9d
:100b6800ffffffffffffffffffffffffffffffff8d
:100b7800ffffffffffffffffffffffffffffffff7d
:100b8800ffffffffffffffffffffffffffffffff6d
:100b9800ffffffffffffffffffffffffffffffff5d
:100ba800ffffffffffffffffffffffffffffffff4d
:100bb800ffffffffffffffffffffffffffffffff3d
:100bc800ffffffffffffffffffffffffffffffff2d
:100bd800ffffffffffffffffffffffffffffffff1d
:100be800ffffffffffffffffffffffffffffffff0d
:100bf800fffffffffffffffffffffffffffffffffd
:100c0800ffffffffffffffffffffffffffffffffec
:100c1800ffffffffffffffffffffffffffffffffdc
:100c2800ffffffffffffffffffffffffffffffffcc
:100c3800ffffffffffffffffffffffffffffffffbc
:100c4800ffffffffffffffffffffffffffffffffac
:100c5800ffffffffffffffffffffffffffffffff9c
:100c6800ffffffffffffffffffffffffffffffff8c
:100c7800ffffffffffffffffffffffffffffffff7c
:100c8800ffffffffffffffffffffffffffffffff6c
:100c9800ffffffffffffffffffffffffffffffff5c
:100ca800ffffffffffffffffffffffffffffffff4c
:100cb800ffffffffffffffffffffffffffffffff3c
:100cc800ffffffffffffffffffffffffffffffff2c
:100cd800ffffffffffffffffffffffffffffffff1c
:100ce800ffffffffffffffffffffffffffffffff0c
:100cf800fffffffffffffffffffffffffffffffffc
:100d0800ffffffffffffffffffffffffffffffffeb
:100d1800ffffffffffffffffffffffffffffffffdb
:100d2800ffffffffffffffffffffffffffffffffcb
:100d3800ffffffffffffffffffffffffffffffffbb
:100d4800ffffffffffffffffffffffffffffffffab
:100d5800ffffffffffffffffffffffffffffffff9b
:100d6800ffffffffffffffffffffffffffffffff8b
:100d7800ffffffffffffffffffffffffffffffff7b
:100d8800ffffffffffffffffffffffffffffffff6b
:100d9800ffffffffffffffffffffffffffffffff5b
:100da800ffffffffffffffffffffffffffffffff4b
:100db800ffffffffffffffffffffffffffffffff3b
:100dc800ffffffffffffffffffffffffffffffff2b
:100dd800ffffffffffffffffffffffffffffffff1b
:100de800ffffffffffffffffffffffffffffffff0b
:100df800fffffffffffffffffffffffffffffffffb
:100e0800ffffffffffffffffffffffffffffffffea
:100e1800ffffffffffffffffffffffffffffffffda
:100e2800ffffffffffffffffffffffffffffffffca
:100e3800ffffffffffffffffffffffffffffffffba
:100e4800ffffffffffffffffffffffffffffffffaa
:100e5800ffffffffffffffffffffffffffffffff9a
:100e6800ffffffffffffffffffffffffffffffff8a
:100e7800ffffffffffffffffffffffffffffffff7a
:100e8800ffffffffffffffffffffffffffffffff6a
:100e9800ffffffffffffffffffffffffffffffff5a
:100ea800ffffffffffffffffffffffffffffffff4a
:100eb800ffffffffffffffffffffffffffffffff3a
:100ec800ffffffffffffffffffffffffffffffff2a
:100ed800ffffffffffffffffffffffffffffffff1a
:100ee800ffffffffffffffffffffffffffffffff0a
:100ef800fffffffffffffffffffffffffffffffffa
:100f0800ffffffffffffffffffffffffffffffffe9
:100f1800ffffffffffffffffffffffffffffffffd9
:100f2800ffffffffffffffffffffffffffffffffc9
:100f3800ffffffffffffffffffffffffffffffffb9
:100f4800ffffffffffffffffffffffffffffffffa9
:100f5800ffffffffffffffffffffffffffffffff99
:100f6800ffffffffffffffffffffffffffffffff89
:100f7800ffffffffffffffffffffffffffffffff79
:100f8800ffffffffffffffffffffffffffffffff69
:100f9800ffffffffffffffffffffffffffffffff59
:100fa800ffffffffffffffffffffffffffffffff49
:100fb800ffffffffffffffffffffffffffffffff39
:100fc800ffffffffffffffffffffffffffffffff29
:100fd800ffffffffffffffffffffffffffffffff19
:100fe800ffffffffffffffffffffffffffffffff09
:100ff800ffffffffffffffffffffdfffdeffffff3a
:10100800deffffffbef7ffffffffffffdeffffff73
:10101800deffffffffff9ef7ffffbef7fffffeffac
:10102800fefffffffffffefffeffffffffffdef7f4
:10103800ffffffffffffffffffffffffffffffffb8
:10104800ffffffffffffffffffffffffffffffffa8
:10105800ffffffffffffffffffffffffffffffff98
:10106800ffffffffffffffffffffffffffffffff88
:10107800ffffffffffffffffffffffffffffffff78
:10108800ffffffffffffffffffffffffffffffff68
:10109800ffffffffffffffffffffffffffffffff58
:1010a800ffffffffffffffffffffffffffffffff48
:1010b800ffffffffffffffffffffffffffffffff38
:1010c800ffffffffffffffffffffffffffffffff28
:1010d800ffffffffffffffffffffffffffffffff18
:1010e800ffffffffffffffffffffffffffffffff08
:1010f800fffffffffffffffffffffffffffffffff8
:10110800ffffffffffffffffffffffffffffffffe7
:10111800ffffffffffffffffffffffffffffffffd7
:10112800ffffffffffffffffffffffffffffffffc7
:10113800ffffffffffffffffffffdef7def7def732
:10114800ffffffffffffbef7fffffbde5ce75cef83
:10115800bef7dfffbef7ffffffffdff7ffffffff71
:10116800ffffffffdeffffffffffffffdeffffffc9
:10117800bef7ffffffffffffdef7ffffffffffffe9
:10118800ffffffffffffffffffffffffffffffff67
:10119800ffffffffffffffffffffffffffffffff57
:1011a800ffffffffffffffffffffffffffffffff47
:1011b800ffffffffffffffffffffffffffffffff37
:1011c800ffffffffffffffffffffffffffffffff27
:1011d800ffffffffffffffffffffffffffffffff17
:1011e800ffffffffffffffffffffffffffffffff07
:1011f800fffffffffffffffffffffffffffffffff7
:10120800ffffffffffffffffffffffffffffffffe6
:10121800ffffffffffffffffffffffffffffffffd6
:10122800ffffffffffffffffffffffffffffffffc6
:10123800ffffffffffffffffffffffffffffffffb6
:10124800ffffffffffffffffffffffffffffffffa6
:10125800ffffffffffffffffffffffffffffffff96
:10126800ffffffffffffffffffffffffffffffff86
:10127800ffffffffffffffffffffdef7deffbef709
:101288009ef7dfff1bdfb6b53084aa528a52694a3f
:101298004d6bbad69defbef7ffffdfffffffdfff05
:1012a800dfffffffffffffffffffdfffffffffff86
:1012b800ffffffffffffffffffffffffffffffff36
:1012c800ffffffffffffffffffffffffffffffff26
:1012d800ffffffffffffffffffffffffffffffff16
:1012e800ffffffffffffffffffffffffffffffff06
:1012f800fffffffffffffffffffffffffffffffff6
:10130800ffffffffffffffffffffffffffffffffe5
:10131800ffffffffffffffffffffffffffffffffd5
:10132800ffffffffffffffffffffffffffffffffc5
:10133800ffffffffffffffffffffffffffffffffb5
:10134800ffffffffffffffffffffffffffffffffa5
:10135800ffffffffffffffffffffffffffffffff95
:10136800ffffffffffffffffffffffffffffffff85
:10137800ffffffffffffffffffffffffffffffff75
:10138800ffffffffffffffffffffffffffffffff65
:10139800ffffffffffffffffffffffffffffffff55
:1013a800ffffffffffffffffffffffffffffffff45
:1013b800ffffffffffffffffffffdfff7defdfff07
:1013c80079ceaa520421e420a3180421c739cb5aa4
:1013d8006a4a8a52ae733ce7ffffdef7ffffffff62
:1013e800ffffffffffffffffffffffffffffbef74e
:1013f800ffffffffdef7ffffdef7ffffffffffff47
:10140800ffffffffffffffffffffffffffffffffe4
:10141800ffffffffffffffffffffffffffffffffd4
:10142800ffffffffffffffffffffffffffffffffc4
:10143800ffffffffffffffffffffffffffffffffb4
:10144800ffffffffffffffffffffffffffffffffa4
:10145800ffffffffffffffffffffffffffffffff94
:10146800ffffffffffffffffffffffffffffffff84
:10147800ffffffffffffffffffffffffffffffff74
:10148800ffffffffffffffffffffffffffffffff64
:10149800ffffffffffffffffffffffffffffffff54
:1014a800ffffffffffffffffffffffffffffffff44
:1014b800ffffffffffffffffffffffffffffffff34
:1014c800ffffffffffffffffffffffffffffffff24
:1014d800ffffffffffffffffffffffffffffffff14
:1014e800ffffffffffffffffffffffffffffffff04
:1014f800ffffffffffffffffffffdfffbef7d7bdc7
:101508000421e418042162100421c41804210421d0
:10151800c739aa528a5213a599d6ffffffffffffca
:10152800ffffdef7deffffffffffffffffffffff0d
:10153800ffffdeffffffffffdefffffffffffffff5
:10154800ffffffffffffffffffffffffffffffffa3
:10155800ffffffffffffffffffffffffffffffff93
:10156800ffffffffffffffffffffffffffffffff83
:10157800ffffffffffffffffffffffffffffffff73
:10158800ffffffffffffffffffffffffffffffff63
:10159800ffffffffffffffffffffffffffffffff53
:1015a800ffffffffffffffffffffffffffffffff43
:1015b800ffffffffffffffffffffffffffffffff33
:1015c800ffffffffffffffffffffffffffffffff23
:1015d800ffffffffffffffffffffffffffffffff13
:1015e800ffffffffffffffffffffffffffffffff03
:1015f800fffffffffffffffffffffffffffffffff3
:10160800ffffffffffffffffffffffffffffffffe2
:10161800ffffffffffffffffffffffffffffffffd2
:10162800ffffffffffffffffffffffffffffffffc2
:10163800ffffffffffffffffffffdef79ad6000067
:101648002421e420a31805210421a318e42004215f
:10165800a218284aca5a694aae73fefffeffbdf7b0
:10166800ddf7fefffeffbdf7bdf7feff7cef17beff
:10167800feff5ce7dadebdf7fefffeffdeffdeff02
:10168800ffffffffffffffffffffffffffffffff62
:10169800ffffffffffffffffffffffffffffffff52
:1016a800ffffffffffffffffffffffffffffffff42
:1016b800ffffffffffffffffffffffffffffffff32
:1016c800ffffffffffffffffffffffffffffffff22
:1016d800ffffffffffffffffffffffffffffffff12
:1016e800ffffffffffffffffffffffffffffffff02
:1016f800fffffffffffffffffffffffffffffffff2
:10170800ffffffffffffffffffffffffffffffffe1
:10171800ffffffffffffffffffffffffffffffffd1
:10172800ffffffffffffffffffffffffffffffffc1
:10173800ffffffffffffffffffffffffffffffffb1
:10174800ffffffffffffffffffffffffffffffffa1
:10175800ffffffffffffffffffffffffffffffff91
:10176800ffffffffffffffffffffffffffffffff81
:10177800ffffffffffffffffffffdef775ad21084b
:10178800a31804212521e4200521e420e420c32016
:1017980004292429284a89524c6b9cf7fdffddf760
:1017a800fdffddf7fadef5bdb4b536c698d61adf0b
:1017b800f9defadefadefadefeffdef7def7deff3e
:1017c800ffffffffdfffdfffffffffffdfffdfffa1
:1017d800ffffffffffffffffffffdfffdfffffff51
:1017e800ffffffffffffffffffffffffffffffff01
:1017f800fffffffffffffffffffffffffffffffff1
:10180800ffffffffffffffffffffffffffffffffe0
:10181800ffffffffffffffffffffffffffffffffd0
:10182800ffffffffffffffffffffffffffffffffc0
:10183800ffffffffffffffffffffffffffffffffb0
:10184800ffffffffffffffffffffffffffffffffa0
:10185800ffffffffffffffffffffffffffffffff90
:10186800ffffffffffffffffffffffffffffffff80
:10187800ffffffffffffffffffffffffffffffff70
:10188800ffffffffffffffffffffffffffffffff60
:10189800ffffffffffffffffffffffffffffffff50
:1018a800ffffffffffffffffffffffffffffffff40
:1018b800ffffffffffffffffffffdfff149d00009b
:1018c800042104210521e420c4200529e420042161
:1018d8004529c3204531aa5ab19c5bef3adf3ae764
:1018e8003ae73adf5be7bcf7bcef5ae7bcf75ae7e1
:1018f80077cebcf7d5b5bdf77cefdadedefffeffad
:10190800ffffdfffdfffdfffffffffffffffffff3f
:10191800ffffffffdfffbef79ef79defdfffdfff53
:10192800ffffffffffffffffffffffffffffffffbf
:10193800ffffffffffffffffffffffffffffffffaf
:10194800ffffffffffffffffffffffffffffffff9f
:10195800ffffffffffffffffffffffffffffffff8f
:10196800ffffffffffffffffffffffffffffffff7f
:10197800ffffffffffffffffffffffffffffffff6f
:10198800ffffffffffffffffffffffffffffffff5f
:10199800ffffffffffffffffffffffffffffffff4f
:1019a800ffffffffffffffffffffffffffffffff3f
:1019b800ffffffffffffffffffffffffffffffff2f
:1019c800ffffffffffffffffffffffffffffffff1f
:1019d800ffffffffffffffffffffffffffffffff0f
:1019e800ffffffffffffffffffffffffffffffffff
:1019f800ffffffffffffffffffffdfff79d60000bc
:101a0800e4180421c420c528c4200521e4200421a9
:101a180041102842708c5be77bef7bef9bef9befdd
:101a2800bbef9bef9bef9bef9bef9befbbef7bef3e
:101a38009befdcf7bcf77befbceffeff5be71bdf40
:101a48007cefdef7ffffdef7bef7feffffffbef716
:101a5800bad638c6308c2d6b518cb6bd79ce9ef770
:101a6800deffffffffffffffdfffffffffffffffbf
:101a7800fffffffffffffffffffffeffffffdfff8f
:101a8800fffffdfffdfffef7dff7dfffffffffffb3
:101a9800ffffffffffffffffffffffffdeffffff6f
:101aa800fffffffffffffeffdeffffffffffffff60
:101ab800ffffffffffffffffffffffffffffffff2e
:101ac800ffffffffffffffffffffffffffffffff1e
:101ad800ffffffffffffffffffffffffffffffff0e
:101ae800fffffffffffffffffffffffffffffffffe
:101af800ffffffffffffffffffffffffffffffffee
:101b0800ffffffffffffffffffffffffffffffffdd
:101b1800ffffffffffffffffffffffffffffffffcd
:101b2800ffffffffffffffffffffffffffffffffbd
:101b3800ffffffffffffffffffffdfff96b58631c7
:101b4800e418e4200529e5282531a318c318eb6219
:101b580033a598d67cefdcf79cefbbef9bef9befb0
:101b68009bef9bef9bef9bef9bef9bef9bef9bef1d
:101b78009bef9bef9bef9bef9cefddf7bdf7feff25
:101b8800bdf71bdf1ce7ffffffff9def79ce0b635f
:101b9800aa52694aaa5289528952aa52518c79cebc
:101ba800ffffffffdeffdfffffffffffffffffff7e
:101bb800fffffffffffffffffffffeffffffbfff6e
:101bc800fffffdf75adffef7fffffffffffffffff5
:101bd800fffffffffffffffffffffffffeffdef737
:101be800dfffdefffffffeffffffdfffffffffff5f
:101bf800ffffffffffffffffffffffffffffffffed
:101c0800ffffffffffffffffffffffffffffffffdc
:101c1800ffffffffffffffffffffffffffffffffcc
:101c2800ffffffffffffffffffffffffffffffffbc
:101c3800ffffffffffffffffffffffffffffffffac
:101c4800ffffffffffffffffffffffffffffffff9c
:101c5800ffffffffffffffffffffffffffffffff8c
:101c6800ffffffffffffffffffffffffffffffff7c
:101c7800ffffffffffffffffdfffdfff5defeb5a17
:101c880082102529c320c320e3284c6bd6bdd9de9a
:101c9800bdf79cefdcf75ae77be79be79bef9beff1
:101ca8009bef9bef9bef9bef9bef9bef9bef9befdc
:101cb8009bef7bef7bef9bef9cef9ceffdf7feff2d
:101cc800feffffff9df77cef7defbad6694a694ab0
:101cd800ca5a6952e7416531442904210842ab5a7e
:101ce800718cbef7def79ef7ffffdffffffffffff8
:101cf800fffffffffffffffffffffeffffffbff735
:101d0800fffffcf734b6fdf7ffffdfffffffffff24
:101d1800ffffffffffffffffffffffffdefffeffed
:101d2800ffffffffffffffffffffffffffffffffbb
:101d3800ffffffffffffffffffffffffffffffffab
:101d4800ffffffffffffffffffffffffffffffff9b
:101d5800ffffffffffffffffffffffffffffffff8b
:101d6800ffffffffffffffffffffffffffffffff7b
:101d7800ffffffffffffffffffffffffffffffff6b
:101d8800ffffffffffffffffffffffffffffffff5b
:101d9800ffffffffffffffffffffffffffffffff4b
:101da800ffffffffffffffffffffffffffffffff3b
:101db800ffffffffffffffffdfffdfffbef75ce76f
:101dc80013a5eb626852a95ad19c77ce9bef9bef83
:101dd8009bef7be7bbefbbef9befbbe79bef9bef7b
:101de8009bef9bef9bef9bef9bef9bef9befbbef7b
:101df8009bef9bef9bef9bef9bef7bef9cef7befca
:101e0800bdf7feffdef7feff5ce7ce7b284a284ad7
:101e18006529c318e320e42004212521a318c73924
:101e2800494a1be7ffffffffdef7ffffffffffff4a
:101e3800fffffffffffffffffffffeffffffdfffcb
:101e4800feff99e7709dfceffff7bef7ffffffff6e
:101e5800ffffdfffdfffdfffffffffffffffffffea
:101e6800def7ffffbef7ffffdeffffffffffffff0d
:101e7800ffffffffffffffffffffffffffffffff6a
:101e8800ffffffffffffffffffffffffffffffff5a
:101e9800ffffffffffffffffffffffffffffffff4a
:101ea800ffffffffffffffffffffffffffffffff3a
:101eb800ffffffffffffffffffffffffffffffff2a
:101ec800ffffffffffffffffffffffffffffffff1a
:101ed800ffffffffffffffffffffffffffffffff0a
:101ee800fffffffffffffffffffffffffffffffffa
:101ef800ffffffffffffffffffffdeffdef7feff35
:101f0800feff9cf794b594b53ae79bf7bbf79befb8
:101f18007aef9bef7ae79be79be7bbe7bbef9bef8b
:101f28009bef9bef9bef9bef9bef9bef9bef9bef59
:101f38009bef9bef9bef9bef9bef7bef7be7fdf727
:101f48003ae75be7feffdeffbdf77defab52e4202b
:101f5800e4204529e420e420e420c418c4182529f5
:101f68000842f7bdbef7ffffffffdef7ffffffffe9
:101f7800fffffffffffffffffffffeffdfffffff8a
:101f8800feff17d74f95fbeffef7bef7dfffdfff2a
:101f9800dfffdfffdfffffffffffffffffffbef7f2
:101fa800fffffeffbdf7bef7fefffeffffffffffcf
:101fb800ffffffffffffffffffffffffffffffff29
:101fc800ffffffffffffffffffffffffffffffff19
:101fd800ffffffffffffffffffffffffffffffff09
:101fe800fffffffffffffffffffffffffffffffff9
:101ff800ffffffffffffffffffffffffffffffffe9
:10200800ffffffffffffffffffffffffffffffffd8
:10201800ffffffffffffffffffffffffffffffffc8
:10202800ffffffffffffffffffffffffffffffffb8
:10203800fffffffffffffefffeffddfffeff7bf759
:102048003aef73b5b7d639e77aef9aefbbf79bef5c
:102058009bef9befbcef9befbcefbcefbbefbbef85
:102068009bef9bef9bef9bef9bef9bef9bef7bef38
:102078009befbbefbbef9bef7bef7bef9cefbcf7de
:102088007bef9cefbcf79ceffefffffffcdeab5a3b
:102098006631c41805210521a418c418e420a31822
:1020a800c739af7bffffdef79ef7ffffffffffff9c
:1020b800fffffffffffffffffffffeffdfffffff49
:1020c800fdf7d4c66e95dae7fef7ffffdfffffffe7
:1020d800fffffffffffffffffffffefffff7fef71a
:1020e800dcefb8ce7cefbef7fefffeffffffffff81
:1020f800ffffffffffffffffffffffffffffffffe8
:10210800ffffffffffffffffffffffffffffffffd7
:10211800ffffffffffffffffffffffffffffffffc7
:10212800ffffffffffffffffffffffffffffffffb7
:10213800ffffffffffffffffffffffffffffffffa7
:10214800ffffffffffffffffffffffffffffffff97
:10215800ffffffffffffffffffffffffffffffff87
:10216800ffffffffffffffffffffffffffffffff77
:10217800fffffffffffffefffdffddff9bf7b8de60
:1021880052b535ce59ef59e77ae7bbefbbef9bef76
:10219800dcf79bef9bef5be7bcefbcf7bbef9bef7c
:1021a8009bef9bef9bef9bef9bef9bef9bef9befd7
:1021b8009bef9bef9bef9bef7bef9bef7bef9bef07
:1021c8009bef9bef9cef9cefbdf7deffffff38c650
:1021d80041080421252905212529e5202529462905
:1021e8008a52cf7b5defbef7ffffffffffffffffc8
:1021f800fffffffffffffffffffffeffdfffffff08
:10220800fcf7d4c66d9599dffdf7ffffffffffffd1
:10221800dffffffffffffefffdf7fdf7fcef79dfb4
:1022280013b672a53adfffffffffdef7ffffffffe0
:10223800ffffffffffffffffffffffffffffffffa6
:10224800ffffffffffffffffffffffffffffffff96
:10225800ffffffffffffffffffffffffffffffff86
:10226800ffffffffffffffffffffffffffffffff76
:10227800ffffffffffffffffffffffffffffffff66
:10228800ffffffffffffffffffffffffffffffff56
:10229800ffffffffffffffffffffffffffffffff46
:1022a800ffffffffffffffffffffffffffffffff36
:1022b800fffffffffefffefffdfffdff76ce72b5bd
:1022c80093c518ef9af7dbef9ae77ae77ae75ae7c8
:1022d8007bef9bef7bef7bef9cef7bef9bef9bef25
:1022e8009bef9bef9bef9bef9bef9bef9bef9bef96
:1022f8009bef9bef9bef9bef9bef9bef9bef9bef86
:102308009bef9bef9bef9cef7ceffeffbef7bdf7cb
:1023180054ad00006531c318052104210521294a5f
:10232800494ad39cbef7ffffdfffdfffffffffff38
:10233800fffffffffffffffffffffeffffffffffa6
:10234800fcf7d3c62c8537cffdefffffdeffdeff9e
:10235800fefffefffefffdf7fcf7dbeff6c64e952e
:102368004e9578dfbcefffffffffffffffffffff8a
:10237800ffffffffffffffffffffffffffffffff65
:10238800ffffffffffffffffffffffffffffffff55
:10239800ffffffffffffffffffffffffffffffff45
:1023a800ffffffffffffffffffffffffffffffff35
:1023b800ffffffffffffffffffffffffffffffff25
:1023c800ffffffffffffffffffffffffffffffff15
:1023d800ffffffffffffffffffffffffffffffff05
:1023e800fffffffffffffffffffffffffffffffff5
:1023f800dfffdffffefffdffbcfff5c592bdb2bded
:10240800f7e679f79af79bef7be79bef7ae7bbef65
:102418005ae79bef9bef9bef9bef9befbbeffdff1b
:10242800bcefbbef9be79be7bbef9befdcf75ae703
:10243800bcf79bef7ae79bef7ae7bbef9be79be75d
:102448009bef7aefbbef9bef9beffdff9cefdef777
:102458001bdf8952c2182421e3202842a731c7393b
:1024680071949ad6dfffffffbef7ffffffffdfff84
:10247800fffffffffff7fff7ffffdeffffffbdf7df
:10248800fcf715cf0d8db4c6fbf7feffdfffdef7b7
:10249800fef7feefbef7feffbae711a6af958d8dea
:1024a8002e9ed7dffdf7dffffffffef7feffffffe2
:1024b800ffffffffffffffffffffffffffffffff24
:1024c800ffffffffffffffffffffffffffffffff14
:1024d800ffffffffffffffffffffffffffffffff04
:1024e800fffffffffffffffffffffffffffffffff4
:1024f800ffffffffffffffffffffffffffffffffe4
:10250800ffffffffffffffffffffffffffffffffd3
:10251800ffffffffffffffffffffffffffffffffc3
:10252800ffffffffffffffffffffffffbef7fffffc
:10253800bef7fffffeffbcff77d652b5b3c535d651
:102548007af7bbf75aeffdff3ae77be79cef5be7cb
:102558009cef7be7bcf79cef57c6b5b50a5b884a8a
:102568000e7cf6bd7be7bcf79bef7be77ae7bcef19
:102578009bef7bef9bef7be79bef5ae75ae77be705
:102588005adfbbef7bef9bef7bef9befddf77cef39
:10259800bdf7f29cc2188531e739a631108418c6f8
:1025a800ffffdfffdfffdff7def7fffffeffddffe7
:1025b800fefffdfffdfffeffddf7feffdffffeff75
:1025c800fcf737d7ed8c54befdf7def7fdff7be750
:1025d80097cefdf7fcf716cf8d8dac85cc8dad95dc
:1025e800f4c6fbf7fdf7fef7fff79eef9defdef76a
:1025f800fffffffffffffefffeffffffffffffffe5
:10260800ffffffffffffffffffffffffffffffffd2
:10261800ffffffffffffffffffffffffffffffffc2
:10262800ffffffffffffffffffffffffffffffffb2
:10263800ffffffffffffffffffffffffffffffffa2
:10264800ffffffffffffffffffffffffffffffff92
:10265800ffffffffffffffffffffffffffffffff82
:10266800ffffffffffffffffffffffffffffffff72
:10267800def7ddff9cf736ce55d6d3c5d3c596de3b
:10268800bbff9bf77bef5be7ddf77be77befddf7d6
:102698009cef7cef75ad8531a63185314529a6398a
:1026a800a631e7396c6bd9d67bef9cefbbef9bef7c
:1026b8005ae7fcf79bef9befdcef9ceffdf77be71e
:1026c800bcefbcefdcf77bef5ae7dcf7ddf79ceffc
:1026d800bcf757c6139d508414a5dad6def7ffff62
:1026e800ffffbef7ffffdff7defffeff3af7f4cd8f
:1026f8008ea46d9cf3c59bf7fdffddf7ffffbdf7cb
:10270800fefffbf734b691a5dcefddef39df93adc3
:10271800fcf799e792b6ac8daa7d0b8eab7def9d49
:10272800dbef7befdbeffcf7f9cefad67cefbef7f9
:10273800fffffffffffffefffefffeffffffffffa4
:10274800ffffffffffffffffffffffffffffffff91
:10275800ffffffffffffffffffffffffffffffff81
:10276800ffffffffffffffffffffffffffffffff71
:10277800ffffffffffffffffffffffffffffffff61
:10278800ffffffffffffffffffffffffffffffff51
:10279800ffffffffffffffffffffffffffffffff41
:1027a800ffffffffffffffffffffffffffffdeff52
:1027b800bdf7bcffb8de96de75deb2c5d4c559efed
:1027c8009bf77aef7bef7be73adfddf79cef9cef37
:1027d800b5b5895244290421c318a3186210e4200e
:1027e800e420a639032199d65be75be7bbefdcf76a
:1027f8009bef9cef5be7ddf7bdf77cef7cef5be7da
:102808003bdfbcef9befbcf79bef9bef9bef5ae7df
:102818007befddf73be7feffffffffffffffffff5b
:10282800ffffffffffffdef7feffddff52bd898bd5
:10283800888b4783a56a8f9cddffdfffdfffdeff04
:10284800feffdcef59dff3ad99df9adff5b59befbb
:10285800bbef31a60d8e0b860c8ecc8dad8d35c79a
:10286800fae799dfd3be8e9d52b69ae7bdf7def739
:10287800fffffffffefffeffffffffffffffffff62
:10288800ffffffffffffffffffffffffffffffff50
:10289800ffffffffffffffffffffffffffffffff40
:1028a800ffffffffffffffffffffffffffffffff30
:1028b800ffffffffffffffffffffffffffffffff20
:1028c800ffffffffffffffffffffffffffffffff10
:1028d800ffffffffffffffffffffffffffffffff00
:1028e800ffffffffffffffffffffffffdef7def742
:1028f800feff97de92bdd7e675def2cdd3c5baffef
:102908007aefbbf7bbef9beffdff3ae71adfee7bf1
:10291800a5312421e318a21004212421e4208218df
:1029280065296529c63957c65be79cef7bef9befa6
:10293800bcef5be7ddf75cef78ce8952e7390742f9
:10294800a952f6bdbcf79befbcf77ae77ae7dcf74c
:10295800dcf77bef98cefefffefffffffeffbef722
:10296800fffffffffffffffffeffbcff4da4278314
:10297800e9a3abb44ba435d6deff7ff7dfffffff3b
:10298800def7fdf7fcf7f6c62f8dee8c9ae7dae74f
:1029980011a6cc8dc9754a86ab8dae9d14c733bfc1
:1029a800ee8dad8dad9530ae97dfb9e7fdfffeff3b
:1029b800ffffffffdeffffffffffffffffffffff40
:1029c800ffffffffffffffffffffffffffffffff0f
:1029d800ffffffffffffffffffffffffffffffffff
:1029e800ffffffffffffffffffffffffffffffffef
:1029f800ffffffffffffffffffffffffffffffffdf
:102a0800ffffffffffffffffffffffffffffffffce
:102a1800ffffffffffffffffffffffffffffffffbe
:102a2800ffffffffffffffffffffffffffffdeffcf
:102a3800d9de32adb3c575deb6e613d634cebaf7f5
:102a4800fcff7bef9bef5be79cef94b5884a8531f1
:102a580003212421e318ae73fbde1be779ce452959
:102a6800e3200321c639d9d69cef5be7bbef7be7b0
:102a78005be7bcf75ceff29c4529494ae3188631cd
:102a8800e739a63137c67bef7bef9befbcf77be7d7
:102a98003ae7fdfffadefeffdeffffffffffbef7ae
:102aa800ffffdfffffffdef7bcf7fcffea93888b31
:102ab800abbcccb42a9c9af7fefffffffeffddf704
:102ac800feffdbef95c6b1a532aed09d57cf72b6eb
:102ad800cd8d0b8e2a86c9854d9e4fb66b95ec958c
:102ae8000c8eed8d51a6b9e7dbf7fdfffdfffeff6c
:102af800ffffffffffffffffffffdffffffffffffe
:102b0800ffffffffffffffffffffffffffffffffcd
:102b1800ffffffffffffffffffffffffffffffffbd
:102b2800ffffffffffffffffffffffffffffffffad
:102b3800ffffffffffffffffffffffffffffffff9d
:102b4800ffffffffffffffffffffffffffffffff8d
:102b5800ffffffffffffffffffffffffffffffff7d
:102b6800ffffffffffffffffffffffffdef7feff97
:102b780098d615cef4cd75de75de95ded7de79ef05
:102b88009bef7be7ddf71bdf0b63c6394529042183
:102b980004210000bad679ce6d6baa527194929432
:102ba80041088531ce7b5be75be79cef3ae7bcf7f2
:102bb8007be77cef78ce2842252945290421e420ab
:102bc800e318a63107425be75be7bcf79bef7befb7
:102bd800ddf79cef9cef1be7ffffdeffdff7dfff72
:102be800dff7bff7fffffffffdff59efc98b2a9cf7
:102bf800abaccaac6db5f9ff98e779df59dfdbef0d
:102c0800dbefd2add5c6f5ced4be36cf55c7ae8d27
:102c18008d8d2b7d2e9ef5d7efb62b96eb8dec95f3
:102c28006c85b3b6fcefdef7def7ffffdeffdffff4
:102c3800ffffffffffffffffffffffffffffffff9c
:102c4800ffffffffffffffffffffffffffffffff8c
:102c5800ffffffffffffffffffffffffffffffff7c
:102c6800ffffffffffffffffffffffffffffffff6c
:102c7800ffffffffffffffffffffffffffffffff5c
:102c8800ffffffffffffffffffffffffffffffff4c
:102c9800ffffffffffffffffffffffffffffffff3c
:102ca800ffffffffffffffffffffffffffffbdf776
:102cb800fdff56d635d617ef75de95de38e7bbf73c
:102cc8007bef7cef139da631c739c739e420042177
:102cd800a21855ad7defc739c31865310842863152
:102ce800c318c63995b59cefbdf75be7bbef5ae74c
:102cf8009cef7bef4c6b2421c4180000010082106c
:102d080045292421853133a5bcf75ae77befbcf769
:102d18005be79cef9def1bdfdef7def7ffffdef7db
:102d2800bff7ffffbff7bdf7fdff96d66b946a9c10
:102d3800aa9cca9c4884c66be76b086c096cb4be35
:102d48004f9dd5c6d9e732b6f9e7d5c68e8d719ea7
:102d580015bfd9e7daef52b6cb8d097eeb7d0e961b
:102d6800f6ce9cefffffbff7ffffdfffdfffdfffc0
:102d7800dffffffffffffefffefffeffffffffff7e
:102d8800ffffffffffffffffffffffffffffffff4b
:102d9800ffffffffffffffffffffffffffffffff3b
:102da800ffffdeffffffffffffffffffffffffff4c
:102db800ffffffffffffffffdfffffffffffffff3b
:102dc800ffffffffffffffffffffffffffffffff0b
:102dd800fffffffffffffffffffffffffffffffffb
:102de800ffffffffffffffffffffffffdef7feff15
:102df8009cff32b5f4cd56de96de96e6f8e65ae745
:102e08007be7539d073a08422942042145290421ba
:102e1800410818c69ef78a52c31885314529e41817
:102e280004214c6bddf75be7bcef9be79be79bef6f
:102e38009befb9d681104429508c17c61ce7718cba
:102e4800e320e3200421ef7b7be77ae79cef7be735
:102e5800ddf77befbdf75cefbdf7feffffffdeffa1
:102e6800deffbef7ffffddef58d74e958994e88c5b
:102e7800e87c0a7d88648764055c476cae95ce9dc6
:102e880073b6dae773be17d7bbef17d7bcf7bcf733
:102e9800fcffd9e772ae8d85ac856b85ce9577d76b
:102ea8009cefdeffbef7fefffefffeffdeffdeff4c
:102eb800fefffefffefffffffff7fff7ffffffff2d
:102ec800ffffffffffffffffffffffffffffffff0a
:102ed800fffffffffffffffffffffffffffffffffa
:102ee800ffffdeffffffffffffffffffffffffff0b
:102ef800ffffffffffffffffffffffffffffffffda
:102f0800ffffffffffffffffffffffffffffffffc9
:102f1800fffffffffffffffffffffffffffffeffba
:102f2800ffffffffffffdef7fffffffffffffeffd3
:102f3800bcff8f9c55deb6e634d6d6e6d8de7befee
:102f480097cea529083a6a4a0842e839e418e418ed
:102f58006210ef7b7defdbde34a514a5eb62c318ae
:102f680069525cef1adfbdf79cef7be7bcef7befa4
:102f78009cefd194811085318a5200002c63fbdece
:102f8800aa5ae3206531484ab8d69befbbefbbef9e
:102f98005be79cef3ce77defffffffffffffbef71e
:102fa800fdffbbef76be6c740964a974c97c866c9e
:102fb800856c655c8664255c876ccc9d36c72f8dd7
:102fc800bbe7fcf7b2adf8d6b9cebeeffff7fdf719
:102fd80077d7b1b60d966b85ce9d71b699e7fcf79c
:102fe800beffdfffffffffffffffdef7ffffffff73
:102ff800fefffefffefffeffffffffffffffffffdd
:10300800ffffffffffffffffffffffffffffffffc8
:10301800ffffffffffffffffffffffffffffffffb8
:10302800fefffffffffffffffffffeffdfffdfffea
:10303800ffffffffdfffffffffffffffffffffffb8
:10304800ffffffffffffffffffffffffffffffff88
:10305800ffffffffffffffffffffffffffffffff78
:10306800ffffbef7ffffffffdfffdfffddf79bf787
:103078003aef52bd71bd95de75ded6e6b7de5aef82
:103088005be74421694aec5a6a4ac7316529242119
:103098000421042186313084b294c7394010ca62b1
:1030a80099d67cf7b8d636c698d65be73adf9bef59
:1030b800bcf74c6b0321c2184531e420252979ce91
:1030c8004c6b61104429c639d5b57ae759e79befaf
:1030d8007bef7bef9df75cefdef7bef7dff79cef4a
:1030e80054be296c686c88648764c76ce86c665c3d
:1030f800c76c4564676caa7c52b6d7e72f95b8cee3
:10310800def7ddf7d9de7ae756bedeeffce795b6e7
:103118008e8d8c85cd8d92b6b9e7dcf7bdffffffac
:10312800beffbdf7fefffdf7fef7def7bef7def7e1
:10313800fffffffffffffefffefffeffffffffff9a
:10314800ffffffffffffffffffffffffffffffff87
:10315800ffffffffffffffffffffffffffffffff77
:10316800ffffffffffffffffffffdeffdeffdeffca
:10317800dfffffffffffffffffffdff7ffffffff9f
:10318800ffffffffffffffffffffffffffffffff47
:10319800fffffffffffffffffffffffffef7ffff40
:1031a800ffff9eefffffdef7def7fffffeffdcff0e
:1031b800b3c572bd71c5b6e675de55ded8e63aef21
:1031c8009bef4f84a63108422942494ac7398631c4
:1031d8004529a6316531653124210421c95ad9de32
:1031e8009cf79bf75bef5bef5ae75ae73adf5be741
:1031f800bdf785312008b29c494ae741b39c7df769
:10320800494a4529a318c639684a5be75ae7dcf7f3
:103218007befbbf719e75aefdcf7fdffbcef509dda
:10322800086c8874876c055c66640464456c477434
:103238000874ec8cf6d6fcf7fef7fbef4874b7ceb3
:10324800bef7defffeff99ef15d7d6cead95ae9d42
:10325800d0a5d6c6dbe7fdeffef7ffffddfffdffdc
:10326800dbeffbefd9e758d7b6c6d8d67befbdf76b
:10327800fffffffffffffffffeffdeffffffffff78
:10328800ffffffffffffffffffffffffffffffff46
:10329800ffffffffffffffffffffffffffffffff36
:1032a800ffffffffffffffffffffbdf7fefffeff72
:1032b800deffffffffffdfffffffffffffffffff57
:1032c800ffffffffffffffffffffffffffffffff06
:1032d800ffffffffffffffffffffffffffffdef71f
:1032e800fff799cebdef7ceffeff5be7dcff39ef20
:1032f80072bd51bd31bd72cd96e655de96ded8de83
:103308005ae77befb194284228424842aa5a2742fa
:103318008952a9528531a639274af29cd8d63ae76c
:10332800fdff5ae77beffcf77ae7bbef9befbcf7b3
:103338009cef2c6300006d735cef7df71ce7ec627b
:10334800c320e4200529e841652953a5bdf7bcf74a
:103358003ae79af779efb1b557e7f5d6096c2974ca
:10336800086c496c07646874277c267ce693c993cb
:103378000b94b6e6bbfffeff9be774be86742a7cff
:1033880019dffdffbcff16dfafa553b6f5d6daf798
:10339800fcffbdf7defffef7fdefdce737cff4c635
:1033a80051ae0f9e8d958e95f1ad57dfdcf7fdff81
:1033b800feffffffdfffffffffffffffffffffff36
:1033c800ffffffffffffffffffffffffffffffff05
:1033d800ffffffffffffffffffffffffdfffffff15
:1033e800ffffffffffffffffdeff1adfddf7feff36
:1033f800defffeffffffdfffffffffffffffffff17
:10340800ffffffffffffffffffffffffffffffffc4
:10341800ffffffffffffffffffffffffffffdff7dc
:10342800fff7bdf753a5f5b57ae7fcf7bbf714ce60
:1034380092c551c50fbd30bd55de55deb7e656ce37
:10344800fcff3ae7ddf73be7b1940a5be639c5399b
:10345800c5398431e641b19c98d69cf7bbefdcf7bf
:103468003adf9be7bcef9be7bbef9be79be73adfc5
:10347800ddf758ce2429e320e320c7396210052957
:103488002529e420a739e84186312c631be77cef26
:103498009cf7bbf7fbff94cecc8c6a8469744a74a2
:1034a8004f95d6c678dfb8f76b9c668b0abc0ab412
:1034b8000ba498fffaffb3c6a97c0464456c687c2a
:1034c800876bb1b5dbffd7d67be7feefffff7def5c
:1034d800ddf7fdff99ef73beef9d8d85ed954a757c
:1034e800cc8dab856c8d31b6b8e7f9effdfffeffeb
:1034f800feffffffdfffdfffffffffffffffffff15
:10350800ffffffffffffffffffffdef7fef7fef7fe
:10351800fef7feffffffffffffffffffbef7ffff06
:10352800ffffffffffffffffddf7b8d619d7fdf755
:10353800fdf7fef7ffffffffffffffffffffffffa6
:10354800ffffffffffffffffffffffffffffffff83
:10355800ffffffffffffffffffffffffbef7ffffbc
:10356800fffffef79ceff0940b74509df2b590b5f9
:10357800b1bd91c570c52fbdefb4b6e696def7e6ce
:1035880096ce9bef5ae77bef9bf79bef7bef3ae7f3
:1035980019e7b8d677cef8de5aefb8d67bef7ae7d8
:1035a8007bef9befbbef9be7dcefdcef9ae7fdf7e8
:1035b8007be79cef54ad074224292429863145290d
:1035c8008631e841e8416a520742c952b8d6bcf789
:1035d8003ae7bcf75aef2d84ef9475c657dffbf72f
:1035e800fdf79ce7dcf7baff899389a3a8ab49b438
:1035f8006dbd13df8c952464025ca4744564456c2e
:10360800e66ba77370b515c6ddf7fef7ddefbbdf18
:1036180094b6ae8d6b8d8a8dea950b8ecb850c9604
:10362800ec8d6d8d57d7dbf7bceffdffddffdeffbf
:10363800feffffffffffffffffffffffffffffff93
:10364800ffffffffffffffffbeef5de7fdf7fef7a0
:10365800fef7feffffffffffffffffffffffffff7c
:10366800dfffffffdffffffffefff9de35bedbef09
:10367800fdf7fef7ffffffffffffdfffffffffff85
:10368800ffffffffffffffffffffffffffffffff42
:10369800ffffffffffffffffffffffffffffffff32
:1036a800def7ddf7fdf7daef12aee96be973676372
:1036b80009842eb5f1cd90c5eeacf3c596de75d66e
:1036c800b7d65ae7bbef7bef9befbbf7bbf79bf790
:1036d8009bf7d4bd97d65aefd8de97d652a536c6f3
:1036e800bcef5ae77be7fdf79be79be7dbef7ae761
:1036f800ddf79cef79ce07420742e739c639e74143
:10370800484aaa52ab5a895227420e7c5bef7bef9c
:103718009cf79cf71adf5be7fefffef7fefffef75c
:10372800dff7fff7fdffd8ee2893aab308ac67a42c
:10373800e694856c2454635c435ce45ba76ca253f9
:10374800e14a4663a452f7dedcf7d8e733c70e8eaa
:10375800cb756c864b86e985ea95ca8dcc956b85c9
:10376800b1ae98d79cefbfffdfffffffffffdfff82
:10377800fffffffffffffefffef7fefffefffeff5e
:10378800dfffffffffffffffdef79ce755b6dbe734
:10379800dbefddf7ffffdfffffffdeffffffffffd0
:1037a800ffffdffffffffffffeff9ae7519dd7ce28
:1037b800fdeffff7feffddf7fefffff7ffffffff5f
:1037c800ffffffffffffffffffffffffffffffff01
:1037d800ffffffffffffffffffffffffdef7fef723
:1037e800fef7bce7dae7fbeff8e710ae677484533f
:1037f800845b2353a773ed9c70b50ead95d695d613
:1038080095cef7de39e7bbf79bef9bef9bef7aef9f
:10381800f8de51ad96d6bbffd7ded4c502218010a5
:10382800cd7bd9d6bcf77bef7bef9bf75bef5befec
:103838007be77be7dcefac6ba5312742474ac95ae7
:10384800ca5a684a484a884a6b6b97cebbefdcff76
:10385800bdff59d63defbff7ffffffffdff7fff7cb
:10386800fff7dff7bdff35de278308ac27aca6a43a
:103878000174c374c4644354a04b636ca674847409
:10388800645bf3bd36c6fef71acfb3b62e862e8616
:103898000c7e2b860a86ea856985cc9571b637d762
:1038a800ddeffff7dff7dfffffffbfffdfffffff02
:1038b800ffffffffffffffffffffffffffffffff10
:1038c800fffffffffffffffffef7ddefb6c62f95f7
:1038d800d6cefbf7bcefffffbef7fffffffffffff2
:1038e800ffffffffffffdef7fefffcf7719db1a5ad
:1038f80079dffef7def7fefffeffbff7fffffffff2
:10390800ffffffffffffffffffffffffffffffffbf
:10391800ffffffffffffffffffffffffffffffffaf
:10392800fef7f9d631952b740c8deb8c8b8d255cbd
:10393800a353c45b645bc76b2d9dab8c2a842d9d00
:10394800d4ced5cef7de5aef3ae7dcff9bef9bf7f4
:1039580076ce11a5b7de19e77bf797deee83e22076
:10396800e218a2104c6b79cefadeb9d698ce16be04
:1039780053a5dcf77bef77ced9d6b1940e846c6b68
:10398800ad734f84f29cf6bd1adfdcf77defbdf70f
:103998007cef5beffefffeff9deffef7bef7def765
:1039a8007de7feffbcff10b5879307a426ac85a46e
:1039b800427c20648164e56ca253c4634c6c296c1e
:1039c80011ae99e738df79df11a6cb95e98da98586
:1039d800aa858b85ce9572b616cfdae7fdf7ddf7a7
:1039e800ddf7feffffffdefffefffeffdfffffff4d
:1039f800ffffffffffffffffffffffffffffffffcf
:103a0800fffffffffffffffffefffef7bae72f9d57
:103a18002e9572be78dfdcefffffdff7dfffffffd9
:103a2800deffdefffffffffffefffdf712b64d953d
:103a380092b6fcefdef7ffffbef7dffffefffeffeb
:103a4800ffffffffffffffffffffffffffffffff7e
:103a5800ffffffffffffffffffffffffffffdfff8e
:103a6800bdf7fdffdbf7d1ad497c07742564e7742a
:103a780086640454c45b43534874ada5287c2874f9
:103a8800897c8fa5b5ce76d6f9e63aef9bf73ae76b
:103a980015c611a536cef9e67bf73aefb9d691945b
:103aa800032124212421e318410804216108442921
:103ab80094b55aefd8def9de7befbcf7ddf7bdf73a
:103ac8007bef9ceffdff7bef5bef5befbff7fbde70
:103ad800fadefdfffdf7fdf7fefffeffbffffeff6d
:103ae800dbef78e7f1bd457b859347aca7b403943a
:103af800017c63742464844b897455d7bbdf12ae90
:103b080033b6b2a5d5c6909d6e952ea60eae51b60b
:103b180077d7bae7fcefbdefbff7dfffbffffeffc8
:103b2800dcffbcf7feffffffffffdef7ffffffff35
:103b3800ffffffffffffffffffffffffffffffff8d
:103b4800fffffffffffffefffefffeffdbf7f6d6de
:103b5800c86b0b85ae9536cffcefbdefbef7ffff08
:103b6800ffffffffffffbef7def7feff36cf8d95a5
:103b7800cd9516c7fef7ffff9ef7dffffefffeff9e
:103b8800ffffffffffffffffffffffffffffffff3d
:103b9800ffffffffffffffffffffffffdeffdeff6f
:103ba800fffffdff56c62fa510be8da568740564de
:103bb8004664e55b634b4453645ba563ea8c4874d5
:103bc8004874aa844ea571b5f4cd96de39ef19e78d
:103bd80056ce97de32ad36ceb8de9bf79cffd9dee7
:103be800f6bdca5a24212429a639aa52f29c7bef91
:103bf8007bef7af7d4c57af739e7bbef7cefddf7cf
:103c0800dcf79bef7bef9cf7bdff3bef58ce9defba
:103c1800fefffeffbef7ffffffffffffffffdbef2b
:103c280030ae6574247cc383e59b07acc69ba58b2b
:103c3800268423532a6c77cf97d710aeb1a578dfa7
:103c4800fbeff8cebadfb9dffae7d9e7daefdbef57
:103c5800fcefbbe7dceffdeffef7ffffffffbdf773
:103c6800bdf7feffdeffdfffffffffffffffffffe8
:103c7800ffffffffffffffffffffffffffffffff4c
:103c8800fffffffffffffffffefffefffefffcff42
:103c980094c6a65bea7cca7c53b6fbeffef7ffff2f
:103ca800def7dfffdfffdfffdffffffffae76c95df
:103cb800eb95ce95bbdfbeefffffdffffefffefffc
:103cc800fffffffffffffffffffffffffffffffffc
:103cd800ffffffffffffffffffffdfffdeffdeff4e
:103ce8009df774b572b5d3bd4b8c4a844763a76bf7
:103cf80086630453255b4663e45265638984897c43
:103d0800276c2874cb94d1bdb1c5ada492bdf7e69c
:103d180055d636d619ef93bd15ceb7deb8de5aefb5
:103d28009bf73bef3be7f9de7bef5be75bef9bf74e
:103d3800d8deb3bdd3c519ef9af7fcff9cef7bef34
:103d48005be7fdfffdffbdf71be79dfffdfffeffe6
:103d5800dff7bff7dfff9ef79cf7fcf7b4b66864a0
:103d68002354a36c01748283a59ba7a38bac056b1a
:103d78006763b8df35bfcf954d85cf9db6cefdffc4
:103d8800dcef78c69ce797c66f9d8e9dcd9dad955f
:103d9800ad95cd95cd95ce9531a697d7ddeffff7ab
:103da800dff7dff7fffffefffefffeffffffffff6e
:103db800ffffffffffffffffffffffffffffffff0b
:103dc800ffffffffffffffffdeffdef7beffddffa8
:103dd8009aef4e95486c8974286c8e9d58d7fdf7dc
:103de800feffffffdfffffffffffbff7fcef8d9533
:103df800eb958b8d52aefceffeffdffffefffeff63
:103e0800ffffffffffffffffffffffffffffffffba
:103e1800fffffffffffffffffffffffffeffbdffed
:103e280078d6b4bdb4bd11a54d8c0863a862e8620c
:103e3800896b91adb5d612c68fadafb5cfadad9d7f
:103e4800276c4774287c0da532ce6fbd50b551b58f
:103e5800afa452b519ef39ef92b5a752ab834e9480
:103e68002d8c4e9497d65aef19e7f8e6d4c511adc4
:103e7800b3bd93bdf8e69bffdbff59e75aeff9dec8
:103e880053ad8d7368520f84b6bd5cefbeffbef7ad
:103e9800ffffbef7fefffbffb3ce0a8dc364e25cf3
:103ea800e25cc474c3734483a7a36abc499436ef25
:103eb80079df109e0b8ee985ac8d90959df7bdf747
:103ec80097cefad6dfeffeeff8e78fb66a85cb8d8f
:103ed800eb8d0b960a96ea8d897dcc8d51a6b9d7c4
:103ee800fdefbeeffffffeffbef7ffffffffffff87
:103ef800ffffffffffffffffffffffffffffffffca
:103f0800ffffffffffffffffffffdfffffffbef722
:103f1800feffdbef096c686cc97c0a854d8dd5c640
:103f2800dcf7ffff9ef7deffffffdffffdef31ae9f
:103f3800aa8deb8d8d8d56cffcf7ffffffffffff9e
:103f4800ffffffffffffffffffffffffffffffff79
:103f5800ffffffffffffffffffffdfffddf798d643
:103f680053b54e8c875a4331e641e641a95ac95a9e
:103f7800874ae85a8a732fa532beafadeead2a8db7
:103f8800c87487742774eb94b0b56fb5b2cdb2c559
:103f9800b3c5f1acb4c55af77aef14be8e9c92bd86
:103fa800b3c572b50c8cd3c534ceb6e617ef31b5b0
:103fb80031ad52b5d4c572b551adf4c572b552ad77
:103fc8004b73ca622c6b2d6b284a284a6d7354a513
:103fd8005ae7b6ced0b5a88c036ca36c8054e15ccc
:103fe800c25c8474a47b258b24934493078c96ef3e
:103ff80010a6cd85e97d2a8e6b8dd0a5bdf7ffff74
:1040080053a5fcf7bdeffcefd2b66b8df3be96cf90
:1040180096cf71a66c85cc950c96cb8daa85ed951f
:10402800f4c6fbeffdf7def7ffffdfffffffffff43
:10403800ffffffffffffffffffffffffffffffff88
:10404800fffffffffffffffffffffffffeffdeff9a
:10405800fffffef758d78a74876c466c476cec8470
:1040680014b6bdf7deffdeffdeffffffdef7b4beee
:104078006a85ca8dec95ce9d99e7fff7ffffffff94
:10408800ffffffffffffffffffffffffffffffff38
:10409800ffffffffdfffdef7bef7bef7fadeb19cda
:1040a800c95a01296331e64186390942aa4a884a30
:1040b800c952296329630b7c29746974477409857b
:1040c800087da77468746d9d56df11beefb451bdad
:1040d80072c593c5f1ac93b518df59dff4cd52bd65
:1040e80035d639f79aff9aff17ef54de50bd30b531
:1040f80031b552b573b515c635ce55d696def0a492
:10410800895a495249526a52cb5aaa52c952e84a64
:104118006b7c487ce473637ca26cc164c364825486
:10412800c464246c647b44932393438b4cb5cdb512
:104138008c8dac7d0d860d8eb0b670b6feff5fef30
:10414800f8bdfdf7daefb1b6cb950f9655cfb09d18
:1041580075b6dbe7fbe735c771aeed9d6a85cb9594
:104168008c9531b6bbeffeffddf7fdf7ffffffffd4
:10417800ffffffffffffffffffffffffffffffff47
:10418800ffffffffffffffffffffffffdfffffff57
:10419800fefffeffdef7f8d6e86be55b6564876c2b
:1041a800696c4f95bbefddf7ffffdffffff7f8ce38
:1041b800c9742b96aa85ee9595befcfffffffffffd
:1041c800feffffffffffdff7ffffffffffffffff20
:1041d800ffffffffdef7ffffdff79eefae7b400834
:1041e800a218a641c741c741a7390842894aeb52dc
:1041f800ca52c94aa742a642485be96b6974286c4f
:10420800486c07644974ed8cb1adaa73ab7b8b73b2
:104218004b732b6b2b6bea62a952684a474a2a6b8d
:1042280032ad72b551bd10ad30b572bd71bdd3cdd3
:10423800b6de18df7aef9bf79cf77cf759d6a95ab8
:10424800c95a8852884ac952a84ac8526b7c0a85fa
:1042580023646064a064816c83744374a474235cd5
:10426800055c077c879ba7b3859be593ecad0b9e0c
:10427800a885ea85ab8dd3c636d7d4c6dcff16c66b
:104288007be7dadf50aeac958c8db2b6fbf756d72c
:104298006e958e9576d7fbefdcefddf77ae7f7d6ec
:1042a80013be70a592b53ae7feffdef7ffffffffea
:1042b800ffffffffffffffffffffffffffffffff06
:1042c800ffffffffffffffffffffffffffffdeff17
:1042d800feffffffdff7bdef74bea763c453c453ef
:1042e800466c4974d2adfef79ef77ef7fef7dbe722
:1042f800ec7c697dc985ec95b09d5be7fefffeff10
:10430800deffffffdff7ffffffffffffdeffffff1f
:10431800bef7bef7ffffbef7ffff55ad0000042153
:10432800c741a641a741a7418631694a8a52aa5284
:104338004942694aa94aa84a4542c331275b0d95b3
:10434800cc8c8b7c8c84485b6963874a874aa852eb
:10435800a952a952aa5aa9528952895289528852f5
:10436800ea628f9c73bd93bd92bdd3c5f9e6dcffad
:10437800bbf77ae77ae77bef9cf778d62d73863917
:10438800c95a474ae9522432885b6d95435ca46c4c
:10439800a364e36c415c2264036c868482630a8da7
:1043a80014cf6fb5e482c6abe6a3699c8a9dca9513
:1043b800ca8dec8d91b6faef75c617d7bcf7d4ad98
:1043c800d9e7b2b6ab8d4a858e95fbefddeffbeff3
:1043d80051b6ed9d4a8dd3befbeffff7fff7fdf712
:1043e800dcf7dbf739e71ae77ceffeffffffffff9b
:1043f800ffffffffffffffffffffffffffffffffc5
:10440800ffffffffffffffffffffffffffffffffb4
:10441800deffdfffffffdff7fdf792a58553256479
:10442800856c666ce9633adfbef7ffffdeeffef7e7
:10443800f1a5876c0a8eea954c8d54beddf7fdff19
:10444800feffffffdef7fffffffffeffffffffff9f
:10445800ffffffffffff9ef73ce700006210c73930
:10446800c84187398739e841c7410742e8418a523c
:10447800ab528a528a52694a2742c539c5396329db
:10448800cc738b638742e952ea52ca4aa94aa94abd
:10449800a94a694a694a6952aa5aeb62694a695241
:1044a800684a8852ac7b53b577d67bf77bef3adf07
:1044b800bbefdbef9be73ae7dade6952c841c73961
:1044c800a531463a064b0b85087d6364c25ce35c04
:1044d800c35c835c8464646c4153a36bc87bed9cb0
:1044e800daf7adacc8ab07b468ac2badab95cc95df
:1044f800ed9531a6fbeffdffb4b53adf9be794be1f
:1045080012bfc98dca8dad9594befdf7ffffbdeff3
:10451800b9e7ce9d8a8d8b8d93b6fde7fff7fff740
:10452800fef7fefffdfffdffddf7feffffffffffcc
:10453800ffffffffffffffffffffffffffffffff83
:10454800ffffffffffffffffffffffffffffffff73
:10455800ffff9ef7dfffbff7feffdcef2d956453eb
:10456800c35b866c486c2f95fcf79defbff79deffa
:1045780057d7686c697dca8d0d9e6c8d39dffeff3b
:10458800ffffffffdffffffffffffeffffffffff54
:10459800dfffbef79ef7ffff6d6b042166318731a1
:1045a8008739e941a739c739e741a631c7396a527e
:1045b800ab5a8a526a52494a284ae741c641284ab0
:1045c8008952a952ca52694aaa528a4aca4aaa4a66
:1045d800aa4aaa52aa528a528a528952aa52484ac6
:1045e800ca5a484aca5aa952d5b55be7fcefdbef6d
:1045f80079dfdaef79dfbbefb194e741284a063a71
:104608006542496ca76c8364815cc064a05ca1545a
:10461800a25c635c456444530232a6526c7b8a7385
:1046280091bd8893e9b3c8ab48a46baded958d8d6a
:1046380052aefbefddf7bdf732a55ae734ae50a610
:10464800ca8d098eea8def9d9ae7def7ffffbef768
:10465800fef778d7ad95ec958c8dd3b6beeffff706
:10466800fff7def7def7fefffefffeffffffffffaf
:10467800ffffffffffffffffffffffffffffffff42
:10468800ffffffffffffffffffffffffffffdfff52
:10469800ffffdfffbef7fffffefffdffb9efcd8c89
:1046a800254b634b666cc66332b6fcf79fffffff72
:1046b800dcf7ab7cc86cc985c985ca8533aefcef0d
:1046c800feffdfffffffffffffffffffffffbef75c
:1046d800ffffdfffdfff38c66631e4186631a73910
:1046e800c841a839c841a739c639c639c739284287
:1046f800694a8a4a8a52694a0842e841494a28422c
:10470800aa52894a8952aa5269528a528a4a8a4abc
:104718008a4a8a528a52aa528952894aa952aa5264
:10472800694a8952a9528952684ab8d69be77ae7fa
:10473800bbef9aef7ae75ae7063a06420332e96b8b
:1047480088744364036d605ce16ce16c425ca46c4a
:10475800c774234b42322432a94a694aaa5aa8523a
:104768000a8ca893a8abc8abeab48badae9511a6da
:10477800badffef7feff7bef6e8c99e70d856b8540
:10478800ca8d0b96ad8df6c6feffdeffbdf7dfffc7
:10479800fffffdef76cfcd95cc8ded957adffef757
:1047a800fffffffffffffeffdeffffffffffffff33
:1047b800ffffffffffffffffffffffffffffffff01
:1047c800fffffffffffffffffffffffffffffffff1
:1047d800dfffffffdefffefffeffddf7fdf77be7f4
:1047e800519d875b63530564a66352b6fcfffeffc9
:1047f800ffffb7c6065c4675e985eb85ae9578dfa1
:10480800fef7dfffffffffffffffffffffffdef702
:10481800ffffdfffbef7718c04214529c739e84146
:1048280008428631e839e739a639c639a631e73969
:104838002842694aaa52aa528a52aa52aa52a9528c
:10484800aa52895269528952aa5a8a5aaa5aaa5a03
:104858008a526952494a694aaa52ea5aa952a9523d
:10486800484a284ae741c639484af29cbdef9cefbe
:104878009befdcf739e771a58963c6528874e77c3a
:104888006364a164e16ca164616423642674655b5c
:10489800e2318321ea5a894a894ac952884aa85288
:1048a800c76a6893a7b307b4ebb48dad73b6fbe7db
:1048b800fdf7defffeffdbf78c84d3c6ea7ced95bf
:1048c800ac8dae9578d7fef79df7ddffbefffffff5
:1048d800bff7fef7fcf7b2b6ad95ad8dd4c6fbefca
:1048e800ddf7ffffffffffffffffdfffffffffff1a
:1048f800ffffffffffffffffffffffffffffffffc0
:10490800ffffffffffffffffffffffffffffffffaf
:10491800bef7fffffeffddf7def7fffffeffdef766
:104928009be70f954553a55b645b845b10ae9be7e3
:10493800fff7ddef0c85a6644875cc8dcc8db3be32
:10494800fdf7ffffffffffffffffffffbef7ffffc2
:10495800bef7ffff5ce7c318e418452986318631a6
:10496800e739e741e739c639c639c6390742c63992
:10497800c639e739694aaa528952aa52694a694a24
:10498800694aaa528a528a52aa52694a69528a5272
:10499800aa528952484a484a694aa94aa952484ae1
:1049a8006952084a6631863965312b6b9bef9bef5c
:1049b800bbf7f6deafad4c95256cc67c415c625cfe
:1049c800c3648264625c6464476c875b013a6021fb
:1049d800a431294a0a420a42ac5a6a4a884a0963f7
:1049e800866aa9a3a8b38ac48aa4efb5d9e7dcef7d
:1049f800deffdfffbdf7f6ceaf9d2b858c8d8d8d4d
:104a080032ae79dffef7bef7ffffdefffeffbef72f
:104a1800fffffef7dceffaeff4c68d95cfa5faefae
:104a2800feffffffdfffffffffffffffffffffffaf
:104a3800ffffffffffffffffffffffffffffffff7e
:104a4800ffffffffffffffffffffffffffffdeff8f
:104a5800ffffdef7bdf7ffffffffffffbeefdef74b
:104a6800fefffcf7d1ad665b635b835b234394bebb
:104a7800dde7feef95b6075ce8748b85ea8dee9d61
:104a8800fbeffef7defffefffeffffffffffffff6e
:104a9800bef7fffff7bd0000e4184529a739e74135
:104aa800a631e639e639e639c6390842a739a739c1
:104ab800e739c739e741484a284a6a52aa528a520e
:104ac800ab5aab52ab52ab52694aca52894a894a6d
:104ad800694a284a08422842694aaa528952895290
:104ae8006a52e841c841e849e749e74959e779ef97
:104af800f2bd8b8c26740264c174605cc064a05cd7
:104b0800a2648364856cc65b233a4221a531e639e9
:104b1800e739e841a739c741c7392842284a054a31
:104b2800e67a88ab0ac44cbc8ba42c9d57df39dfce
:104b38009ef7bef7ddf754b6cb7cea7cee9d14c732
:104b4800fbeffef7dff7ffffdfffbef7fdffdeff3e
:104b5800dfffbff7fffffcefd8e791b62d8d78dfb9
:104b6800fef7fffffffffefffeffffffffffffff58
:104b7800ffffffffffffffffffffffffffffdfff5d
:104b8800ffffffffffffffffdff7ffffdfffdfff95
:104b9800dffffffffeffffffdfffffffdff7feff87
:104ba800ddf7dcf7fcf7b6ce09740453435b655bad
:104bb800d6c6feefbdefac8446642875eb856a85e2
:104bc800f9e7fefffeffbdffdfffffffdfffffff8f
:104bd800defffeffae73a318e4202529c639c739c6
:104be800a639c639c539c639e739a6310842c739a1
:104bf800c739c739e739e739e73907422842284230
:104c0800494a494a494a494a28420842e741e7414c
:104c1800e739e741a639e739c739c7390742e739dc
:104c2800284aa739e941e739c431ea6bf6d6d0ad4d
:104c3800677c236c8274616c406c606cc16c4164ed
:104c48004464a55ba5424321e4184729a941a8412a
:104c5800a641e541e539e639c739c841ca41c649df
:104c6800078bc8b308b48ab48b9cae949aefbdf78f
:104c7800deffbfffffffad84c97cb09d98dfdae798
:104c8800fdf7feffffffdfffdfffffffdefffeff99
:104c9800fffffffffffffff7dcefb9e7b0adb5ced1
:104ca800dcf7def7ffffdffffffffeffffffffff81
:104cb800ffffffffffffffffffffffffffffdfff1c
:104cc800ffffffffffffffffdfffffffbef7ffff55
:104cd800bef7bdf7ffffffffdeffdfffffff9ef719
:104ce800def7ffffbdefddf7bbef91a5275b855b27
:104cf800034336cffdff39dfa763876caa7d2c9667
:104d0800b4beddf7ddfffdffffffdff7bff7fffff5
:104d1800def7ffff284ac318c4180421a639a639ac
:104d28000642c539a9522742c639a739e841c739c9
:104d3800c739c739e739c739c739c739c639c6394d
:104d4800c739c739c739c739c739c639a639c7397d
:104d58006529c739e739e739c639e7390842c63915
:104d68008639c841a739e7392119433a8874e46379
:104d78006364a16ca064c16c81646164246466741a
:104d88000453e2310219e4184629a831c739a63973
:104d98008539a539c639c739c741c849c839265ad6
:104da800479329bc28b4cab4098cb1adbaeffeff49
:104db800bef7bff7fef7a963076c98dffcf7fdffa6
:104dc800feffdff7dfffffffffffffffffffffff34
:104dd800fffffefffffffffffdf7dcf716d754be0e
:104de800dcf7fefffffffffffffffefffffffffff8
:104df800ffffffffffffffffffffffffffffdeffdc
:104e0800deffffffffffffffffff9df7def7feff5f
:104e1800ffffffffffffdef7ffffffffdff7ffffeb
:104e2800ffffdff7dff7ffffdff7fef739d74b7438
:104e38008553e663f7deddf715be6b7cc764cb8d63
:104e4800d09dfdf7fdfffdffffffffffffffdef732
:104e5800ffff7defc739c31804212521a631c539c5
:104e6800063ae5392a63684ac639c739c739c7399e
:104e7800c739c739c739c739c739c739c739c7392a
:104e8800c739c639c639c639c639c639a639c73940
:104e98000742e739c639c639e7390742c84166319a
:104ea800e841094a65318429233245536364a26481
:104eb800a064c064e16c8164636c8674876bc131e3
:104ec800a010c2180429e4204629c839063ae63950
:104ed800e639c739c739a739a641a641084a245a2d
:104ee800a79b49bc28b4aaacc77bed94dbeffeffb7
:104ef800feffbef75be78a63909dfcefdeffdffff6
:104f0800fffffffffffffffffeffdef7dffffffff3
:104f1800fefffdfffdfffefffffffff7fcf7b8ce2a
:104f2800bcf7feffdef7fffffffffffffffffffffe
:104f3800ffffffffffffffffffffffffffffffff79
:104f4800fefffeffdefffeffbdf779ce3be7def793
:104f5800ffffffffffffdfffffffdef7ffffdeffc3
:104f6800deffbef7ffffffff7defffffbdeffef7a0
:104f780092a5c86bab8cdbf7feff329d68644a854f
:104f88008e95fdf7ddf7ffff9ef7fffffefffef7ab
:104f9800def7fbdea631e420a3182529c639e63959
:104fa800c431464ae85a464ae641e739c739a7397b
:104fb800c739c739e739e739c739c739c739c739a9
:104fc800c739c639c639c639c639c639073a8531e7
:104fd800e741e739c73966310421a3182531e84983
:104fe800a639c118622143322343245ca36c81642f
:104ff800e26c8064826c4474c66b2ea5c762a018ec
:105008004431e428a420e4208531a531c639c639c5
:10501800e639e639e739c739c741c741e649646225
:10502800c7a308b48ab4ebac087cac849ae7bcf795
:10503800defffeff57c6295b38dffdf7feff9ef750
:10504800bff7ffffffffdef7ffffffffdfffdfff19
:10505800fefffefffeffffffdfffdff7feffbdf7ee
:10506800def7feffffffdef7ffffffffffffffff9b
:10507800ffffffffffffffffffffffffdeffffff59
:10508800fffffefffefffeffdef7b9d653a5bdf713
:10509800ffffdfffffff3ce7def7fffffeffffff3d
:1050a800def7fefffefffefffeffbdf7ffff9fefef
:1050b800ffff59df6b844c849be7ddef0d85c87ccf
:1050c800cd9d58dffef7ffffbff7fefffbf7dcf7cc
:1050d800bdf7fbdea73104218310e520a731a631f7
:1050e800053a864a854a2542053ae641c839c7390c
:1050f800c739c739c739c739c739c739c739c739a8
:10510800c739c639c639c639c639c739c631e7417c
:1051180065298631e420a3180529c4208218443162
:10512800a4318442c342255c845ca25c815c615cde
:10513800615c826c036484638b94b2bd6e94a1201d
:10514800a220c4280531c420242984318739a739ed
:10515800c639e539c631c631c739c8414339678bc5
:10516800c7a329b46aacaa9ce7736e9dd6d6dcffa8
:10517800defffdff72a5af8cfdf7fefffceffdef34
:10518800fef7feefbdefdef7dfff9ef7defffeff67
:10519800feffffffffffffffdfffdfffdef7ffff81
:1051a800ffffdef7ffffdeffffffffffffffffff51
:1051b800ffffffffffffffffffffffffdfffdfff37
:1051c800fffffffffffffefffefffdf773a5f9d608
:1051d800dcf7fdf79bef16bebceffdffddf7feff2a
:1051e800def7bcf7dcf7fcf7fcf7fdf7ddf7ffffb0
:1051f800beeffcf7faeff2ad54b6fcef59d748749e
:105208002b8db9e7bceffef7fdf7d6d679e7bbeff4
:10521800feff7defc73904210521c5204629a531a8
:10522800a74aa54a84424542c439e639c739c7392d
:10523800c739c739c739c739c739c739c739c73966
:10524800c739c739e739e739e739e739e73928424c
:10525800e8396631c320242924290f8c72adca731a
:10526800a4426453245c635c4154a25ce364825ca2
:10527800225ca153004bc14ae4524a84f09ca852d4
:10528800e220c4200529c520e420e420073147395d
:10529800a639e639063a073ac739a73962418793ea
:1052a80027b48ac48bac298c8984aea58c8c18df72
:1052b800fdf7bbefcd8c99e7fdff9aefdae7f7ce64
:1052c800d7ce9be7fdf79def9ef7dffffefffeffc2
:1052d800fffffffffffffffffffffeffffffbef720
:1052e800ffffffffffffffffdfffffffffffffffe6
:1052f800ffffffffffffffffffffffffffffdfffd6
:10530800ffffffffdef7def7ddf7fef7f7ce30959c
:1053180016cf16cf36d752b6d9e798dfb5c6b2a59d
:10532800b1a56f9d2d8d2d95cd84cd84909d32aee8
:10533800f6ced6c633b670954c7435befef7d5c6d4
:10534800ea6b58d7fae7b8dfd1a58f9df7d6dcef1f
:105358009eefffffe7392421e420e420e318884a80
:10536800a64a8442a44a65428431c741a739c7394d
:10537800c739c739c739c739c739c739a739a73965
:10538800c639c639c639c739c739c83967318731c7
:10539800c420821803292a6b72b50fa50453a23ab8
:1053a80083534364836c8264836c6364025c857496
:1053b8004253e252245be2524353c45b865be54aa4
:1053c8006019c110e3200521e520e5206518a52016
:1053d80025298631e739073aa6396539245a258bb4
:1053e80047bc8ac4abac698c8da52b952874f1adec
:1053f800fbef37d72864b3b654b611ae509dd6ce5e
:10540800fbf7fcf7dcf7feffffffdfffffffffff07
:10541800ffffffffffffffffffffffffffffbef7dd
:10542800ffffffffdfffffffffffffffffffffffa4
:10543800ffffffffffffffffffffffffdfffbfffd4
:10544800ffffdfffffffffffdef7fdf7b8df6b743d
:1054580034c7ea7cea84486c486ce763476c686c3c
:10546800066406640564c45b0664486c4664476c5d
:10547800e763d1a536cfaf9d91a5dad698c6fcf7dc
:105488003195b6be54cf8b95ad95ce9d59dffeffb5
:10549800ffffdfff0c63c218e320e320a110cb73ea
:1054a800233a8342a44a45428531c841c739c8399d
:1054b800c739c739c739c739c739c739c839c739e3
:1054c800c739c739c739c739a739a8394831c520b5
:1054d800a42082180d844c8c4773414a424b045ccb
:1054e8008464c36c826c616ca15ba67c6ca56dad99
:1054f800098cc562635ac352845b824b4464e45b83
:105508004453022a4221e318c420e520a620a520fe
:10551800c520e520462945290329c120a572859b78
:1055280005b427b4099caa944b95677c476caa7c60
:10553800d5c64e8d265c8d8db09dee9d37dfbaf7b2
:10554800fcffdcfffdfffefffefffff7ffffffff95
:10555800fefffefffeffffffffffffffdeffffff77
:10556800dfffffffffffdfffffffffffffffffff83
:10557800ffffffffffffffffffffffffdeffbeff95
:10558800ffffffffdef7ddf7fcf7dbefb3c6897c33
:105598000564866c656c4664c8742664866c676ca2
:1055a800c5534243a14b235c055c0864e45ba974c2
:1055b80010a6b8df37d7919dbbeffcf7b9ce39d726
:1055c80099d792a60d8e8985cb9571bedcf7ffff22
:1055d800dfffdef74c6b61104429e218a752a54a99
:1055e8008342a342854ae539484ac739c741c7417a
:1055f800c739a739e8410842c839e839a741e8411d
:10560800c739c741e8498639e7412421a310e3187f
:10561800c6396e8ce65a2563035b025b2354a46487
:10562800846c0264e26b658c09ad4cbdedcceec4b4
:1056380050cd8dac2673c24a214b025ce36cc56c1d
:105648004564c55b444be129c0180429e520e620e0
:1056580006298320e420c418e3204241668b659b19
:10566800a5b308b446838773897c456c866c486cff
:105678002d8d0c7d0a7d6b8dd2beb9e7fdf7feff3f
:10568800dfffbfffbefffeffddf7feffdfffffff0f
:10569800ffffffffffffffffffffffffffffffff12
:1056a800ffffffffffffffffffffffffffffffff02
:1056b800ffffffffffffffffffffffffdeffdef73c
:1056c800deffbef7bdef9be7f4b5cb732a74296cf8
:1056d800276c666ca774a76ce45b876c2564e55b34
:1056e800a553a4532464456c8874ab7caf9d77d7cd
:1056f800d9e777dfb7e790a5fbefbcef7ce796be6d
:1057080035c78c852b96ea95ce9ddbeffef7fff724
:105718009def7bef12a5e749a31804212863a55242
:10572800c34aa342a54ac43985312842084a66318a
:10573800a7390842a7398631c739e739e7418631a1
:105748000842c73966314531c3200321e3200642a8
:105758006a6b4442c452e352e573425b82538153fd
:10576800825b2574e9946cb58ebd6fc5f0c4d0bc5e
:10577800f1bc32bd91bdcc948463e04a02542464e8
:10578800856ca56ca56ce45ba33a00110321252167
:105798008318a4200529e520a3204349e57a859ba1
:1057a80024a3259b067b8129aa7c666c4564686cca
:1057b800696c4b8de97c10a678dffcf7ffffbff71b
:1057c800fffffefffdff9bef7be7bdefdfffffff66
:1057d800ffffffffffffffffffffffffffffffffd1
:1057e800ffffffffffffffffffffffffffffffffc1
:1057f800fffffffffffffffffffffffffef7feffbb
:10580800ffff5ce794ad6f84af8c319d71a5d2ad7d
:105818004e95c65b4664456446644764266c64538b
:10582800486c0b8506644874d0a599dfddf7fdf751
:10583800fcf773bef3ce92beb3ad5cdffdefd5be11
:10584800cd95aa8de98daa8d12ae9eefbff7dff731
:10585800feffd7de93bdf08b262901000ea5e4528a
:10586800a24a8242854a4329242104212529a739ad
:10587800e84187398631e7390742e741e741863110
:1058880065294629c420e420e3208531454aa64af3
:10589800a44aa342a563024b803a066cc15a857399
:1058a800aa946eb570b530b551b593c5b2cd14d6be
:1058b80014d6d3cdb2bdd2bd4fa52a7c034b224b03
:1058c8004464625ca15c046d856cc55b0342a010f6
:1058d80003214531a420c51883208451e57a86a385
:1058e80085abc9ab08736000c85b255c255c266482
:1058f800276ccc9d51bedbf7ddf7feff9ff7dff786
:10590800ddf799e733b691a59be7bdefdfffffff12
:10591800ffffffffffffffffffffffffffffffff8f
:10592800ffffffffffffffffffffffffffffffff7f
:10593800ffffffffffffffffffffffffdef79def0a
:10594800bdeffef7fef7fdf7fdf7fcf7fcf7dcf718
:1059580059df0d8d676c6564866c065c286c69740c
:10596800d3bef8e78653e863ee8cfceffdf7ffff44
:10597800fef774be4c95b5dfb9e7dde7dadf51ae67
:10598800cc95aa8dcb952fa698dffef7ffffbdf724
:105998007aef54ce72bd95bd895a6329c86b2c9590
:1059a800613aa34a444223210421c418042124292a
:1059b800c318c32025292429e4200429e420252903
:1059c800c418e420e420232906426a6b8342455325
:1059d800855b845b224ba45b2353245be78becac95
:1059e8008fbd91bd13ce18ef7af73aefb9f7baf732
:1059f800baffdbff9af79af7dbff39e791ad8763c8
:105a0800c13a025cc364615c2264857c077483428a
:105a18004119a1182529a418e428e5592793e8abca
:105a2800e7b3c9ab0652c108ac74c76c255ca86c57
:105a3800e5636c9d78e79fffdfffbdf7fdeffcefa7
:105a4800f5c6ae9d6d9db9e7dcefdffffffffffff9
:105a5800ffffffffffffffffffffffffffffffff4e
:105a6800ffffffffffffffffffffffffffffffff3e
:105a7800ffffffffffffffffffffffffffffffff2e
:105a8800ffffffffdef7fefffefffefffeffdef774
:105a98009ce713ae0764a774e87ccd9dea74696c33
:105aa80074c7ce9d444ba65b67534c7433b6bae7b4
:105ab800fcef37d78d95ad9535c7fadff4becd9598
:105ac8008a8dce95f4bef8dff9ef93beee946d8c17
:105ad80095d60fad71bdb3c551b5e662c7636c9578
:105ae800a65b633a65420321e4208218c2180321a9
:105af80023212429c320a318e4208318e428663925
:105b08006639a6418c730d84075ba552434ba45b91
:105b1800a453c563845ba24a055b4b8c51bdd3cdae
:105b2800d8e69bffbcff5bef7cefddf7deefbeef57
:105b38005bdf7be7bcf77aef7bef7bef9aeff7d67b
:105b4800ea73044b0243a35b05744263e36be563aa
:105b5800a75b602101190321a118455a889be8b366
:105b6800e7b3c9a30229a0080d85c874255c67643a
:105b7800686c8b7c5bef9fff9ef7fcf7b7cfce95e9
:105b8800ac95ac9555d7fbeffeff9ff7ffffffffe6
:105b9800ffffffffffffffffffffffffffffffff0d
:105ba800fffffffffffffffffffffffffffffffffd
:105bb800ffffffffffffffffffffffffffffbff735
:105bc8009ef7ffffffffffffdfffffffbef7ffffaf
:105bd800ddf758dfab840764476cc65bc874a76cf5
:105be800255c2564c453424ba55b8553a55b66536e
:105bf8002a6c8a7427644764ea74ca74ca74497d33
:105c08002d9e76cf74b6ed84276c8774e8732f9d2c
:105c180096d6d2c5b2c571c591bd8fb5296ceb8436
:105c28006974633a4229e22060182329011962291c
:105c3800a431274ae641c2208218a220a6410f9427
:105c480074bd32ad6d848442624246638453a45b62
:105c5800435323534563097c90b513c639ef9bf72b
:105c6800bcf7bcf7dcefdcefdce7bbdfbbdfdce776
:105c7800dbe7dbe79ae75ae77be77bef7befbcf7ed
:105c880039e771ada54a634a466b867b4153a453f5
:105c9800065c4974e55200190021067388a3a7ab76
:105ca80009b468934010463a4f95cea5a974065c8e
:105cb800065c4f95bdf7bef7fbf773b6ab852d961f
:105cc8008b8512bffaeffcf7ffffdfffffffffff37
:105cd800ffffffffffffffffffffffffffffffffcc
:105ce800ffffffffffffffffffffffffffffffffbc
:105cf800ffffffffffffffffffffffffffffffffac
:105d0800ffffffffffffdfffdfffffffffffffffdb
:105d1800fdf7dbef53be6a7c6974c65b06644664b4
:105d2800c87482538253a3536353c463c45ba45b94
:105d3800434ba55307642664255ca66c465cc35395
:105d4800a86c8653a65b476c25648774297496ce25
:105d5800bcf715ce50bd50c5d2cd70bd097c0874b6
:105d68008ea590ad51ad11a511a5c75aa64ae75207
:105d78004542e75a8e9431ad93bdf4c5d3c514ced0
:105d88006c94055bc44a244bc6636453655b245317
:105d98006563a7732da58fb5b4de97ef35d714cffc
:105da800d3c692be71b651b651ae71aed2be71b6ff
:105db80035cff9e7b9e77ae79be77bef9be7bcf7d5
:105dc8009beff8deb7d630a5c65a845a2253c4537f
:105dd800c453a45b0774a86b634a457b85a328b4a6
:105de80029ac6462c01014ae99e7fbff90a5676cfc
:105df800e55b6f8dfcf798dfad958c8ded8dac8de7
:105e080071aeb9e7fdffffffbef7feffffffffff23
:105e1800ffffffffffffffffffffffffffffffff8a
:105e2800ffffffffffffffffffffffffffffffff7a
:105e3800ffffffffffffffffffffffffffffffff6a
:105e4800feffdeffffffffffdfffdff7bfffbef74d
:105e5800fdfffbf7baef12b68a7c75d734cfaa7c60
:105e6800444bc55b466ca4538353a45ba453624b59
:105e7800c35be45b676c6664045c235c245cc34bb3
:105e8800844bc55b624b025c866ce75b12b6ddf740
:105e9800bfffb5cd71c571cdb3cd93c5eda4256355
:105ea8000d9db0b5b2bd30ade75ac552ca7368632f
:105eb8004863ee9cf2bdd1bdf2c512c64ead056376
:105ec800624a03538453c5534343a55b255b46632a
:105ed800cc9c6eb52dad6fb5d0bdcfb552ae52ae20
:105ee80052ae52ae72b672b652ae11a6cfa5af9de3
:105ef8008f9d2f95b2a596c6f8d67ae79be79ae7c5
:105f080079e799ef79e717dfb5ce0763613a23435d
:105f1800a453825384634563666b457b849b07acbb
:105f280009a4c66a69639bdffdf7bcff17d7c55b89
:105f3800055c51a6f5c6ac95cb8ded8d8d8d51ae1a
:105f4800b9e7feffbfff9ffffffffdffffffffff5a
:105f5800ffffffffffffffffffffffffffffffff49
:105f6800ffffffffffffffffffffffffffffffff39
:105f7800ffffffffffffffffffffffffffffffff29
:105f8800ffffffffffffffffffffffffffffdff741
:105f9800fffffffffeff3be7d4b50c7c94cef9ef83
:105fa80055d7286c244b84536353224ba453634b1b
:105fb8008353634bc3538353a353c353634b8353d9
:105fc800a45ba35b8253a353886c71b6faf7fbfffb
:105fd8009bff53bd74c574cd52c551cd10b589838f
:105fe80090bdb0bd4dad4563a773676b444a855af4
:105ff800eeacb1c5d1c512c6b1b50a7c2353445b1a
:10600800655b8453c353e45b835b035be88bafc579
:106018004fb590bd8fb56ead72bed3c6d5ceb5c6e1
:1060280037d799e7bae7faefdbefdbeffcefbbe72f
:106038009ae7daeffbefbaef7ae79befbcef9bef5b
:106048009bef7bef7bef7befbcf7ddf7f3b56b7c6a
:106058004132634b8353435b4473668ba8a3e79b2e
:106068002694235bcc84f7cefeffbefff6d6e5630d
:10607800245c32b7ed8d0a86c97dec85f09d58d732
:10608800ddf7bfffdfffffffddfffefffeffffffc6
:10609800ffffffffffffffffffffffffffffffff08
:1060a800fffffffffffffffffffffffffffffffff8
:1060b800ffffffffffffffffffffffffffffffffe8
:1060c800ffffffffffffffffffffffffffffffffd8
:1060d800deffffffbefffeffddf7d7d68d842e8dd6
:1060e80076d792b6865ba663e86b2d956553a65b5b
:1060f8008553a55364538453a4538453644b434b2f
:106108008253825383530664886c476ccb8472be77
:1061180036dfd2bd50ad51b5b2cd92cd92c5efb4f8
:1061280070bd6fb5466b824aa352224ac66a0fb544
:10613800b2c5b2c5aea4a97b8352e45a244bc65b50
:10614800654b64536353c152e7834db54fbd2fb5bb
:10615800aea4ea83e97b2c954c954b8d2b950c9539
:106168002da54fadf2c517e79af79af75ae79befb7
:10617800bbefbae7bbefbbef9bef9bef9bef9bef50
:106188009bef7bef7bef7bef9cef9cf75ae79ae75f
:10619800f5c6a6530243e252247b458b049348acd0
:1061a800a79ca6848b9532aefbf79bf7b7efe0422e
:1061b800c5746e9e8c85cc8dee95f1957be7fef7c8
:1061c800ffffdff7def7fef7fef7def7bdf7def7d6
:1061d800ffffffffffffffffffffffffffffffffc7
:1061e800ffffffffffffffffffffffffffffffffb7
:1061f800ffffffffffffffffffffffffffffffffa7
:10620800fffffffffffffffffffffffffeffffff97
:10621800ffffbfffdfffdfffbdf7fdfffdf7b6c6de
:10622800cd84096cab84e44af9ef77df2c8de34227
:10623800855b85538553a55b234ba5538553c65b67
:106248008553a55bc45ba8744764476c2664476c98
:10625800276c47744c9d11be6fb5b2c592cd10bd69
:10626800d2cdea83624ac352634a0a84d2cdf3cdbf
:1062780071bd897b0763a873a252c2522453445349
:106288000343444be7730cad8fc56b9ca98b076b1d
:1062980028736873266bc773497c4c9d6dadcebd62
:1062a800afbd4fbd70c530bd51bd96e6bbf7bbf75e
:1062b8007bef9befbcefbbef9be7bbef9bef9bef4d
:1062c8009bef9bef9bef7bef7bef7cefddffb8d67f
:1062d800badf31a6286c035be372048be5ab48acec
:1062e800e9a4eaa5ea9d6d95fbefbbf799e7a55be5
:1062f8004985c8744b85ed9dcf9ddadffcffdcff37
:10630800fdfffdf7fcefbbdf1bd779c69defbef79e
:10631800ffffffffffffffffffffffffffffffff85
:10632800ffffffffffffffffffffffffffffffff75
:10633800ffffffffffffffffffffffffffffffff65
:10634800ffffffffffffffffffffffffffffdeff76
:10635800ffff9ff7bfffdffffeffdcf7baef74be5a
:106368008b7c51b6b1be4974c75b664b855b645381
:106378006453a453634b8353c55b63538453875b54
:10638800ae846b7c0564077de87408644664a76c7a
:10639800e45b456c256ca9848fb5d1c551c5b3d5cf
:1063a800cb8b64528352266390b512ce90b54b8c3a
:1063b8000663265b6242866b866ba24aa25a824ab1
:1063c8008563eb8c2c9d298c0663476b4573e883aa
:1063d8008b9c4ead8fb5afbd6fb5f2c5d1c5d1c5dc
:1063e80012d6b2d571c592c5b2bdb2bd55c65ae76f
:1063f800dcf79cef7be7bcefbcef9be79bef9befe9
:106408009bef9bef9bef9bef9bef7befbcff5ae76c
:1064180038cfd19d8e9d4884c58b449ba5aba89b46
:1064280032cecfbea98d6d8dfcef9bef2d95e56328
:10643800656c476c496cd0a5dae7bcef9cf7fdffab
:10644800b9e7d3be0f9e8d8df1a558dfbdf7deffee
:10645800ffffffffffffffffffffffffffffffff44
:10646800ffffffffffffffffffffffffffffffff34
:10647800ffffffffffffffffffffffffffffffff24
:10648800ffffffffffffffffffffffffffffffff14
:10649800ffffbfffbff7feffdbefd2ad0864286444
:1064a800686ca8744b8da97c276cc65b65538453b4
:1064b800434b835325648453a45b444b287437d7d8
:1064c800fcf7b5c68974aa9529852864886c886cf8
:1064d800a76c866c666c276c4984f1c5b3cd0d9c9e
:1064e800a76aefac2fad6fad90b52fad676386632c
:1064f800034bc563845b8563a66b666ba152278ccf
:106508004cad48846663a76b676b476b456ba77b8d
:10651800cb94aa8c69840c95cb946eadb0adb0b514
:10652800d1bd12ced6e679f759ef59ef79e77ae778
:106538007bdfbce7ddef9ce77be7bbefbbe7bbefaf
:106548009be79befbbefbbefbce79ce77aeffcff59
:1065580074be11a68e95ca94437b85a3c5ab478ba1
:1065680094d690b6ab95af9d9ae77adf49740764e5
:106578004764aa74f5c6faefdaefdbef12b60d95a9
:106588004d8dcd95cc8db1b6d9e7fbf7feffffff5a
:10659800ffffffffffffffffffffffffffffffff03
:1065a800fffffffffffffffffffffffffffffffff3
:1065b800ffffffffffffffffffffffffffffffffe3
:1065c800ffffffffffffffffffffffffdef7fffffc
:1065d800ffffbef7feffdbef4f95286c865ca764d4
:1065e800a86c27642b8d2fb632d74fb6e763444b80
:1065f800634b26640664c65be763875b70a5faefa6
:10660800d9ef8c844c8d6c8dafae876c2b7dac8da7
:106618006b8d09854774687c4ea58fb550bd30b524
:10662800f4d5b2c5d1bd2b8c4b8c644aa342855b93
:10663800266c8353c45b234bc34a0453e5638463ca
:10664800c573077c86638763a873066ba773055bae
:10665800497ccd9d8c8d8b854a854a8529856774b3
:106668002b9510b6f1bd12c614ced4c596c639df27
:10667800bbe79be77be79bef9bef9befbbe7bbe7aa
:10668800bbefbbefbbefbbe7bce7bcefbbf775c627
:10669800d6ce93be6e9d2884858b45930293678bd7
:1066a8006c8c55d7f6e78f9dfaef99e70a6c2a6c40
:1066b800cc7c4a6c53b60e95cd840d8d6d958e9d10
:1066c80030ae35cfd9dffcefdef7dfffffffffff8e
:1066d800ffffffffffffffffffffffffffffffffc2
:1066e800ffffffffffffffffffffffffffffffffb2
:1066f800ffffffffffffffffffffffffffffffffa2
:10670800ffffffffffffffffffffffffffffffff91
:10671800ffffbdeffcf753b6e663a77486646764b2
:10672800aa74f5c66f9dcc8c8563024bc663a453cf
:1067380025644664634bd2beab7c875b37d7fbf7d7
:10674800b3c6286cad956b85cb8d897daa850c96d3
:10675800b0b670b60faeaea5cb8c0d9dd1c570bdd1
:1067680050bdf3cd0ead676b265b6763086c49744b
:10677800a663c663034b234bc55b67748a74086cb6
:10678800655b655b8663666345632563255b455b7f
:1067980089740e9e8b858a850d9e8c8daca58c9deb
:1067a8006c9d6da5f0b5b4d637e7baf77aef7aeff6
:1067b8007ae79befbbef9bef9befbbf79bef9bef62
:1067c8009bef9bef9bef9befbcefbcef7cf716c6f4
:1067d8007ae7d9ef11b6498c05834593048b067b7c
:1067e800c75a295bcf8c92ad71a50b742e8df0a57d
:1067f800f3be8e9577dffbefdbefbbe7fbe7fcef44
:10680800fdf7fdfffdffddf7fefffffffeffffffca
:10681800ffffffffffffffffffffffffffffffff80
:10682800ffffffffffffffffffffffffffffffff70
:10683800ffffffffffffffffffffffffffffffff60
:10684800ffffffffffffffffffffffffdfffffff70
:10685800feffddf738dfc763866ca46c2674697c9d
:1068680098dffcef3195f6c64d8d2b7d656c856cf8
:10687800035ca14b045c877465534553e96ba863bb
:106888004653486cc86c0b8e897dea85c985a985f5
:10689800ab958d954d958fa52d9d4ea50da54ead0e
:1068a800cdacca8b2252624a665b45530453623aa6
:1068b8000553a442e44aea7c4a85287d4c7c875be0
:1068c800c75b865b255ba76bc66bc563e663e66340
:1068d8002b85ac8d8c952faecfadd0b54ebd6ebd92
:1068e800f0bd51c631beafa56f9d12b6f9ee7bf76c
:1068f8009bf79bef9befbbef9bef9bef9bef9bef18
:106908009bef9bef9bef9bef9befbcef1def9ade9e
:10691800bcff35c62b842673468b2693268be772dd
:10692800885aab526a4aca5a295b0c748e8416cfad
:10693800b3be30ae93bef6cedbeffceffff7dff76a
:10694800bfffbfffbfffdefffeffbdf7feffffff7c
:10695800ffffffffffffffffffffffffffffffff3f
:10696800ffffffffffffffffffffffffffffffff2f
:10697800ffffffffffffffffffffffffffffffff1f
:10698800ffffffffffffffffffffffffbeffffff50
:10699800fff7fbe70c85476c4774c563b2b5fcff8e
:1069a800ddfffdffbae7d4c6e97486646664e35385
:1069b800c66cc77446642243e6638453a65b65537a
:1069c80065538453c453887dc87d287e4986e985ec
:1069d800ec958d95cfad30b66d9d6c9d0c9d8a8cd8
:1069e800834ae45ac4524242c44aa3428342a34a55
:1069f800c229842908538b95c995ab95c95ba742d1
:106a0800ab630e950c8d0d8d2a7cc873e97c698566
:106a1800487df0b693b6b1ad50adb0c5b0bd4ead82
:106a28004eadf0bdd4ded5d6d5de95d6b6d6d7defa
:106a3800dbf79bf77aef9af77aef7aef9bf77aef23
:106a4800dbf77bef9bf77bf7bcf79be7fae6b3a492
:106a5800ab62a6392552488be68a4793478b866aec
:106a68008a5a8b4a6a4a8952aa5289426b63d3adc1
:106a7800f7d674beafa58d954a852d9e99dffbef9d
:106a8800feffffffbfffbfffdfffdfffffffffffcf
:106a9800fffffffffffffffffffffffffffffffffe
:106aa800ffffffffffffffffffffffffffffffffee
:106ab800ffffffffffffffffffffffffffffffffde
:106ac800ffffffffffffffffffffffffffffdfffee
:106ad800ddeff7cec863244b2d9557dffdffffff91
:106ae8007fefddefcfa52464c67466644664c8747e
:106af800255c466c476ca553a55b634b624b83537f
:106b08008453a874aa8d0b8e0a86e97509860a8ea5
:106b18006a85cda5efad8ea5efad0b8d4563866b70
:106b2800c873a3524663a44aa44a6442e331812944
:106b3800e431a631a74acda5298d6c8d284ba942f1
:106b4800a94ae74aa4424f9553be46638a746c8d9e
:106b58008c8d0b7d73b616d7b5d6f2c590b570b5ca
:106b680091c550c570c595e675de96deb6d6d7defa
:106b780076cef8de7aef18e739e77aef5aef9aef30
:106b8800f7de96cef8e6d8e63ae7f5b5084aa8491a
:106b9800a8418539455a2793069306930683465a92
:106ba8008952ab528a4a8952a952894ac952a94a7a
:106bb800d1947ae7bbef74be11a68e95709575be19
:106bc8009be7fef7dfffdfffffffffffffffffff92
:106bd800ffffffffffffffffffffffffffffffffbd
:106be800ffffffffffffffffffffffffffffffffad
:106bf800ffffffffffffffffffffffffffffffff9d
:106c0800ffffffffffffffffffffffffbff7dffff4
:106c1800ddf7f0940b74d6cefcf7fef7bcefdff788
:106c28001cdf6d7c876cc474e253476c486c71b68a
:106c3800f7e7d3be086c07648453e45b2985c77cf7
:106c4800ab95cb8d0b8e2c8eca850c860b8e8a85c8
:106c5800097dc87c8d9d0fae6d9daa7c445b824ae0
:106c68004663c873444a654aa2316229c531063a67
:106c7800e6398629063ab0a5044bcc84a94aaa4a23
:106c88006a4ac95285420b7433b68c84c54aea6b8a
:106c98004f8d6f952e8df1b574ce74d6b6d654ce71
:106ca800b2cd55eeb3dd72d555e675deb6d696d6bd
:106cb80097d696d6b7d6b7debbffd8def8e6b7deee
:106cc800d6deb6ded7de19ef53b5642967416841d1
:106cd800c84984398562279347a3e692a56ae5499e
:106ce8002842694a894a8952a952894a894a894a5d
:106cf8008a521084fbdefef7ddefdde739d714b6e4
:106d080015b67be7feffdef7bdeffff7ffffffffde
:106d1800ffffffffffffffffffffffffffffffff7b
:106d2800ffffffffffffffffffffffffffffffff6b
:106d3800ffffffffffffffffffffffffffffffff5b
:106d4800ffffffffffffffffffffffffffffffff4b
:106d58005ce7d5bddcf7fdfffffffff7fcf7b6ce1c
:106d68004b746974676c676c086c6a74d5c6f6ce28
:106d7800ca6b07538963096c64538b952e9e2d9ead
:106d88000b96ca85cb85cb8dec8d6b854d8d697443
:106d980006646774476c4453244b086caa84255bcb
:106da800065b4863e85a2221e2206429e739e7397b
:106db800e739c7396529cf94033a8b632842494a92
:106dc8006a52a952e85228530f958e84864ae9528e
:106dd80029530c6ccd84b0ad94ce74ceb6ce75ce9e
:106de80055d614d6b6ee75def3cdb6deb6de96d63b
:106df80097de76d655d675d635ce96de56d6b6de1d
:106e080055ce75d679f773b5a539a5398841884126
:106e1800a741a439277b479b47a30693665aa43901
:106e2800c631083a684a88528952aa528952ab5ade
:106e3800494aab5ad39c5deffff7fff7fdf7fdf723
:106e4800ddef9cefbceffef7fffffff7ffffffff53
:106e5800ffffffffffffffffffffffffffffffff3a
:106e6800ffffffffffffffffffffffffffffffff2a
:106e7800ffffffffffffffffffffffffffffffff1a
:106e8800ffffffffffffffffffffffffffffdfff2a
:106e9800dfffdfff9ef7ffff7cefddf7d6cea763ae
:106ea8006774466c8a74ee8cf8ce9ae7f4b5f19460
:106eb8001adf7be7fceffae7454bc97c8a7d0b8e2e
:106ec800897dcb85ed95ae9531ae77df38d70e95b8
:106ed800296c4453e142e663034ba242455b2a7c9a
:106ee800e6528229022124290429a3184529a6311a
:106ef8000742a731e7392b63a531484aa639a63995
:106f0800e741c639263aa74a1095ac6b674aa95299
:106f1800894acd6bc64a4b7c90adb5d6b7ded7de75
:106f2800b6de54ceb6de95d674d654d6b6e696e618
:106f380056d6d7e675d617efd3c596deb8de76de19
:106f480096de38ef96de0a6ba11803216631e84118
:106f5800e741c339277be592069b27932752a63939
:106f6800e731e7310742284a494a6a4a8952895231
:106f780069528952ca5a75b5ddf7def7ffffdef7a9
:106f8800def7def7feffffffdff7dff7ffffffffac
:106f9800fffffffffffffffffffffffffffffffff9
:106fa800ffffffffffffffffffffffffffffffffe9
:106fb800ffffffffffffffffffffffffffffffffd9
:106fc800ffffffffffffffffffffffffdef7fffff2
:106fd800dfffdfffdfff9ef7feff3adf8d840a74d5
:106fe8006e9d14cfd9e7fdf7fdf7fef7def7def764
:106ff800deffffffdef7fcefb4be4c850a8ee985a5
:107008002b96ec95d09d38d7dcf7ddf7fcf7b6ce9c
:10701800c4426453266c224b234ba242634206535c
:107028004542e1186429c320a3182529c320c6397d
:10703800c639a631284208426529e839a539a53953
:107048008539c639063a463a8f8cca5aca5aaa525c
:107058008a52894a4a632863696bb2b536e676e68e
:10706800b6e696de34ce95deb6e695e675de55def6
:1070780076deb6de95d612c633ce74d697de56dee9
:10708800d8e69bfff1a4e12084316531c110a53118
:10709800063a454a888b269b0693e57ac741c73945
:1070a800083ac731a739a639e8410842a952ca5a4d
:1070b8008952684a8852ac73d9d6dcf7dfffffffe4
:1070c800ffffffffffffffffffffffffffffffffc8
:1070d800ffffffffffffffffffffffffffffffffb8
:1070e800ffffffffffffffffffffffffffffffffa8
:1070f800ffffffffffffffffffffffffffffffff98
:10710800ffffffffffffffffffffffffffffdfffa7
:10711800ffffffffdff7fffffeff1adfd9d6dcf71f
:10712800fdfffdffddf7ddf7feffddf7fefffeffec
:10713800ffffdef7fefffcef57cfcf9d8a85eb8d73
:10714800287d2fa6faeffcefddf7ddf7109d8442ce
:10715800c342234b6453a55bc24a0453844ac131da
:10716800c331c4392329a2180421e420e3200421cf
:107178004429073aa631c7390842e739c6390642d1
:107188008531a7390742664a4a63c739494a89524d
:10719800cb5aa952884ae95a4a6bd09c72c597e6dd
:1071a80015d696e6b7ee96e696e634de75de96defa
:1071b80075d674ce16df0a7c0e9df5de96ded7e610
:1071c800f8eeb7de4a6b053ae53102218642864a77
:1071d8000542865a278b069b2693c572a641c63957
:1071e800073aa631a739e74128422842684a284287
:1071f8002842694a684a484af2a4defffeffffffb8
:10720800ffffffffffffffffdfffdeffffffffffc7
:10721800fffffffffffffffffffffffffefffeff78
:10722800feffffffffffffffffffffffffffffff67
:10723800ffffffffffffffffffffffffffffffff56
:10724800ffffffffffffffffffffffffbff7ffff8e
:10725800fef7def7ffffbef7bef7dff7dff7dff772
:10726800ffffbfffbfffbffffffffeffdeffdef731
:10727800feffdefffeffbbe777d7b3b6ee95c97416
:10728800e65b296cd5cedbef34be485b2763097417
:10729800076c434b6353234b6563e452a44a844a07
:1072a800a229874a0221e320e320e320e420c42026
:1072b80004218529073ac731c639c531083ae73963
:1072c800e739e841a63125422642c741c741a739d7
:1072d8000742494a694a8952ea62e9628e94254a14
:1072e800d0ac56de56de56de92bdb2c5b2c5d2c5aa
:1072f800d3bd33c6f1b56663ab8cf4d696de35d60e
:10730800b7e615ce0542095b4221874aa863a64a1b
:10731800e3390773068be69a06938462c641e64111
:10732800073aa6310842aa5aca5aa94a4942eb5a08
:10733800eb5a2942494ae8418b521ce7fefffeffff
:10734800fffffffffffffffffffffeffffffffff46
:10735800fffffffffffffffffffffffffefffeff37
:10736800feffffffffffffffffffffffffffffff26
:10737800ffffffffffffffffffffffffffffffff15
:10738800ffffffffffffffffffffffffdfffffff25
:10739800fffffffffffffeffdef7feffffffdff748
:1073a800dff7fffffffffffffffffefffdffbbf75c
:1073b80079ef58e794ce72bed3c6f8dfb8e7afa529
:1073c800e342c65b6453c65be44267530564845377
:1073d800a6634663a452486bcd94e752844aa44af4
:1073e800844a6442c33122210321c420e520e520d8
:1073f8000421e320242185298952063ac639e73930
:10740800c739e741e741c639e741e741a73986313e
:10741800e841a739c739e741274a8852274a0a630a
:10742800e649d1acd4cd56de96e655e636de95e68d
:10743800b5de95d64fa5655be76bd4d6b6de96de8e
:10744800f6e6ed9c6763c44a8332a75ba75be65206
:107458000031e782e592059b068bc359c539e639a9
:10746800e639ea5aee7b2b63e739c839e739c6397a
:10747800aa52cb5a494aa631694a75addef7defff2
:10748800deffdefffffffffffeffffffffffbef790
:10749800ffffffffffffffffffffffffdff7fff724
:1074a800ffffffffdeffffffffffffffffffffff05
:1074b800ffffffffffffffffffffffffffffffffd4
:1074c800ffffffffffffffffffffffffffffdfffe4
:1074d800dff7fffffffffefffef7bdeffdf7feff43
:1074e800fdffdbef79e758df74c60f95c96b675b63
:1074f800e44a2453076c286ce65bc97491b614cf30
:10750800086c2974e86b623a254be8636453c342fc
:10751800465ba96bef9c92b572ad464a2021254285
:1075280045424542674a0321e420c420c520a418e7
:107538000421c218e218c4314b63884aa6310742b5
:10754800c739c739c639a639c639a739e841c7394d
:10755800a739e839a631084ae73907422842484a94
:10756800a541685a4f9ce9728fa4d4cd16d696def1
:10757800d6e695d6ac8c445b856311b696d696d67e
:1075880074d64663255b865b8553a5536553c44a09
:10759800a241c67a2693259326830452e439c85219
:1075a8006b6b4b63a852053ae539a9522842e73973
:1075b800694acb5aaa52c739c739ce7b1bdfffffae
:1075c800deffdeffffffffffffffdef7ffffffff2e
:1075d800ffffdef7ffffffffdff7ffffffffbef74d
:1075e800def7dff7ffffffffdfffffffffffffff14
:1075f800ffffffffffffffffffffffffffffffff93
:10760800ffffffffffffffffffffffffdfffffffa2
:10761800fffffffffffffefffef7feff79e737df03
:1076280090a5c86b4453645b64538453e55b424b39
:10763800a34ba34b4564876c2664097d2b85ca7cc4
:10764800cc842a7cf1b50e95054b86530653065318
:10765800ef947bef37c6f6bdcb62a220c218232970
:10766800c218232165310842c418c4202629c52020
:10767800c418c2186129854a696347420319a631ab
:10768800c739c739e739e739e739c739c739a739b2
:10769800c739a7398631a739c739e741294208428e
:1076a800e741c541909cac834752ed8bea6a32b5fd
:1076b80077d6b2ada6636353845b6b8496d696d6b1
:1076c800d1bd255b855ba874e55b4243855b834a36
:1076d800e349898bc582468bc462234a68632c744c
:1076e800e5312742e95a674a884ac95a2842484a2e
:1076f800aa52aa52494ae739e7398a5295b5def7bc
:107708009df7bef7bef79df7ffffffff9df73cef24
:107718005cef9df7b9d63ce7dfffbef7dfffffff61
:10772800fff7dff7dfffffffffffffffffffffffb1
:10773800ffffffffffffffffffffffffffffffff51
:10774800ffffffffffffffffffffffffffffffff41
:10775800ffffbef79deffefffade708c496307530b
:107768002653855b845363538353834b824be45b7b
:10777800045c86646664255c676c6874c97c0fa6c3
:10778800f8e7b7e794beb5c6a9638863496b39e7dc
:10779800ddf7bef7dff7f4a4cd6a0529e420a318c6
:1077a8002529c320e320c7396529c31805290521e0
:1077b800c31822218342e452a54aa4314429e73957
:1077c800c7398631a631c639c639e739a639a63947
:1077d8000842c739c7398631c639a631a839e839c8
:1077e800e741c641274a32ad6439a220c220e428c5
:1077f8006431c64a4353414b84532a7435c671ad2c
:107808004b8c455b6353656cc34bc353a763a1297a
:10781800855a477b467ba6834984e86b296ca96314
:10782800063a4842aa52ca5aca5a694aca5aaa526f
:10783800ca5aeb5a694aa631e739aa5234a5def783
:10784800ffffffffdeff9ef779ce718cce83ea62e1
:10785800a95a484a07420f849def9ef7def7def7e4
:10786800beeffff7ffffffffdfffffffffffffff99
:10787800ffffffffffffffffffffffffffffffff10
:10788800ffffffffffffffffffffffffffffffff00
:10789800fffffffffffffeffddf7ddf73adfb3adc8
:1078a800aa6b2653c763855b0343244b4453a55bec
:1078b800066447642764686c687450b6b2c64c8d19
:1078c8002864696c6a6c909db2ad31a58f949bf762
:1078d800fdffbef7bff739cec949a4200429c4204b
:1078e800c420e42003212429474a2321a218e420a4
:1078f8004429033ac352a24a4342053ac2184529c9
:10790800c739c739e7410742e739c7390742c63996
:107918004529a6318531e739e739c639a739c73945
:10792800ca62a95a274aa5396531e3288218052968
:1079380003210653c45ba353a55be96be4396229b1
:1079480044428663066c466cc453845307534021f3
:10795800a552877bc67be573066c486cc663a44258
:10796800e4310742284acb5acb5a694aaa52ca5a22
:10797800aa52494ae741c7390842c739aa52718c05
:1079880075add6bdef7b694ae739e7418539c64110
:107998008539ea6a0f8c44316d7334ad75ad7def6e
:1079a800def7beefffffdfffffffffffffffffff79
:1079b800ffffffffffffffffffffffffffffffffcf
:1079c800ffffffffffffffffffffffffffffdfffdf
:1079d800ffffffff9defdef7ffffdef7dff7def7c4
:1079e800ddf7dcef7adf58df37d7d6c654be33b6bb
:1079f800f5ce15cf35cf14c7aa7ca65b855be663a9
:107a0800686c4864496c37d77ae7bcff19e78f94ec
:107a1800fdfffdffddf77cefcb620429a218e4200f
:107a2800c3200421a118c118c431874a64294321fd
:107a3800e439a44aa24a8142844a65420321e320e8
:107a48000421042124298631c73908428631242992
:107a580003218531a631c639a63985396439022909
:107a6800cd8395c5ad83a6414431e320c420462982
:107a78000221665b82538353a65b096c622101195c
:107a880082290653e44ac763865b4753c329c33137
:107a98002763245be46b256ca45b6553234b012aa5
:107aa80021218531c741c639694aaa5a494ae7415d
:107ab800c6390742e7398631a739e741e739e73957
:107ac800e739e73986310842e741a739e641a53960
:107ad8000f8cd6c5d2ac4018ea6a85390b6bfade32
:107ae800ffffffffffffdfffffffdef7ffffffffe7
:107af800ffffffffffffffffffffffffffffffff8e
:107b0800ffffffffffffffffffffffffdeffffff9e
:107b1800dfffffffffffffffffffffffdff7ffffb5
:107b2800ffffbef7def7fefffefffeffddf7dcf727
:107b3800fcf7b9e7b0a5a65b27642664a76c676461
:107b480089746a7432b6faeffcf7bbefbcf75ae7f0
:107b5800d0949beffcffdcf737c660080429c320ec
:107b68002531a318242903210119043a6642043a4d
:107b78008342c34a8142a34aa552654a85310321fb
:107b880004210421c320c320c420c420c320e4202e
:107b98008631e8392842453165392431f0b4f0b4ea
:107ba8006c83b1ac509ca541c6410329c420052172
:107bb800c431a563414b8453e8632a74e118222138
:107bc8002221a64a023206534542e53967428542d8
:107bd800255b4774a253e35b0343875b054ba0080f
:107be800032166316639a639a639a639c739e7416e
:107bf800e741c639c639e739e739c739a6316529b2
:107c08008531c739e739e841c8410842a639c64134
:107c1800485a6c7b686233bdb5cda96aa8622b6be4
:107c280054ad9defffffffffffffffffffffffffcb
:107c3800ffffffffffffffffffffffffffffffff4c
:107c4800ffffffffffffffffffffffffffffffff3c
:107c5800ffffffffdfffffffffffffffffffdeff6d
:107c6800ffffffffdfffdfffffffdfffffffdef7a5
:107c7800bbef8d84c863686cc874c76c4454866451
:107c8800286cf1addaeffbf7bbefd6c694add09414
:107c9800ec7b496392ad52a5d094a84a8218e42897
:107ca800e420c420a3182421e118c4298542a44a49
:107cb800c34aa242a24ac452a44a644a442982102e
:107cc800c3200429c320e420c420c420c4200521e3
:107cd8002529c839a73986392852aa622c9c92cd01
:107ce800ed9b202020188120032924310529c31861
:107cf800864a635b614b85536b74e96b22192321b8
:107d08000321a4316229e431a53187390111c12940
:107d1800c76ba353814be4536974c54a8421031983
:107d2800c520852047396739e849a739c739c73990
:107d3800e739c639e739c7392529e4200321032162
:107d4800e31824214529c3188318c4202429a22014
:107d5800c2282018a5492fa4ea7a12bd53bd264a85
:107d68004f8cbdf7deffbef7ffffdfffffffffff12
:107d7800ffffffffffffffffffffffffffffffff0b
:107d8800fffffffffffffffffffffffffffffffffb
:107d9800fffffffffffffffffffffffffefffeffed
:107da800def7ffffdefffefffefffdfffeffbae787
:107db8008b74a96c2d96cb8d6b85a96c686c6874d7
:107dc800ce9db2be93be94c695c696c6b6ce12b622
:107dd8006fa54a7c297cb0ad90a5ca6be539e3183c
:107de800c518a618c618052102218229a442a44a4a
:107df8006342a34ac44aa44a4442a231c218e420b6
:107e0800e420c420a420c420e420c420e420a31833
:107e180044294431653924314c7bd5cdd0ace4516b
:107e28004249a9820fb48eb4cb938020c420032189
:107e3800253ac542044b096ceb6b473ae318042119
:107e480003210321c639a6314321e21862210753d1
:107e5800475b255b09748b84eb736a6bc420e52050
:107e68000629e620c520c4182421842984298429c8
:107e7800a431a4312321e32004210529c418e520d5
:107e88000629a520c528e428e330a22864414a83ae
:107e98000ca4cebc2dac476a844990a4ea6ac641ba
:107ea800dadedef7ffffdff7ffffdfffffffffff91
:107eb800ffffffffffffffffffffffffffffffffca
:107ec800ffffffffffffffffffffffffffffdfffda
:107ed800fffffffffffffffffffffffffeffdeffcc
:107ee800fefffeffbeff5bef77ce92a52f954a748b
:107ef8000a7dcb8deb8dca85e874e974aa7c4d9513
:107f08004974c763497429740974c96ba86b06530b
:107f18006663c76bc66ba7638763a7630753a32909
:107f28002221e218e218e2182121053a6442a44a03
:107f3800a44aa34a6242e231822921212321e32073
:107f4800c418c420e5200521e420c420e420052924
:107f5800a3208218c328e33020188c8bafac44626e
:107f6800c99baec4ebb34bb46cace772e328c21840
:107f7800253aa442e44ac86ba64ae010221902191d
:107f88008429e5392221e1184221a329475b475b6f
:107f98000553c76b8a84e97328636329242903215d
:107fa800e318e21822218229c231c231033a233a66
:107fb8006542e752c85aa531c318e420e4202529b0
:107fc800e52005298218a1208441cc8b50c550c5d5
:107fd8004fcd70d530cdf0bc43410a73ad832b6bc8
:107fe8000f841be7ffffffffffffffffffffffff00
:107ff800ffffffffffffffffffffffffffffffff89
:10800800ffffffffffffffffffffffffdff7ffffa0
:10801800ffffdfffdfffffffffffbef7bdf7ddf765
:10802800ddf7bcf75be7f5bd309d709d2c8d4b8d62
:108038002d9e0c960b968ea60d9eac952e950d8dad
:10804800cc8cec8c2d95eb8c497c297ce86be76b10
:10805800e66ba563845b44534453c6638663655be0
:10806800a663655b0453433aa229e439864a844ae5
:1080780042426342844a24428331c1180221e318f0
:10808800c420e420e420c420c418c420a420e42090
:10809800e428e328c32865416c83e551255a4ba49d
:1080a8008bb46bbcaccc4abc2ab489930229c118e6
:1080b800443ac54a0032a021c129854a864aa64abf
:1080c800c33161218229c229a12903326663e87379
:1080d800aa8caa8ca76b686b444262298329a331b6
:1080e800033aa44ac44aa34a8242a34a844a476339
:1080f8004863243a0119c218e320c3180529a420ab
:10810800c420c3282339097b10bd0fb54dcd8ed5aa
:10811800abbc2ecd50cdcb9b6b8bb5cd719469523a
:1081280017c67defffffbef7ffffffffffffffff53
:10813800ffffffffffffffffffffffffffffffff47
:10814800ffffffffffffffffffffffffffffffff37
:10815800dfffbef7ffffffff1be7f7bd74ad32a5da
:1081680052a532a552a550a56f9d2d8dcd9dee9d92
:10817800ed950d96ac8dad9571b610ae2f9d6c84b6
:10818800ed94ec94297c0874e773a76b86636563a8
:10819800445ba56b487c4874c663a663845b8353c1
:1081a8008353835ba45b2453223a0232202160214b
:1081b8008129c331043a25422642e6392221032186
:1081c800e320e420c420c420e4200529e420c420be
:1081d800a31804298220cb6a2f9ced938b938db42e
:1081e8006cb46cc42bbc2abc8cbc0ba48439454a27
:1081f800644284426342c452265ba44a6342a44a4e
:10820800a44ac552a44a84428342a442297c698470
:108218004984087c087c834a4342654aa54aa44aa3
:1082280082426142a242e44ae552c54a053a222105
:10823800e21824210421e4200521e520a418e528da
:10824800043124392fa493d571d5b1dd2cd58ee511
:108258006ed5edc4aeb46a83e2300329a21854adda
:10826800ffffffffbef7ffffffffffffffffffff5f
:10827800ffffffffffffffffffffffffffffffff06
:10828800fffffffffffffffffffffffffffffffff6
:10829800ffffffffbef79df7bef7fffffdfffdffe6
:1082a800fcff9aef17df70a52d950ea6ed9ded9dad
:1082b800ac95ce9d51b6afa5ed8c2e9dad94cd94c9
:1082c8008c8cac94097c26636663676b4663676b2a
:1082d800876b876b4563455ba76b2974c984e98401
:1082e8000a850a8588746453823ac34aa44ae652c6
:1082f800a74a674ae639a5310642674a674a0642ed
:1083080065310429e420e420c420c4180521c418d8
:10831800e4200429e42004290b6b0a734cac8cb4c8
:10832800acbc30d50fd5acc4abb48ba48339655283
:108338004442c44aa34a6242a34aa34a8242a34a85
:10834800c44a6242a342a34a0453655b0453c873f8
:10835800866ba76b6563e45a6242e452a442a34267
:10836800455b497ce97344420119c2182521462915
:10837800e5208410a518c518c418e420e3200329b3
:10838800e228ed9392d50fd570e50ddd6ee54edd53
:108398002ed5cebc6eac433981182421d2949df7da
:1083a800ffffdef7fffffffffffffffffffffffffe
:1083b800ffffffffffffffffffffffffffffffffc5
:1083c800ffffffffffffffffffffffffffffffffb5
:1083d800ffffffffffffdef7bef7bef7b9d656c6b1
:1083e80015be92ad51a54fa5aea58c956b8dac9dd4
:1083f80050b610b60d95cd94cd948c8cce94ce9c61
:10840800ad94cd94ac94a97327638873276b686b7c
:10841800476b276b27638873c973265b455345539e
:1084280045536653a75b65532453445b83426442b8
:10843800e4316429e318c218222142214229232168
:10844800e320c320c320e420e420c420c418c418b7
:108458006629c418e420e420032964394aa4abb48b
:10846800ecc4eecceecccbbc0bb58aa4a3418652af
:10847800634a6342834aa452634aa34aa34a413add
:108488006342834aa44aa34a04530453e5528342ed
:10849800265b834a6242a24a655b897c897c8a7c26
:1084a800286c0553023262210321e418c418c41849
:1084b800c420e5200529e420c320c3204329401017
:1084c800c76aaeac4fcd4fd54ddd4ee54fd550d533
:1084d800cfbc49832239a018642991945cefffff2f
:1084e800bef7ffffffffffffffffffffffffffffdd
:1084f800ffffffffffffffffffffffffffffffff84
:10850800ffffffffffffffffffffffffdfffffff93
:10851800ffffdeffdef7fffffffffffffeff7cef41
:10852800f9de19dfd8de74c6f0adefa52fae51b66f
:10853800d0adb1ad0f9d6d8cae944d8c6d942c8cdf
:10854800ae94ae9ccd9cad94a973276b686b476bba
:108558000763686b8973686b686b48634763886bec
:108568006863475b465b465b66636663876b676306
:10857800e75a664ac43102210121e1200121e220a3
:10858800e320e428e428e420e420042905298310d2
:10859800c418c418e4182529821823292b9ccbacad
:1085a8008ecdeec4cdc4ccbc4aa4ea936339eb8328
:1085b800ac946a84876b2763676b4a84ab8c097cad
:1085c8004663a873ac940a7c065b265b265be5527f
:1085d800c55247630553c76328746453845b645b5f
:1085e8002453a34283424442253ac4394329e22012
:1085f80003210329a220c3202429e4280329601881
:10860800ab83ceb4efbcadbccdc4edc4eeb44983ee
:10861800255a401842296a73d09c1adf9df79df7a6
:10862800bef7deffdfffffffffffffffffffffffdc
:10863800ffffffffffffffffffffffffffffffff42
:10864800ffffffffffffffffffffffffffffffff32
:10865800fffffffffffffffffefffeffffffffff24
:10866800def77bef36c6d2b56fa56d9532ae94bef8
:10867800b6ce19df5bef9cf7bcf73ae77aef14c682
:10868800cf9c2fa550adee9ceea40ea50e9d0e9d81
:10869800ad94ad94ce9cad94cd94ee9cae94eb830a
:1086a800476b476367634763476b27632763476382
:1086b800476b887369730863c85a6752833102210c
:1086c800a218c320e320e320e3200429c420e420e7
:1086d800a41826290521c420e4208118a76aadac76
:1086e8000ebd2fcdeec40bacaeb4a9720552ae9c34
:1086f8006b8cec94cd9c6c8cea7b876b476b6b8c9a
:10870800cd942b84ea7b0e9d0e9d2a7c8763834a39
:10871800c96bed94ed8c2974865384538453645348
:108728006453655b0453a34a634263422542464a45
:10873800c5410229c220c428c420c520e4288220bb
:10874800a96a2fa40d9cab934983255a00290029b7
:10875800e441c85a8e9430a5f09c11a557cebdffb0
:10876800beffffffffffdfffffffffffffffffff72
:10877800ffffffffffffffffffffffffffffffff01
:10878800fffffffffffffffffffffffffffffffff1
:10879800fffffefffeffffffffffffffffffffffe3
:1087a800fefffefffdffbcf7bbefbcf7fdf7feffca
:1087b800fefffffffffffffffeffbdf7feffbcf759
:1087c80039e795cef1bd6fad4fa52fa54fa52ea5c5
:1087d8000e9ded94cc94ac94cc94cc94cd94cd9443
:1087e800cd94ac944a8c097ca773866b476b476b16
:1087f800686b686b486b486b486b486baa73696b0e
:10880800085ba75206424429e320c32024290421f7
:10881800e320c320e420e420e520e52083202b7317
:10882800cfb46db46db4afb4ea7a4120cc7befa479
:10883800ad94ac94ad94ad94ee9ccd94ae94ef9c75
:10884800ef9cef9c0fa50f9dee9c2fa5ed94ad948a
:108858002a7ce9730e95ed940d8d8b840974086c50
:10886800a663855b497c4d9d4ea58c8c6d8c6d8c6b
:108878004d8c2c84ec7bcc738b6b4a5be95ae95aa0
:10888800e95a29634a6b8a73ab7bcb7b0c846d8c6a
:10889800ef9c30a550a530a530a530a511a57befdc
:1088a800feffbef7ffffffffffffffffffffffff1a
:1088b800ffffffffffffffffffffffffffffffffc0
:1088c800ffffffffffffffffffffffffffffffffb0
:1088d800fffffefffeffffffffffffffffffffffa2
:1088e800fffffffffeffddf7ddf7fdfffef7fefff1
:1088f800ffffdfffdff7deffbef77df737c6f6c500
:10890800d4bdf3bd13bed2bd71ad10a50fa50fa583
:108918002fa52fa52fa52fa50f9d0e9dce94ce94e4
:10892800cd94cd94cd94cd94cd94cd94cd948c8c80
:108938002a840a7c0a7c0a7cea7bca7b886ba96b3e
:10894800686b28632963296be85a464aa53984313c
:108958002329c218a218a218c318e3200429a220a8
:108968004439696a4862e2300231c86a11a531a502
:10897800ee9c2fa50fa50f9d30a530a54fa591ad55
:1089880050a50f9d50a550a52fa52ea52fa570adbc
:10899800ee9c2f9d2f9d70a52f9d4f9d4f9d4e9d09
:1089a8004e9d4f9d2e9dee94ef9450a530a5109da1
:1089b800f09cf09cf09c119d329d329d2e9d2e9d29
:1089c8000e9d2e9d2e9d4e9d4ea52e9d11a531a529
:1089d80051a552ad92b5f4bd76ceb7d67beffeff6a
:1089e800fefffefffffffffffffffeffffffffff92
:1089f800ffffffffffffffffffffffffffffffff7f
:108a0800ffffffffffffffffffffffffffffffff6e
:108a1800ffffffffffffffffffffffffffffdfff7e
:108a2800dfffffffffffdeffffffffffffffffff8f
:108a3800ffffdfffdfffdfffdeffbef7feff7cef9c
:108a4800d9de56c615bef4bdd4b5b3b5b4b5d4bddc
:108a5800d4bdd4bdd3b593b572ad51ad51ad31a52b
:108a680010a5109d109d10a530a530a52fa52fa5e8
:108a78004fa54fa54ea52ea50e9d0e9d4ea50d9d4d
:108a8800ac948c8c4b840a7cc97bca73696b496b28
:108a98002963c75a464ae53983316331e220a11870
:108aa800a220c3200329064acb7b0fa530a52fa5fa
:108ab8000e9d4fa50f9d30a530a50f9d4fa570adfc
:108ac8002fa570add2b570ad0e9d6fad92b592b5b4
:108ad800b3bd96d676ceb7d6b6d659e79aef7ae72b
:108ae8007ae7dbeffcf7dcf7dcf7fcfffcfffcffc9
:108af800dcffdcffddffddffddf7bceffefffdf790
:108b0800fdf7fdf7fdf7fdf7ddf7dcf7fdfffdffee
:108b1800fdfffdfffdfffdfffdfffdfffeffdeff8b
:108b2800bdf7ffffffffdef7ffffffffffffffffc0
:108b3800ffffffffffffffffffffffffffffffff3d
:108b4800ffffffffffffffffffffffffffffffff2d
:108b5800ffffffffffffffffffffffffffffffff1d
:108b6800ffffffffffffdfffffffffffffffffff2d
:108b7800fffffffffffffffffffffeffbdf7deff69
:108b8800fefffffffffffefffefffefffefffefff3
:108b9800fefffefffefffefffdffddffddfffdff29
:108ba800fdffbcf75be7b8d615be93ad51a551a53f
:108bb80051a530a50f9d0f9d2f9d2fa50e9d4fa54b
:108bc8004fa52fa52e9d2ea50e9ded9c0ea52fa57c
:108bd8002fa52fa52fa50fa510a530a5d19cf19cd9
:108be800cf940e9d70a5309dcf9430a52e9d2e9dbf
:108bf8004ea54ea50d9d4fa52f9d70a570ad91adad
:108c080050a530a5309dce9430a575cedbffbbf7bf
:108c18007bef36ce94b5d5bdd5bdd5b5b4b5f6bdcb
:108c280037c658cedad67cefddf7fdfffefffeff34
:108c3800fefffefffefffefffeffdef7ffffffff6a
:108c4800fffffffffffffffffffffffffefffeff2e
:108c5800fefffefffefffefffefffeffdeffdeff64
:108c6800dfffffffffffdfffffffdeffffffffff6d
:108c7800fffffffffffffffffffffffffffffffffc
:108c8800ffffffffffffffffffffffffffffffffec
:108c9800ffffffffffffffffffffffffffffffffdc
:108ca800ffffffffffffffffffffffffffffffffcc
:108cb800fffffffffffffffffefffefffeffffffbf
:108cc800ffffffffffffffffffffdeffffffffffcd
:108cd800ffffffffffffffffffffffffffffffff9c
:108ce800feffdeffdeffdeffbdf79df7bdf7bdf738
:108cf800bcf7dcf7dcf7bbf75ae7f9deb7ceb3b55c
:108d0800109d109d30a50f9dee9c4fa50fa52fa57a
:108d18002fa52fa52fa50fa50f9d0fa512a531a52e
:108d28004fa52e9d2e9db2add4b553ad2fa50e9d4a
:108d38000e9d4fa550a550a5309d34bedbf779efa9
:108d480055c672ad52a532a5119d32a5129d73adbf
:108d58001ae79df7deff9df7bdf7bdf7bdf7bdf735
:108d6800bef79ef77def9defbef7fefffefffeff0d
:108d7800deffffffffffffffffffffffffffffff1c
:108d8800ffffffffffffffffffffffffffffffffeb
:108d9800ffffffffffffffffdfffdfffffffffff1b
:108da800dfffffffffffffffffffdeffffffffff0c
:108db800ffffffffffffffffffffffffffffffffbb
:108dc800ffffffffffffffffffffffffffffffffab
:108dd800fffffffffffffffffffffffffefffeff9d
:108de800feffffffffffffffffffffffffffffff8c
:108df800fffffffffefffefffefffeffffffffff7f
:108e0800ffffffffffffffffffffdfffffffffff8a
:108e1800ffffffffffffdfffdfffdfffdff7dfff02
:108e2800ffffffffffffffffffffffffffffffff4a
:108e3800fffffefffefffefffefffefffefffeff41
:108e4800feffddf79bf73ae715bed09c31a510a5cc
:108e5800cf9cae94cf9cf09c10a531a594b597d625
:108e680018df19dfbceffeffdef7bef7ddf7bcf752
:108e78007bef5ae75be73be7b9d67be7fdfffefff1
:108e8800feffddf7ddf7ddf7bdf7bdf79cefbdf7ba
:108e9800ffffffffdefffffffffffffffefffefffd
:108ea800deffffffffffffffffffdeffffffffff0c
:108eb800ffffffffffffffffffffffffdfffffffda
:108ec800ffffffffffffffffffffffffdff7dffff2
:108ed800ffffffffffffffffffffffffffffffff9a
:108ee800bef7def7fffffffffffffffffffffffffc
:108ef800ffffffffffffffffffffffffffffffff7a
:108f0800ffffffffffffffffffffffffffffffff69
:108f1800fffffffffffffffffffffffffefffeff5b
:108f2800fefffeffffffffffffffffffffffffff4b
:108f3800ffffffffffffffffffffffffffffffff39
:108f4800ffffffffffffffffffffffffffffffff29
:108f5800ffffffffffffffffffffffffffffffff19
:108f6800ffffdef7bef7def7dfffdeffdff7dfff2d
:108f7800ffffffffffffdeffdfffdfffffffdfff7a
:108f8800defffefffeffdeffbdf79cef5cef9cef10
:108f9800bcf7dcf7fdfffdfffdfffdfffefffeff59
:108fa800deffdfffdff7dff7ffffffff9ef7dfffe3
:108fb800deffdef7dfffffffbef7def7ffffbef7de
:108fc800def7ffffffffffffdeffdfffffffdef73c
:108fd8009ef7ffffffffdfffdeffffff9df7deffce
:108fe800fefffefffeffffffffffffffdfffdfffcc
:108ff800ffffffffffffffffdffffffffefffeff9b
:10900800fefffefffefffefffeffffffffffffff6d
:10901800ffffffffdfffdfffffffffffffffffff98
:10902800ffffffffffffffffdfffffffffffffff68
:10903800ffffffffffffffffffffffffffffffff38
:10904800ffffffffffffffffffffffffffffffff28
:10905800ffffffffffffffffffffffffffffffff18
:10906800ffffffffffffffffffffffffffffffff08
:10907800fffffffffffffffffffffffffffffffff8
:10908800fffffefffeffffffffffdfffffffffff0a
:10909800ffffffffffffffffffffffffdef7ffff01
:1090a800ffffffffffffffffffffffffffffffffc8
:1090b800fffffeffffffffffffffffffffffffffb9
:1090c800ffffffffffffdeffdeffffffdfffffff0a
:1090d800fffffefffefffefffeffffffffffffff9c
:1090e800feffdefffffffffffff7ffffffffffffb2
:1090f800ffffffffdfffffffffffffffffffffff98
:10910800ffffffffdff7ffffffffffffdff7ffffb7
:10911800ffffdfffdfffdfffffffdefffffffeffd9
:10912800fefffefffeffffffffffffffffffffff4a
:10913800ffffffffffffdfffffffffffffffffff57
:10914800ffffffffffffffffffffffffdefffeff49
:10915800fffffffffefffefffeffffffffffffff1a
:10916800ffffffffdef7ffffffffdfffffffffff50
:10917800fffffffffffffffffffffffffffffffff7
:10918800ffffffffffffffffffffffffffffffffe7
:10919800ffffffffffffffffffffffffffffffffd7
:1091a800ffffffffffffffffffffffffffffffffc7
:1091b800ffffffffffffffffffffffffffffffffb7
:1091c800ffffffffffffffffffffffffffffffffa7
:1091d800ffffffffffffffffffffffffffffffff97
:1091e800ffffffffffffffffffffffffffffffff87
:1091f800ffffffffffffffffffffffffffffffff77
:10920800ffffffffffffffffffffffffffffffff66
:10921800ffffffffffffffffffffffffffffffff56
:10922800ffffffffffffffffffffffffffffffff46
:10923800ffffffffffffffffffffffffffffffff36
:10924800ffffffffffffffffffffffffffffffff26
:10925800ffffffffffffffffffffffffffffffff16
:10926800ffffffffffffffffffffffffffffffff06
:10927800fffffffffffffffffffffffffffffffff6
:10928800ffffffffffffffffffffffffffffffffe6
:10929800ffffffffffffffffffffffffffffffffd6
:1092a800ffffffffffffffffffffffffffffffffc6
:1092b800ffffffffffffffffffffffffffffffffb6
:1092c800ffffffffffffffffffffffffffffffffa6
:1092d800ffffffffffffffffffffffffffffffff96
:1092e800ffffffffffffffffffffffffffffffff86
:1092f800ffffffffffffffffffffffffffffffff76
:10930800ffffffffffffffffffffffffffffffff65
:10931800ffffffffffffffffffffffffffffffff55
:10932800ffffffffffffffffffffffffffffffff45
:10933800ffffffffffffffffffffffffffffffff35
:10934800ffffffffffffffffffffffffffffffff25
:10935800ffffffffffffffffffffffffffffffff15
:10936800ffffffffffffffffffffffffffffffff05
:10937800fffffffffffffffffffffffffffffffff5
:10938800ffffffffffffffffffffffffffffffffe5
:10939800ffffffffffffffffffffffffffffffffd5
:1093a800ffffffffffffffffffffffffffffffffc5
:1093b800ffffffffffffffffffffffffffffffffb5
:1093c800ffffffffffffffffffffffffffffffffa5
:1093d800ffffffffffffffffffffffffffffffff95
:1093e800ffffffffffffffffffffffffffffffff85
:1093f800ffffffffffffffffffffffffffffffff75
:10940800ffffffffffffffffffffffffffffffff64
:10941800ffffffffffffffffffffffffffffffff54
:10942800ffffffffffffffffffffffffffffffff44
:10943800ffffffffffffffffffffffffffffffff34
:10944800ffffffffffffffffffffffffffffffff24
:10945800ffffffffffffffffffffffffffffffff14
:10946800ffffffffffffffffffffffffffffffff04
:10947800fffffffffffffffffffffffffffffffff4
:10948800ffffffffffffffffffffffffffffffffe4
:10949800ffffffffffffffffffffffffffffffffd4
:1094a800ffffffffffffffffffffffffffffffffc4
:1094b800ffffffffffffffffffffffffffffffffb4
:1094c800ffffffffffffffffffffffffffffffffa4
:1094d800ffffffffffffffffffffffffffffffff94
:1094e800ffffffffffffffffffffffffffffffff84
:1094f800ffffffffffffffffffffffffffffffff74
:10950800ffffffffffffffffffffffffffffffff63
:10951800ffffffffffffffffffffffffffffffff53
:10952800ffffffffffffffffffffffffffffffff43
:10953800ffffffffffffffffffffffffffffffff33
:10954800ffffffffffffffffffffffffffffffff23
:10955800ffffffffffffffffffffffffffffffff13
:10956800ffffffffffffffffffffffffffffffff03
:10957800fffffffffffffffffffffffffffffffff3
:10958800ffffffffffffffffffffffffffffffffe3
:10959800ffffffffffffffffffffffffffffffffd3
:1095a800ffffffffffffffffffffffffffffffffc3
:1095b800ffffffffffffffffffffffffffffffffb3
:1095c800ffffffffffffffffffffffffffffffffa3
:1095d800ffffffffffffffffffffffffffffffff93
:1095e800ffffffffffffffffffffffffffffffff83
:1095f800ffffffffffffffffffffffffffffffff73
:10960800ffffffffffffffffffffffffffffffff62
:10961800ffffffffffffffffffffffffffffffff52
:10962800ffffffffffffffffffffffffffffffff42
:10963800ffffffffffffffffffffffffffffffff32
:10964800ffffffffffffffffffffffffffffffff22
:10965800ffffffffffffffffffffffffffffffff12
:10966800ffffffffffffffffffffffffffffffff02
:10967800fffffffffffffffffffffffffffffffff2
:10968800ffffffffffffffffffffffffffffffffe2
:10969800ffffffffffffffffffffffffffffffffd2
:1096a800ffffffffffffffffffffffffffffffffc2
:1096b800ffffffffffffffffffffffffffffffffb2
:1096c800ffffffffffffffffffffffffffffffffa2
:1096d800ffffffffffffffffffffffffffffffff92
:1096e800ffffffffffffffffffffffffffffffff82
:1096f800ffffffffffffffffffffffffffffffff72
:10970800ffffffffffffffffffffffffffffffff61
:10971800ffffffffffffffffffffffffffffffff51
:10972800ffffffffffffffffffffffffffffffff41
:10973800ffffffffffffffffffffffffffffffff31
:10974800ffffffffffffffffffffffffffffffff21
:10975800ffffffffffffffffffffffffffffffff11
:10976800ffffffffffffffffffffffffffffffff01
:10977800fffffffffffffffffffffffffffffffff1
:10978800ffffffffffffffffffffffffffffffffe1
:10979800ffffffffffffffffffffffffffffffffd1
:1097a800ffffffffffffffffffffffffffffffffc1
:1097b800ffffffffffffffffffffffffffffffffb1
:1097c800ffffffffffffffffffffffffffffffffa1
:1097d800ffffffffffffffffffffffffffffffff91
:1097e800ffffffffffffffffffffffffffffffff81
:1097f800ffffffffffffffffffffffffffffffff71
:10980800ffffffffffffffffffffffffffffffff60
:10981800ffffffffffffffffffffffffffffffff50
:10982800ffffffffffffffffffffffffffffffff40
:10983800ffffffffffffffffffffffffffffffff30
:10984800ffffffffffffffffffffffffffffffff20
:10985800ffffffffffffffffffffffffffffffff10
:10986800ffffffffffffffffffffffffffffffff00
:10987800fffffffffffffffffffffffffffffffff0
:10988800ffffffffffffffffffffffffffffffffe0
:10989800ffffffffffffffffffffffffffffffffd0
:1098a800ffffffffffffffffffffffffffffffffc0
:1098b800ffffffffffffffffffffffffffffffffb0
:1098c800ffffffffffffffffffffffffffffffffa0
:1098d800ffffffffffffffffffffffffffffffff90
:1098e800ffffffffffffffffffffffffffffffff80
:1098f800ffffffffffffffffffffffffffffffff70
:10990800ffffffffffffffffffffffffffffffff5f
:10991800ffffffffffffffffffffffffffffffff4f
:10992800ffffffffffffffffffffffffffffffff3f
:10993800ffffffffffffffffffffffffffffffff2f
:10994800ffffffffffffffffffffffffffffffff1f
:10995800ffffffffffffffffffffffffffffffff0f
:10996800ffffffffffffffffffffffffffffffffff
:10997800ffffffffffffffffffffffffffffffffef
:10998800ffffffffffffffffffffffffffffffffdf
:10999800ffffffffffffffffffffffffffffffffcf
:1099a800ffffffffffffffffffffffffffffffffbf
:1099b800ffffffffffffffffffffffffffffffffaf
:1099c800ffffffffffffffffffffffffffffffff9f
:1099d800ffffffffffffffffffffffffffffffff8f
:1099e800ffffffffffffffffffffffffffffffff7f
:1099f800ffffffffffffffffffffffffffffffff6f
:109a0800ffffffffffffffffffffffffffffffff5e
:109a1800ffffffffffffffffffffffffffffffff4e
:109a2800ffffffffffffffffffffffffffffffff3e
:109a3800ffffffffffffffffffffffffffffffff2e
:109a4800ffffffffffffffffffffffffffffffff1e
:109a5800ffffffffffffffffffffffffffffffff0e
:109a6800fffffffffffffffffffffffffffffffffe
:109a7800ffffffffffffffffffffffffffffffffee
:109a8800ffffffffffffffffffffffffffffffffde
:109a9800ffffffffffffffffffffffffffffffffce
:109aa800ffffffffffffffffffffffffffffffffbe
:109ab800ffffffffffffffffffffffffffffffffae
:109ac800ffffffffffffffffffffffffffffffff9e
:109ad800ffffffffffffffffffffffffffffffff8e
:109ae800ffffffffffffffffffffffffffffffff7e
:109af800ffffffffffffffffffffffffffffffff6e
:109b0800ffffffffffffffffffffffffffffffff5d
:109b1800ffffffffffffffffffffffffffffffff4d
:109b2800ffffffffffffffffffffffffffffffff3d
:109b3800ffffffffffffffffffffffffffffffff2d
:109b4800ffffffffffffffffffffffffffffffff1d
:109b5800ffffffffffffffffffffffffffffffff0d
:109b6800fffffffffffffffffffffffffffffffffd
:109b7800ffffffffffffffffffffffff0000008069
:109b880000040084100010801004f7bd108400f851
:109b9800e007e0ff1f001ff8ff07ffff0c001000a1
:109ba80015001a001f00e002ec02f002f502fa02aa
:109bb800ff0220042c04300435043a043f046005f5
:109bc8006c05700575057a057f05a006ac06b0061c
:109bd800b506ba06bf06e007ec07f007f507fa076f
:109be800ff0700600c60106015601a601f60e0627b
:109bf800ec62f062f562fa62ff6220642c64306401
:109c080035643a643f6460656c65706575657a654e
:109c18007f65a066ac66b066b566ba66bf66e06783
:109c2800ec67f067f567fa67ff6700800c801080c3
:109c380015801a801f80e082ec82f082f582fa8219
:109c4800ff8220842c84308435843a843f84608564
:109c58006c85708575857a857f85a086ac86b0868b
:109c6800b586ba86bf86e087ec87f087f587fa87de
:109c7800ff8700a80ca810a815a81aa81fa8e0aa72
:109c8800ecaaf0aaf5aafaaaffaa20ac2cac30ac30
:109c980035ac3aac3fac60ad6cad70ad75ad7aad7e
:109ca8007fada0aeacaeb0aeb5aebaaebfaee0afb3
:109cb800ecaff0aff5affaafffaf00d00cd010d0db
:109cc80015d01ad01fd0e0d2ecd2f0d2f5d2fad209
:109cd800ffd220d42cd430d435d43ad43fd460d554
:109ce8006cd570d575d57ad57fd5a0d6acd6b0d67b
:109cf800b5d6bad6bfd6e0d7ecd7f0d7f5d7fad7ce
:109d0800ffd700f80cf810f815f81af81ff8e0fa61
:109d1800ecfaf0faf5fafafafffa20fc2cfc30fc1f
:109d280035fc3afc3ffc60fd6cfd70fd75fd7afd6d
:109d38007ffda0feacfeb0feb5febafebffee0ffa2
:109d4800ecfff0fff5fffaffffff41088210e31870
:109d580025298631c7392842694acb5a0c630c63d6
:109d68000c63ae731084518cb294f39c54a596b5d1
:109d7800d7bd38c679cedbde1ce77defc8240720c7
:109d88001c00000000000000d4250720010000008e
:109d980000000000601706203400000000000000ea
:109da80068250720080000000000000020c30720e5
:109db800040000000100000050c20720941706208c
:109dc8005400000000000000d52507200100000015
:109dd80000000000702507200400000000000000bb
:109de800d62507200100000000000000e817062023
:109df8001c0000000000000080fe06202014000067
:109e080000000000202207202c00000000000000b5
:109e1800b82507201000000000000000d725072003
:109e28000100000000000000742507201400000055
:109e380000000000d82507200200000000000000f4
:109e4800c82507200c00000000000000642307203c
:109e58002800000000000000602207202c000000fd
:109e680000000000e01d0720c800000000000000fe
:109e7800d41d07200c00000000000000342107203a
:109e88000c00000000000000542407200c00000013
:109e980000000000a02407200c00000000000000c3
:109ea800402107203c00000000000000a0220720fd
:109eb8002c00000000000000e02207202c00000019
:109ec80000000000001c0720f40000000000000053
:109ed800802407200c0000000000000060240720f8
:109ee8001000000000000000041806200c0000000c
:109ef80000000000cc2207200c0000000000000039
:109f0800402407201400000000000000c0230720a0
:109f1800200000000000000038240720080000008e
:109f2800000000002c2407200c00000000000000a6
:109f38004c22072014000000000000008c24072099
:109f48000c00000000000000ec1b07200c000000c3
:109f580000000000e42407200c00000000000000be
:109f6800e02307201c000000000000008c220720ce
:109f78001400000000000000f02407202400000066
:109f88000000000080d20620001000000000000041
:109f9800c0bf0620c012000000000000006b0620b1
:109fa800c03c00000000000080f20620000c000009
:109fb80000000000c0a706200018000000000000f4
:109fc800f41c0720e0000000000000008c2307209c
:109fd800240000000000000080e2062000100000bd
:109fe8000000000090c0072054000000010000009d
:109ff800100000002c0100000000000020000000fc
:10a008006000000000000000400000006000000048
:10a018000000000080000000200000000000000098
:10a02800c400000030000000000000000001000033
:10a038001800000000000000000000000000000000
:10a0480000000000da2507200200000000000000e0
:10a05800b02307201000000000000000002b06209d
:10a068000040000000000000802107203c000000a4
:10a0780000000000882507200800000000000000fc
:10a0880028c3072001000000010000006400000050
:10a09800101806204800000000000000f0c2072049
:10a0a8000c00000001000000d160030c5d90020c60
:10a0b800dd04030c902507200400000000000000c8
:10a0c80098240720080000000000000094250720bd
:10a0d8000400000000000000f81b07200800000032
:10a0e8000000000098250720040000000000000080
:10a0f800a8c2072028000000010000006500000039
:10a108000000000000000000000000000000000047
:10a1180066000000000000000000000000000000d1
:10a12800000000009c25072004000000000000003b
:10a13800fc2307201800000000000000082007206a
:10a148005800000000000000581806201400000005
:10a158000000000014240720180000000000000080
:10a16800a81e0720c00000000000000014250720da
:10a178000c000000000000000c230720580000001d
:10a18800000000006c1806207002000000000000ab
:10a19800f02107203000000000000000681f0720a1
:10a1a800a000000000000000de25072002000000db
:10a1b8000100000001000000941907205801000068
:10a1c80000000000b0200720480000000000000048
:10a1d8002c2507200800000000000000dc250720cf
:10a1e8000100000000000000a02507200400000076
:10a1f80000000000dc1a062000100000000000002b
:10a20800a4250720040000000000000060200720ab
:10a218005000000000000000c4bf07206c000000d0
:10a2280001000000d0bf0720ccbf0720d0bf072007
:10a238000000000025000000a8120720000400000c
:10a248000000000000000000000000000000000006
:10a2580000000000000000000000000000000000f6
:10a268008563030c000000000000000000000000ef
:10a27800000000007dff020c00000000000000004c
:10a2880000000000000000000000000000000000c6
:10a29800a0120720080400000000000070c2072078
:10a2a8002000000001000000010000000300000081
:10a2b8000000000000000000000000000000000096
:10a2c800000000003425072034250720080000007e
:10a2d80000000000a825072008000000000000007a
:10a2e80030c00720600000000100000001000000ed
:10a2f8000300000000000000000000000000000053
:10a308000000000000000000c502030c000000006f
:10a318000000000000000000b962030c3f07030cb6
:10a328000000000000000000000000000000000025
:10a338000000000000000000000000000000000015
:10a3480000000000000000000000000024c30720f7
:10a35800040000000100000001000000b0250720f3
:10a368000400000000000000202507200c00000069
:10a378000000000000000000b80300000100000019
:10a38800f0ff1120219f020cc962030ccd62030c5f
:10a39800d562030cd962030cdd62030c00000000d7
:10a3a8000000000000000000000000007163030cc2
:10a3b800d162030c000000007163030c7163030c8d
:10a3c8007163030c7163030c7163030c7163030cf9
:10a3d8007163030c7163030c7163030c7163030ce9
:10a3e8007163030c7163030c7163030c7163030cd9
:10a3f8007163030c7163030c7163030c0d40030c50
:10a408000d40030c0d40030c0d40030c7163030c4d
:10a41800954f030cb54f030c7163030c7163030c68
:10a428007163030c7163030c7163030c7163030c98
:10a438007163030c7163030c7163030c7163030c88
:10a448007163030c7163030c7163030c7163030c78
:10a458007163030c7163030c7163030cd130030c3b
:10a468009930030c6130030c2930030c7163030c21
:10a478007163030c7163030c7163030c7163030c48
:10a488007163030c7163030c7163030c7163030c38
:10a498007163030c7163030c7163030c7d5c020c24
:10a4a8007d5c020c7d5c020c7d5c020c7d5c020c08
:10a4b8007d5c020c7d5c020c7163030c7163030c00
:10a4c8007163030c7163030c7163030c7163030cf8
:10a4d8007163030c7163030c7163030c7163030ce8
:10a4e8007163030c7163030c7163030c7163030cd8
:10a4f8007163030c7163030c7163030c7163030cc8
:10a508007163030c7163030c7163030c7163030cb7
:10a518007163030c7163030c7163030c7163030ca7
:10a528007163030c7163030c9d63020c9d63020c41
:10a538009d63020c9d63020c9d63020c9d63020cdb
:10a548009d63020c7163030c7163030c7163030c4c
:10a558007163030c7163030c7163030c7163030c67
:10a568007163030c7163030c7163030c7163030c57
:10a578007163030c7163030c7163030c7163030c47
:10a588007163030c7163030c7163030c7163030c37
:10a598007163030c7163030c7163030c7163030c27
:10a5a8007163030c7163030c7163030c7163030c17
:10a5b8007163030c7163030c7163030c7163030c07
:10a5c8007163030c7163030c7163030c7163030cf7
:10a5d8007163030c7163030c7163030c7163030ce7
:10a5e8007163030c7163030c7163030c7163030cd7
:10a5f8007163030c7163030c7163030c7163030cc7
:10a608007163030c7163030c7163030c7163030cb6
:10a618007163030c7163030c7163030c7163030ca6
:10a628007163030c7163030c7163030c7163030c96
:10a638007163030c7163030c7163030c7163030c86
:10a648007163030c7163030c7163030c7163030c76
:10a658007163030c7163030c7163030c7163030c66
:10a668007163030c7163030c7163030c7163030c56
:10a678007163030c7163030c7163030c7163030c46
:10a688007163030c7163030c7163030c7163030c36
:10a698007163030c7163030c7163030c7163030c26
:10a6a8007163030c7163030c7163030c7163030c16
:10a6b8007163030c7163030c7163030c7163030c06
:10a6c8007163030c7163030c7163030c7163030cf6
:10a6d8007163030c7163030c7163030c7163030ce6
:10a6e80000000000000000007163030c7163030c9c
:10a6f8007163030c7163030c7163030c7163030cc6
:10a708007163030c7163030c7163030c7163030cb5
:10a718007163030c095e030c7163030c7163030c12
:10a728007163030c7163030c7163030c7163030c95
:10a738007163030c7163030c00000000000000004b
:020000040000fa
:020000040c00ee
:10a74800ffffffffffffffffffffffffffffffff11
:10a75800ffffffffffffffffffffffffffffffff01
:10a76800fffffffffffffffffffffffffffffffff1
:10a77800ffffffffffffffffffffffffffffffffe1
:10a78800ffffffffffffffffffffffffffffffffd1
:10a79800ffffffffffffffffffffffffffffffffc1
:10a7a800ffffffffffffffffffffffffffffffffb1
:10a7b800ffffffffffffffffffffffffffffffffa1
:10a7c800ffffffffffffffffffffffffffffffff91
:10a7d800ffffffffffffffffffffffffffffffff81
:10a7e800ffffffffffffffffffffffffffffffff71
:10a7f800ffffffffffffffffffffffffffffffff61
:10a80800ffffffffffffffffffffffffffffffff50
:10a81800ffffffffffffffffffffffffffffffff40
:10a82800ffffffffffffffffffffffffffffffff30
:10a83800ffffffffffffffffffffffffffffffff20
:10a84800ffffffffffffffffffffffffffffffff10
:10a85800ffffffffffffffffffffffffffffffff00
:10a86800fffffffffffffffffffffffffffffffff0
:10a87800ffffffffffffffffffffffffffffffffe0
:10a88800ffffffffffffffffffffffffffffffffd0
:10a89800ffffffffffffffffffffffffffffffffc0
:10a8a800ffffffffffffffffffffffffffffffffb0
:10a8b800ffffffffffffffffffffffffffffffffa0
:10a8c800ffffffffffffffffffffdfffdfffdffff0
:10a8d800dfffdfffdfffdfffdfffdfffdfffdfff80
:10a8e800dfffdfffdfffdfffdfffdfffdfffdfff70
:10a8f800dfffdfffdfffdfffdfffdfffdfffdfff60
:10a90800dfffdfffdfffdfffdfffdfffdfffdfff4f
:10a91800dfffdfffdfffdfffdfffdfffdfffdfff3f
:10a92800dfffdfffdfffdfffdfffdfffdfffdfff2f
:10a93800dfffdfffdfffdfffdfffdfffdfffdfff1f
:10a94800dfffdfffdfffdfffdfffdfffdfffdfff0f
:10a95800dfffdfffdfffdfffdfffdfffdfffdfffff
:10a96800dfffdfffdfffdfffdfffdfffdfffdfffef
:10a97800dfffdfffdfffffffffffffffffffffff3f
:10a98800ffffffffffffffffffffffffffffffffcf
:10a99800ffffffffffffffffffffffffffffffffbf
:10a9a800ffffffffffffffffffffffffffffffffaf
:10a9b800ffffffffffffffffffffffffffffffff9f
:10a9c800ffffffffffffffffffffffffffffffff8f
:10a9d800ffffffffffffffffffffffffffffffff7f
:10a9e800ffffffffffffffffffffffffffffffff6f
:10a9f800ffffffffffffffffffffffffdfffdfff9f
:10aa0800dfffdef7def7def7def7def7def7bef7ad
:10aa1800bef7bef7bef7bef7bef7bef7bef7bef786
:10aa2800bef7bef7bef7bef7bef7bef7bef7bef776
:10aa3800bef7bef7bef7bef7bef7bef7bef7bef766
:10aa4800bef7bef7bef7bef7bef7bef7bef7bef756
:10aa5800bef7bef7bef7bef7bef7bef7bef7bef746
:10aa6800bef7bef7bef7bef7bef7bef7bef7bef736
:10aa7800bef7bef7bef7bef7bef7bef7bef7bef726
:10aa8800bef7bef7bef7bef7bef7bef7bef7bef716
:10aa9800bef7bef7bef7bef7bef7bef7bef7bef706
:10aaa800bef7bef7bef7bef7bef7bef7bef7bef7f6
:10aab800bef7def7def7def7def7def7def7dffffd
:10aac800dfffdfffffffffffffffffffffffffffce
:10aad800ffffffffffffffffffffffffffffffff7e
:10aae800ffffffffffffffffffffffffffffffff6e
:10aaf800ffffffffffffffffffffffffffffffff5e
:10ab0800ffffffffffffffffffffffffffffffff4d
:10ab1800ffffffffffffffffffffffffffffffff3d
:10ab2800ffffffffffffffffffffffffffffffff2d
:10ab3800ffffffffdfffdfffdef7def7bef7bef741
:10ab4800bef79ef79def9def7def7def7def7defeb
:10ab58007def7def7def7def7def7def7def7def8d
:10ab68007def7def7def7def7def7def7def7def7d
:10ab78007def7def7def7def7def7def7def7def6d
:10ab88007def7def7def7def7def7def7def7def5d
:10ab98007def7def7def7def7def7def7def7def4d
:10aba8007def7def7def7def7def7def7def7def3d
:10abb8007def7def7def7def7def7def7def7def2d
:10abc8007def7def7def7def7def7def7def7def1d
:10abd8007def7def7def7def7def7def7def7def0d
:10abe8007def7def7def7def7def7def7def7deffd
:10abf8007def7def7def7def9def9def9ef7bef73b
:10ac0800bef7bef7def7def7dfffdfffffffffff70
:10ac1800ffffffffffffffffffffffffffffffff3c
:10ac2800ffffffffffffffffffffffffffffffff2c
:10ac3800ffffffffffffffffffffffffffffffff1c
:10ac4800ffffffffffffffffffffffffffffffff0c
:10ac5800fffffffffffffffffffffffffffffffffc
:10ac6800ffffffffffffffffffffffffffffffffec
:10ac7800dfffdef7def7bef79ef79def7def5defb6
:10ac88005ce73ce71ce71bdf1bdffbdefbdefbded4
:10ac9800fbdefbdefbdefbdefbdefbdefbdefbdee4
:10aca800fbdefbdefbdefbdefbdefbdefbdefbded4
:10acb800fbdefbdefbdefbdefbdefbdefbdefbdec4
:10acc800fbdefbdefbdefbdefbdefbdefbdefbdeb4
:10acd800fbdefbdefbdefbdefbdefbdefbdefbdea4
:10ace800fbdefbdefbdefbdefbdefbdefbdefbde94
:10acf800fbdefbdefbdefbdefbdefbdefbdefbde84
:10ad0800fbdefbdefbdefbdefbdefbdefbdefbde73
:10ad1800fbdefbdefbdefbdefbdefbdefbdefbde63
:10ad2800fbdefbdefbdefbdefbdefbdefbdefbde53
:10ad3800fbdefbdefbde1bdf1bdf1ce73ce75ce723
:10ad48005def7def9def9ef7bef7def7def7dfffe5
:10ad5800fffffffffffffffffffffffffffffffffb
:10ad6800ffffffffffffffffffffffffffffffffeb
:10ad7800ffffffffffffffffffffffffffffffffdb
:10ad8800ffffffffffffffffffffffffffffffffcb
:10ad9800ffffffffffffffffffffffffffffffffbb
:10ada800ffffffffffffffffffffffffdfffdef7f4
:10adb800bef79ef79def7def3ce71ce7fbdedad69a
:10adc800bad699ce79ce59ce38c638c618c618c65e
:10add80018c618c618c618c618c618c618c618c67b
:10ade80018c618c618c618c618c618c618c618c66b
:10adf80018c618c618c618c618c618c618c618c65b
:10ae080018c618c618c618c618c618c618c618c64a
:10ae180018c618c618c618c618c618c618c618c63a
:10ae280018c618c618c618c618c618c618c618c62a
:10ae380018c618c618c618c618c618c618c618c61a
:10ae480018c618c618c618c618c618c618c618c60a
:10ae580018c618c618c618c618c618c618c618c6fa
:10ae680018c618c618c618c618c618c618c618c6ea
:10ae780018c618c638c638c659ce79ce99cebad6ad
:10ae8800dad6fbde1ce73ce77def7def9ef7bef7e9
:10ae9800def7dfffdfffffffffffffffffffffff23
:10aea800ffffffffffffffffffffffffffffffffaa
:10aeb800ffffffffffffffffffffffffffffffff9a
:10aec800ffffffffffffffffffffffffffffffff8a
:10aed800ffffffffffffffffffffffffffffffff7a
:10aee800ffffffffffffffffdfffdef7bef79ef765
:10aef8007def5ce71bdfdbdebad69abe39a6d785c5
:10af080076651545d42c931c9314730c5204520483
:10af18005204520452045204520452045204520479
:10af28005204520452045204520452045204520469
:10af38005204520452045204520452045204520459
:10af48005204520452045204520452045204520449
:10af58005204520452045204520452045204520439
:10af68005204520452045204520452045204520429
:10af78005204520452045204520452045204520419
:10af88005204520452045204520452045204520409
:10af980052045204520452045204520452045204f9
:10afa80052045204520452045204520452045204e9
:10afb8005204730c9314931cd42c15455665b77d15
:10afc800189e59b679ce9ad6dbde1bdf5ce77def9b
:10afd8009defbef7def7dfffffffffffffffffff7d
:10afe800ffffffffffffffffffffffffffffffff69
:10aff800ffffffffffffffffffffffffffffffff59
:10b00800ffffffffffffffffffffffffffffffff48
:10b01800ffffffffffffffffffffffffffffffff38
:10b02800ffffffffdfffdef7bef79ef77def3ce790
:10b03800fbdedbd67abef895354db4249314730441
:10b048005204520452045204520452045204520448
:10b058005204520452045204520452045204520438
:10b068005204520452045204520452045204520428
:10b078005204520452045204520452045204520418
:10b088005204520452045204520452045204520408
:10b0980052045204520452045204520452045204f8
:10b0a80052045204520452045204520452045204e8
:10b0b80052045204520452045204520452045204d8
:10b0c80052045204520452045204520452045204c8
:10b0d80052045204520452045204520452045204b8
:10b0e80052045204520452045204520452045204a8
:10b0f8005204520452045204520452045204730477
:10b108007314b424154dd78539b679c6bad6fbde83
:10b118003ce77def9defbef7def7dfffffffffffa8
:10b12800ffffffffffffffffffffffffffffffff27
:10b13800ffffffffffffffffffffffffffffffff17
:10b14800ffffffffffffffffffffffffffffffff07
:10b15800fffffffffffffffffffffffffffffffff7
:10b16800dfffdfffbef79ef77def3ce7fbdebacee1
:10b1780039a6565db424730c520452045204520486
:10b188005204520452045204520452045204520407
:10b1980052045204520452045204520452045204f7
:10b1a80052045204520452045204520452045204e7
:10b1b80052045204520452045204520452045204d7
:10b1c80052045204520452045204520452045204c7
:10b1d80052045204520452045204520452045204b7
:10b1e80052045204520452045204520452045204a7
:10b1f8005204520452045204520452045204520497
:10b208005204520452045204520452045204520486
:10b218005204520452045204520452045204520476
:10b228005204520452045204520452045204520466
:10b238005204520452045204520452045204520456
:10b24800520452045204730cb3243555f89579c648
:10b258009ad6fbde3ce77def9ef7bef7dfffdfff08
:10b26800ffffffffffffffffffffffffffffffffe6
:10b27800ffffffffffffffffffffffffffffffffd6
:10b28800ffffffffffffffffffffffffffffffffc6
:10b29800ffffffffffffffffffffffffffffdfffd6
:10b2a800def7bef79def5ce7fbdebace399e354d83
:10b2b8009314730452045204520452045204520464
:10b2c80052045204520452045204520452045204c6
:10b2d80052045204520452045204520452045204b6
:10b2e80052045204520452045204520452045204a6
:10b2f8005204520452045204520452045204520496
:10b308005204520452045204520452045204520485
:10b318005204520452045204520452045204520475
:10b328005204520452045204520452045204520465
:10b338005204520452045204520452045204520455
:10b348005204520452045204520452045204520445
:10b358005204520452045204520452045204520435
:10b368005204520452045204520452045204520425
:10b378005204520452045204520452045204520415
:10b3880052045204520452045204730473141545af
:10b39800d78d79c69ad6fbde5ce79defbef7def760
:10b3a800dfffffffffffffffffffffffffffffffc5
:10b3b800ffffffffffffffffffffffffffffffff95
:10b3c800ffffffffffffffffffffffffffffffff85
:10b3d800ffffffffffffffffffffffffdfffdef7be
:10b3e8009ef77def1ce7dbd679b6565593145204c9
:10b3f8005204520452045204520452045204520495
:10b408005204520452045204520452045204520484
:10b418005204520452045204520452045204520474
:10b428005204520452045204520452045204520464
:10b438005204520452045204520452045204520454
:10b448005204520452045204520452045204520444
:10b458005204520452045204520452045204520434
:10b468005204520452045204520452045204520424
:10b478005204520452045204520452045204520414
:10b488005204520452045204520452045204520404
:10b4980052045204520452045204520452045204f4
:10b4a80052045204520452045204520452045204e4
:10b4b80052045204520452045204520452045204d4
:10b4c80052045204520452045204520452045204c4
:10b4d8007314154d18a679c6bad61ce77def9ef7ea
:10b4e800def7dfffffffffffffffffffffffffffad
:10b4f800ffffffffffffffffffffffffffffffff54
:10b50800ffffffffffffffffffffffffffffffff43
:10b51800ffffffffffffffffffffdfffbef79ef705
:10b528005deffbdebaced77db42473045204520417
:10b538005204520452045204520452045204520453
:10b548005204520452045204520c720c73147314b1
:10b5580073147314731473147314731473147314ab
:10b56800731473147314731473147314731473149b
:10b57800731473147314731473147314731473148b
:10b58800731473147314731473147314731473147b
:10b59800731473147314731473147314731473146b
:10b5a800731473147314731473147314731473145b
:10b5b800731473147314731473147314731473144b
:10b5c800731473147314731473147314731473143b
:10b5d800731473147314731473147314731473142b
:10b5e800731473147314731473147314731473141b
:10b5f8007314730c520c5204520452045204520431
:10b608005204520452045204520452045204520482
:10b6180052047304931c767559be9ad6fbde5def0f
:10b628009defbef7dffffffffffffffffffffffffd
:10b63800ffffffffffffffffffffffffffffffff12
:10b64800ffffffffffffffffffffffffffffffff02
:10b65800ffffffffffffffffdfffbef79def5ce788
:10b66800fbde7ab65555730c520452045204520448
:10b6780052045204520452045204520452047314e1
:10b68800b444f55c35759685d78df89d39ae59b6b5
:10b6980059b659b659b659b659b659b659b659b62a
:10b6a80059b659b659b659b659b659b659b659b61a
:10b6b80059b659b659b659b659b659b659b659b60a
:10b6c80059b659b659b659b659b659b659b659b6fa
:10b6d80059b659b659b659b659b659b659b659b6ea
:10b6e80059b659b659b659b659b659b659b659b6da
:10b6f80059b659b659b659b659b659b659b659b6ca
:10b7080059b659b659b659b659b659b659b659b6b9
:10b7180059b659b659b659b659b659b659b659b6a9
:10b7280059b659b659b659b659b659b659b659b699
:10b7380039aef89dd78d96853575f564b444731484
:10b748005204520452045204520452045204520441
:10b75800520452045204730c154518a679cefbde28
:10b768005ce79defbef7dfffffffffffffffffff77
:10b77800ffffffffffffffffffffffffffffffffd1
:10b78800ffffffffffffffffffffffffffffffffc1
:10b79800ffffffffffffdfffbef79def3ce7fbde8c
:10b7a80059a6f43473045204520452045204520445
:10b7b80052045204520452047324d44cd795bbc685
:10b7c8003cdf9eefdef7fffffffffffffffffffffe
:10b7d800ffffffffffffffffffffffffffffffff71
:10b7e800ffffffffffffffffffffffffffffffff61
:10b7f800ffffffffffffffffffffffffffffffff51
:10b80800ffffffffffffffffffffffffffffffff40
:10b81800ffffffffffffffffffffffffffffffff30
:10b82800ffffffffffffffffffffffffffffffff20
:10b83800ffffffffffffffffffffffffffffffff10
:10b84800ffffffffffffffffffffffffffffffff00
:10b85800fffffffffffffffffffffffffffffffff0
:10b86800ffffffffffffffffffffffffffffffffe0
:10b87800ffffffffffffffffdef79eef5ddfbbc6a9
:10b88800f89dd454732452045204520452045204ae
:10b8980052045204520452047304b42cd79559c666
:10b8a800dbde3ce79defbef7dfffffffffffffff9b
:10b8b800ffffffffffffffffffffffffffffffff90
:10b8c800ffffffffffffffffffffffffffffffff80
:10b8d800ffffffffdfffbef79def3ce7dbd6389e9b
:10b8e800b42452045204520452045204520452041e
:10b8f8005204520493347685bbbe9eefdffffffff0
:10b90800ffffffffffffffffffffffffffffffff3f
:10b91800ffffffffffffffffffffffffffffffff2f
:10b92800ffffffffffffffffffffffffffffffff1f
:10b93800ffffffffffffffffffffffffffffffff0f
:10b94800ffffffffffffffffffffffffffffffffff
:10b95800ffffffffffffffffffffffffffffffffef
:10b96800ffffffffffffffffffffffffffffffffdf
:10b97800ffffffffffffffffffffffffffffffffcf
:10b98800ffffffffffffffffffffffffffffffffbf
:10b99800ffffffffffffffffffffffffffffffffaf
:10b9a800ffffffffffffffffffffffffffffffff9f
:10b9b800ffffffffffffffffffffffffffffffff8f
:10b9c800ffffbeefdbc6978593345204520452043e
:10b9d800520452045204520452045204931cb78570
:10b9e80059c6bad63ce79defbef7dfffffffffff62
:10b9f800ffffffffffffffffffffffffffffffff4f
:10ba0800ffffffffffffffffffffffffffffffff3e
:10ba1800ffffdfffdef79def5ce7dbd61896b31c70
:10ba2800520452045204520452045204520452045e
:10ba3800933496851cd7def7ffffffffffffffff5c
:10ba4800ffffffffffffffffdff7def7def7def7a1
:10ba5800def7def7def7def7def7def7def7def736
:10ba6800def7def7def7def7def7def7def7def726
:10ba7800def7def7def7def7def7def7def7def716
:10ba8800def7def7def7def7def7def7def7def706
:10ba9800def7def7def7def7def7def7def7def7f6
:10baa800def7def7def7def7def7def7def7def7e6
:10bab800def7def7def7def7def7def7def7def7d6
:10bac800def7def7def7def7def7def7def7def7c6
:10bad800def7def7def7def7def7def7def7def7b6
:10bae800def7def7def7def7def7def7def7def7a6
:10baf800def7dff7dff7ffffffffffffffffffffc7
:10bb0800ffffffffffffdef73cd797859334520412
:10bb18005204520452045204520452045204931c14
:10bb2800b78559c6dad63ce79defbef7dfffffffc2
:10bb3800ffffffffffffffffffffffffffffffff0d
:10bb4800fffffffffffffffffffffffffffffffffd
:10bb5800dfffdef79ef75ce7fbde389eb424520475
:10bb680052045204520452045204520473141565c8
:10bb7800dbc6def7ffffffffffffffffffffffff53
:10bb88009eef1cd79abe39a6f89df895f89df89daa
:10bb9800f89df89df89df89df89df89df89df89df5
:10bba800f89df89df89df89df89df89df89df89de5
:10bbb800f89df89df89df89df89df89df89df89dd5
:10bbc800f89df89df89df89df89df89df89df89dc5
:10bbd800f89df89df89df89df89df89df89df89db5
:10bbe800f89df89df89df89df89df89df89df89da5
:10bbf800f89df89df89df89df89df89df89df89d95
:10bc0800f89df89df89df89df89df89df89df89d84
:10bc1800f89df89df89df89df89df89df89df89d74
:10bc2800f89df89df89df89df89df89df89df89d64
:10bc3800f895f895189e59aebbc65ddfbef7ffffb5
:10bc4800ffffffffffffffffffffdef7dbc6356dde
:10bc580073145204520452045204520452045204fb
:10bc6800931cb78559c6dbde5ce79ef7def7dfff7e
:10bc7800ffffffffffffffffffffffffffffffffcc
:10bc8800ffffffffffffffffffffffffffffffffbc
:10bc9800def7bef77deffbde79aed4245204520402
:10bca80052045204520452045204732cd7957de76f
:10bcb800ffffffffffffffffffff9eeffbcef89d9b
:10bcc800b78d39a6dbc63ddf9de79eefbef7bef711
:10bcd800bef7bef7bef7bef7bef7bef7bef7bef7b4
:10bce800bef7bef7bef7bef7bef7bef7bef7bef7a4
:10bcf800bef7bef7bef7bef7bef7bef7bef7bef794
:10bd0800bef7bef7bef7bef7bef7bef7bef7bef783
:10bd1800bef7bef7bef7bef7bef7bef7bef7bef773
:10bd2800bef7bef7bef7bef7bef7bef7bef7bef763
:10bd3800bef7bef7bef7bef7bef7bef7bef7bef753
:10bd4800bef7bef7bef7bef7bef7bef7bef7bef743
:10bd5800bef7bef7bef7bef7bef7bef7bef7bef733
:10bd6800bef7bef7bef7bef7bef7bef7bef7bef723
:10bd7800beef9eef7de71cd79abef89db78d59aef2
:10bd88003cdfdef7ffffffffffffffffffff9de741
:10bd9800d895932c5204520452045204520452046b
:10bda8005204931cd79559cefbde5defbef7def744
:10bdb800ffffffffffffffffffffffffffffffff8b
:10bdc800ffffffffffffffffffffffffffffdfff9b
:10bdd800bef77def1ce7bac6153d52045204520463
:10bde8005204520452045204933c59b6bef7ffff62
:10bdf800ffffffffffff9eef7ab6b78d7ab65ddfd4
:10be0800bef7ffffffffffffffffffffffffffff83
:10be1800ffffffffffffffffffffffffffffffff2a
:10be2800ffffffffffffffffffffffffffffffff1a
:10be3800ffffffffffffffffffffffffffffffff0a
:10be4800fffffffffffffffffffffffffffffffffa
:10be5800ffffffffffffffffffffffffffffffffea
:10be6800ffffffffffffffffffffffffffffffffda
:10be7800ffffffffffffffffffffffffffffffffca
:10be8800ffffffffffffffffffffffffffffffffba
:10be9800ffffffffffffffffffffffffffffffffaa
:10bea800ffffffffffffffffffffffffffffffff9a
:10beb800ffffffffffffffffffffdfff9eef1cd726
:10bec800189ed795fccedff7ffffffffffffffffb0
:10bed800def77ab6b33c52045204520452045204b8
:10bee80052045204d43418a679ce1bdf7defbef776
:10bef800dfffffffffffffffffffffffffffffff6a
:10bf0800ffffffffffffffffffffffffdfffdef782
:10bf18009ef73ce7dbd67665730c52045204520454
:10bf2800520452045204b444babedff7ffffffffc5
:10bf3800ffffdff7dbc6b78d9abe9eefffffffff5f
:10bf4800fffffffffffffffffffffffffffffffff9
:10bf5800ffffffffffffffffffffffffffffffffe9
:10bf6800ffffffffffffffffffffffffffffffffd9
:10bf7800ffffffffffffffffffffffffffffffffc9
:10bf8800ffffffffffffffffffffffffffffffffb9
:10bf9800ffffffffffffffffffffffffffffffffa9
:10bfa800ffffffffffffffffffffffffffffffff99
:10bfb800ffffffffffffffffffffffffffffffff89
:10bfc800ffffffffffffffffffffffffffffffff79
:10bfd800ffffffffffffffffffffffffffffffff69
:10bfe800ffffffffffffffffffffffffffffffff59
:10bff800ffffffffffffffffffffffffffffffff49
:10c00800dfff5ddf189ef89d5ddfffffffffffff8d
:10c01800ffffdfffbbc6b44c520452045204520463
:10c02800520452045204154d38bebad63ce79def6f
:10c03800def7dfffffffffffffffffffffffffff51
:10c04800ffffffffffffffffffffffffdfffbef761
:10c058005deffbde389e73145204520452045204fe
:10c0680052045204b33cbabeffffffffffffffffbd
:10c078009eef18a6189e9de7ffffffffffffffff3b
:10c08800ffffffffffffffffffffffffffffffffb8
:10c09800ffffffffffffffffffffffffffffffffa8
:10c0a800ffffffffffffffffffffffffffffffff98
:10c0b800ffffffffffffffffffffffffffffffff88
:10c0c800ffffffffffffffffffffffffffffffff78
:10c0d800ffffffffffffffffffffffffffffffff68
:10c0e800ffffffffffffffffffffffffffffffff58
:10c0f800ffffffffffffffffffffffffffffffff48
:10c10800ffffffffffffffffffffffffffffffff37
:10c11800ffffffffffffffffffffffffffffffff27
:10c12800ffffffffffffffffffffffffffffffff17
:10c13800ffffffffffffffffffffffffffffffff07
:10c14800ffffffffdff71cd7b78ddbc6dff7ffff69
:10c15800ffffffffffffdbc6b44452045204520442
:10c16800520452045204730c967d59c6fbde5defef
:10c17800bef7dfffffffffffffffffffffffffff30
:10c18800ffffffffffffffffffffdfffdef79def72
:10c198001ce79abef4345204520452045204520466
:10c1a8005204732c7ab6dfffffffffffffff7de726
:10c1b800b78dbbc6dff7ffffffffffffffffffffe6
:10c1c800ffffffffffffffffffffffffffffffff77
:10c1d800ffffffffffffffffffffffffffffffff67
:10c1e800ffffffffffffffffffffffffffffffff57
:10c1f800ffffffffffffffffffffffffffffffff47
:10c20800ffffffffffffffffffffffffffffffff36
:10c21800ffffffffffffffffffffffffffffffff26
:10c22800ffffffffffffffffffffffffffffffff16
:10c23800ffffffffffffffffffffffffffffffff06
:10c24800fffffffffffffffffffffffffffffffff6
:10c25800ffffffffffffffffffffffffffffffffe6
:10c26800ffffffffffffffffffffffffffffffffd6
:10c27800ffffffffffffffffffffffffffffffffc6
:10c28800ffffffffffffffff9eeff89d59b6def7a8
:10c29800ffffffffffffffff9abe932c52045204db
:10c2a8005204520452045204b324f8a579ce1ce770
:10c2b8009defbef7dfffffffffffffffffffffff61
:10c2c800ffffffffffffffffffffdfffbef75def91
:10c2d800fbd6d77d730c5204520452045204520404
:10c2e8007314d895def7ffffffffffff7de7b78ddb
:10c2f8001cd7ffffffffffffffffffffffffffff51
:10c30800ffffffffffffffffffffffffffffffff35
:10c31800ffffffffffffffffffffffffffffffff25
:10c32800ffffffffffffffffffffffffffffffff15
:10c33800ffffffffffffffffffffffffffffffff05
:10c34800fffffffffffffffffffffffffffffffff5
:10c35800ffffffffffffffffffffffffffffffffe5
:10c36800ffffffffffffffffffffffffffffffffd5
:10c37800ffffffffffffffffffffffffffffffffc5
:10c38800ffffffffffffffffffffffffffffffffb5
:10c39800ffffffffffffffffffffffffffffffffa5
:10c3a800ffffffffffffffffffffffffffffffff95
:10c3b800ffffffffffffffffffffffffffffffff85
:10c3c800ffffffffffffffffffffdef759ae39aeac
:10c3d800def7ffffffffffffdff7189e731452041d
:10c3e80052045204520452045204556538bedbde2e
:10c3f8005defbef7dfffffffffffffffffffffff60
:10c40800ffffffffffffffffdfffdef79def1ce7ea
:10c418009abed424520452045204520452045204c0
:10c42800356d9eefffffffffffff9de7b78d1cd720
:10c43800ffffffffffffffffffffffffffffffff04
:10c44800fffffffffffffffffffffffffffffffff4
:10c45800ffffffffffffffffffffffffffffffffe4
:10c46800ffffffffffffffffffffffffffffffffd4
:10c47800ffffffffffffffffffffffffffffffffc4
:10c48800ffffffffffffffffffffffffffffffffb4
:10c49800ffffffffffffffffffffffffffffffffa4
:10c4a800ffffffffffffffffffffffffffffffff94
:10c4b800ffffffffffffffffffffffffffffffff84
:10c4c800ffffffffffffffffffffffffffffffff74
:10c4d800ffffffffffffffffffffffffffffffff64
:10c4e800ffffffffffffffffffffffffffffffff54
:10c4f800ffffffffffffffffffffffffffffffff44
:10c50800ffffffffffffffffffffffffdef759ae53
:10c5180059aedff7ffffffffffffbeef567552046e
:10c5280052045204520452045204931cf7a579cec3
:10c538001ce79defdef7dfffffffffffffffffffb9
:10c54800ffffffffffffffffdfffbef75deffbde33
:10c55800b775730c52045204520452045204933cab
:10c56800fbceffffffffffffbef7d895dbceffff37
:10c57800ffffffffffffffffffffffffffffffffc3
:10c58800ffffffffffffffffffffffffffffffffb3
:10c59800ffffffffffffffffffffffffffffffffa3
:10c5a800ffffffffffffffffffffffffffffffff93
:10c5b800ffffffffffffffffffffffffffffffff83
:10c5c800ffffffffffffffffffffffffffffffff73
:10c5d800ffffffffffffffffffffffffffffffff63
:10c5e800ffffffffffffffffffffffffffffffff53
:10c5f800ffffffffffffffffffffffffffffffff43
:10c60800ffffffffffffffffffffffffffffffff32
:10c61800ffffffffffffffffffffffffffffffff22
:10c62800ffffffffffffffffffffffffffffffff12
:10c63800ffffffffffffffffffffffffffffffff02
:10c64800ffffffffffffffffffffffffffffbef73b
:10c65800f89dbbc6fffffffffffffffffbceb33c0c
:10c66800520452045204520452045204355d38be36
:10c67800dbde5defbef7dfffffffffffffffffff22
:10c68800ffffffffffffffffdef79ef73ce7bac69d
:10c69800f434520452045204520452045204b78d22
:10c6a800dff7ffffffffffff7ab659b6dfffffff97
:10c6b800ffffffffffffffffffffffffffffffff82
:10c6c800ffffffffffffffffffffffffffffffff72
:10c6d800ffffffffffffffffffffffffffffffff62
:10c6e800ffffffffffffffffffffffffffffffff52
:10c6f800ffffffffffffffffffffffffffffffff42
:10c70800ffffffffffffffffffffffffffffffff31
:10c71800ffffffffffffffffffffffffffffffff21
:10c72800ffffffffffffffffffffffffffffffff11
:10c73800ffffffffffffffffffffffffffffffff01
:10c74800fffffffffffffffffffffffffffffffff1
:10c75800ffffffffffffffffffffffffffffffffe1
:10c76800ffffffffffffffffffffffffffffffffd1
:10c77800ffffffffffffffffffffffffffffffffc1
:10c78800ffffffffffffffffffffffffffffffffb1
:10c798009eefb78d5ddfffffffffffffdff7d79548
:10c7a800520c52045204520452045204b42cf8adf0
:10c7b80099ce3ce79defdef7ffffffffffffffff8e
:10c7c800ffffffffffffdfffbef77deffbde399eb8
:10c7d800730c52045204520452045204b33c3cd722
:10c7e800ffffffffffff5ddfb78dbeefffffffff1e
:10c7f800ffffffffffffffffffffffffffffffff41
:10c80800ffffffffffffffffffffffffffffffff30
:10c81800ffffffffffffffffffffffffffffffff20
:10c82800ffffffffffffffffffffffffffffffff10
:10c83800ffffffffffffffffffffffffffffffff00
:10c84800fffffffffffffffffffffffffffffffff0
:10c85800ffffffffffffffffffffffffffffffffe0
:10c86800ffffffffffffffffffffffffffffffffd0
:10c87800ffffffffffffffffffffffffffffffffc0
:10c88800ffffffffffffffffffffffffffffffffb0
:10c89800ffffffffffffffffffffffffffffffffa0
:10c8a800ffffffffffffffffffffffffffffffff90
:10c8b800ffffffffffffffffffffffffffffffff80
:10c8c800ffffffffffffffffffffffffffffffff70
:10c8d800fffffccef895dff7ffffffffffff3cdf10
:10c8e800b44452045204520452045204730c968500
:10c8f80038c6fbde7defbef7dfffffffffffffff60
:10c90800ffffffffffffdfffbef75defdbd6565de2
:10c918005204520452045204520452049785def71a
:10c92800ffffffffdff7189e1ccfffffffffffff92
:10c93800ffffffffffffffffffffffffffffffffff
:10c94800ffffffffffffffffffffffffffffffffef
:10c95800ffffffffffffffffffffffffffffffffdf
:10c96800ffffffffffffffffffffffffffffffffcf
:10c97800ffffffffffffffffffffffffffffffffbf
:10c98800ffffffffffffffffffffffffffffffffaf
:10c99800ffffffffffffffffffffffffffffffff9f
:10c9a800ffffffffffffffffffffffffffffffff8f
:10c9b800ffffffffffffffffffffffffffffffff7f
:10c9c800ffffffffffffffffffffffffffffffff6f
:10c9d800ffffffffffffffffffffffffffffffff5f
:10c9e800ffffffffffffffffffffffffffffffff4f
:10c9f800ffffffffffffffffffffffffffffffff3f
:10ca0800ffffffffffffffffffffffffffffffff2e
:10ca1800ffffdff7f89dfbceffffffffffffdff70c
:10ca2800b78d520452045204520452045204f4447e
:10ca380018bebad65defbef7dfffffffffffffffaf
:10ca4800ffffffffffffdef79ef73ce7bac6d42cd7
:10ca5800520452045204520452047324bbbeffff12
:10ca6800ffffffff5ddfd795def7ffffffffffff4b
:10ca7800ffffffffffffffffffffffffffffffffbe
:10ca8800ffffffffffffffffffffffffffffffffae
:10ca9800ffffffffffffffffffffffffffffffff9e
:10caa800ffffffffffffffffffffffffffffffff8e
:10cab800ffffffffffffffffffffffffffffffff7e
:10cac800ffffffffffffffffffffffffffffffff6e
:10cad800ffffffffffffffffffffffffffffffff5e
:10cae800ffffffffffffffffffffffffffffffff4e
:10caf800ffffffffffffffffffffffffffffffff3e
:10cb0800ffffffffffffffffffffffffffffffff2d
:10cb1800ffffffffffffffffffffffffffffffff1d
:10cb2800ffffffffffffffffffffffffffffffff0d
:10cb3800fffffffffffffffffffffffffffffffffd
:10cb4800ffffffffffffffffffffffffffffffffed
:10cb5800ffffffff5ddfd795dff7ffffffffffff59
:10cb6800dbc6732c52045204520452045204931c20
:10cb7800f7a599ce3ce79defdef7ffffffffffff2c
:10cb8800ffffffffdfffdef77def1bdf59a69314e2
:10cb980052045204520452045204d44c9eefffff34
:10cba800ffffffff39a6dbc6ffffffffffffffff09
:10cbb800ffffffffffffffff1cd75ddfffffffff4a
:10cbc800ffffffffffffffffffffffffffffffff6d
:10cbd8003cdf3cd7dfffffffffffffffffffffff4b
:10cbe800ffffffffffffffffffffffffffffffff4d
:10cbf800ffffffffffffffffffffffffffffffff3d
:10cc0800ffffffffffffffffffffffffffffffff2c
:10cc1800ffffffffffffffffffffffffffffffff1c
:10cc2800ffffffffffffffffffffffffffffffff0c
:10cc3800fffffffffffffffffffffffffffffffffc
:10cc4800ffffffffffffffffffffffffffffffffec
:10cc5800ffffffffffffffffffffffffffffffffdc
:10cc6800ffffffffffffffffffffffffffffffffcc
:10cc7800ffffffffffffffffffffffffffffffffbc
:10cc8800ffffffffffffffffffffffffffffffffac
:10cc9800ffffffffdff7d8955ddfffffffffffff17
:10cca800beeff45452045204520452045204730c5a
:10ccb800968559ce1bdf7defbef7dfffffffffff35
:10ccc800ffffffffdfffbef77deffbded7857304b5
:10ccd80052045204520452045204b78ddfffffff7e
:10cce800ffffbeefb78dbeefffffffffffffffffa8
:10ccf800ffffffffffffffff39aed44c7ab69eef70
:10cd0800ffffffffffffffffffffffffffffffff2b
:10cd1800bac6d44c18a67de7ffffffffffffffff51
:10cd2800ffffffffffffffffffffffffffffffff0b
:10cd3800fffffffffffffffffffffffffffffffffb
:10cd4800ffffffffffffffffffffffffffffffffeb
:10cd5800ffffffffffffffffffffffffffffffffdb
:10cd6800ffffffffffffffffffffffffffffffffcb
:10cd7800ffffffffffffffffffffffffffffffffbb
:10cd8800ffffffffffffffffffffffffffffffffab
:10cd9800ffffffffffffffffffffffffffffffff9b
:10cda800ffffffffffffffffffffffffffffffff8b
:10cdb800ffffffffffffffffffffffffffffffff7b
:10cdc800ffffffffffffffffffffffffffffffff6b
:10cdd800ffffffffffffbbc659aeffffffffffffcf
:10cde800ffffd895520452045204520452047204ac
:10cdf800556518c6fbde7defbef7dfffffffffffbf
:10ce0800ffffffffdfffbef75defdad6766552045e
:10ce1800520452045204520473149abeffffffffd7
:10ce2800ffff3cdf189effffffffffffffffffff35
:10ce3800ffffffffffffffff39ae520c731c567553
:10ce4800dbcedef7ffffffffffffffffffffffff68
:10ce5800bac673247314155d9abebef7ffffffffb1
:10ce6800ffffffffffffffffffffffffffffffffca
:10ce7800ffffffffffffffffffffffffffffffffba
:10ce8800ffffffffdef7beef9eefbef7ffffffffde
:10ce9800ffffffffffffffffffffffffffffffff9a
:10cea800ffffffff7de7dff7ffffffffffffffff4c
:10ceb800ffffffffffff1cd77ab6ffffffffffff53
:10cec800ffffffffffffffffffffffffdfffbef7d3
:10ced8009eefdef7fffffffffffffffffffffffff4
:10cee800ffffffffffffffffffffffffffffffff4a
:10cef800ffffffffffffffffffffffffffffffff3a
:10cf0800ffffffffffffffffffffffffffffffff29
:10cf1800ffffffffffff7de7b78ddef7ffffffff96
:10cf2800ffffbbc6731c520452045204520452043d
:10cf3800144df7bdbad65defbef7dfffffffffff69
:10cf4800ffffffffdfff9ef75ce7bad615455204e7
:10cf58005204520452045204932c1cd7ffffffffc3
:10cf6800ffffbabebbc6ffffffffffffffffffffcc
:10cf7800ffffffffffffffff39ae520c52045204c0
:10cf8800932cd7953cdfffffffffffffffffffff5d
:10cf9800bac67324520452047324767dfccedff79c
:10cfa800ffffffffffffffffffffffffffffffff89
:10cfb800ffffffffffffffffffffffffffffffff79
:10cfc800fffffbce978d5675567556757ab6def708
:10cfd800ffffffffffffffffffffffffffffffff59
:10cfe800ffff9de756751cd7ffffffffffffffff01
:10cff800ffffffffffff9abe9785dff7ffffffffe9
:10d00800ffffffffffffffffffffbef739a65675c3
:10d01800767596855ddfffffdff71cd7def7ffff2c
:10d02800ffffffffffffffffffffffffffffffff08
:10d03800ffffffffffffffffffffbef73cd7dfff4c
:10d04800ffffffffffffffffffffffffffffffffe8
:10d05800ffffffffffffdff7b78d7de7ffffffff54
:10d06800ffff3cd793345204520452045204520432
:10d07800d434b6b59ad63ce79ef7def7ffffffff3c
:10d08800ffffffffdef79ef73ce79ad6d424520451
:10d098005204520452045204d44c5ddfffffffffd8
:10d0a800ffff39a63cdfffffffffffffffffffff8a
:10d0b800ffffffffffffffff39ae520c520452047f
:10d0c8005204730cd44c59ae9eefffffffffffffd5
:10d0d800bac673245204520452045204b33cf8955d
:10d0e8007de7ffffffffffffffffffffffffffffe2
:10d0f800ffffffffffffffffffffffffffffffff38
:10d108001ccf1565bbc6beefbef73cd7356d59ae13
:10d11800ffffffffffffffffffffffffffffffff17
:10d12800ffffffff9de7dff7ffffffffffffffffa9
:10d13800ffffffffffff9abe9785dff7ffffffffa7
:10d14800ffffffffffffffffffff9ab6567d7de75a
:10d15800bef75ddf7de7ffff7de7356d7de7ffff0c
:10d16800ffffffffffffffffffffffffffffffffc7
:10d17800ffffffffffffffffffff3cdf5675beef1e
:10d18800ffffffffffffffffffffffffffffffffa7
:10d19800ffffffffffffffff18a63cdfffffffffba
:10d1a800ffff7de7d454520452045204520452043f
:10d1b800931c96b599ce3ce79ef7def7ffffffff7d
:10d1c800ffffffffdef79def3ce779ce931c52048b
:10d1d8005204520452045204f55c9ee7ffffffff1d
:10d1e800ffffd78d7de7ffffffffffffffffffff7b
:10d1f800ffffffffffffffff39ae520c520452043e
:10d208005204520452047314356dbbc6def7ffff97
:10d21800bac6732452045204520452045204730cc2
:10d22800f45c7ab6beefffffffffffffffffffffd3
:10d23800ffffffffffffffffffffffffffffdef71f
:10d24800b78d18a6ffffffffffffffffdbc61565c1
:10d258009eefffff7ab63cd7ffffffff5ddf59aeb9
:10d26800ffffbef759ae7de7ffffdff7bbc6f89dae
:10d27800f89dfbceffff9abe9785dff7bef759ae44
:10d28800fbceffffffffffffffff39a69785bef725
:10d29800ffffffffffff9de7f89db33cd78d59ae19
:10d2a800bef75ddf39aed89df89d3cd7ffffffff85
:10d2b800dbc6dbc67ab6f89d1ccfb78db444f895ab
:10d2c8009ab6dfffffffffffffffffffffffffff34
:10d2d800ffffffffffffffff9ab6fbceffffffff39
:10d2e800ffff9eef15655204520452045204520483
:10d2f800731496b579ce1ce79defdef7ffffffffad
:10d30800ffffffffdef79def1ce779ce7314520491
:10d31800520452045204520415659eefffffffffaa
:10d32800ffffb7859de7ffffffffffffffffffff41
:10d33800ffffffffffffffff39ae520c52045204fc
:10d3480052045204520452045204732c97853cd759
:10d358009abe7324520452045204520452045204d2
:10d368005204731c5675fbcedff7ffffffffffff6c
:10d37800ffffffffffffffffffffffffffffbeef06
:10d388001565fbceffffffffffffffff5ddf155dac
:10d398003cd7dff79685babeffffffffdbc6356dca
:10d3a800dff79eef56753cd7ffff7ab65675dbc69a
:10d3b800dbc639aebeef9abe9785beef39a6b78dec
:10d3c8009eefffffffffffffffff3cdf155df89dae
:10d3d8005cdfdfffffffbef79abed4547ab61cd7d6
:10d3e800def77ab6bbc63cd759ae35659eefffff70
:10d3f80018a6f45418a6bbc65ddf59b6f454bbc6cc
:10d408003cdfffffffffffffffffffffffffffff07
:10d41800ffffffffffffffffdbc6bbc6ffffffffee
:10d42800ffffbef7356d52045204520452045204f1
:10d43800730c75ad79ce1ce79defdef7dfffffffbc
:10d44800ffffffffdef79def1ce779ce730c520458
:10d458005204520452045204356dbeefffffffff21
:10d46800ffff97859eefffffffffffffffffffff17
:10d47800ffffffffffffffff39ae520c52045204bb
:10d48800520452045204520452045204932cb78d8d
:10d4980039ae732452045204520452045204520402
:10d4a80052045204731c56755ddfffffffffffff38
:10d4b800ffffffffffffffffffffffffffff9eefe5
:10d4c800d44c3cd7ffffffffffffffff7de715654b
:10d4d8001cd7dff79685babeffffffffdbc6356da9
:10d4e800dff79eef56753cd7beef5675dbc6ffffdc
:10d4f800ffffdff7ffff9abe567d19a6d7959eef6f
:10d50800ffffffffffffffffffffffff5ddfb78d9f
:10d518001565f89d9eefffff7de715657de7ffff29
:10d52800ffffdfffdff7def75ddf35655ddfffff5c
:10d53800f8a5978dbef7ffffffff3cdf356dbeef07
:10d54800ffffffffffffffffffffffffffffffffe3
:10d55800ffffffffffffffffdbcebabeffffffffae
:10d56800ffffdef735755204520452045204520488
:10d57800520475ad59ce1ce79defdef7dfffffffc4
:10d58800ffffffffdef79def1ce779ce730c520417
:10d5980052045204520452041565beefffffffff08
:10d5a800ffffb7859de7ffffffffffffffffffffbf
:10d5b800ffffffffffffffff39ae520c520452047a
:10d5c800520452045204520473141565babebef7cd
:10d5d800bac6732452045204520452045204520428
:10d5e800730cd44c59b69eefffffffffffffffff00
:10d5f800ffffffffffffffffffffffffffffbeef84
:10d60800155dfbceffffffffffffffff5ddf155d31
:10d618003cdfdff79685babeffffffffdbc6356d3f
:10d62800dff79eef56753cd77de715655ddfffff99
:10d63800ffffffffffff9abef554155d9abeffff7f
:10d64800ffffffffffffffffffffffffffffdff70a
:10d658003cd75675d895ffff7de715657de7ffff39
:10d66800ffff3cdf18a6d895b78dd4543cdfffffe9
:10d6780018a619a6ffffffffffff3cdf356dbeefc1
:10d68800ffffffffffffffffffffffffffffffffa2
:10d69800ffffffffffffffffbbc6dbc6ffffffff6c
:10d6a800ffffbef7356d520452045204520452046f
:10d6b800730475ad59ce1ce79defdef7dfffffff62
:10d6c800ffffffffdef79def1ce779ce931c5204a6
:10d6d8005204520452045204f55c9ee7ffffffff18
:10d6e800ffffd88d7de7ffffffffffffffffffff75
:10d6f800ffffffffffffffff39ae520c5204520439
:10d70800520452045204b44c18a69de7ffffffffd1
:10d71800bac6732452045204520452045204933475
:10d72800d7955ddfffffffffffffffffffffffff55
:10d73800ffffffffffffffffffffffffffffdef71a
:10d74800978539a6ffffffffffffffff9abe356de4
:10d75800beeffff796859abeffffffffdbc6356d6c
:10d76800dff79eef56753cd79eef356d1cd7ffff50
:10d77800ffffffffffff9abe9685dbc6356d3cdfd6
:10d78800ffffffffffffffffffffffffffffffffa1
:10d79800ffffbbc6155ddef77de715657de7ffff7b
:10d7a800beef356dbbbebeef5ddf356d3cdfffff05
:10d7b80018a619a6ffffffffffff3cdf356dbeef80
:10d7c800ffffffffffffffffffffffffffffffff61
:10d7d800ffffffffffffffff7ab6fbceffffffff54
:10d7e800ffff9eef1565520452045204520452047e
:10d7f800731475ad79ce1ce79defdef7dffffffff1
:10d80800ffffffffdef79def3ce779ceb42452041b
:10d818005204520452045204d44c5de7ffffffff48
:10d82800ffff39a63cd7ffffffffffffffffffff0a
:10d83800ffffffffffffffff39ae520c52045204f7
:10d848005204932c97853cdfdfffffffffffffffac
:10d85800bac6732452045204520473245675fbce7c
:10d86800def7ffffffffffffffffffffffffffffe9
:10d87800ffffffffffffffffffffffffffffffffb0
:10d88800dbc6155ddbc6beefbeeffbcef55c7ab638
:10d89800ffffffff189eb78d9eef5de7767d356d24
:10d8a800dff79eef56753cd7def7b78df89d9eeff4
:10d8b8009eefdbc6bef79abe9785def77ab6567539
:10d8c8007de7ffffffffffffdff7babe5ddfbef7b3
:10d8d8009defb78dd895ffff9eef356dfbcebef758
:10d8e8007de7f55c3cd7def7dbcef4543cdfffff89
:10d8f80018a619a6ffffffffffff7ddff55c5ddfc0
:10d90800bef7ffffffffffffffffffffffffffff68
:10d91800ffffffffffffffff189e5ddfffffffff19
:10d92800ffff7de7d45452045204520452045204b7
:10d93800931c96b579ce1ce79defdef7ffffffff3e
:10d94800ffffffffdef79ef73ce799ce153d520437
:10d958005204520452045204932c1cd7ffffffffb9
:10d96800ffffbbc6babeffffffffffffffffffffc2
:10d97800ffffffffffffffff39ae520c5204731c7d
:10d98800356dbbc6def7ffffffffffffffffffffa1
:10d99800bac6732452047314f4547ab6beefffff68
:10d9a800ffffffffffffffffffffffffffffffff7f
:10d9b800ffffffffffffffffffffffffffffffff6f
:10d9c800dff7bbc6767d566d56759685767dd795fd
:10d9d8003cdfffff7de796855675b78d59aeb78d4d
:10d9e800dff7beefb78d5ddfffff5ddfb78d5675e3
:10d9f800767d59aedef7dbc6f89dffffdef7189e91
:10da080059aeffffffffffffffffbbbe767d5675d8
:10da1800566df89d9eefffffdff759ae566dd8950e
:10da28009eef7ab6767dd78d189e97855de7ffffc6
:10da380059ae7ab6ffffffffffffdff7f89d567577
:10da480019a6dfffffffffffffffffffffffffff3d
:10da5800ffffffffffffdef7b7859de7ffffffff33
:10da6800ffff3cdf93345204520452045204520420
:10da7800b42c96b599ce3ce79ef7def7ffffffff83
:10da8800ffffffffdfff9ef75ce7bad6565d520443
:10da980052045204520452047314babeffffffff2b
:10daa800ffff5ddff895ffffffffffffffffffffb1
:10dab800ffffffffffffffff39ae730cd44c39aef9
:10dac8009eefffffffffffffffffffffffffffffcf
:10dad800bac67324b33cf8957de7ffffffffffff4d
:10dae800ffffffffffffffffffffffffffffffff3e
:10daf800ffffffffffffffffffffffffffffffff2e
:10db0800ffffffffdef7beefbeefdef7beef59ae59
:10db18005675fcceffffdef79eefdef7dfffdef780
:10db2800ffffffffdef7ffffffffffffdef7beefa0
:10db3800bef7dfffffffdff7def7ffffffffdff7cf
:10db4800def7ffffffffffffffffffffdef7beef80
:10db5800beefdff7ffffffffffffdff7beefbef708
:10db6800ffffffffbef7beefdff7def7ffffffffa8
:10db7800dff7dff7ffffffffffffffffdff7beef76
:10db8800def7ffffffffffffffffffffffffffffc6
:10db9800ffffffffffff5ddfd795def7ffffffff0a
:10dba800ffffbbc6731c52045204520452045204b1
:10dbb800f44cb6b59ad63ce79ef7def7ffffffffb9
:10dbc800ffffffffdfffbef75defbad6b77d720438
:10dbd80052045204520452045204d795dfffffff47
:10dbe800ffffbeefb78d9eefffffffffffffffffb9
:10dbf800ffffffffffffffff39aed7955ddfffff98
:10dc0800ffffffffffffffffffffffffffffffff1c
:10dc1800bbc6767d1cd7dff7ffffffffffffffffc7
:10dc2800fffffffffffffffffffffffffffffffffc
:10dc3800ffffffffffffffffffffffffffffffffec
:10dc4800ffffffffffffffffffffffffffffffffdc
:10dc58009de7beefffffffffffffffffffffffff97
:10dc6800ffffffffffffffffffffffffffffffffbc
:10dc7800ffffffffffffffffffffffffffffffffac
:10dc8800ffffffffffffffffffffffffffffffff9c
:10dc9800ffffffffffffffffffffffffffffffff8c
:10dca800ffffffffffffffffffffffffffffffff7c
:10dcb800ffffffffffffffffffffffffffffffff6c
:10dcc800ffffffffffffffffffffffffffffffff5c
:10dcd800ffffffffffff9abe7ab6ffffffffffffc0
:10dce800fffff89d52045204520452045204520495
:10dcf8003565f7bdbad65defbef7dfffffffffff63
:10dd0800ffffffffdfffbef77deffbde189e9314da
:10dd180052045204520452045204d454beefffff7a
:10dd2800ffffffff59aebbbeffffffffffffffff77
:10dd3800ffffffffffffffff9eefdff7ffffffff84
:10dd4800ffffffffffffffffffffffffffffffffdb
:10dd58009eefdef7ffffffffffffffffffffffff65
:10dd6800ffffffffffffffffffffffffffffffffbb
:10dd7800ffffffffffffffffffffffffffffffffab
:10dd8800ffffffffffffffffffffffffffffffff9b
:10dd9800ffffffffffffffffffffffffffffffff8b
:10dda800ffffffffffffffffffffffffffffffff7b
:10ddb800ffffffffffffffffffffffffffffffff6b
:10ddc800ffffffffffffffffffffffffffffffff5b
:10ddd800ffffffffffffffffffffffffffffffff4b
:10dde800ffffffffffffffffffffffffffffffff3b
:10ddf800ffffffffffffffffffffffffffffffff2b
:10de0800ffffffffffffffffffffffffffffffff1a
:10de1800ffffffffdef7d78d7de7ffffffffffff67
:10de2800bef7f55c52045204520452045204730cb7
:10de3800767d18c6dbde7defbef7dfffffffffff55
:10de4800ffffffffdfffbef77def1bdf7abeb424c5
:10de580052045204520452045204732cdbc6ffffce
:10de6800ffffffff7de7b78dbef7ffffffffffff57
:10de7800ffffffffffffffffffffffffffffffffaa
:10de8800ffffffffffffffffffffffffffffffff9a
:10de9800ffffffffffffffffffffffffffffffff8a
:10dea800ffffffffffffffffffffffffffffffff7a
:10deb800ffffffffffffffffffffffffffffffff6a
:10dec800ffffffffffffffffffffffffffffffff5a
:10ded800ffffffffffffffffffffffffffffffff4a
:10dee800ffffffffffffffffffffffffffffffff3a
:10def800ffffffffffffffffffffffffffffffff2a
:10df0800ffffffffffffffffffffffffffffffff19
:10df1800ffffffffffffffffffffffffffffffff09
:10df2800fffffffffffffffffffffffffffffffff9
:10df3800ffffffffffffffffffffffffffffffffe9
:10df4800ffffffffffffffffffffffffffffffffd9
:10df5800ffffffff3cd7f89ddff7ffffffffffff45
:10df6800fbce932c52045204520452045204931cc4
:10df7800b79d58c61bdf7defbef7dfffffffffff32
:10df8800ffffffffffffdef79ef73ce7bace354df8
:10df9800520452045204520452045204b78ddff75b
:10dfa800ffffffffdfff39a6dbc6ffffffffffff15
:10dfb800ffffffffffffffffffffffffffffffff69
:10dfc800ffffffffffffffffffffffffffffffff59
:10dfd800ffffffffffffffffffffffffffffffff49
:10dfe800ffffffffffffffffffffffffffffffff39
:10dff800ffffffffffffffffffffffffffffffff29
:10e00800ffffffffffffffffffffffffffffffff18
:10e01800ffffffffffffffffffffffffffffffff08
:10e02800fffffffffffffffffffffffffffffffff8
:10e03800ffffffffffffffffffffffffffffffffe8
:10e04800ffffffffffffffffffffffffffffffffd8
:10e05800ffffffffffffffffffffffffffffffffc8
:10e06800ffffffffffffffffffffffffffffffffb8
:10e07800ffffffffffffffffffffffffffffffffa8
:10e08800ffffffffffffffffffffffffffffffff98
:10e09800ffffdef7d8951cd7ffffffffffffdff775
:10e0a800d795720c52045204520452045204d43cc0
:10e0b800d7b579ce3ce79defdef7ffffffffffff07
:10e0c800ffffffffffffdfffbef75defbad6f89552
:10e0d800730c52045204520452045204b4443cdff8
:10e0e800ffffffffffff7de7b78d9ee7ffffffff05
:10e0f800ffffffffffffffffffffffffffffffff28
:10e10800ffffffffffffffffffffffffffffffff17
:10e11800ffffffffffffffffffffffffffffffff07
:10e12800fffffffffffffffffffffffffffffffff7
:10e13800ffffffffffffffffffffffffffffffffe7
:10e14800ffffffffffffffffffffffffffffffffd7
:10e15800ffffffffffffffffffffffffffffffffc7
:10e16800ffffffffffffffffffffffffffffffffb7
:10e17800ffffffffffffffffffffffffffffffffa7
:10e18800ffffffffffffffffffffffffffffffff97
:10e19800ffffffffffffffffffffffffffffffff87
:10e1a800ffffffffffffffffffffffffffffffff77
:10e1b800ffffffffffffffffffffffffffffffff67
:10e1c800ffffffffffffffffffffffffffffffff57
:10e1d800ffffdbc618a6dff7ffffffffffff5ddfce
:10e1e800d44c52045204520452045204730c557510
:10e1f800f7bdbad65ce7bef7dfffffffffffffff03
:10e20800ffffffffffffdfffbef77deffbde79befd
:10e21800d42c520452045204520452045204d79586
:10e22800dff7ffffffffffffbbc639a6dff7ffffe2
:10e23800ffffffffffffffffffffffffffffffffe6
:10e24800ffffffffffffffffffffffffffffffffd6
:10e25800ffffffffffffffffffffffffffffffffc6
:10e26800ffffffffffffffffffffffffffffffffb6
:10e27800ffffffffffffffffffffffffffffffffa6
:10e28800ffffffffffffffffffffffffffffffff96
:10e29800ffffffffffffffffffffffffffffffff86
:10e2a800ffffffffffffffffffffffffffffffff76
:10e2b800ffffffffffffffffffffffffffffffff66
:10e2c800ffffffffffffffffffffffffffffffff56
:10e2d800ffffffffffffffffffffffffffffffff46
:10e2e800ffffffffffffffffffffffffffffffff36
:10e2f800ffffffffffffffffffffffffffffffff26
:10e30800ffffffffffffffffffffffffffffffff15
:10e318007de7b78d7de7ffffffffffffdffff89584
:10e32800720c520452045204520452049324b69daf
:10e3380038c6fbde7defbef7dfffffffffffffff05
:10e34800ffffffffffffffffdef79def3ce7bacec1
:10e35800766d730452045204520452045204b33cbe
:10e36800fbceffffffffffffdef718a69abefffff9
:10e37800ffffffffffffffffffffffffffffffffa5
:10e38800ffffffffffffffffffffffffffffffff95
:10e39800ffffffffffffffffffffffffffffffff85
:10e3a800ffffffffffffffffffffffffffffffff75
:10e3b800ffffffffffffffffffffffffffffffff65
:10e3c800ffffffffffffffffffffffffffffffff55
:10e3d800ffffffffffffffffffffffffffffffff45
:10e3e800ffffffffffffffffffffffffffffffff35
:10e3f800ffffffffffffffffffffffffffffffff25
:10e40800ffffffffffffffffffffffffffffffff14
:10e41800ffffffffffffffffffffffffffffffff04
:10e42800fffffffffffffffffffffffffffffffff4
:10e43800ffffffffffffffffffffffffffffffffe4
:10e44800ffffffffffffffffffffffffffffbeef25
:10e45800d795fbceffffffffffffffff1cd7b4449c
:10e468005204520452045204520452041455d7b5ab
:10e4780099ce3ce79defdef7ffffffffffffffffb1
:10e48800ffffffffffffffffdfffbef75defdbdef4
:10e4980059b6b3245204520452045204520452048a
:10e4a80056759eefffffffffffffbeefd795dbc658
:10e4b800ffffffffffffffffffffffffffffffff64
:10e4c800ffffffffffffffffffffffffffffffff54
:10e4d800ffffffffffffffffffffffffffffffff44
:10e4e800ffffffffffffffffffffffffffffffff34
:10e4f800ffffffffffffffffffffffffffffffff24
:10e50800ffffffffffffffffffffffffffffffff13
:10e51800ffffffffffffffffffffffffffffffff03
:10e52800fffffffffffffffffffffffffffffffff3
:10e53800ffffffffffffffffffffffffffffffffe3
:10e54800ffffffffffffffffffffffffffffffffd3
:10e55800ffffffffffffffffffffffffffffffffc3
:10e56800ffffffffffffffffffffffffffffffffb3
:10e57800ffffffffffffffffffffffffffffffffa3
:10e58800ffffffffffffffffffffffffbef7189e24
:10e598009abeffffffffffffffffbeef767d52042d
:10e5a80052045204520452045204931c969518c6fd
:10e5b800dbde5defbef7dfffffffffffffffffffc3
:10e5c800ffffffffffffffffdfffdef79def1ce709
:10e5d8009ace766d730452045204520452045204c3
:10e5e8007314189edff7ffffffffffff9eefd7951d
:10e5f800bbc6dfffffffffffffffffffffffffffc0
:10e60800ffffffffffffffffffffffffffffffff12
:10e61800ffffffffffffffffffffffffffffffff02
:10e62800fffffffffffffffffffffffffffffffff2
:10e63800ffffffffffffffffffffffffffffffffe2
:10e64800ffffffffffffffffffffffffffffffffd2
:10e65800ffffffffffffffffffffffffffffffffc2
:10e66800ffffffffffffffffffffffffffffffffb2
:10e67800ffffffffffffffffffffffffffffffffa2
:10e68800ffffffffffffffffffffffffffffffff92
:10e69800ffffffffffffffffffffffffffffffff82
:10e6a800ffffffffffffffffffffffffffffffff72
:10e6b800ffffffffffffffffffffffffffffffff62
:10e6c800ffffffffffffffffffffbeeff89d7ab6da
:10e6d800dff7ffffffffffffdff739a6731c5204c8
:10e6e800520452045204520452041455b6b579ce59
:10e6f8001bdf7defbef7dfffffffffffffffffff21
:10e70800ffffffffffffffffffffdfffbef75def2c
:10e71800dbde39aed42c52045204520452045204a3
:10e728005204932c9abeffffffffffffffff9eefef
:10e73800f89d79b6bef7ffffffffffffffffffff62
:10e74800ffffffffffffffffffffffffffffffffd1
:10e75800ffffffffffffffffffffffffffffffffc1
:10e76800ffffffffffffffffffffffffffffffffb1
:10e77800ffffffffffffffffffffffffffffffffa1
:10e78800ffffffffffffffffffffffffffffffff91
:10e79800ffffffffffffffffffffffffffffffff81
:10e7a800ffffffffffffffffffffffffffffffff71
:10e7b800ffffffffffffffffffffffffffffffff61
:10e7c800ffffffffffffffffffffffffffffffff51
:10e7d800ffffffffffffffffffffffffffffffff41
:10e7e800ffffffffffffffffffffffffffffffff31
:10e7f800ffffffffffffffffffffffffffffffff21
:10e80800ffffffffffffffff5ddfd78dbabedff71a
:10e81800ffffffffffffffffbbc6933c52045204fc
:10e8280052045204520452049324969517bedad621
:10e838005ce79ef7def7ffffffffffffffffffff2d
:10e84800ffffffffffffffffffffdfffdef79def8b
:10e858001ce79aced785730c520452045204520412
:10e8680052045204b444dbc6ffffffffffffffff63
:10e87800bef77ab6d78d5ddfdfffffffffffffff33
:10e88800ffffffffffffffffffffffffffffffff90
:10e89800ffffffffffffffffffffffffffffffff80
:10e8a800ffffffffffffffffffffffffffffffff70
:10e8b800ffffffffffffffffffffffffffffffff60
:10e8c800ffffffffffffffffffffffffffffffff50
:10e8d800ffffffffffffffffffffffffffffffff40
:10e8e800ffffffffffffffffffffffffffffffff30
:10e8f800ffffffffffffffffffffffffffffffff20
:10e90800ffffffffffffffffffffffffffffffff0f
:10e91800ffffffffffffffffffffffffffffffffff
:10e92800ffffffffffffffffffffffffffffffffef
:10e93800ffffffffffffffffffffffffffffffffdf
:10e94800ffffffffbef7bbc6b78d1cd7ffffffff5a
:10e95800fffffffffffffbced44c520452045204ca
:10e96800520452045204730c356db6b579ce1ce7c7
:10e978007defbef7dfffffffffffffffffffffff9a
:10e98800ffffffffffffffffffffffffdfffbef7f8
:10e998005deffbde79c63555520452045204520429
:10e9a800520452045204d44cdbc6ffffffffffffa2
:10e9b800ffffffff1cd7d79539ae7de7ffffffffad
:10e9c800ffffffffffffffffffffffffffffffff4f
:10e9d800ffffffffffffffffffffffffffffffff3f
:10e9e800ffffffffffffffffffffffffffffffff2f
:10e9f800ffffffffffffffffffffffffffffffff1f
:10ea0800ffffffffffffffffffffffffffffffff0e
:10ea1800fffffffffffffffffffffffffffffffffe
:10ea2800ffffffffffffffffffffffffffffffffee
:10ea3800ffffffffffffffffffffffffffffffffde
:10ea4800ffffffffffffffffffffffffffffffffce
:10ea5800ffffffffffffffffffffffffffffffffbe
:10ea6800ffffffffffffffffffffffffffffffffae
:10ea7800ffffffffffffffffffffffffffffffff9e
:10ea8800def7fbced79559ae9eefffffffffffffe6
:10ea9800fffffffffbced454520452045204520429
:10eaa800520452045204d444b6a538c6dbde5defe6
:10eab800bef7def7ffffffffffffffffffffffffd0
:10eac800ffffffffffffffffffffffffdfffdef797
:10ead8009def3ce7bad638aed434520452045204ff
:10eae8005204520452045204b4449abedff7ffffa2
:10eaf800ffffffffffffbef7dbc6d79518a6fcceca
:10eb08009eefdff7ffffffffffffffffffffffffa6
:10eb1800fffffffffffffffffffffffffffffffffd
:10eb2800ffffffffffffffffffffffffffffffffed
:10eb3800ffffffffffffffffffffffffffffffffdd
:10eb4800ffffffffffffffffffffffffffffffffcd
:10eb5800ffffffffffffffffffffffffffffffffbd
:10eb6800ffffffffffffffffffffffffffffffffad
:10eb7800ffffffffffffffffffffffffffffffff9d
:10eb8800ffffffffffffffffffffffffffffffff8d
:10eb9800ffffffffffffffffffffffffffffffff7d
:10eba800ffffffffffffffffffffffffffffffff6d
:10ebb800ffffffffffffffffffffbef77de7babec6
:10ebc800d79518a65ddfffffffffffffffffffffe1
:10ebd800dff7babed44c5204520452045204520411
:10ebe80052045204b3249695f7bdbad63ce79def7c
:10ebf800def7dfffffffffffffffffffffffffff66
:10ec0800ffffffffffffffffffffffffffffdfff2c
:10ec1800bef77def1bdf79cef895b324520452047a
:10ec2800520452045204520452049334f89d9eef45
:10ec3800ffffffffffffffffffffbef73cdf59aeff
:10ec4800b78dd89559aedbc63cd77de77de77de724
:10ec58007de77de77de77de77de77de77de77de78c
:10ec68007de77de77de77de77de77de77de77de77c
:10ec78007de77de77de77de77de77de77de77de76c
:10ec88007de77de77de77de77de77de77de77de75c
:10ec98007de77de77de77de77de77de77de77de74c
:10eca8007de77de77de77de77de77de77de77de73c
:10ecb8007de77de77de77de77de77de77de77de72c
:10ecc8007de77de77de77de77de77de77de77de71c
:10ecd8007de77de77de77de77de77de77de77de70c
:10ece8007de77de77de77de77de77de77de77de7fc
:10ecf8007de75ddf1cd7babe39a6b78dd895bbc6f0
:10ed08007de7dfffffffffffffffffffffff9eef36
:10ed180018a6933452045204520452045204520462
:10ed28005204931c557db6b579ce1bdf7defbef737
:10ed3800dffffffffffffffffffffffffffffffffb
:10ed4800ffffffffffffffffffffffffffffffffcb
:10ed5800def7bef75deffbde79ceb785931c520474
:10ed68005204520452045204520452047314567545
:10ed7800fbcedff7fffffffffffffffffffffffff8
:10ed8800def75de7fbce9abe39ae39ae19ae18a6ee
:10ed980018a618a618a618a618a618a618a618a67b
:10eda80018a618a618a618a618a618a618a618a66b
:10edb80018a618a618a618a618a618a618a618a65b
:10edc80018a618a618a618a618a618a618a618a64b
:10edd80018a618a618a618a618a618a618a618a63b
:10ede80018a618a618a618a618a618a618a618a62b
:10edf80018a618a618a618a618a618a618a618a61b
:10ee080018a618a618a618a618a618a618a618a60a
:10ee180018a618a618a618a618a618a618a618a6fa
:10ee280018a618a618a618a618a618a618a618a6ea
:10ee380019ae39ae59aebbc61cd79eefdff7ffff40
:10ee4800ffffffffffffffffffffdff7fbce56755a
:10ee580073145204520452045204520452045204c9
:10ee68007314356db6b559cefbde5def9ef7def750
:10ee7800ffffffffffffffffffffffffffffffff9a
:10ee8800ffffffffffffffffffffffffffffffff8a
:10ee9800dfffdef79ef75ce7dbde59c6b785931424
:10eea80052045204520452045204520452045204aa
:10eeb800933cb78d3cdfdef7ffffffffffffffff4f
:10eec800ffffffffffffffffffffffffffffffff4a
:10eed800ffffffffffffffffffffffffffffffff3a
:10eee800ffffffffffffffffffffffffffffffff2a
:10eef800ffffffffffffffffffffffffffffffff1a
:10ef0800ffffffffffffffffffffffffffffffff09
:10ef1800fffffffffffffffffffffffffffffffff9
:10ef2800ffffffffffffffffffffffffffffffffe9
:10ef3800ffffffffffffffffffffffffffffffffd9
:10ef4800ffffffffffffffffffffffffffffffffc9
:10ef5800ffffffffffffffffffffffffffffffffb9
:10ef6800ffffffffffffffffffffffffffffffffa9
:10ef7800ffffffffffffffffffffffffffffffff99
:10ef8800ffffffffffffdff75ddfd795933c5204dc
:10ef98005204520452045204520452045204731488
:10efa800356db6ad38c6dbde5ce79ef7def7dfff12
:10efb800ffffffffffffffffffffffffffffffff59
:10efc800ffffffffffffffffffffffffffffffff49
:10efd800ffffdfffbef79def3ce7dad659c6967d07
:10efe800931c520452045204520452045204520410
:10eff80052045204b33cb78dfbcebeefffffffffb8
:10f00800ffffffffffffffffffffffffffffffff08
:10f01800fffffffffffffffffffffffffffffffff8
:10f02800ffffffffffffffffffffffffffffffffe8
:10f03800ffffffffffffffffffffffffffffffffd8
:10f04800ffffffffffffffffffffffffffffffffc8
:10f05800ffffffffffffffffffffffffffffffffb8
:10f06800ffffffffffffffffffffffffffffffffa8
:10f07800ffffffffffffffffffffffffffffffff98
:10f08800ffffffffffffffffffffffffffffffff88
:10f09800ffffffffffffffffffffffffffffffff78
:10f0a800ffffffffffffffffffffffffffffffff68
:10f0b800ffffffffffffffffffffffffffffffff58
:10f0c800ffffbef7fbceb795b44452045204520476
:10f0d8005204520452045204520452047314356dfb
:10f0e800b6ad38c6bad63ce79defbef7dfffffffe7
:10f0f800ffffffffffffffffffffffffffffffff18
:10f10800ffffffffffffffffffffffffffffffff07
:10f11800ffffffffdfffbef79def3ce7bad659c6fa
:10f12800b78db324520452045204520452045204b8
:10f13800520452045204520c732cf45c18a6dbce11
:10f148005ddfbeefdff7ffffffffffffffffffff02
:10f15800ffffffffffffffffffffffffffffffffb7
:10f16800ffffffffffffffffffffffffffffffffa7
:10f17800ffffffffffffffffffffffffffffffff97
:10f18800ffffffffffffffffffffffffffffffff87
:10f19800ffffffffffffffffffffffffffffffff77
:10f1a800ffffffffffffffffffffffffffffffff67
:10f1b800ffffffffffffffffffffffffffffffff57
:10f1c800ffffffffffffffffffffffffffffffff47
:10f1d800ffffffffffffffffffffffffffffffff37
:10f1e800ffffffffffffffffffffffffffffffff27
:10f1f800ffffffffffffffffdfffbeef5de7fbce77
:10f2080039a6155d932c720c520452045204520410
:10f2180052045204520452045204931c5575b6ad5c
:10f2280038c6bad63ce79defbef7dfffffffffff0a
:10f23800ffffffffffffffffffffffffffffffffd6
:10f24800ffffffffffffffffffffffffffffffffc6
:10f25800ffffffffffffdfffbef79def3ce7dad6ba
:10f2680059c6f79df43c730c5204520452045204dc
:10f278005204520452045204520452045204731c9d
:10f28800d44c156d567dd78d189e59b659b659b6ba
:10f2980059b659b659b659b659b659b659b659b6ee
:10f2a80059b659b659b659b659b659b659b659b6de
:10f2b80059b659b659b659b659b659b659b659b6ce
:10f2c80059b659b659b659b659b659b659b659b6be
:10f2d80059b659b659b659b659b659b659b659b6ae
:10f2e80059b659b659b659b659b659b659b659b69e
:10f2f80059b659b659b659b659b659b659b659b68e
:10f3080059b659b659b659b659b659b659b659b67d
:10f3180059b659b659b659b659b659b659b659b66d
:10f3280059b659b659b659b659b659b659b659b65d
:10f3380059b659b6189ed78d567d156dd44c732481
:10f348005204520452045204520452045204520405
:10f35800520452045204730cb334768db6b538c6d1
:10f36800bad63ce77defbef7dfffffffffffffffe9
:10f37800ffffffffffffffffffffffffffffffff95
:10f38800ffffffffffffffffffffffffffffffff85
:10f39800ffffffffffffffffdfffbef79def3ce72b
:10f3a800dbde59ce18b65565931452045204520444
:10f3b8005204520452045204520452045204520495
:10f3c800520452045204520c730c731473147314c1
:10f3d80073147314731473147314731473147314ed
:10f3e80073147314731473147314731473147314dd
:10f3f80073147314731473147314731473147314cd
:10f4080073147314731473147314731473147314bc
:10f4180073147314731473147314731473147314ac
:10f42800731473147314731473147314731473149c
:10f43800731473147314731473147314731473148c
:10f44800731473147314731473147314731473147c
:10f45800731473147314731473147314731473146c
:10f46800731473147314731473147314731473145c
:10f4780073147314730c520c520452045204520441
:10f4880052045204520452045204520452045204c4
:10f498005204520473141455969dd6b559cedbde2a
:10f4a8003ce79defbef7dfffffffffffffffffff1a
:10f4b800ffffffffffffffffffffffffffffffff54
:10f4c800ffffffffffffffffffffffffffffffff44
:10f4d800ffffffffffffffffffffdfffbef79def0f
:10f4e8005ce7fbde99ce38beb795f444730c520442
:10f4f8005204520452045204520452045204520454
:10f508005204520452045204520452045204520443
:10f518005204520452045204520452045204520433
:10f528005204520452045204520452045204520423
:10f538005204520452045204520452045204520413
:10f548005204520452045204520452045204520403
:10f5580052045204520452045204520452045204f3
:10f5680052045204520452045204520452045204e3
:10f5780052045204520452045204520452045204d3
:10f5880052045204520452045204520452045204c3
:10f5980052045204520452045204520452045204b3
:10f5a80052045204520452045204520452045204a3
:10f5b8005204520452045204520452045204520493
:10f5c8005204520452045204520452045204520483
:10f5d800730cb4345585b6adf7bd79cefbde5ce768
:10f5e8009defbef7dffffffffffffffffffffffffe
:10f5f800ffffffffffffffffffffffffffffffff13
:10f60800ffffffffffffffffffffffffffffffff02
:10f61800ffffffffffffffffffffffffdfffdef73b
:10f628009ef77def1ce7bad658c618b6967dd43c2f
:10f63800730c5204520452045204520452045204e9
:10f648005204520452045204520452045204520402
:10f6580052045204520452045204520452045204f2
:10f6680052045204520452045204520452045204e2
:10f6780052045204520452045204520452045204d2
:10f6880052045204520452045204520452045204c2
:10f6980052045204520452045204520452045204b2
:10f6a80052045204520452045204520452045204a2
:10f6b8005204520452045204520452045204520492
:10f6c8005204520452045204520452045204520482
:10f6d8005204520452045204520452045204520472
:10f6e8005204520452045204520452045204520462
:10f6f8005204520452045204520452045204520452
:10f70800520452045204520452045204730cb32c8f
:10f71800357596a5d6b538c6bad61ce77def9ef7df
:10f72800def7dfffffffffffffffffffffffffff2a
:10f73800ffffffffffffffffffffffffffffffffd1
:10f74800ffffffffffffffffffffffffffffffffc1
:10f75800ffffffffffffffffffffffffffffdfffd1
:10f76800def7bef77def5ce7fbde9ad638c6f7b565
:10f778009685f444931c52045204520452045204d1
:10f7880052045204520452045204520452045204c1
:10f7980052045204520452045204520452045204b1
:10f7a80052045204520452045204520452045204a1
:10f7b8005204520452045204520452045204520491
:10f7c8005204520452045204520452045204520481
:10f7d8005204520452045204520452045204520471
:10f7e8005204520452045204520452045204520461
:10f7f8005204520452045204520452045204520451
:10f808005204520452045204520452045204520440
:10f818005204520452045204520452045204520430
:10f828005204520452045204520452045204520420
:10f838005204520452045204520452045204520410
:10f8480052045204520452047314d43c557596a5bc
:10f85800b6b518c69ad6fbde3ce77defbef7def7f5
:10f86800dfffffffffffffffffffffffffffffffc0
:10f87800ffffffffffffffffffffffffffffffff90
:10f88800ffffffffffffffffffffffffffffffff80
:10f89800ffffffffffffffffffffffffffffffff70
:10f8a800dfffdfffbef79ef77def3ce7dbde99ce9b
:10f8b80038c618b6b79d556dd434931c730c5204d2
:10f8c8005204520452045204520452045204520480
:10f8d8005204520452045204520452045204520470
:10f8e8005204520452045204520452045204520460
:10f8f8005204520452045204520452045204520450
:10f90800520452045204520452045204520452043f
:10f91800520452045204520452045204520452042f
:10f92800520452045204520452045204520452041f
:10f93800520452045204520452045204520452040f
:10f9480052045204520452045204520452045204ff
:10f9580052045204520452045204520452045204ef
:10f9680052045204520452045204520452045204df
:10f9780052045204520452045204520452045204cf
:10f98800730c731cb3343565769596a5b6b538c631
:10f9980099cedbde3ce77def9ef7bef7def7dfffb3
:10f9a800ffffffffffffffffffffffffffffffff5f
:10f9b800ffffffffffffffffffffffffffffffff4f
:10f9c800ffffffffffffffffffffffffffffffff3f
:10f9d800ffffffffffffffffffffffffffffffff2f
:10f9e800ffffffffdfffdef7bef79def7def3ce790
:10f9f800fbde9ad659cef7bdd7b5b79d767d35656e
:10fa0800f44cb334931c7314730c52045204520410
:10fa1800520452045204520452045204520452042e
:10fa2800520452045204520452045204520452041e
:10fa3800520452045204520452045204520452040e
:10fa480052045204520452045204520452045204fe
:10fa580052045204520452045204520452045204ee
:10fa680052045204520452045204520452045204de
:10fa780052045204520452045204520452045204ce
:10fa880052045204520452045204520452045204be
:10fa980052045204520452045204520452045204ae
:10faa800520452045204520452045204520452049e
:10fab80052045204720c7314931cb32cd444145d76
:10fac800557d969596adb6b5f7bd59ce9ad6fbde5f
:10fad8003ce75def9defbef7def7dfffffffffffbf
:10fae800ffffffffffffffffffffffffffffffff1e
:10faf800ffffffffffffffffffffffffffffffff0e
:10fb0800fffffffffffffffffffffffffffffffffd
:10fb1800ffffffffffffffffffffffffffffffffed
:10fb2800ffffffffffffffffdfffdef7bef79defe1
:10fb38007def3ce71bdfdbde9ad659ce18c6d7bd72
:10fb4800b6b596b555ad54a534a534a514a514a5d8
:10fb580014a514a514a514a514a514a514a514a5d5
:10fb680014a514a514a514a514a514a514a514a5c5
:10fb780014a514a514a514a514a514a514a514a5b5
:10fb880014a514a514a514a514a514a514a514a5a5
:10fb980014a514a514a514a514a514a514a514a595
:10fba80014a514a514a514a514a514a514a514a585
:10fbb80014a514a514a514a514a514a514a514a575
:10fbc80014a514a514a514a514a514a514a514a565
:10fbd80014a514a514a514a514a514a514a514a555
:10fbe80014a514a514a514a514a514a514a514a545
:10fbf80014a514a514a534a554a555ad96b5b6b548
:10fc0800d7bd18c659ce9ad6dad61bdf3ce77defaa
:10fc18009defbef7def7dffffffffffffffffffff0
:10fc2800ffffffffffffffffffffffffffffffffdc
:10fc3800ffffffffffffffffffffffffffffffffcc
:10fc4800ffffffffffffffffffffffffffffffffbc
:10fc5800ffffffffffffffffffffffffffffffffac
:10fc6800ffffffffffffffffffffdfffdfffdef705
:10fc7800bef79ef77def5def3ce71bdffbdebad6f4
:10fc88009ad679ce59ce38c638c638c618c618c6d8
:10fc980018c618c618c618c618c618c618c618c66c
:10fca80018c618c618c618c618c618c618c618c65c
:10fcb80018c618c618c618c618c618c618c618c64c
:10fcc80018c618c618c618c618c618c618c618c63c
:10fcd80018c618c618c618c618c618c618c618c62c
:10fce80018c618c618c618c618c618c618c618c61c
:10fcf80018c618c618c618c618c618c618c618c60c
:10fd080018c618c618c618c618c618c618c618c6fb
:10fd180018c618c618c618c618c618c618c618c6eb
:10fd280018c618c618c618c618c618c618c618c6db
:10fd380018c618c618c638c638c659ce79ce9ad647
:10fd4800bad6fbde1bdf3ce75def7def9ef7bef723
:10fd5800def7dfffdfffffffffffffffffffffff14
:10fd6800ffffffffffffffffffffffffffffffff9b
:10fd7800ffffffffffffffffffffffffffffffff8b
:10fd8800ffffffffffffffffffffffffffffffff7b
:10fd9800ffffffffffffffffffffffffffffffff6b
:10fda800ffffffffffffffffffffffffffffffff5b
:10fdb800dfffdef7def7bef79ef79def7def5def25
:10fdc8005ce73ce71ce71bdffbdefbdefbdefbde64
:10fdd800fbdefbdefbdefbdefbdefbdefbdefbde53
:10fde800fbdefbdefbdefbdefbdefbdefbdefbde43
:10fdf800fbdefbdefbdefbdefbdefbdefbdefbde33
:10fe0800fbdefbdefbdefbdefbdefbdefbdefbde22
:10fe1800fbdefbdefbdefbdefbdefbdefbdefbde12
:10fe2800fbdefbdefbdefbdefbdefbdefbdefbde02
:10fe3800fbdefbdefbdefbdefbdefbdefbdefbdef2
:10fe4800fbdefbdefbdefbdefbdefbdefbdefbdee2
:10fe5800fbdefbdefbdefbdefbdefbdefbdefbded2
:10fe6800fbdefbdefbdefbdefbdefbdefbdefbdec2
:10fe7800fbdefbdefbdefbde1bdf1ce73ce75ce7b3
:10fe88005def7def9def9ef7bef7def7def7dfff54
:10fe9800dfffffffffffffffffffffffffffffff8a
:10fea800ffffffffffffffffffffffffffffffff5a
:10feb800ffffffffffffffffffffffffffffffff4a
:10fec800ffffffffffffffffffffffffffffffff3a
:10fed800ffffffffffffffffffffffffffffffff2a
:10fee800ffffffffffffffffffffffffffffffff1a
:10fef800ffffffffdfffdfffdef7def7bef7bef72e
:10ff08009ef79ef79def9def7def7def7def7deff7
:10ff18007def7def7def7def7def7def7def7def79
:10ff28007def7def7def7def7def7def7def7def69
:10ff38007def7def7def7def7def7def7def7def59
:10ff48007def7def7def7def7def7def7def7def49
:10ff58007def7def7def7def7def7def7def7def39
:10ff68007def7def7def7def7def7def7def7def29
:10ff78007def7def7def7def7def7def7def7def19
:10ff88007def7def7def7def7def7def7def7def09
:10ff98007def7def7def7def7def7def7def7deff9
:10ffa8007def7def7def7def7def7def7def7defe9
:10ffb8007def7def7def7def9def9def9ef79ef747
:10ffc800bef7bef7def7def7dfffdfffffffffff5d
:10ffd800ffffffffffffffffffffffffffffffff29
:10ffe800ffffffffffffffffffffffffffffffff19
:10fff800ffffffffffffffffffffffffffffffff09
:020000040c01ed
:10000800fffffffffffffffffffffffffffffffff8
:10001800ffffffffffffffffffffffffffffffffe8
:10002800ffffffffffffffffffffffffffffffffd8
:10003800ffffffffffffffffffffdfffdfffdfff28
:10004800dfffdef7def7def7def7bef7bef7bef757
:10005800bef7bef7bef7bef7bef7bef7bef7bef7f0
:10006800bef7bef7bef7bef7bef7bef7bef7bef7e0
:10007800bef7bef7bef7bef7bef7bef7bef7bef7d0
:10008800bef7bef7bef7bef7bef7bef7bef7bef7c0
:10009800bef7bef7bef7bef7bef7bef7bef7bef7b0
:1000a800bef7bef7bef7bef7bef7bef7bef7bef7a0
:1000b800bef7bef7bef7bef7bef7bef7bef7bef790
:1000c800bef7bef7bef7bef7bef7bef7bef7bef780
:1000d800bef7bef7bef7bef7bef7bef7bef7bef770
:1000e800bef7bef7bef7bef7bef7bef7bef7bef760
:1000f800bef7bef7bef7def7def7def7def7dfffa7
:10010800dfffdfffdfffffffffffffffffffffff57
:10011800ffffffffffffffffffffffffffffffffe7
:10012800ffffffffffffffffffffffffffffffffd7
:10013800ffffffffffffffffffffffffffffffffc7
:10014800ffffffffffffffffffffffffffffffffb7
:10015800ffffffffffffffffffffffffffffffffa7
:10016800ffffffffffffffffffffffffffffffff97
:10017800ffffffffffffffffffffffffffffffff87
:10018800ffffffffffffdfffdfffdfffdfffdfff17
:10019800dfffdfffdfffdfffdfffdfffdfffdfff67
:1001a800dfffdfffdfffdfffdfffdfffdfffdfff57
:1001b800dfffdfffdfffdfffdfffdfffdfffdfff47
:1001c800dfffdfffdfffdfffdfffdfffdfffdfff37
:1001d800dfffdfffdfffdfffdfffdfffdfffdfff27
:1001e800dfffdfffdfffdfffdfffdfffdfffdfff17
:1001f800dfffdfffdfffdfffdfffdfffdfffdfff07
:10020800dfffdfffdfffdfffdfffdfffdfffdffff6
:10021800dfffdfffdfffdfffdfffdfffdfffdfffe6
:10022800dfffdfffdfffdfffdfffdfffdfffdfffd6
:10023800dfffdfffdfffdfffdfffffffffffffff66
:10024800ffffffffffffffffffffffffffffffffb6
:10025800ffffffffffffffffffffffffffffffffa6
:10026800ffffffffffffffffffffffffffffffff96
:10027800ffffffffffffffffffffffffffffffff86
:10028800ffffffffffffffffffffffffffffffff76
:10029800ffffffffffffffffffffffffffffffff66
:1002a800ffffffffffffffffffffffffffffffff56
:1002b800ffffffffffffffffffffffffffffffff46
:1002c800ffffffffffffffffffffffffffffffff36
:1002d800ffffffffffffffffffffffffffffffff26
:1002e800ffffffffffffffffffffffffffffffff16
:1002f800ffffffffffffffffffffffffffffffff06
:10030800fffffffffffffffffffffffffffffffff5
:10031800ffffffffffffffffffffffffffffffffe5
:10032800ffffffffffffffffffffffffffffffffd5
:10033800ffffffffffffffffffffffffffffffffc5
:10034800ffffffffffffffffffffffffffffffffb5
:10035800ffffffffffffffffffffffffffffffffa5
:10036800ffffffffffffffffffffffffffffffff95
:10037800ffffffffffffffffffffffffffffffff85
:10038800ffffffffffffffffffffffffffffffff75
:10039800ffffffffffffffffffffffffffffffff65
:1003a800ffffffffffffffffffffffffffffffff55
:1003b800ffffffffffffffffffffffffffffffff45
:020000040000fa
:020000040c01ed
:1003c800ffffffffffffffffffffffffffffffff35
:1003d800ffffffffffffffffffffffffffffffff25
:1003e800ffffffffffffffffffffffffffffffff15
:1003f800ffffffffffffffffffffffffffffffff05
:10040800fffffffffffffffffffffffffffffffff4
:10041800ffffffffffffffffffffffffffffffffe4
:10042800ffffffffffffffffffffffffffffffffd4
:10043800ffffffffffffffffffffffffffffffffc4
:10044800ffffffffffffffffffffffffffffffffb4
:10045800ffffffffffffffffffffffffffffffffa4
:10046800ffffffffffffffffffffffffffffffff94
:10047800ffffffffffffffffffffffffffffffff84
:10048800ffffffffffffffffffffffffffffffff74
:10049800ffffffffffffffffffffffffffffffff64
:1004a800ffffffffffffffffffffffffffffffff54
:1004b800ffffffffffffffffffffffffffffffff44
:1004c800ffffffffffffffffffffffffffffffff34
:1004d800ffffffffffffffffffffffffffffffff24
:1004e800ffffffffffffffffffffffffffffffff14
:1004f800ffffffffffffffffffffffffffffffff04
:10050800fffffffffffffffffffffffffffffffff3
:10051800ffffffffffffffffffffffffffffffffe3
:10052800ffffffffffffffffffffffffffffffffd3
:10053800ffffffffffffffffffffffffffffffffc3
:10054800ffffffffffffffffffffdfffdfffdfff13
:10055800dfffdfffdfffdfffdfffdfffdfffdfffa3
:10056800dfffdfffdfffdfffdfffdfffdfffdfff93
:10057800dfffdfffdfffdfffdfffdfffdfffdfff83
:10058800dfffdfffdfffdfffdfffdfffdfffdfff73
:10059800dfffdfffdfffdfffdfffdfffdfffdfff63
:1005a800dfffdfffdfffdfffdfffdfffdfffdfff53
:1005b800dfffdfffdfffdfffdfffdfffdfffdfff43
:1005c800dfffdfffdfffdfffdfffdfffdfffdfff33
:1005d800dfffdfffdfffdfffdfffdfffdfffdfff23
:1005e800dfffdfffdfffdfffdfffdfffdfffdfff13
:1005f800dfffdfffdfffffffffffffffffffffff63
:10060800fffffffffffffffffffffffffffffffff2
:10061800ffffffffffffffffffffffffffffffffe2
:10062800ffffffffffffffffffffffffffffffffd2
:10063800ffffffffffffffffffffffffffffffffc2
:10064800ffffffffffffffffffffffffffffffffb2
:10065800ffffffffffffffffffffffffffffffffa2
:10066800ffffffffffffffffffffffffffffffff92
:10067800ffffffffffffffffffffffffdfffdfffc2
:10068800dfffdef7def7def7def7bef7bef7bef711
:10069800bef7bef7bef7bef7bef7bef7bef7bef7aa
:1006a800bef7bef7bef7bef7bef7bef7bef7bef79a
:1006b800bef7bef7bef7bef7bef7bef7bef7bef78a
:1006c800bef7bef7bef7bef7bef7bef7bef7bef77a
:1006d800bef7bef7bef7bef7bef7bef7bef7bef76a
:1006e800bef7bef7bef7bef7bef7bef7bef7bef75a
:1006f800bef7bef7bef7bef7bef7bef7bef7bef74a
:10070800bef7bef7bef7bef7bef7bef7bef7bef739
:10071800bef7bef7bef7bef7bef7bef7bef7bef729
:10072800bef7bef7bef7bef7bef7bef7bef7bef719
:10073800bef7bef7bef7def7def7def7def7dfff60
:10074800dfffdffffffffffffffffffffffffffff1
:10075800ffffffffffffffffffffffffffffffffa1
:10076800ffffffffffffffffffffffffffffffff91
:10077800ffffffffffffffffffffffffffffffff81
:10078800ffffffffffffffffffffffffffffffff71
:10079800ffffffffffffffffffffffffffffffff61
:1007a800ffffffffffffffffffffffffffffffff51
:1007b800ffffffffffffdfffdef7def7bef7bef745
:1007c800bef79ef79ef79def9def7def7def7defe6
:1007d8007def7def7def7def7def7def7def7defb1
:1007e8007def7def7def7def7def7def7def7defa1
:1007f8007def7def7def7def7def7def7def7def91
:100808007def7def7def7def7def7def7def7def80
:100818007def7def7def7def7def7def7def7def70
:100828007def7def7def7def7def7def7def7def60
:100838007def7def7def7def7def7def7def7def50
:100848007def7def7def7def7def7def7def7def40
:100858007def7def7def7def7def7def7def7def30
:100868007def7def7def7def7def7def7def7def20
:100878007def7def7def9def9def9def9ef7bef73e
:10088800bef7bef7def7def7dfffffffffffffff74
:10089800ffffffffffffffffffffffffffffffff60
:1008a800ffffffffffffffffffffffffffffffff50
:1008b800ffffffffffffffffffffffffffffffff40
:1008c800ffffffffffffffffffffffffffffffff30
:1008d800ffffffffffffffffffffffffffffffff20
:1008e800ffffffffffffffffffffffffffffffff10
:1008f800dfffdef7def7bef79ef79def7def5defda
:100908005ce73ce73ce71cdf1cdf1bdffbdefbdeb4
:10091800fbdefbdefbdefbdefbdefbdefbdefbde07
:10092800fbdefbdefbdefbdefbdefbdefbdefbdef7
:10093800fbdefbdefbdefbdefbdefbdefbdefbdee7
:10094800fbdefbdefbdefbdefbdefbdefbdefbded7
:10095800fbdefbdefbdefbdefbdefbdefbdefbdec7
:10096800fbdefbdefbdefbdefbdefbdefbdefbdeb7
:10097800fbdefbdefbdefbdefbdefbdefbdefbdea7
:10098800fbdefbdefbdefbdefbdefbdefbdefbde97
:10099800fbdefbdefbdefbdefbdefbdefbdefbde87
:1009a800fbdefbdefbdefbdefbdefbdefbdefbde77
:1009b800fbde1bdf1bdf1bdf1ce71ce73ce75ce7fc
:1009c8005def7def9def9ef7bef7def7def7dfff09
:1009d800ffffffffffffffffffffffffffffffff1f
:1009e800ffffffffffffffffffffffffffffffff0f
:1009f800ffffffffffffffffffffffffffffffffff
:100a0800ffffffffffffffffffffffffffffffffee
:100a1800ffffffffffffffffffffffffffffffffde
:100a2800ffffffffffffffffffffffffdfffdef717
:100a3800bef79ef79def7def3ce73ce71bdffbce63
:100a4800babe59a6188ef885d77db775b76db76d3c
:100a5800b76db76db76db76db76db76db76db76d6e
:100a6800b76db76db76db76db76db76db76db76d5e
:100a7800b76db76db76db76db76db76db76db76d4e
:100a8800b76db76db76db76db76db76db76db76d3e
:100a9800b76db76db76db76db76db76db76db76d2e
:100aa800b76db76db76db76db76db76db76db76d1e
:100ab800b76db76db76db76db76db76db76db76d0e
:100ac800b76db76db76db76db76db76db76db76dfe
:100ad800b76db76db76db76db76db76db76db76dee
:100ae800b76db76db76db76db76db76db76db76dde
:100af800b76dd775f87df88539967aaebac6dbd664
:100b0800dbd6fbde1ce73ce77def9def9ef7bef7eb
:100b1800def7dfffdfffffffffffffffffffffff46
:100b2800ffffffffffffffffffffffffffffffffcd
:100b3800ffffffffffffffffffffffffffffffffbd
:100b4800ffffffffffffffffffffffffffffffffad
:100b5800ffffffffffffffffffffffffffffffff9d
:100b6800ffffffffffffffffdfffdef7bef79ef788
:100b78007def5ce71cdffbce9ab6f885564dd42492
:100b8800b31c9314730c730c730452045204520470
:100b9800520452045204520452045204520452049d
:100ba800520452045204520452045204520452048d
:100bb800520452045204520452045204520452047d
:100bc800520452045204520452045204520452046d
:100bd800520452045204520452045204520452045d
:100be800520452045204520452045204520452044d
:100bf800520452045204520452045204520452043d
:100c0800520452045204520452045204520452042c
:100c1800520452045204520452045204520452041c
:100c2800520452045204520452045204520452040c
:100c380052047304730c730c930c9314b41c153d79
:100c4800b76d399e9abebacedbde1bdf3ce77def7f
:100c58009defbef7def7dfffffffffffffffffffa0
:100c6800ffffffffffffffffffffffffffffffff8c
:100c7800ffffffffffffffffffffffffffffffff7c
:100c8800ffffffffffffffffffffffffffffffff6c
:100c9800ffffffffffffffffffffffffffffffff5c
:100ca800ffffffffdfffdef7bef79ef77def3ce7b4
:100cb8001cd79ab6b76d15359314520452045204d2
:100cc800520452045204520452045204520452046c
:100cd800520452045204520452045204520452045c
:100ce800520452045204520452045204520452044c
:100cf800520452045204520452045204520452043c
:100d0800520452045204520452045204520452042b
:100d1800520452045204520452045204520452041b
:100d2800520452045204520452045204520452040b
:100d380052045204520452045204520452045204fb
:100d480052045204520452045204520452045204eb
:100d580052045204520452045204520452045204db
:100d680052045204520452045204520452045204cb
:100d780052045204520452045204520452045204bb
:100d88005204730cd424565518969ac6bad6fbde6c
:100d98003ce77def9defbef7def7dfffffffffffcc
:100da800ffffffffffffffffffffffffffffffff4b
:100db800ffffffffffffffffffffffffffffffff3b
:100dc800ffffffffffffffffffffffffffffffff2b
:100dd800ffffffffffffffffffffffffffffffff1b
:100de800dfffdfffbef79ef77def3ce7fbd6599e9e
:100df800564d93147304520452045204520452047c
:100e0800520452045204520452045204520452042a
:100e1800520452045204520452045204520452041a
:100e2800520452045204520452045204520452040a
:100e380052045204520452045204520452045204fa
:100e480052045204520452045204520452045204ea
:100e580052045204520452045204520452045204da
:100e680052045204520452045204520452045204ca
:100e780052045204520452045204520452045204ba
:100e880052045204520452045204520452045204aa
:100e9800520452045204520452045204520452049a
:100ea800520452045204520452045204520452048a
:100eb800520452045204520452045204520452047a
:100ec8005204520452047304730cf434d77d79b677
:100ed800bad6fbde3ce77def9ef7bef7dfffdfff0c
:100ee800ffffffffffffffffffffffffffffffff0a
:100ef800fffffffffffffffffffffffffffffffffa
:100f0800ffffffffffffffffffffffffffffffffe9
:100f1800ffffffffffffffffffffffffffffdffff9
:100f2800def7bef79def5ce71cdf7aa63545931424
:100f380052045204520452045204520452045204f9
:100f480052045204520452045204520452045204e9
:100f580052045204520452045204520452045204d9
:100f680052045204520452045204520452045204c9
:100f780052045204520452045204520452045204b9
:100f880052045204520452045204520452045204a9
:100f98005204520452045204520452045204520499
:100fa8005204520452045204520452045204520489
:100fb8005204520452045204520452045204520479
:100fc8005204520452045204520452045204520469
:100fd8005204520452045204520452045204520459
:100fe8005204520452045204520452045204520449
:100ff8005204520452045204520452045204520439
:10100800520452045204520452045204730cd42c55
:10101800b77d79bebad6fbde5ce77defbef7def7bb
:10102800dfffffffffffffffffffffffffffffffe8
:10103800ffffffffffffffffffffffffffffffffb8
:10104800ffffffffffffffffffffffffffffffffa8
:10105800ffffffffffffffffffffffffdfffdef7e1
:10106800bef77def3ce7dbbe965d93145204520455
:1010780052045204520452045204520452045204b8
:1010880052045204520452045204520452045204a8
:101098005204520452045204520452045204520498
:1010a8005204520452045204520452045204520488
:1010b8005204520452045204520452045204520478
:1010c8005204520452045204520452045204520468
:1010d8005204520452045204520452045204520458
:1010e8005204520452045204520452045204520448
:1010f8005204520452045204520452045204520438
:101108005204520452045204520452045204520427
:101118005204520452045204520452045204520417
:101128005204520452045204520452045204520407
:1011380052045204520452045204520452045204f7
:1011480052045204520452045204520452045204e7
:10115800730c153df89579c6bad61ce77def9ef756
:10116800bef7dffffffffffffffffffffffffffff0
:10117800ffffffffffffffffffffffffffffffff77
:10118800ffffffffffffffffffffffffffffffff67
:10119800ffffffffffffffffffffdfffbef79ef729
:1011a8005def1cdf3996d42c7304520452045204a8
:1011b8005204520452045204520452045204520477
:1011c80052045204731c932cb33cd44cf45cf45c6e
:1011d800f45cf45cf45cf45cf45cf45cf45cf45c87
:1011e800f45cf45cf45cf45cf45cf45cf45cf45c77
:1011f800f45cf45cf45cf45cf45cf45cf45cf45c67
:10120800f45cf45cf45cf45cf45cf45cf45cf45c56
:10121800f45cf45cf45cf45cf45cf45cf45cf45c46
:10122800f45cf45cf45cf45cf45cf45cf45cf45c36
:10123800f45cf45cf45cf45cf45cf45cf45cf45c26
:10124800f45cf45cf45cf45cf45cf45cf45cf45c16
:10125800f45cf45cf45cf45cf45cf45cf45cf45c06
:10126800f45cf45cf45cf45cf45cf45cf45cf45cf6
:10127800d44cb43c932c7324730c5204520452047f
:1012880052045204520452045204520452045204a6
:10129800520452049314766d59b69ad6fbde5def6c
:1012a8009defbef7dfffffffffffffffffffffff21
:1012b800ffffffffffffffffffffffffffffffff36
:1012c800ffffffffffffffffffffffffffffffff26
:1012d800ffffffffffffffffdfffbef79def5ce7ac
:1012e800fbceb76d931452045204520452045204b4
:1012f80052045204520452045204731cb33c155d48
:10130800f8959abefbce3cdf5ddf7de77de77de7a4
:101318007de77de77de77de77de77de77de77de7a5
:101328007de77de77de77de77de77de77de77de795
:101338007de77de77de77de77de77de77de77de785
:101348007de77de77de77de77de77de77de77de775
:101358007de77de77de77de77de77de77de77de765
:101368007de77de77de77de77de77de77de77de755
:101378007de77de77de77de77de77de77de77de745
:101388007de77de77de77de77de77de77de77de735
:101398007de77de77de77de77de77de77de77de725
:1013a8007de77de77de77de77de77de77de77de715
:1013b8007de75ddf3cdf1cd7babe39a6566db44465
:1013c800732c52045204520452045204520452041c
:1013d800520452045204730c153d18a679cedbde74
:1013e8005ce79defbef7dfffffffffffffffffff9b
:1013f800fffffffffffffffffffffffffffffffff5
:10140800ffffffffffffffffffffffffffffffffe4
:10141800ffffffffffffdfffbef79def3ce7dbc6e7
:101428005655730c52045204520452045204520486
:1014380052045204520c9334767d7ab65ddfdef79f
:10144800ffffffffffffffffffffffffffffffffa4
:10145800ffffffffffffffffffffffffffffffff94
:10146800ffffffffffffffffffffffffffffffff84
:10147800ffffffffffffffffffffffffffffffff74
:10148800ffffffffffffffffffffffffffffffff64
:10149800ffffffffffffffffffffffffffffffff54
:1014a800ffffffffffffffffffffffffffffffff44
:1014b800ffffffffffffffffffffffffffffffff34
:1014c800ffffffffffffffffffffffffffffffff24
:1014d800ffffffffffffffffffffffffffffffff14
:1014e800ffffffffffffffffffffffffffffffff04
:1014f800ffffffffffffffffffffffffdff77de7b6
:10150800bbc6d795d44c73145204520452045204e7
:1015180052045204520452047304d42cf89559c648
:10152800dbde3ce79defbef7dfffffffffffffffbe
:10153800ffffffffffffffffffffffffffffffffb3
:10154800ffffffffffffffffffffffffffffffffa3
:10155800ffffffffdfffbef79def3ce7dbc635452a
:1015680073045204520452045204520452045204a2
:101578005204b44cd7953cdfbef7ffffffffffffd7
:10158800ffffffffffffffffffffffffffffffff63
:10159800ffffffffffffffffffffffffffffffff53
:1015a800ffffffffffffffffffffffffffffffff43
:1015b800ffffffffffffffffffffffffffffffff33
:1015c800ffffffffffffffffffffffffffffffff23
:1015d800ffffffffffffffffffffffffffffffff13
:1015e800ffffffffffffffffffffffffffffffff03
:1015f800fffffffffffffffffffffffffffffffff3
:10160800ffffffffffffffffffffffffffffffffe2
:10161800ffffffffffffffffffffffffffffffffd2
:10162800ffffffffffffffffffffffffffffffffc2
:10163800ffffffffffffffffffffffffffffffffb2
:10164800ffffdff77de739a6f45c731452045204f8
:10165800520452045204520452045204b324d78d43
:1016680059c6dad63ce79defbef7dfffffffffff65
:10167800ffffffffffffffffffffffffffffffff72
:10168800ffffffffffffffffffffffffffffffff62
:10169800ffffdfffbef79def5ce7dbc63545730450
:1016a8005204520452045204520452045204932c19
:1016b800b78d3cdfdff7fffffffffffffffffffff7
:1016c800ffffdfffbef77de73cdf1cd7fbd6fbd66d
:1016d800fbd6fbd6fbd6fbd6fbd6fbd6fbd6fbd67a
:1016e800fbd6fbd6fbd6fbd6fbd6fbd6fbd6fbd66a
:1016f800fbd6fbd6fbd6fbd6fbd6fbd6fbd6fbd65a
:10170800fbd6fbd6fbd6fbd6fbd6fbd6fbd6fbd649
:10171800fbd6fbd6fbd6fbd6fbd6fbd6fbd6fbd639
:10172800fbd6fbd6fbd6fbd6fbd6fbd6fbd6fbd629
:10173800fbd6fbd6fbd6fbd6fbd6fbd6fbd6fbd619
:10174800fbd6fbd6fbd6fbd6fbd6fbd6fbd6fbd609
:10175800fbd6fbd6fbd6fbd6fbd6fbd6fbd6fbd6f9
:10176800fbd6fbd6fbd6fbd6fbd6fbd6fbd6fcd6e8
:101778001cd73cdf9de7def7ffffffffffffffff02
:10178800ffffffffffffffff7de719a6b444520ce0
:101798005204520452045204520452045204b31c18
:1017a800d78d59c6dad63ce79defbef7dfffffffbe
:1017b800ffffffffffffffffffffffffffffffff31
:1017c800ffffffffffffffffffffffffffffffff21
:1017d800dfffdef79ef75ce7fbce564d730452043d
:1017e80052045204520452045204520cf45cbbc614
:1017f800def7ffffffffffffffffffffbeef1cd776
:101808007ab69685f45cb344933c9334933493341a
:101818009334933493349334933493349334933488
:101828009334933493349334933493349334933478
:101838009334933493349334933493349334933468
:101848009334933493349334933493349334933458
:101858009334933493349334933493349334933448
:101868009334933493349334933493349334933438
:101878009334933493349334933493349334933428
:101888009334933493349334933493349334933418
:101898009334933493349334933493349334933408
:1018a80093349334933493349334933493349334f8
:1018b8009334933cb444155db78d9abe3cdfbef7b4
:1018c800ffffffffffffffffffffdfff3cd756755e
:1018d800731c520452045204520452045204520417
:1018e800b424d79558c6dbde5ce79ef7def7dfff4a
:1018f800fffffffffffffffffffffffffffffffff0
:10190800ffffffffffffffffffffffffffffffffdf
:10191800def7bef77def1cd79765730452045204b7
:101928005204520452045204731c76855ddfffff93
:10193800ffffffffffffffff9de759ae356d933cab
:1019480052045204520452045204520452045204df
:1019580052045204520452045204520452045204cf
:1019680052045204520452045204520452045204bf
:1019780052045204520452045204520452045204af
:10198800520452045204520452045204520452049f
:10199800520452045204520452045204520452048f
:1019a800520452045204520452045204520452047f
:1019b800520452045204520452045204520452046f
:1019c800520452045204520452045204520452045f
:1019d800520452045204520452045204520452044f
:1019e800520452045204520452045204520452043f
:1019f80052045204520452045204730cb4445675ef
:101a08009abe9eefffffffffffffffffffff9eef66
:101a180018a6932c5204520452045204520452043d
:101a28005204d42cf8a559cefbde5defbef7def7e5
:101a3800ffffffffffffffffffffffffffffffffae
:101a4800ffffffffffffffffffffffffffffdfffbe
:101a5800bef77def3cdf188e9314520452045204f3
:101a68005204520452047324d8959eefffffffffdf
:101a7800ffffffff9eef59aef45473145204520453
:101a8800520452045204520452045204520452049e
:101a9800520452045204520452045204520452048e
:101aa800520452045204520452045204520452047e
:101ab800520452045204520452045204520452046e
:101ac800520452045204520452045204520452045e
:101ad800520452045204520452045204520452044e
:101ae800520452045204520452045204520452043e
:101af800520452045204520452045204520452042e
:101b0800520452045204520452045204520452041d
:101b1800520452045204520452045204520452040d
:101b280052045204520452045204520452045204fd
:101b380052045204520452045204520452045204ed
:101b4800731c15659abebef7ffffffffffffffff7f
:101b5800def77ab6b33c52045204520452045204db
:101b680052047304154d18b679ce1bdf7defbef70e
:101b7800dfffffffffffffffffffffffffffffff8d
:101b8800ffffffffffffffffffffffffdfffdef7a6
:101b98009ef73ce79ab6b41c52045204520452040d
:101ba80052045204731cf89dbef7ffffffffffffae
:101bb800dffffcce356d731c5204520452045204ec
:101bc800520452045204520452045204520452045d
:101bd800520452045204520452045204520452044d
:101be800520452045204520452045204520452043d
:101bf800520452045204520452045204520452042d
:101c0800520452045204520452045204520452041c
:101c1800520452045204520452045204520452040c
:101c280052045204520452045204520452045204fc
:101c380052045204520452045204520452045204ec
:101c480052045204520452045204520452045204dc
:101c580052045204520452045204520452045204cc
:101c680052045204520452045204520452045204bc
:101c780052045204520452045204520452045204ac
:101c880052045204732c767d3cdffffffffffffff9
:101c9800ffffdff7babeb33c5204520452045204a9
:101ca80052045204730c766d18bebad63ce79def09
:101cb800def7dfffffffffffffffffffffffffff75
:101cc800ffffffffffffffffffffffffdfffbef785
:101cd8005deffbd6564d730452045204520452046d
:101ce8005204731cd895bef7ffffffffffffdef716
:101cf80059aeb33c520452045204520452045204e2
:101d0800520452045204520452045204520452041b
:101d1800520452045204520452045204520452040b
:101d280052045204520452045204520452045204fb
:101d380052045204520452045204520452045204eb
:101d480052045204520452045204520452045204db
:101d580052045204520452045204520452045204cb
:101d680052045204520452045204520452045204bb
:101d780052045204520452045204520452045204ab
:101d8800520452045204520452045204520452049b
:101d9800520452045204520452045204520452048b
:101da800520452045204520452045204520452047b
:101db800520452045204520452045204520452046b
:101dc8005204520452045204d454babedff7ffff3f
:101dd800ffffffffdfff9abe933452045204520400
:101de800520452045204b324d79d38c6dbde5def9b
:101df800bef7def7ffffffffffffffffffffffff5d
:101e0800ffffffffffffffffffffdfffbef79defb5
:101e18003ce7398e730c52045204520452045204a3
:101e28005204567d9eefffffffffffffbef7f89db0
:101e3800732c5204520452045204520452045204a1
:101e480052045204520452045204520452045204da
:101e580052045204520452045204520452045204ca
:101e680052045204520452045204520452045204ba
:101e780052045204520452045204520452045204aa
:101e8800520452045204520452045204520452049a
:101e9800520452045204520452045204520452048a
:101ea800520452045204520452045204520452047a
:101eb800520452045204520452045204520452046a
:101ec800520452045204520452045204520452045a
:101ed800520452045204520452045204520452044a
:101ee800520452045204520452045204520452043a
:101ef800520452045204520452045204520452042a
:101f080052045204520452045204933459b6dff76f
:101f1800ffffffffffffdff719a6731c52045204ef
:101f28005204520452045204154df7b579ce1ce7f9
:101f38009defbef7dfffffffffffffffffffffff84
:101f4800ffffffffffffffffffffdef7bef75defbd
:101f5800fbcef53452045204520452045204520483
:101f6800f4545ddfffffffffffffbef7f89d73240a
:101f780052045204520452045204520452045204a9
:101f88005204520452045204520452045204520499
:101f98005204520452045204520452045204520489
:101fa8005204520452045204520452045204520479
:101fb8005204520452045204520452045204520469
:101fc8005204520452045204520452045204520459
:101fd8005204520452045204520452045204520449
:101fe8005204520452045204520452045204520439
:101ff8005204520452045204520452045204520429
:102008005204520452045204520452045204520418
:102018005204520452045204520452045204520408
:1020280052045204520452045204520452045204f8
:1020380052045204520452045204520452045204e8
:10204800520452045204520452045204932c59b6b6
:10205800dff7ffffffffffffbeef9685730c52040b
:1020680052045204520452047314968d18c6dbdecf
:102078005defbef7def7ffffffffffffffffffff8c
:10208800ffffffffffffffffdfffdef79def3ce7ee
:10209800188e730c52045204520452045204732cc6
:1020a8009abeffffffffffffdff739ae732452042c
:1020b8005204520452045204520452045204520468
:1020c8005204520452045204520452045204520458
:1020d8005204520452045204520452045204520448
:1020e8005204520452045204520452045204520438
:1020f8005204520452045204520452045204520428
:102108005204520452045204520452045204520417
:102118005204520452045204520452045204520407
:1021280052045204520452045204520452045204f7
:1021380052045204520452045204520452045204e7
:1021480052045204520452045204520452045204d7
:1021580052045204520452045204520452045204c7
:1021680052045204520452045204520452045204b7
:1021780052045204520452045204520452045204a7
:102188005204520452045204520452045204933426
:102198009abeffffffffffffffff3cdfd44c520456
:1021a800520452045204520452041445f7ad79ce35
:1021b8001ce79defbef7dffffffffffffffffffffd
:1021c800ffffffffffffffffdfffbef75deffbd65f
:1021d800153d520452045204520452045204968586
:1021e800def7ffffffffffffdbc693345204520404
:1021f8005204520452045204520452045204520427
:102208005204520452045204520452045204520416
:102218005204520452045204520452045204520406
:1022280052045204520452045204520452045204f6
:1022380052045204520452045204520452045204e6
:1022480052045204520452045204520452045204d6
:1022580052045204520452045204520452045204c6
:1022680052045204520452045204520452045204b6
:1022780052045204520452045204520452045204a6
:102288005204520452045204520452045204520496
:102298005204520452045204520452045204520486
:1022a8005204520452045204520452045204520476
:1022b8005204520452045204520452045204520466
:1022c8005204520452045204520452045204520456
:1022d800d44c3cdfffffffffffffffff59ae731435
:1022e800520452045204520452049314b68d18c670
:1022f800dbde5defbef7dfffffffffffffffffff46
:10230800ffffffffffffffffdef79ef73ce759a641
:10231800730c52045204520452045204933c1cd7c6
:10232800ffffffffffff7de71565520452045204cb
:1023380052045204520452045204520452045204e5
:1023480052045204520452045204520452045204d5
:1023580052045204520452045204520452045204c5
:1023680052045204520452045204520452045204b5
:1023780052045204520452045204520452045204a5
:102388005204520452045204520452045204520495
:102398005204520452045204520452045204520485
:1023a8005204520452045204520452045204520475
:1023b8005204520452045204520452045204520465
:1023c8005204520452045204520452045204520455
:1023d8005204520452045204520452045204520445
:1023e8005204520452045204520452045204520435
:1023f8005204520452045204520452045204520425
:102408005204520452045204520452045204520414
:1024180052045675beefffffffffffff9eef1565e5
:10242800520452045204520452047304355dd7b561
:1024380099ce3ce79defdef7ffffffffffffffffb1
:10244800ffffffffffffdfffbef77def1cdf765dbd
:102458007304520452045204520452049685def75f
:10246800fffffffffffff89d730c52045204520454
:1024780052045204520452045204520452045204a4
:102488005204520452045204520452045204520494
:102498005204520452045204520452045204520484
:1024a8005204520452045204520452045204520474
:1024b8005204520452045204520452045204520464
:1024c8005204520452045204520452045204520454
:1024d8005204520452045204520452045204520444
:1024e8005204520452045204520452045204520434
:1024f8005204520452045204520452045204520424
:102508005204520452045204520452045204520413
:102518005204520452045204520452045204520403
:1025280052045204520452045204520452045204f3
:1025380052045204520452045204520452045204e3
:1025480052045204520452045204520452045204d3
:10255800520473247ab6ffffffffffffffff59b64f
:10256800731c52045204520452045204b324b7a5f3
:1025780038c6fbde7defbef7dfffffffffffffff83
:10258800ffffffffffffdfffbef75defdbc6d42cc9
:1025980052045204520452045204731cdbc6ffff57
:1025a800ffffffff3cdfb4445204520452045204bc
:1025b8005204520452045204520452045204520463
:1025c8005204520452045204520452045204520453
:1025d8005204520452045204520452045204520443
:1025e8005204520452045204520452045204520433
:1025f8005204520452045204520452045204520423
:102608005204520452045204520452045204520412
:102618005204520452045204520452045204520402
:1026280052045204520452045204520452045204f2
:1026380052045204520452045204520452045204e2
:1026480052045204520452045204520452045204d2
:1026580052045204520452045204520452045204c2
:1026680052045204520452045204520452045204b2
:1026780052045204520452045204520452045204a2
:102688005204520452045204520452045204520492
:102698005204520415659eefffffffffffff7de721
:1026a800d44c52045204520452045204730c767de2
:1026b800f7bdbad65ce7bef7dffffffffffffffffe
:1026c800ffffffffffffdef79ef73ce77aae930cb4
:1026d800520452045204520452041565beefffff1f
:1026e800ffffffff18a67314520452045204520449
:1026f800520452045204731c933473145204520447
:102708005204520452045204520452045204720ce9
:10271800933c731c5204520452045204520452044f
:1027280052045204520452045204520452045204f1
:1027380052045204520452045204520452045204e1
:1027480052045204520452045204520452045204d1
:1027580052045204520452045204520452045204c1
:1027680052045204520452045204520452045204b1
:1027780052045204520452045204520452045204a1
:102788005204520452045204520452045204520491
:102798005204520452045204520452045204520481
:1027a8005204520452045204520452045204520471
:1027b8005204520452045204520452045204520461
:1027c8005204520452045204520452045204520451
:1027d80052045204731c9abeffffffffffffdfff86
:1027e800d795520452045204520452045204355ddf
:1027f800d7b599ce3ce79ef7def7ffffffffffff57
:10280800ffffffffdfffdef79def1cdfd77d5204e0
:102818005204520452045204520c189edfffffff68
:10282800ffff9eef156552045204520452045204ed
:10283800520452045204d454dbcef89d933c520403
:102848005204520452045204520452045204932c67
:102858009abe39a6d44c520c520452045204520463
:1028680052045204520452045204520452045204b0
:1028780052045204520452045204520452045204a0
:102888005204520452045204520452045204520490
:102898005204520452045204520452045204520480
:1028a8005204520452045204520452045204520470
:1028b8005204520452045204520452045204520460
:1028c8005204520452045204520452045204520450
:1028d8005204520452045204520452045204520440
:1028e8005204520452045204520452045204520430
:1028f8005204520452045204520452045204520420
:10290800520452045204520452045204520452040f
:10291800520452045204767ddef7ffffffffffffeb
:10292800dbc6732452045204520452045204d434b1
:10293800b6a558c61bdf7defbef7dfffffffffff21
:10294800ffffffffdfffbef77deffbde364d5204d2
:1029580052045204520452047324bbc6ffffffff03
:10296800fffffcce73245204520452045204520452
:10297800520452045204d4547de7dff71cd7567d25
:1029880073245204520452045204520452049334dd
:102998001cd7dfff5ddf978d933452045204520435
:1029a800520452045204520452045204520452046f
:1029b800520452045204520452045204520452045f
:1029c800520452045204520452045204520452044f
:1029d800520452045204520452045204520452043f
:1029e8005204520c731452045204520452045204f6
:1029f80052045204720cd4549334520452045204b4
:102a0800520452045204520452045204520452040e
:102a180052045204520452045204520452045204fe
:102a280052045204520452045204520452045204ee
:102a380052045204520452045204520452045204de
:102a480052045204520452045204520452045204ce
:102a5800520452045204b4445de7ffffffffffff36
:102a68005de7d44c52045204520452045204931c9d
:102a7800969d18c6dbde7defbef7dfffffffffff89
:102a8800ffffffffdfffbef75deffbd6d42c52043c
:102a98005204520452045204b3445ddfffffffffa7
:102aa800ffff18a6730c5204520452045204520435
:102ab800520452045204d4547de7ffffffffbeefd7
:102ac8009abef45c731452045204520452049334b0
:102ad8001cd7ffffffffdef7dbc6356d731c520402
:102ae800520452045204520452045204520452042e
:102af800520452045204520452045204520452041e
:102b0800730cd44cd89559ae39ae768593345204ab
:102b180052045204520452045204520452045204fd
:102b28005204767d39a69334520452045204520456
:102b380052045204932c3cd79785520452045204f1
:102b480052045204520452045204932c978559aeed
:102b580039a6356d730c5204731c731c520452044d
:102b680052045204520452045204520452045204ad
:102b780052045204520452045204731c7314520433
:102b8800520452045204520452045204520452048d
:102b9800520452045204730cdbc6ffffffffffff11
:102ba800def7356d52045204520452045204730c79
:102bb800768df7bdbad65defbef7dfffffffffffeb
:102bc800ffffffffdfff9ef75ce7babeb31c5204ae
:102bd8005204520452045204f454beefffffffffa4
:102be800dff7567d52045204520452045204520430
:102bf800520452045204d4547de7ffffffffffff45
:102c0800ffff7de7f89db344520452045204933405
:102c18001cd7ffffffffffffffff9eef39aed44c2d
:102c2800520c5204520452045204520452045204e4
:102c38005204520452045204520452045204730cb3
:102c4800567d5ddf3cdfbbbefbce7de7bbbeb3443c
:102c580052045204520452045204520452045204bc
:102c6800520cd78ddbc6933c5204520452045204d2
:102c780052045204932c7de7d78d52045204520417
:102c8800520452045204520473247ab67de7bbbe40
:102c9800dbce1cd7b4445204d895189e731c52043a
:102ca800520452045204520452045204520452046c
:102cb8005204520452045204732418a6b7855204cd
:102cc800520452045204520452045204520452044c
:102cd8005204520452045204f89dffffffffffff05
:102ce800ffffb78d52045204520452045204730c6d
:102cf8005575b6b59ad63ce79ef7dfffffffffff95
:102d0800ffffffffdef79ef73ce77aae931452040d
:102d180052045204520452045675dff7ffffffffb6
:102d28009eef156552045204520452045204520490
:102d3800520452045204d4547de7ffffffffffff03
:102d4800ffffffffdff71cd7767d732c5204933407
:102d58001cd7ffffffffffffffffffffffff5ddf48
:102d6800b78d93345204520452045204520452044c
:102d78005204520452045204520452045204b444f9
:102d88003ddfbbc6d44c520c731c767d9eef189e5b
:102d98007314731cb44c731452045204b344933424
:102da80052049334d44c730c5204731cb444d4545a
:102db800b444731c932c7de7d78d52047324b44c10
:102dc8007324520452045204d44c9ee7f89d730ca9
:102dd800731cf45c7324933cdbc6fbced45493344d
:102de800730c933cd454d454b34473145204731cda
:102df800b444932cd454b444d4541cd77ab6d44c89
:102e0800932c5204520452045204520452045204a1
:102e18005204520452045204767ddff7ffffffff8d
:102e2800ffff39a673145204520452045204520488
:102e3800356596b599ce3ce79ef7def7ffffffffb5
:102e4800ffffffffdef79ef73ce779a693145204d5
:102e58005204520452045204b785ffffffffffffdc
:102e68007de7d454520452045204520452045204ca
:102e7800520452045204d4547de7ffffffffffffc2
:102e8800ffffffffffffffffbef79abe15659334f4
:102e98001cd7ffffffffffffffffffffffffffff45
:102ea800dff7dbc65675731c5204520452045204f1
:102eb8005204520452045204520452045204978594
:102ec8009eef3575520452045204731cdbc61cd79e
:102ed8009334155d5ddfd44c5204731cfbc618a6f1
:102ee8007314b795fbce933c7324f89d5ddf5ddfcb
:102ef8003cd7b78d93347de7d78d932c39ae1cd74b
:102f0800f454520452045204b4447de7babeb444a3
:102f1800720c5204731c39ae9eefbeef3cd7f89d7d
:102f28001565dbc63cd75ddf3cdf767d5204f45c7b
:102f38003cd79abe7de7fbcebbc6beef9ee73cd72b
:102f4800978d5204520452045204520452045204fb
:102f58005204520452045204155ddff7ffffffffcd
:102f6800ffff7ab6731452045204520452045204f6
:102f7800155596b579ce1ce79defdef7ffffffffed
:102f8800ffffffffdef79def1ce7599e930c5204ed
:102f98005204520452045204d895ffffffffffff6a
:102fa8005ddfd44c520452045204520452045204b9
:102fb800520452045204d4547de7ffffffffffff81
:102fc800ffffffffffffffffffffffff7de7f89d0c
:102fd8001cd7ffffffffffffffffffffffffffff04
:102fe800ffffffffbeef39ae932c52045204520488
:102ff800520452045204520452045204520439a690
:103008007de7f454520452045204731439ae7de738
:10301800933c35659eefd454520473243cd759ae83
:10302800731cf89d3cdfb33c356d9de7f895d4548f
:103038005675978593347de7d89539a65ddf767dfb
:103048007314520452045204731cf8959eef3cdf2b
:10305800d795b444520cb344dbc6fbcef55c933c25
:10306800f45c767dd44cd454fbcedbc6732c155d52
:10307800def71cd7356df454f45c1cd79ab6f45cb3
:103088009334520452045204520452045204520417
:103098005204520452045204d454def7ffffffffd7
:1030a800ffffbbc6731c520452045204520473043b
:1030b800144d75ad79ce1ce79defdef7dffffffffe
:1030c800ffffffffdef79def1ce7399e930c5204cc
:1030d8005204520452045204f89dffffffffffff01
:1030e8005ddfd44c52045204520452045204520478
:1030f800520452045204d4547de7ffffffffffff40
:10310800ffffffffffffffffffffffff5de7f895f2
:103118001cd7ffffffffffffffffffffffffffffc2
:10312800ffffffff9eef18a6933452045204520487
:10313800520452045204520452045204520459ae26
:103148005ddfd454520452045204731439a67de747
:10315800933c35659eefd454520473243cd759ae42
:10316800731cf89d3cdfb33c39ae5cdfb44c5204b1
:1031780052045204932c7de7fbce5ddf767d730c01
:1031880052045204520452045204731c56759abed7
:103198009eeffbced44c5204babedbc67324520455
:1031a800730c933c15657675dbc61cd7933c155d8f
:1031b800beef767d520452049334fbce59ae520cc6
:1031c8005204520452045204520452045204520447
:1031d8005204520452045204d454bef7ffffffffb6
:1031e800ffffdbce731c52045204520452047304d2
:1031f800f44c75ad59ce1ce79defdef7dffffffffe
:10320800ffffffffdef79def1ce7599e9314520462
:103218005204520452045204b78dffffffffffff10
:103228007de7d45452045204520452045204520406
:10323800520452045204d4547de7fffffffffffffe
:10324800ffffffffffffffff9eef7ab6d4549334d2
:103258001cd7ffffffffffffffffffffffffffff81
:10326800bef7bbc61565731c5204520452045204bf
:103278005204520452045204520452045204f89d57
:103288009de71565520452045204731cbabe1cd73c
:10329800933435659eeff454520473243cd759aee9
:1032a800731cf89d3cdfb33c7ab61cd7933c5204a0
:1032b80052045204932c7de7dbc69de7b78d730c4f
:1032c8005204520452045204520452045204732405
:1032d80097859eef18a65204babedbc67324520423
:1032e800356d1cd71cd7bbc65ddf1cd7933c155d5d
:1032f8009eef356d520452049334fbce59ae520cf6
:103308005204520452045204520452045204520405
:103318005204520452045204f55cdef7ffffffff2b
:10332800ffff9abe731452045204520452047204ea
:10333800145575ad59ce1ce79defdef7dfffffff93
:10334800ffffffffdef79def1ce779a693145204f9
:103358005204520452045204767dffffffffffff20
:103368009eef15655204520452045204520452044a
:10337800520452045204d4547de7ffffffffffffbd
:10338800ffffffffdef7fbce56757324520493341c
:103398001cd7ffffffffffffffffffffdff73cdf4b
:1033a8009685932c52045204520452045204520437
:1033b8005204520452045204520452045204156531
:1033c800beef18a673245204730c15657de739a661
:1033d800731c15659eef356d5204b44c5ddf59ae14
:1033e800731cf89d3cdfb33c189e7de7f4545204ef
:1033f8007324933c93347de7d79559ae5de7356ddb
:10340800520c5204520452047324933c720c52041a
:10341800d44c7de739ae52049abefbce932c731c74
:103428007ab63cd7d44c731c7ab61cd7933c155d3e
:103438009eef356d520452049334fbce7ab6720c6b
:1034480052045204520452045204520452045204c4
:1034580052045204520452045675dff7ffffffff6f
:10346800ffff59ae7314520452045204520452041a
:10347800155d75ad59ce1ce79defdef7dfffffff49
:10348800ffffffffdef79ef73ce79ab6931452045e
:1034980052045204520452041565def7ffffffff81
:1034a800dff756755204520452045204520452046f
:1034b800520452045204d4547de7ffffffffffff7c
:1034c800ffff5ddfd79593345204520452049334be
:1034d8001cd7ffffffffffffffff7de718a6b444df
:1034e800520c52045204520452045204520452041c
:1034f80052045204520452045204520452047324d3
:1035080059ae9eef9abef89d39ae5ddf9eef356de0
:10351800730cb44c5ddffbcef895dbc6beef59ae3d
:10352800731cf89d3cdfb33cf55c7de7dbc6d895a2
:103538007ab659ae93347de7b78db33cdbc63cd73a
:10354800d44c520452045204566d1ccf39aef89d27
:10355800dbc67de7356d5204189e7de7f89d5675ec
:1035680039a67de7b795f89d5ddf1cd7933c155dbf
:103578009eef356d5204520473249abe5ddfd895d0
:10358800356d520452045204520452045204520437
:103598005204520452045204f895ffffffffffff44
:1035a800ffffd895720c520452045204520473045b
:1035b800356596b579ce1ce79defdef7ffffffff77
:1035c800ffffffffdef79ef73ce7bac6b4245204bc
:1035d8005204520452045204b44c9de7ffffffff0b
:1035e800fffff895720c520452045204520452041c
:1035f800520452045204d4547de7ffffffff9eefac
:1036080059b6d44c730c52045204520452049334e5
:103618001cd7ffffffffbef7babef45c7314520459
:1036280052045204520452045204520452045204e2
:1036380052045204520452045204520452045204d2
:10364800932cd78dfbce3cd7fbce59ae3cd73cdf75
:10365800b78d9334767dfbce1cd7f89d39a6b78df0
:103668007314767d7ab6933473145675dbce1cd7f3
:103678009abe156573249abe56755204f454babea0
:103688009785520452045204933418a61cd73cd789
:10369800bbc6567573145204b44c9abe1cd7b79562
:1036a800d44c7ab61cd7babed89539ae932cd44c24
:1036b800bbbef4545204520452041565dbc6fcd652
:1036c800767d5204520452045204520452045204a5
:1036d800520452045204720cbabefffffffffffff0
:1036e800dff7567552045204520452045204730c04
:1036f800557d96b599ce3ce79ef7def7ffffffffb5
:10370800ffffffffdfff9ef75ce7dad6153d5204a7
:1037180052045204520452049334fcceffffffffbc
:10372800ffffdbce731c52045204520452045204ad
:10373800520452045204d4547de7dff7dbc6356dda
:10374800731c520452045204520452045204933417
:103758001cd7dff71cd7767d732452045204520419
:1037680052045204520452045204520452045204a1
:103778005204520452045204520452045204520491
:10378800520452047314731c7314520cd44c39a68b
:10379800fccef45c52047314731c5204520c520c89
:1037a80052045204730c5204520452047314731cce
:1037b800730c52045204730c520452045204730cd6
:1037c800520c520452045204520452047314731ccf
:1037d800730c5204520452045204720c731c520c9f
:1037e8005204720c731c730c5204720c520452046f
:1037f800730c520452045204520452047314731486
:103808005204520452045204520452045204520400
:10381800520452045204b33c5ddfffffffffffff79
:103828009eeff55c5204520452045204520473147d
:10383800558db6b59ad63ce79ef7def7ffffffff3a
:10384800ffffffffdfffbef75defdbd676655204b3
:103858005204520452045204731459aeffffffff7e
:10386800ffff9eeff45452045204520452045204cf
:10387800520452045204d454bbc6b78d9334520434
:103888005204520452045204520452045204732c37
:103898007ab618a6b33c520c52045204520452048d
:1038a8005204520452045204520452045204520460
:1038b8005204520452045204520452045204520450
:1038c800520452045204520452045204520473140f
:1038d800933473145204520452045204520452048e
:1038e8005204520452045204520452045204520420
:1038f8005204520452045204520452045204520410
:1039080052045204520452045204520452045204ff
:1039180052045204520452045204520452045204ef
:1039280052045204520452045204520452045204df
:1039380052045204520452045204520452045204cf
:1039480052045204520452045204520452045204bf
:103958005204520452045675bef7ffffffffffffe3
:103968001cd7933452045204520452045204b32410
:103978005595f7bdbad65ce7bef7dfffffffffff3f
:10398800ffffffffdfffbef77deffbde1896730c2e
:1039980052045204520452045204767ddef7ffffab
:1039a800ffffdff7f89d720c5204520452045204d0
:1039b800520452045204731c933c730c5204520474
:1039c8005204520452045204520452045204720c17
:1039d800933c731452045204520452045204520485
:1039e800520452045204520452045204520452041f
:1039f800520452045204520452045204520452040f
:103a080052045204520452045204520452045204fe
:103a180052045204520452045204520452045204ee
:103a280052045204520452045204520452045204de
:103a380052045204520452045204520452045204ce
:103a480052045204520452045204520452045204be
:103a580052045204520452045204520452045204ae
:103a6800520452045204520452045204520452049e
:103a7800520452045204520452045204520452048e
:103a8800520452045204520452045204520452047e
:103a980052045204731c59aeffffffffffffffffe4
:103aa80059ae730c52045204520452045204f444a2
:103ab80055a518c6dbde7defbef7dfffffffffff72
:103ac800ffffffffdfffdef77def1bdf7ab6b31cda
:103ad8005204520452045204520493345ddfffff2f
:103ae800ffffffff1cd7933c5204520452045204b8
:103af800520452045204520452045204520452040e
:103b080052045204520452045204520452045204fd
:103b180052045204520452045204520452045204ed
:103b280052045204520452045204520452045204dd
:103b380052045204520452045204520452045204cd
:103b480052045204520452045204520452045204bd
:103b580052045204520452045204520452045204ad
:103b6800520452045204520452045204520452049d
:103b7800520452045204520452045204520452048d
:103b8800520452045204520452045204520452047d
:103b9800520452045204520452045204520452046d
:103ba800520452045204520452045204520452045d
:103bb800520452045204520452045204520452044d
:103bc800520452045204520452045204520452043d
:103bd80052045204d4547de7ffffffffffffbeeffe
:103be800156552045204520452045204730c1565ac
:103bf80055ad58c61bdf7defbef7dfffffffffffa8
:103c0800ffffffffffffdef79ef73ce7bac615454b
:103c180052045204520452045204730c189effffbb
:103c2800ffffffffdff7b78d52045204520452041e
:103c380052045204520452045204520452045204cc
:103c480052045204520452045204520452045204bc
:103c580052045204520452045204520452045204ac
:103c6800520452045204520452045204520452049c
:103c7800520452045204520452045204520452048c
:103c8800520452045204520452045204520452047c
:103c9800520452045204520452045204520452046c
:103ca800520452045204520452045204520452045c
:103cb800520452045204520452045204520452044c
:103cc800520452045204520452045204520452043c
:103cd800520452045204520452045204520452042c
:103ce800520452045204520452045204520452041c
:103cf800520452045204520452045204520452040c
:103d080052045204520452045204520452045204fb
:103d18005204731c59aeffffffffffffffffdbce0e
:103d2800932c5204520452045204520473145585bd
:103d380096b579ce3ce79defdef7ffffffffffff6b
:103d4800ffffffffffffdfffbef75defdbd6d77d8d
:103d5800730c52045204520452045204f4547de782
:103d6800ffffffffffff5ddfd454520452045204eb
:103d7800520452045204520452045204520452048b
:103d8800520452045204520452045204520452047b
:103d9800520452045204520452045204520452046b
:103da800520452045204520452045204520452045b
:103db800520452045204520452045204520452044b
:103dc800520452045204520452045204520452043b
:103dd800520452045204520452045204520452042b
:103de800520452045204520452045204520452041b
:103df800520452045204520452045204520452040b
:103e080052045204520452045204520452045204fa
:103e180052045204520452045204520452045204ea
:103e280052045204520452045204520452045204da
:103e380052045204520452045204520452045204ca
:103e480052045204520452045204520452045204ba
:103e5800520415659eefffffffffffffbef7968533
:103e6800520452045204520452045204d43c349d65
:103e7800f7bdbad65ce7bef7dfffffffffffffff26
:103e8800ffffffffffffdfffbef77deffbde79b629
:103e9800b31c52045204520452045204731439a637
:103ea800ffffffffffffffff7ab67324520452049f
:103eb800520452045204520452045204520452044a
:103ec800520452045204520452045204520452043a
:103ed800520452045204520452045204520452042a
:103ee800520452045204520452045204520452041a
:103ef800520452045204520452045204520452040a
:103f080052045204520452045204520452045204f9
:103f180052045204520452045204520452045204e9
:103f280052045204520452045204520452045204d9
:103f380052045204520452045204520452045204c9
:103f480052045204520452045204520452045204b9
:103f580052045204520452045204520452045204a9
:103f68005204520452045204520452045204520499
:103f78005204520452045204520452045204520489
:103f88005204520452045204520452045204520479
:103f9800b33cfbcefffffffffffffffffbce932ce1
:103fa80052045204520452045204720c156d55ad59
:103fb80038c6fbde7defbef7dfffffffffffffff29
:103fc800ffffffffffffffffdef79ef73ce7bacedc
:103fd8007665730452045204520452045204b444e1
:103fe8003cd7ffffffffffffdef7f895731c520475
:103ff8005204520452045204520452045204520409
:1040080052045204520452045204520452045204f8
:1040180052045204520452045204520452045204e8
:1040280052045204520452045204520452045204d8
:1040380052045204520452045204520452045204c8
:1040480052045204520452045204520452045204b8
:1040580052045204520452045204520452045204a8
:104068005204520452045204520452045204520498
:104078005204520452045204520452045204520488
:104088005204520452045204520452045204520478
:104098005204520452045204520452045204520468
:1040a8005204520452045204520452045204520458
:1040b8005204520452045204520452045204520448
:1040c80052045204520452045204520452047324f7
:1040d80059aedff7ffffffffffff9eef356d52047c
:1040e80052045204520452045204b32c5595b6b5e6
:1040f80099ce3ce79defdef7ffffffffffffffffd5
:10410800ffffffffffffffffdfffbef75defdbde17
:1041180039a6b31c52045204520452045204520cdd
:10412800767dbeefffffffffffff9eef96857314be
:1041380052045204520452045204520452045204c7
:1041480052045204520452045204520452045204b7
:1041580052045204520452045204520452045204a7
:104168005204520452045204520452045204520497
:104178005204520452045204520452045204520487
:104188005204520452045204520452045204520477
:104198005204520452045204520452045204520467
:1041a8005204520452045204520452045204520457
:1041b8005204520452045204520452045204520447
:1041c8005204520452045204520452045204520437
:1041d8005204520452045204520452045204520427
:1041e8005204520452045204520452045204520417
:1041f8005204520452045204520452045204520407
:10420800520452045204520452045204731cf89d7e
:10421800bef7ffffffffffffdff739ae731c520445
:104228005204520452045204730c145d55a518c666
:10423800dbde5defbef7dfffffffffffffffffffe6
:10424800ffffffffffffffffdfffbef79def1ce74c
:104258009ace765d730452045204520452045204f6
:10426800731c39a6dff7ffffffffffff9eef97855f
:10427800731c52045204520452045204520452044d
:104288005204520452045204520452045204520476
:104298005204520452045204520452045204520466
:1042a8005204520452045204520452045204520456
:1042b8005204520452045204520452045204520446
:1042c8005204520452045204520452045204520436
:1042d8005204520452045204520452045204520426
:1042e8005204520452045204520452045204520416
:1042f8005204520452045204520452045204520406
:1043080052045204520452045204520452045204f5
:1043180052045204520452045204520452045204e5
:1043280052045204520452045204520452045204d5
:1043380052045204520452045204520452045204c5
:10434800520452045204520452047324f89dbeefde
:10435800ffffffffffffffffdbceb33c5204520419
:104368005204520452045204b324349596b579cebb
:104378001bdf7defbef7dfffffffffffffffffff44
:10438800ffffffffffffffffffffdef7bef75def59
:10439800dbde59aed42c52045204520452045204a7
:1043a80052049334babeffffffffffffffffbeefcb
:1043b800f895932c520452045204520452045204a5
:1043c8005204520452045204520452045204520435
:1043d8005204520452045204520452045204520425
:1043e8005204520452045204520452045204520415
:1043f8005204520452045204520452045204520405
:1044080052045204520452045204520452045204f4
:1044180052045204520452045204520452045204e4
:1044280052045204520452045204520452045204d4
:1044380052045204520452045204520452045204c4
:1044480052045204520452045204520452045204b4
:1044580052045204520452045204520452045204a4
:104468005204520452045204520452045204520494
:104478005204520452045204520452045204520484
:104488005204520452045204b33c39aebef7ffff43
:10449800ffffffffffff3cdff55c520452045204ac
:1044a800520452045204730c146d55a518c6dad67a
:1044b8005ce7bef7def7ffffffffffffffffffff31
:1044c800ffffffffffffffffffffdfffbef79defcf
:1044d8001ce79aceb77d730c52045204520452045e
:1044e80052045204b444dbc6ffffffffffffffff87
:1044f800def79abed44c730c520452045204520490
:1045080052045204520452045204520452045204f3
:1045180052045204520452045204520452045204e3
:1045280052045204520452045204520452045204d3
:1045380052045204520452045204520452045204c3
:1045480052045204520452045204520452045204b3
:1045580052045204520452045204520452045204a3
:104568005204520452045204520452045204520493
:104578005204520452045204520452045204520483
:104588005204520452045204520452045204520473
:104598005204520452045204520452045204520463
:1045a8005204520452045204520452045204520453
:1045b8005204520452045204520452045204520443
:1045c8005204520473141565dbcedff7ffffffffbb
:1045d800ffffffff5ddf356d5204520452045204a1
:1045e800520452047304d4443495b6b579ce1ce70a
:1045f8007defbef7dfffffffffffffffffffffffbe
:10460800ffffffffffffffffffffffffdef7bef724
:104618005defdbde79c6354d730452045204520453
:10462800520452045204d44cdbc6dfffffffffffe5
:10463800ffffffff5ddfd795933c520452045204fd
:1046480052045204520452045204520452045204b2
:1046580052045204520452045204520452045204a2
:104668005204520452045204520452045204520492
:104678005204520452045204520452045204520482
:104688005204520452045204520452045204520472
:104698005204520452045204520452045204520462
:1046a8005204520452045204520452045204520452
:1046b8005204520452045204520452045204520442
:1046c8005204520452045204520452045204520432
:1046d8005204520452045204520452045204520422
:1046e8005204520452045204520452045204520412
:1046f8005204520452045204520452045204520402
:104708005204d44c18a69de7fffffffffffffffff1
:10471800ffff5ddf356d730c5204520452045204de
:10472800520452049324348555ad38c6dbde5def60
:10473800bef7def7fffffffffffffffffffffffff3
:10474800ffffffffffffffffffffffffdfffdef7ba
:104758009def3ce7bad639aed43452045204520421
:104768005204520452045204b3447ab6def7ffffef
:10477800ffffffffffffdff73cdfd795d44c732423
:104788005204520452045204520452045204520471
:104798005204520452045204520452045204520461
:1047a8005204520452045204520452045204520451
:1047b8005204520452045204520452045204520441
:1047c8005204520452045204520452045204520431
:1047d8005204520452045204520452045204520421
:1047e8005204520452045204520452045204520411
:1047f8005204520452045204520452045204520401
:1048080052045204520452045204520452045204f0
:1048180052045204520452045204520452045204e0
:1048280052045204520452045204520452045204d0
:10483800520452045204520452045204932cf45465
:1048480018a65ddfdff7ffffffffffffffffdfffba
:104858001cd7155d520452045204520452045204e7
:1048680052047314146d34a5f7bdbad63ce79def16
:10487800def7dfffffffffffffffffffffffffff89
:10488800ffffffffffffffffffffffffffffdfff50
:10489800bef77def1bdf79cef895b324520452049e
:1048a800520452045204520452047324d8957de7ea
:1048b800ffffffffffffffffffffffff7de7babe20
:1048c800f895356db33c7324731c731c731c731cef
:1048d800731c731c731c731c731c731c731c731c58
:1048e800731c731c731c731c731c731c731c731c48
:1048f800731c731c731c731c731c731c731c731c38
:10490800731c731c731c731c731c731c731c731c27
:10491800731c731c731c731c731c731c731c731c17
:10492800731c731c731c731c731c731c731c731c07
:10493800731c731c731c731c731c731c731c731cf7
:10494800731c731c731c731c731c731c731c731ce7
:10495800731c731c731c731c731c731c731c731cd7
:10496800731c731c731c731c731c731c731c731cc7
:10497800731c731c7324b4445675189edbc69eefd3
:10498800ffffffffffffffffffffffffbef779b647
:10499800b4445204520452045204520452045204bd
:1049a800730cf45c349db6b579ce1bdf7defbef792
:1049b800dfffffffffffffffffffffffffffffff1f
:1049c800ffffffffffffffffffffffffffffffffef
:1049d800def7bef75deffbde79ced78d931c520470
:1049e80052045204520452045204520473141565ba
:1049f800bbc6bef7ffffffffffffffffffffffff85
:104a0800dff7bef79de73cd7fbcedbc6dbc6dbc6d0
:104a1800dbc6dbc6dbc6dbc6dbc6dbc6dbc6dbc686
:104a2800dbc6dbc6dbc6dbc6dbc6dbc6dbc6dbc676
:104a3800dbc6dbc6dbc6dbc6dbc6dbc6dbc6dbc666
:104a4800dbc6dbc6dbc6dbc6dbc6dbc6dbc6dbc656
:104a5800dbc6dbc6dbc6dbc6dbc6dbc6dbc6dbc646
:104a6800dbc6dbc6dbc6dbc6dbc6dbc6dbc6dbc636
:104a7800dbc6dbc6dbc6dbc6dbc6dbc6dbc6dbc626
:104a8800dbc6dbc6dbc6dbc6dbc6dbc6dbc6dbc616
:104a9800dbc6dbc6dbc6dbc6dbc6dbc6dbc6dbc606
:104aa800dbc6dbc6dbc6dbc6dbc6dbc6dbc6dbc6f6
:104ab800dbcefbce3cdf9eefbef7dfffffffffff45
:104ac800ffffffffffffffffdff71cd7767d732493
:104ad8005204520452045204520452045204730cf5
:104ae800f44c349596b559cefbde5def9ef7def7b4
:104af800ffffffffffffffffffffffffffffffffbe
:104b0800ffffffffffffffffffffffffffffffffad
:104b1800dfffdef79ef75ce7dbde59c6b785931c3f
:104b280052045204520452045204520452045204cd
:104b3800932c7685fbcebef7ffffffffffffffff3d
:104b4800ffffffffffffffffffffffffffffffff6d
:104b5800ffffffffffffffffffffffffffffffff5d
:104b6800ffffffffffffffffffffffffffffffff4d
:104b7800ffffffffffffffffffffffffffffffff3d
:104b8800ffffffffffffffffffffffffffffffff2d
:104b9800ffffffffffffffffffffffffffffffff1d
:104ba800ffffffffffffffffffffffffffffffff0d
:104bb800fffffffffffffffffffffffffffffffffd
:104bc800ffffffffffffffffffffffffffffffffed
:104bd800ffffffffffffffffffffffffffffffffdd
:104be800ffffffffffffffffffffffffffffffffcd
:104bf800ffffffffffffffffffffffffffffffffbd
:104c0800ffffffffdff73cdfd895b444520452049e
:104c1800520452045204520452045204730cf44cc9
:104c2800349575ad38c6dbde5ce79ef7def7dfff4f
:104c3800ffffffffffffffffffffffffffffffff7c
:104c4800ffffffffffffffffffffffffffffffff6c
:104c5800ffffdfffbef79def3ce7dad659c6b78501
:104c6800b32452045204520452045204520452040b
:104c78005204520c932c56759abe5ddfdff7ffff86
:104c8800ffffffffffffffffffffffffffffffff2c
:104c9800ffffffffffffffffffffffffffffffff1c
:104ca800ffffffffffffffffffffffffffffffff0c
:104cb800fffffffffffffffffffffffffffffffffc
:104cc800ffffffffffffffffffffffffffffffffec
:104cd800ffffffffffffffffffffffffffffffffdc
:104ce800ffffffffffffffffffffffffffffffffcc
:104cf800ffffffffffffffffffffffffffffffffbc
:104d0800ffffffffffffffffffffffffffffffffab
:104d1800ffffffffffffffffffffffffffffffff9b
:104d2800ffffffffffffffffffffffffffffffff8b
:104d3800ffffffffffffffffffffffffffffffff7b
:104d48009eefdbceb78db33c731452045204520469
:104d580052045204520452045204730cf44c349515
:104d680075ad38c6bad63ce79defbef7dfffffff4b
:104d7800ffffffffffffffffffffffffffffffff3b
:104d8800ffffffffffffffffffffffffffffffff2b
:104d9800ffffffffdfffbef79def3ce7dad659c6fe
:104da800d795b42c7304520452045204520452048a
:104db8005204520452045204731cd44c567d39ae2a
:104dc8001cd79de7beefbef7def7dff7dff7dff7ab
:104dd800dff7dff7dff7dff7dff7dff7dff7dff71b
:104de800dff7dff7dff7dff7dff7dff7dff7dff70b
:104df800dff7dff7dff7dff7dff7dff7dff7dff7fb
:104e0800dff7dff7dff7dff7dff7dff7dff7dff7ea
:104e1800dff7dff7dff7dff7dff7dff7dff7dff7da
:104e2800dff7dff7dff7dff7dff7dff7dff7dff7ca
:104e3800dff7dff7dff7dff7dff7dff7dff7dff7ba
:104e4800dff7dff7dff7dff7dff7dff7dff7dff7aa
:104e5800dff7dff7dff7dff7dff7dff7dff7dff79a
:104e6800dff7dff7dff7dff7dff7dff7dff7dff78a
:104e7800dff7def7bef7beef9eef5ddf9ab69785e8
:104e8800f45c932c52045204520452045204520407
:104e980052045204520452047314f45c349575adf0
:104ea80038c6bad63ce79defbef7dfffffffffff2e
:104eb800fffffffffffffffffffffffffffffffffa
:104ec800ffffffffffffffffffffffffffffffffea
:104ed800ffffffffffffdfffbef79def3ce7dad6de
:104ee80059c6f8a5154d730c5204520452045204c5
:104ef8005204520452045204520452045204730cd1
:104f0800731c9334156556759685b78db78db78d17
:104f1800b78db78db78db78db78db78db78db78d69
:104f2800b78db78db78db78db78db78db78db78d59
:104f3800b78db78db78db78db78db78db78db78d49
:104f4800b78db78db78db78db78db78db78db78d39
:104f5800b78db78db78db78db78db78db78db78d29
:104f6800b78db78db78db78db78db78db78db78d19
:104f7800b78db78db78db78db78db78db78db78d09
:104f8800b78db78db78db78db78db78db78db78df9
:104f9800b78db78db78db78db78db78db78db78de9
:104fa800b78db78db78db78db78db78db78db78dd9
:104fb800b78d978d767d356db444731c7314520488
:104fc8005204520452045204520452045204520429
:104fd800520452045204b32c1475349d96b538c645
:104fe800bad63ce79defbef7def7fffffffffffff6
:104ff800ffffffffffffffffffffffffffffffffb9
:10500800ffffffffffffffffffffffffffffffffa8
:10501800ffffffffffffffffdef7bef79def3ce757
:10502800dbde59ce18b6766db324730452045204ed
:1050380052045204520452045204520452045204b8
:1050480052045204520452045204520452045204a8
:105058005204520452045204520452045204520498
:105068005204520452045204520452045204520488
:105078005204520452045204520452045204520478
:105088005204520452045204520452045204520468
:105098005204520452045204520452045204520458
:1050a8005204520452045204520452045204520448
:1050b8005204520452045204520452045204520438
:1050c8005204520452045204520452045204520428
:1050d8005204520452045204520452045204520418
:1050e8005204520452045204520452045204520408
:1050f80052045204520452045204520452045204f8
:1051080052045204520452045204520452045204e7
:1051180052047314d444348d34a5d6b559cedbde8d
:105128003ce79defbef7def7ffffffffffffffff46
:10513800ffffffffffffffffffffffffffffffff77
:10514800ffffffffffffffffffffffffffffffff67
:10515800ffffffffffffffffffffdfffbef79def32
:105168005ce7fbde99ce18bed79d355593147304c2
:105178005204520452045204520452045204520477
:105188005204520452045204520452045204520467
:105198005204520452045204520452045204520457
:1051a8005204520452045204520452045204520447
:1051b8005204520452045204520452045204520437
:1051c8005204520452045204520452045204520427
:1051d8005204520452045204520452045204520417
:1051e8005204520452045204520452045204520407
:1051f80052045204520452045204520452045204f7
:1052080052045204520452045204520452045204e6
:1052180052045204520452045204520452045204d6
:1052280052045204520452045204520452045204c6
:1052380052045204520452045204520452045204b6
:105248005204520452045204520452045204730c7d
:10525800b3341475349d75adf7bd99cefbde5ce7ac
:105268009defbef7dfffffffffffffffffffffff21
:10527800ffffffffffffffffffffffffffffffff36
:10528800ffffffffffffffffffffffffffffffff26
:10529800ffffffffffffffffffffffffdfffbef77f
:1052a8009ef77def1ce7bad659c6f7b5b78d154df1
:1052b80093147304520452045204520452045204c4
:1052c8005204520452045204520452045204520426
:1052d8005204520452045204520452045204520416
:1052e8005204520452045204520452045204520406
:1052f80052045204520452045204520452045204f6
:1053080052045204520452045204520452045204e5
:1053180052045204520452045204520452045204d5
:1053280052045204520452045204520452045204c5
:1053380052045204520452045204520452045204b5
:1053480052045204520452045204520452045204a5
:105358005204520452045204520452045204520495
:105368005204520452045204520452045204520485
:105378005204520452045204520452045204520475
:1053880052045204520452045204730cb334146588
:10539800349555a5d6b558c6bad61ce75def9ef725
:1053a800bef7dfffffffffffffffffffffffffff6e
:1053b800fffffffffffffffffffffffffffffffff5
:1053c800ffffffffffffffffffffffffffffffffe5
:1053d800ffffffffffffffffffffffffffffdffff5
:1053e800def7bef77def3ce7fbde9ad638c6f7b5a9
:1053f800b7953555b424730c520452045204520420
:1054080052045204520452045204520452045204e4
:1054180052045204520452045204520452045204d4
:1054280052045204520452045204520452045204c4
:1054380052045204520452045204520452045204b4
:1054480052045204520452045204520452045204a4
:105458005204520452045204520452045204520494
:105468005204520452045204520452045204520484
:105478005204520452045204520452045204520474
:105488005204520452045204520452045204520464
:105498005204520452045204520452045204520454
:1054a8005204520452045204520452045204520444
:1054b8005204520452045204520452045204520434
:1054c80052045204730c931cd43c3575559555a55c
:1054d800b6b518c69ad6fbde3ce77defbef7def719
:1054e800dfffffffffffffffffffffffffffffffe4
:1054f800ffffffffffffffffffffffffffffffffb4
:10550800ffffffffffffffffffffffffffffffffa3
:10551800ffffffffffffffffffffffffffffffff93
:10552800dfffdef7bef79ef77def3ce7dbde99cec7
:1055380038c6d7b5d7a5967d1555d42c7314730cda
:1055480052045204520452045204520452045204a3
:105558005204520452045204520452045204520493
:105568005204520452045204520452045204520483
:105578005204520452045204520452045204520473
:105588005204520452045204520452045204520463
:105598005204520452045204520452045204520453
:1055a8005204520452045204520452045204520443
:1055b8005204520452045204520452045204520433
:1055c8005204520452045204520452045204520423
:1055d8005204520452045204520452045204520413
:1055e8005204520452045204520452045204520403
:1055f800520452045204520452045204730c730ca1
:105608009324d44415655585349d75adb6b538c613
:1056180099cedbde3ce77def9ef7bef7def7dfffd6
:10562800ffffffffffffffffffffffffffffffff82
:10563800ffffffffffffffffffffffffffffffff72
:10564800ffffffffffffffffffffffffffffffff62
:10565800ffffffffffffffffffffffffffffffff52
:10566800ffffffffdfffdef7bef79def5def3ce7d3
:10567800fbde9ad659ce17bed7b5b6a59695567500
:10568800355d144dd43cd434b42cb32cb32cb32c8a
:10569800b32cb32cb32cb32cb32cb32cb32cb32c0a
:1056a800b32cb32cb32cb32cb32cb32cb32cb32cfa
:1056b800b32cb32cb32cb32cb32cb32cb32cb32cea
:1056c800b32cb32cb32cb32cb32cb32cb32cb32cda
:1056d800b32cb32cb32cb32cb32cb32cb32cb32cca
:1056e800b32cb32cb32cb32cb32cb32cb32cb32cba
:1056f800b32cb32cb32cb32cb32cb32cb32cb32caa
:10570800b32cb32cb32cb32cb32cb32cb32cb32c99
:10571800b32cb32cb32cb32cb32cb32cb32cb32c89
:10572800b32cb32cb32cb32cb32cb32cb32cb32c79
:10573800b32cb32cb42cd434f4441455356d55859e
:10574800559555a575adb6b5f7bd58c69ad6dbdee5
:105758003ce75def9defbef7def7dfffffffffffe2
:10576800ffffffffffffffffffffffffffffffff41
:10577800ffffffffffffffffffffffffffffffff31
:10578800ffffffffffffffffffffffffffffffff21
:10579800ffffffffffffffffffffffffffffffff11
:1057a800ffffffffffffffffdfffdef7bef79def05
:1057b8007def3ce71bdfdbde9ad659ce18c6d7bd96
:1057c800b6b596b596ad96a5969d969d769d769d11
:1057d800769d769d769d769d769d769d769d769d29
:1057e800769d769d769d769d769d769d769d769d19
:1057f800769d769d769d769d769d769d769d769d09
:10580800769d769d769d769d769d769d769d769df8
:10581800769d769d769d769d769d769d769d769de8
:10582800769d769d769d769d769d769d769d769dd8
:10583800769d769d769d769d769d769d769d769dc8
:10584800769d769d769d769d769d769d769d769db8
:10585800769d769d769d769d769d769d769d769da8
:10586800769d769d769d769d769d769d769d769d98
:10587800769d769d769d76a555a555ad75adb6b543
:10588800d7bd18c659ce9ad6dbde1bdf3ce77defc5
:105898009defbef7def7dfffffffffffffffffff14
:1058a800ffffffffffffffffffffffffffffffff00
:1058b800fffffffffffffffffffffffffffffffff0
:1058c800ffffffffffffffffffffffffffffffffe0
:1058d800ffffffffffffffffffffffffffffffffd0
:1058e800ffffffffffffffffffffdfffdfffdef729
:1058f800bef79ef77def5def3ce71bdffbdebad618
:105908009ad679ce59ce58c638c638c618c618c6db
:1059180018c618c618c618c618c618c618c618c68f
:1059280018c618c618c618c618c618c618c618c67f
:1059380018c618c618c618c618c618c618c618c66f
:1059480018c618c618c618c618c618c618c618c65f
:1059580018c618c618c618c618c618c618c618c64f
:1059680018c618c618c618c618c618c618c618c63f
:1059780018c618c618c618c618c618c618c618c62f
:1059880018c618c618c618c618c618c618c618c61f
:1059980018c618c618c618c618c618c618c618c60f
:1059a80018c618c618c618c618c618c618c618c6ff
:1059b80018c618c618c638c638c659ce79ce9ad66b
:1059c800bad6fbde1bdf3ce75def7def9ef7bef747
:1059d800def7dfffdfffffffffffffffffffffff38
:1059e800ffffffffffffffffffffffffffffffffbf
:1059f800ffffffffffffffffffffffffffffffffaf
:105a0800ffffffffffffffffffffffffffffffff9e
:105a1800ffffffffffffffffffffffffffffffff8e
:105a2800ffffffffffffffffffffffffffffffff7e
:105a3800dfffdef7bef7bef79ef79def7def5def68
:105a48003ce73ce71ce71bdffbdefbdefbdefbdea7
:105a5800fbdefbdefbdefbdefbdefbdefbdefbde76
:105a6800fbdefbdefbdefbdefbdefbdefbdefbde66
:105a7800fbdefbdefbdefbdefbdefbdefbdefbde56
:105a8800fbdefbdefbdefbdefbdefbdefbdefbde46
:105a9800fbdefbdefbdefbdefbdefbdefbdefbde36
:105aa800fbdefbdefbdefbdefbdefbdefbdefbde26
:105ab800fbdefbdefbdefbdefbdefbdefbdefbde16
:105ac800fbdefbdefbdefbdefbdefbdefbdefbde06
:105ad800fbdefbdefbdefbdefbdefbdefbdefbdef6
:105ae800fbdefbdefbdefbdefbdefbdefbdefbdee6
:105af800fbdefbdefbdefbde1bdf1ce73ce73ce7f7
:105b08005def7def9def9ef7bef7bef7def7dfff97
:105b1800dfffffffffffffffffffffffffffffffad
:105b2800ffffffffffffffffffffffffffffffff7d
:105b3800ffffffffffffffffffffffffffffffff6d
:105b4800ffffffffffffffffffffffffffffffff5d
:105b5800ffffffffffffffffffffffffffffffff4d
:105b6800ffffffffffffffffffffffffffffffff3d
:105b7800ffffffffdfffdfffdef7def7bef7bef751
:105b88009ef79ef79def9def7def7def7def7def1b
:105b98007def7def7def7def7def7def7def7def9d
:105ba8007def7def7def7def7def7def7def7def8d
:105bb8007def7def7def7def7def7def7def7def7d
:105bc8007def7def7def7def7def7def7def7def6d
:105bd8007def7def7def7def7def7def7def7def5d
:105be8007def7def7def7def7def7def7def7def4d
:105bf8007def7def7def7def7def7def7def7def3d
:105c08007def7def7def7def7def7def7def7def2c
:105c18007def7def7def7def7def7def7def7def1c
:105c28007def7def7def7def7def7def7def7def0c
:105c38007def7def7def7def9def9def9ef79ef76a
:105c4800bef7bef7def7def7dfffdfffffffffff80
:105c5800ffffffffffffffffffffffffffffffff4c
:105c6800ffffffffffffffffffffffffffffffff3c
:105c7800ffffffffffffffffffffffffffffffff2c
:105c8800ffffffffffffffffffffffffffffffff1c
:105c9800ffffffffffffffffffffffffffffffff0c
:105ca800fffffffffffffffffffffffffffffffffc
:105cb800ffffffffffffffffffffffffdfffdfff2c
:105cc800dfffdef7def7def7bef7bef7bef7bef79b
:105cd800bef7bef7bef7bef7bef7bef7bef7bef714
:105ce800bef7bef7bef7bef7bef7bef7bef7bef704
:105cf800bef7bef7bef7bef7bef7bef7bef7bef7f4
:105d0800bef7bef7bef7bef7bef7bef7bef7bef7e3
:105d1800bef7bef7bef7bef7bef7bef7bef7bef7d3
:105d2800bef7bef7bef7bef7bef7bef7bef7bef7c3
:105d3800bef7bef7bef7bef7bef7bef7bef7bef7b3
:105d4800bef7bef7bef7bef7bef7bef7bef7bef7a3
:105d5800bef7bef7bef7bef7bef7bef7bef7bef793
:105d6800bef7bef7bef7bef7bef7bef7bef7bef783
:105d7800bef7bef7bef7bef7def7def7def7dfffea
:105d8800dfffdfffffffffffffffffffffffffff5b
:105d9800ffffffffffffffffffffffffffffffff0b
:105da800fffffffffffffffffffffffffffffffffb
:105db800ffffffffffffffffffffffffffffffffeb
:105dc800ffffffffffffffffffffffffffffffffdb
:105dd800ffffffffffffffffffffffffffffffffcb
:105de800ffffffffffffffffffffffffffffffffbb
:105df800ffffffffffffffffffffffffffffffffab
:105e0800ffffffffffffdfffdfffdfffdfffdfff3a
:105e1800dfffdfffdfffdfffdfffdfffdfffdfff8a
:105e2800dfffdfffdfffdfffdfffdfffdfffdfff7a
:105e3800dfffdfffdfffdfffdfffdfffdfffdfff6a
:105e4800dfffdfffdfffdfffdfffdfffdfffdfff5a
:105e5800dfffdfffdfffdfffdfffdfffdfffdfff4a
:105e6800dfffdfffdfffdfffdfffdfffdfffdfff3a
:105e7800dfffdfffdfffdfffdfffdfffdfffdfff2a
:105e8800dfffdfffdfffdfffdfffdfffdfffdfff1a
:105e9800dfffdfffdfffdfffdfffdfffdfffdfff0a
:105ea800dfffdfffdfffdfffdfffdfffdfffdffffa
:105eb800dfffdfffdfffdfffdfffffffffffffff8a
:105ec800ffffffffffffffffffffffffffffffffda
:105ed800ffffffffffffffffffffffffffffffffca
:105ee800ffffffffffffffffffffffffffffffffba
:105ef800ffffffffffffffffffffffffffffffffaa
:105f0800ffffffffffffffffffffffffffffffff99
:105f1800ffffffffffffffffffffffffffffffff89
:105f2800ffffffffffffffffffffffffffffffff79
:105f3800ffffffffffffffffffffffffffffffff69
:105f4800ffffffffffffffffffffffffffffffff59
:105f5800ffffffffffffffffffffffffffffffff49
:105f6800ffffffffffffffffffffffffffffffff39
:105f7800ffffffffffffffffffffffffffffffff29
:105f8800ffffffffffffffffffffffffffffffff19
:105f9800ffffffffffffffffffffffffffffffff09
:105fa800fffffffffffffffffffffffffffffffff9
:105fb800ffffffffffffffffffffffffffffffffe9
:105fc800ffffffffffffffffffffffffffffffffd9
:105fd800ffffffffffffffffffffffffffffffffc9
:105fe800ffffffffffffffffffffffffffffffffb9
:105ff800ffffffffffffffffffffffffffffffffa9
:10600800ffffffffffffffffffffffffffffffff98
:10601800ffffffffffffffffffffffffffffffff88
:10602800ffffffffffffffffffffffffffffffff78
:10603800ffffffffffffffffffffffffffffffff68
:020000040000fa
:020000040c01ed
:10604800b6ffff3da9ffff309cffff238fffff1620
:1060580082ffff0975fffc0069ffef005cffe300aa
:106068004fffd60042ffc90035ffbc0028ffaf0034
:106078001bffa2000eff96000000000000000000b9
:106088006df1cb14ebffff6ae9ffff686af1c912f3
:1060980026ffff710006ffff9111ffff5c0000f172
:1060a800ff7c01fbff480000ddff6800e8ff3300cc
:1060b80000c8ff5300d4ff1f0000b4ff3f00bfff1c
:1060c8000a00009fff2a00aaf60000008aff1600b7
:1060d80000000000000028ffdc0000001cffd400c6
:1060e800000000000000000056ffae0000004aff5c
:1060f800a500000000000000000084ff80000000f0
:1061080078ff77000000000000000000b2ff520096
:106118000000a6ff48000000000000000000e0ffab
:1061280024000000d4ff1900000000000000000e49
:10613800fff401000006faeb000000000038d4d498
:10614800d4dafff9d4d4d4d8fff7d4d4d44c00444b
:10615800ffffffffffffffffffffffffffffff5cea
:106168000000000000a1ff57000000a9ff53000035
:1061780000000000000000daff1f000000e1ff1c23
:10618800000000000000000013ffe700000018fff7
:10619800e60000000000000000004cffaf00000017
:1061a80050ffaf00000000004cffffffffffffffa4
:1061b800ffffffffffffffff68004cffffffffff30
:1061c800ffffffffffffffffffff6800010404045c
:1061d800dbff23040404e0ff1f04040401000000a3
:1061e800000afdf100000011ffeb000000000000b4
:1061f80000000037ffc300000041ffba00000000a4
:10620800000000000065ff9400000072ff89000094
:106218000000000000000093ff65000000a3ff5885
:10622800000000000000000000c1ff37000000d49b
:10623800ff28000000000000000000000000ece063
:10624800000000000000000000000000ece000007a
:1062580000000000000000226786f7f187724306fd
:10626800000000089ffefffffffffffffff07b001d
:1062780000a1ffffe6aaf7f099c1f2ff660016fd3c
:10628800ffa40700ece0000006460e003dffff32c9
:106298000000ece000000000000030ffff520000aa
:1062a800ece000000000000003e2ffe14401ece044
:1062b8000000000000000043f6ffffe4fae30400da
:1062c80000000000000029b2feffffffed9e3a002b
:1062d8000000000000002073f8ffffffffb919005d
:1062e800000000000000ece760b7ffffd4040000e6
:1062f80000000000ece000005fffff4b0000000022
:106308000000ece0000004fdff6b0200000000004c
:10631800ece000003affff5043ca7c421b07ece464
:106328003c7cedffe00944ffffffffffffffffff9d
:10633800ffdd2b00127ec0e8fbffffffecba680907
:106348000000000000000111eee000000000000065
:10635800000000000000ece0000000000000000069
:1063680000000000ece00000000000000000000059
:106378000000726c000000000000000000047fe0d4
:10638800f9d86d0000000000000030feea0e0000a1
:10639800000090ffffffffff7a000000000000bc34
:1063a800ff6b0000000019fbff681572fff714006f
:1063b8000000004bffd8040000000060ffc300008d
:1063c80000c5ff5f00000003d5ff4f00000000007c
:1063d80089ff8800000084ff8d00000067ffc1006e
:1063e80000000000009aff740000006effa100008a
:1063f8000ce7fe350000000000009aff7400000062
:106408006fffa1000082ffa60000000000000087c7
:10641800ff8800000084ff8e001af5f820000000b5
:106428000000000059ffc3000000c5ff61009eff87
:106438008a005ad1f8e68f0b0012f6fe580d6eff4f
:10644800f9172efdec1054fffcc7e9ffb600007cdd
:10645800ffffffffff8700b9ff6e00d8ff55000d53
:10646800d5ff47000175e1fde07a0346ffdb05240f
:10647800ffe50000006aff9c000000000000000229
:10648800d1ff53004dffb900000038ffc9000000dc
:106498000000000063ffc400005fffaa000000279f
:1064a800ffdd0000000000000ae5ff3800005eff85
:1064b800ad0000002affdc0000000000007effa9fc
:1064c8000000004affc400000044ffc900000000ab
:1064d8000018f3f9220000001cfff308000083fff6
:1064e8009e00000000009aff8e0000000000caff16
:1064f800920e3ef0ff4d000000002afcee12000054
:1065080000000041fcffffffffc30100000000b5d1
:10651800ff72000000000000004accf8e998100063
:106528000000000054baecfbebb340000000000090
:106538000000000000000099fffffffffffffe675b
:106548000000000000000000000045ffffae2b0e19
:106558003ed8fff51100000000000000000090ff89
:10656800eb0600000040ffff4a00000000000000aa
:10657800000099ffcf0000000022ffff5300000039
:1065880000000000000073fff61200000068ffff23
:106598002500000000000000000016f6ff9d000026
:1065a8003cf0ffaa000000000000000000000060ae
:1065b800ffff7b82f9ffba0c00000000000000001a
:1065c8000000000094fffffffc88050000000000a9
:1065d8000000000000000036d2ffffffaf010000fe
:1065e800000000000000000000006dfdffdba6ffba
:1065f800ffa0030000000072fffc12000074ffff00
:10660800a80a008fffffab05000000c4ffc400000c
:106618001afaffbb0100000087ffffb5080020fd44
:10662800ff67000064ffff40000000000080ffffdc
:10663800be0ca0ffed0e00007effff190000000059
:10664800000078ffffdaffff6f00000071ffff2ee8
:106658000000000000000071ffffffb5010000000e
:106668003affff9f0000000000000684feffffd3f2
:106678001500000000c4ffffb13b12112e76dfffaa
:10668800ffbffdffd41600000018d0ffffffffff7b
:10669800ffffffe65e0061feffd5170000000563ff
:1066a800b9e8faf2ddad620900000064feffd61811
:1066b80026ffff7111ffff5c01fbff4800e8ff3375
:1066c80000d4ff1f00bfff0a00aaf6000000002f39
:1066d800f7fe3f000008d9ff9a00000081ffea108a
:1066e800000013f3ff8100000078fffb1b0000008f
:1066f800d5ffae00000018ffff6700000053ffff42
:106708002b0000008dffee01000000aeffcd000061
:106718000000c1ffba00000000d4ffa6000000007e
:10672800d8ffa400000000c5ffb800000000b2ffb9
:10673800cc0000000096ffeb000000005dffff2783
:1067480000000021ffff6400000000dfffab000035
:10675800000082fffa1900000019f7ff7f0000000f
:106768000089ffe90f0000000adcff970000000025
:1067780030f3fa3905d2ff8a000000000038fdff27
:1067880047000000000096ffde080000000021fd21
:10679800ff6b0000000000b6ffdb00000000004ea9
:1067a800ffff39000000000bfbff7c000000000029
:1067b800caffb800000000008dfff20200000000d0
:1067c8006bffff150000000058ffff2800000000c5
:1067d80044ffff3b0000000040ffff3f00000000b7
:1067e80055ffff2c0000000069ffff1800000000a3
:1067f80089fff80400000000c6ffc200000000097d
:10680800faff85000000004bffff4300000000b3c3
:10681800ffe4020000001ffdff750000000094ff68
:10682800e30b00000035fdff4c00000003cafc89a3
:10683800000000000000000000aefff500000000ae
:106848000000000000000091ffda000000000000d6
:10685800000000000074ffbf0000000000001203e9
:1068680000000057ffa300000000170092efac647f
:106878001d3aff880c4c93d9ef00bbffffffffe0e8
:10688800ffe6f9ffffffff174a6c8095a9f5ffffa8
:10689800bd9c87735f100000000057ffe7ffac0046
:1068a8000000000000000026f2ff36e4ff7100003f
:1068b8000000000008d1ffbb006cfffa3a0000009e
:1068c80000009bffff480007e4ffe31500000000fd
:1068d80057d9d50100006df88e11000000000003a3
:1068e80023000000081e0000000000000000000057
:1068f8000008fffc00000000000000000000000885
:10690800fffc000000000000000000000008fffc81
:10691800000000000000000000000008fffc00006c
:1069280000000000000000000008fffc000000005c
:10693800000098ffffffffffffffffffffffff9033
:1069480098ffffffffffffffffffffffff9002041d
:106958000404040bfffc0404040404020000000007
:106968000008fffc00000000000000000000000814
:10697800fffc000000000000000000000008fffc11
:10698800000000000000000000000008fffc0000fc
:1069980000000000000000000008fffc00000000ec
:1069a800000000000088ffff4600affffa0d00de80
:1069b800ffb40011ffff5b0048fff1090080ff975b
:1069c8000000bdff2d00000003040404040403e0dc
:1069d800ffffffffffe4e0ffffffffffe400000011
:1069e8006ef2c812ebffff6ae9ffff686af2c61190
:1069f8000000000000000074ffed06000000000029
:106a08000000d3ff940000000000000033ffff35b2
:106a18000000000000000092ffd500000000000008
:106a28000005ebff760000000000000051fffc1a93
:106a380000000000000000b0ffb7000000000000e8
:106a48000015faff58000000000000006ffff00872
:106a580000000000000000cfff99000000000000c7
:106a6800002dffff39000000000000008dffda0054
:106a780000000000000004e8ff7b000000000000a8
:106a8800004cfffd1d00000000000000acffbc0032
:106a980000000000000011f8ff5c0000000000008a
:106aa800006afff30a00000000000000caff9e0011
:106ab80000000000000029ffff3e00000000000069
:106ac8000088ffde01000000000000000000001b3d
:106ad80090d8f7f1d07d0e00000000003bf0ffffda
:106ae800ffffffffdd2300000015eaffe353121448
:106af80058e8ffd40700008cfff725000000002da0
:106b0800f9ff6b0001e9ff9a000000000000a1fff7
:106b1800d60026ffff4a0000000000004fffff23b9
:106b280059ffff1700000000000019ffff567cff07
:106b3800f70000000000000001f8ff7d8bffe30074
:106b480000000000000000e5ff9299ffdb00000054
:106b58000000000000dcff9e9affdc00000000003f
:106b6800000000ddff9c8fffe40000000000000033
:106b780000e5ff8d7bfff70000000000000001f832
:106b8800ff7e54ffff1700000000000019ffff59a7
:106b980020ffff4a0000000000004effff2500d63e
:106ba800ff990000000000009fffe701006dfff65d
:106bb800230000000029f8ff87000008d7ffe252f1
:106bc800121357e6ffe61200000028e1ffffffff5f
:106bd800ffffed3600000000001081d3f3f7d78dda
:106be80018000000000000000eb0fff00000002bad
:106bf800d9fffff0000058f4ffedfff0048fffff0e
:106c0800a66efff041fefe7d0072fff0007c4f0093
:106c18000077fff0000000000078fff0000000009f
:106c28000078fff0000000000078fff0000000008e
:106c38000078fff0000000000078fff0000000007e
:106c48000078fff0000000000078fff0000000006e
:106c58000078fff0000000000078fff0000000005e
:106c68000078fff0000000000078fff0000000004e
:106c78000078fff0000000000078fff0000000003e
:106c88000078fff00000055db2e1f8f1cd81150054
:106c980000000046dbffffffffffffffe9380000b1
:106ca80030feffe26f250c2373f2ffeb110000901a
:106cb800990a000000000050ffff73000001000067
:106cc800000000000000eaffac0000000000000027
:106cd80000000000ccffb800000000000000000029
:106ce8000000e4ff9f000000000000000000002cee
:106cf800ffff5d00000000000000000000a8ffeb9f
:106d08000d00000000000000000054ffff670000b5
:106d18000000000000000033f3ffaf000000000097
:106d28000000000028eaffcf0d000000000000006e
:106d38000022e5ffdb18000000000000000020e151
:106d4800ffdd1c00000000000000001ddfffdc1d4f
:106d580000000000000000001bdcffdb1c0000003e
:106d6800000000000019daffd91a00000000000036
:106d7800000017d7ffda1d04040404040404040205
:106d8800a1ffffffffffffffffffffffff90a8ff2f
:106d9800ffffffffffffffffffffff9000002a85b7
:106da800c8e9faf1d292250000001daefefffffff0
:106db800fffffffff75600004affffb2541c0a22ec
:106dc80069eafff9250000783b0000000000003860
:106dd800fdff900000000000000000000000d6ff4a
:106de800c00000000000000000000000c2ffc10059
:106df8000000000000000000000af2ff94000000fc
:106e08000000000000000098fffa2d0000000002ba
:106e180004071b51bffff2530000000000b0ffff42
:106e2800ffffee811e000000000000b0ffffffff23
:106e3800fff1ab3400000000000000030f3070daef
:106e4800fffb5a0000000000000000000008c0ff1f
:106e5800f2110000000000000000000048ffff538e
:106e6800000000000000000000002fffff6300008a
:106e780000000000000000005bffff46110000005a
:106e880000000000000fd6ffed0ababf743d1808d5
:106e98000c2767ddffff6a00baffffffffffffff58
:106ea800fffff4700000116aaed2e7f9f2e0bb769a
:106eb8001a0000000000000000000000005bffff57
:106ec8008c000000000000000000000021f1ffff1e
:106ed8008c0000000000000000000004c7ffefff66
:106ee8008c0000000000000000000083ffc1bfff0d
:106ef8008c0000000000000000003dfcf92ccbffd6
:106f08008c000000000000000010e1ff7300d3ffb8
:106f18008c0000000000000000aaffb70100d7ffa6
:106f28008c0000000000000062ffe8160000d8ff97
:106f38008c00000000000025f4fe46000000d8ff89
:106f48008c000000000005cbff8b00000000d8ff7c
:106f58008c000000000089ffcb0500000000d8ff6e
:106f68008c0000000042fdf2240000000000d8ff61
:106f78008c00000013e4ff5d000000000000d8ff53
:106f88008c00000066ffffffffffffffffffffff12
:106f9800ffffff7468ffffffffffffffffffffff1b
:106fa800ffffff7413303030303030303030dfffc7
:106fb800a130301500000000000000000000d8ffdc
:106fc8008c00000000000000000000000000d8ff56
:106fd8008c00000000000000000000000000d8ff46
:106fe8008c00000000000000000000000000d8ff36
:106ff8008c000000000afffffffffffffffffffffd
:107008000400001fffffffffffffffffffff04005b
:107018000033ffff120404040404040400000047c2
:10702800fffa00000000000000000000005cffe81c
:10703800000000000000000000000070ffd5000004
:1070480000000000000000000084ffc200000000f3
:107058000000000000000099ffaf000000000000e1
:107068000000000000adffe5d4eefdf6d89a33002d
:10707800000000a5fffffffffffffffffe8c0100e0
:107088000003533b1c08082262d9ffff7f00000061
:10709800000000000000000dd2fff80f0000000003
:1070a80000000000000052ffff4d0000000000003b
:1070b8000000000020ffff65000000000000000045
:1070c800000026ffff57000000000000000000003d
:1070d80062ffff270d07000000000000001ae1ff13
:1070e800c9003ce68e4b200b143484effff43300c8
:1070f8003affffffffffffffffffe23c00000042f7
:1071080097cdedfbf7e3b4660a000000000000002d
:10711800003493ceeffcf5e01e000000000998ff54
:10712800ffffffffffff2800000007c7ffffa95070
:107138001f0b12370d00000098fff64700000000f3
:10714800000000000026fdff5e00000000000000b7
:1071580000000093ffd301000000000000000000c1
:1071680000ddff7b0000000000000000000019ffa8
:10717800ff4b0e7ed4f3f3cc770b00003fffff41ab
:10718800d8ffffffffffffd51b005cffffd3ea6bb3
:107198001f0a2689feffc3006affffe41b000000e8
:1071a800000086ffff416fffff580000000000004d
:1071b8000ef8ff875dffff1300000000000000d7f6
:1071c800ffa747ffff1a00000000000000c1ffad45
:1071d80019feff4c00000000000000d7ff9800c710
:1071e800ffaa00000000000017fdff65005efffe1b
:1071f8004d000000000099fff6150000bbfff77d69
:10720800220a30a6ffff7c0000000ebaffffffff36
:10721800ffffff9502000000000356b9e5f9e6ac50
:1072280042000000c4ffffffffffffffffffffff5b
:10723800ffa4c4ffffffffffffffffffffffff9f4c
:107248000304040404040404040438ffff4b00008e
:107258000000000000000000a9ffd70100000000a6
:10726800000000000021fcff670000000000000093
:1072780000000093ffec090000000000000000007f
:1072880012f5ff84000000000000000000007dfff0
:10729800f91900000000000000000008e9ffa10043
:1072a80000000000000000000066ffff3000000042
:1072b80000000000000001d9ffbe0000000000002f
:1072c8000000000050ffff4d00000000000000001b
:1072d8000000c4ffd90100000000000000000039d0
:1072e800ffff6900000000000000000000aeffed95
:1072f8000a00000000000000000024fdff860000d6
:10730800000000000000000097fffa1a00000000cb
:10731800000000000015f6ffa300000000000000b8
:1073280000000081ffff32000000000000000000a4
:1073380009ebffc00000000000000000000000345e
:107348009adbf5f7dda23a000000000087feffff98
:10735800ffffffffff910100005fffffbd41131614
:1073680045c3ffff670000ccffcc05000000000903
:10737800d5ffcd0000f1ff7e0000000000008bff6c
:10738800f00000ddff8300000000000098ffdf0030
:10739800009fffdf0e0000000013e5ff8e00001db8
:1073a800f0ffcd2d000024ccffd70f00000032e8fd
:1073b800fffeaa94f8ffb115000000000014d5ffe5
:1073c800ffffff920000000000002abcfffdbdf196
:1073d800ffffb02000000042f4ffc32a000d70ef49
:1073e800ffee390012ecffad040000000019c8ffe1
:1073f800e80e6bfffb130000000000001bfbff6999
:1074080095ffd50000000000000000d4ff9290ff17
:10741800e20000000000000001e9ff885cffff5661
:1074280000000000000062ffff4b08dcfff8822b21
:107438000b133599fbffc8020027dcffffffffff96
:10744800ffffffc6150000000967b7e5f9f9e4b1c9
:10745800580200000000003da2dcf6e7c05f06000d
:107468000000000191ffffffffffffffc8170000aa
:107478000078ffffa9340b1d67eaffd105000ef65f
:10748800ff99000000000027f0ff78005dffff1a59
:1074980000000000000076ffe90481ffe50000001d
:1074a800000000001bffff3a92ffe300000000000d
:1074b800000000f8ff697efffe0c000000000000dd
:1074c80021ffff8341ffff7c000000000005b6ff9d
:1074d800ff8c01ccfffa7d20051451cde9fbff8418
:1074e8000020ddffffffffffffe935fdff7700000c
:1074f8000f7ed2f8f9dd8d1819ffff580000000043
:1075080000000000000045ffff32000000000000fe
:107518000000000088fff0040000000000000000e8
:107528000005dfffaa000000000000000000007452
:10753800ffff3a00000000000000000059fcffae09
:107548000000000d3c120a1f50b0ffffd60e0000cd
:107558000024ffffffffffffffa810000000001b33
:10756800ddf5fdf2d29a3d000000000070f2ca1469
:10757800ebffff6aeaffff686bf2c611000000002c
:1075880000000000000000000000000000000000f3
:1075980000000000000000006ef2c812ebffff6a56
:1075a800e9ffff686af2c61100007df4c40e00020c
:1075b800f8ffff5e0002f8ffff5c000078f3c10ce3
:1075c80000000000000000000000000000000000b3
:1075d80000000000000000000000000000000000a3
:1075e8000000000000000000000000000000000093
:1075f8000000cafffc0a0001f3ffcb000023ffffd5
:107608007a000059fffe2200008effbf000000c86c
:10761800ff59000008fae80600000000000000001a
:107628000000000000000000000000000000000052
:1076380000000000000d7b85000000000000000035
:10764800000d7bedff98000000000000000d7bedb1
:10765800fffdac2d00000000000d7bedfffa9e271a
:1076680000000000000d7bedfff48f1c00000000ff
:10767800000d7bedffed811300000000000058edc8
:10768800ffe4730c000000000000000097ffffb04b
:107698003e0000000000000000000d6fddffffd27b
:1076a800670b00000000000000000250c1fffff05f
:1076b800912700000000000000000031a2f9fffe41
:1076c800bb4f0300000000000000001883ebffff21
:1076d800e1550000000000000000000864d4ff9895
:1076e800000000000000000000000000455e0000ef
:1076f800010404040404040404040404040170ffe1
:10770800ffffffffffffffffffffff6470ffffffab
:10771800ffffffffffffffffff6400000000000006
:107728000000000000000000000000000000000051
:10773800000000000000010404040404040404041c
:107748000404040170ffffffffffffffffffffffbf
:10775800ff6470ffffffffffffffffffffffff64f6
:107768000000000000000000000000000000857b11
:107778000d000000000000000000000098ffed7bf5
:107788000d0000000000000000002daefeffed7ba4
:107798000d00000000000000000029a1fbffed7ba8
:1077a8000d0000000000000000001f94f7ffed7bb3
:1077b8000d0000000000000000001788f1ffed7bbd
:1077c8000d000000000000000000107beaffed58eb
:1077d80000000000000000000038adffff97000027
:1077e800000000000a63ceffffdd6f0d00000000ff
:1077f800258eefffffc15002000000034eb9feffc7
:10780800f9a231000000000055e1ffffeb831800ea
:1078180000000000000098ffd3640800000000008a
:10782800000000005e4500000000000000000000ad
:1078380000000000002481c2eafaf5d6901e00007c
:1078480070fffffffffffffffff13c0023fcb8556f
:107858001d0a1d5de5ffe207001b00000000000097
:107868003cffff46000000000000000001f6ff6535
:1078780000000000000000000cfcff5500000000a4
:10788800000000007dfff9160000000000000067fe
:10789800fdff79000000000000028cffff89000056
:1078a8000000000001a3fffa6400000000000000cf
:1078b8006ffff4410000000000000000dfff5d00e2
:1078c800000000000000000afffb040000000000a8
:1078d80000000011e0c600000000000000000000e9
:1078e8000000000000000000000000000000000090
:1078f800000000000000003ce4e43a000000000042
:10790800000000a7ffffa70000000000000000a67d
:10791800ffffa5000000000000000039e4e3370085
:1079280000000000000000000000001863abd4ea6b
:10793800fbf1d29c4a01000000000000000000009a
:107948001792f9ffffffffffffffffffd74300007c
:107958000000000000003cebfffaa95c2c12091f94
:107968003d89e2fffe770000000000004cf9ffad02
:107978001c00000000000000000688fdff670000f2
:10798800000024f0ff7a0000000000000000000062
:10799800000061fff624000000bfff930000000311
:1079a8005ec2ebf5dcbe8621000099ffa200003c18
:1079b800ffe10a00000bb3ffffffffffffff6700b7
:1079c8000015f8f70c00a5ff7100000098fff16a98
:1079d8001c0c2fd6ff5b000000b7ff4801e9ff1a17
:1079e800000027feff4600000000caff4f0000000d
:1079f80084ff7228ffdc0000007fffc30000000046
:107a080000d7ff430000006dff8442ffb70000006d
:107a1800acff820000000000e4ff3800000072ffa5
:107a28008457ffa8000000c2ff6c0000000006fc9d
:107a3800ff2c0000008bff6e59ffb0000000b8ff5c
:107a4800790000000031ffff25000000c5ff3f4717
:107a5800ffc60000008cffba0000000093ffff394a
:107a680000002dffec041ffff506000036ffff891c
:107a78001d1069fbadffb1182ed4ff7c0000e0ff9c
:107a88004a0000009bffffffffffcd09c5ffffff76
:107a9800ffc406000086ffc50100000376d8f9e39d
:107aa8009110001cb5f3e58c0a00000017f0ff8365
:107ab80000000000000000000000000000000000be
:107ac800000000005affff980b00000000000000b3
:107ad8000000000000000000000000006cfcffee49
:107ae8008d4a1c0a040f2c548bcb22000000000086
:107af800000000003ccfffffffffffffffffffff7d
:107b0800f71d00000000000000000000004090c8c1
:107b1800edfcfef2d4a5601000000000000000009b
:107b2800000000000000000000010000000000004c
:107b380000000000000000000000000000000063da
:107b4800ffff4500000000000000000000000000ea
:107b580000c7ffffa90000000000000000000000af
:107b680000002afff6fff9130000000000000000e3
:107b7800000000008fffabd8ff700000000000007d
:107b8800000000000006ebff648bffd3000000003c
:107b98000000000000000057fffd1834ffff370009
:107ba800000000000000000000bbffb90000d6ff85
:107bb8009b00000000000000000020feff5a0000ab
:107bc80079fff20b000000000000000083fff109bc
:107bd80000001efeff620000000000000002e3ff3c
:107be8009d00000000bfffc5000000000000004b22
:107bf800ffff3e0000000061ffff290000000000b9
:107c080000afffed353434343441fcff8d00000003
:107c1800000017fbffffffffffffffffffffea0565
:107c28000000000077ffffffffffffffffffffffe0
:107c3800ff5400000000d9ffb80000000000000059
:107c480006eaffb70000003fffff530000000000f6
:107c58000000008afffd1d0000a3ffe805000000ea
:107c6800000000000024feff7f000ff6ff880000e0
:107c78000000000000000000bdffe0026bfffe24d2
:107c88000000000000000000000056ffff46ceff85
:107c9800be000000000000000000000005e9ffaa87
:107ca80048fffffffffffdf3e0ba7b1f000000481d
:107cb800fffffffffffffffffffffb7b000048ff09
:107cc800ff3f0404050f2e73e9ffff570048ffff2d
:107cd8003c00000000000025f7ffc40048ffff3cff
:107ce80000000000000000b4fff30048ffff3c0064
:107cf800000000000000a1fff60048ffff3c000064
:107d08000000000000c4ffd10048ffff3c00000055
:107d180000000034fcff6e0048ffff3f0404040a23
:107d28002365e5ffb0060048ffffffffffffffffe9
:107d3800ffbf5c02000048ffffffffffffffffffe0
:107d4800f5b649000048ffff3c000000051747aea4
:107d5800ffff8b0048ffff3c000000000000009b75
:107d6800ffff3e48ffff3c0000000000000021ff2d
:107d7800ff9048ffff3c0000000000000006ffffe6
:107d8800a848ffff3c000000000000002cffff9601
:107d980048ffff3c00000000000000a9ffff554815
:107da800ffff3f040404071848b6ffffcc0348ff51
:107db800ffffffffffffffffffffc4160048ffffa5
:107dc800fffffffffff5dda85001000000000000e5
:107dd80000085facdbf4fcf1d6aa671200000000d3
:107de80056e7ffffffffffffffffff9e0000008237
:107df800fffff58c3c160a1e56b1fa29000062fff7
:107e0800ffd31e0000000000000012000014f0ff65
:107e1800e61400000000000000000000007dffffe5
:107e280058000000000000000000000000d4ffe738
:107e380004000000000000000000000011ffffa681
:107e480000000000000000000000000036ffff797d
:107e580000000000000000000000000046ffff686e
:107e680000000000000000000000000046ffff675f
:107e780000000000000000000000000037ffff784d
:107e880000000000000000000000000016ffffa234
:107e980000000000000000000000000000e1ffe119
:107ea8000100000000000000000000000094ffff37
:107eb800490000000000000000000000002cfdff49
:107ec800d70800000000000000000000000095ff37
:107ed800ffba0e000000000000000000000008bd0e
:107ee800ffffe97b33130b20386aa709000000085d
:107ef80091fcffffffffffffffffff0c00000000ea
:107f0800002483c4ebfbfcf1d8a5660348ffffff00
:107f1800fffffff8e5bd7d22000000000048ffffdd
:107f2800fffffffffffffffffda11400000048ff58
:107f3800ff3f040406163573d9ffffe0250000480b
:107f4800ffff3c0000000000000278fcffdc0c0092
:107f580048ffff3c000000000000000071ffff8c9c
:107f68000048ffff3c000000000000000000cfffb9
:107f7800f30d48ffff3c0000000000000000006611
:107f8800ffff5248ffff3c00000000000000000017
:107f980028ffff8848ffff3c0000000000000000a9
:107fa8000004ffffa948ffff3c000000000000009c
:107fb800000000f2ffb748ffff3c0000000000008f
:107fc80000000000f7ffae48ffff3c000000000083
:107fd8000000000008ffff9b48ffff3c0000000076
:107fe800000000000037ffff7948ffff3c00000059
:107ff8000000000000007bffff3a48ffff3c000044
:1080080000000000000007e5ffe30548ffff3c0013
:108018000000000000000098ffff6c0048ffff3cd4
:108028000000000000000b9dffffbc040048ffff9c
:108038003f04040c1e498bedffffc411000048ffec
:10804800fffffffffffffffffff07f040000004876
:10805800fffffffffffbebd5a2630c000000000051
:1080680048ffffffffffffffffffffe448ffffffa1
:10807800ffffffffffffffe448ffff3f0404040486
:108088000404040348ffff3c000000000000000057
:1080980048ffff3c000000000000000048ffff3cd4
:1080a800000000000000000048ffff3c0000000046
:1080b8000000000048ffff3c000000000000000036
:1080c80048ffff3f040404040404040148ffffffc1
:1080d800ffffffffffffff6448fffffffffffffffa
:1080e800ffffff6448ffff3c0000000000000000a5
:1080f80048ffff3c000000000000000048ffff3c74
:10810800000000000000000048ffff3c00000000e5
:108118000000000048ffff3c0000000000000000d5
:1081280048ffff3c000000000000000048ffff3f40
:10813800040404040404040348ffffffffffffffd7
:10814800ffffffe448ffffffffffffffffffffe424
:1081580048ffffffffffffffffffffe448ffffffb0
:10816800ffffffffffffffe448ffff3f0404040495
:108178000404040348ffff3c000000000000000066
:1081880048ffff3c000000000000000048ffff3ce3
:10819800000000000000000048ffff3c0000000055
:1081a8000000000048ffff3c000000000000000045
:1081b80048ffff3c000000000000000048ffff3fb0
:1081c800040404040404040148ffffffffffffff49
:1081d800ffffff5c48ffffffffffffffffffff5ca4
:1081e80048ffff3c000000000000000048ffff3c83
:1081f800000000000000000048ffff3c00000000f5
:108208000000000048ffff3c0000000000000000e4
:1082180048ffff3c000000000000000048ffff3c52
:10822800000000000000000048ffff3c00000000c4
:108238000000000048ffff3c0000000000000000b4
:108248000000000000003488c2e8f8faeed1a45b10
:108258001400000000002abeffffffffffffffff22
:10826800ffffd20000000053f6ffffb059230d0ea8
:1082780025589cec6000000041faffe93c00000032
:108288000000000000050400000ae1fff2270000da
:1082980000000000000000000000006effff690001
:1082a80000000000000000000000000000cbffea12
:1082b80007000000000000000000000000000dfea4
:1082c800ffa6000000000000000000000000000001
:1082d80034ffff74000000000000000000000000f0
:1082e800000046ffff600000000000009cffffff49
:1082f800ffffff5047ffff630000000000009cffe6
:10830800ffffffffff5037ffff790000000000006c
:108318000204040437ffff5013ffff9f0000000012
:1083280000000000000034ffff5000daffe8010001
:10833800000000000000000034ffff500087ffff2e
:108348005200000000000000000034ffff50001d34
:10835800f7ffe20f000000000000000034ffff50ac
:10836800000077ffffd4200000000000000034ff69
:10837800ff500000019cfffff39144190808173ec5
:108388008effff50000000006df2ffffffffffffb0
:10839800ffffffffff500000000000106bb3e0f686
:1083a800fdf7ead2a9723a0648ffff3c0000000038
:1083b800000000000084ffff48ffff3c00000000b1
:1083c800000000000084ffff48ffff3c00000000a1
:1083d800000000000084ffff48ffff3c0000000091
:1083e800000000000084ffff48ffff3c0000000081
:1083f800000000000084ffff48ffff3c0000000071
:10840800000000000084ffff48ffff3c0000000060
:10841800000000000084ffff48ffff3c0000000050
:10842800000000000084ffff48ffff3f040404042d
:10843800040404040485ffff48ffffffffffffff5c
:10844800ffffffffffffffff48ffffffffffffffeb
:10845800ffffffffffffffff48ffff3c000000009a
:10846800000000000084ffff48ffff3c0000000000
:10847800000000000084ffff48ffff3c00000000f0
:10848800000000000084ffff48ffff3c00000000e0
:10849800000000000084ffff48ffff3c00000000d0
:1084a800000000000084ffff48ffff3c00000000c0
:1084b800000000000084ffff48ffff3c00000000b0
:1084c800000000000084ffff48ffff3c00000000a0
:1084d800000000000084ffff48ffff3c0000000090
:1084e800000000000084ffffe0ffffffffffff58d0
:1084f8008bd9fffffff1b83000008bfffc030000b1
:10850800000088fffc000000000088fffc0000005d
:10851800000088fffc000000000088fffc0000004d
:10852800000088fffc000000000088fffc0000003d
:10853800000088fffc000000000088fffc0000002d
:10854800000088fffc000000000088fffc0000001d
:10855800000088fffc000000000088fffc0000000d
:10856800000088fffc000000000088fffc000000fd
:10857800000088fffc0000007bc3f7ffffdea42b90
:10858800e0ffffffffffff5800000000006cffff47
:108598001800000000006cffff1800000000006ccd
:1085a800ffff1800000000006cffff18000000002b
:1085b800006cffff1800000000006cffff180000af
:1085c8000000006cffff1800000000006cffff189f
:1085d80000000000006cffff1800000000006cffa6
:1085e800ff1800000000006cffff180000000000ea
:1085f8006cffff1800000000006cffff180000006f
:1086080000006cffff1800000000006cffff18005e
:10861800000000006cffff1800000000006cffff66
:108628001800000000006cffff1800000000006c3c
:10863800ffff1800000000006cffff15000000009d
:10864800007cfffe050000000000bdffd4000c23e5
:10865800091c8cffff750030ffffffffffbb050003
:1086680022ddf9f5cb6d04000000000048ffff3c57
:10867800000000000000005effff930048ffff3c81
:1086880000000000000046faffa9020048ffff3c76
:10869800000000000031f3ffbc06000048ffff3c6b
:1086a8000000000020e7ffcd0d00000048ffff3c60
:1086b80000000013d8ffdb160000000048ffff3c55
:1086c800000009c6ffe722000000000048ffff3c49
:1086d8000004b2fff13000000000000048ffff3c3a
:1086e80001a0fff8410000000000000048ffff3c27
:1086f8008affff5f000000000000000048ffffa89d
:10870800ffffffa4000000000000000048ffffff7b
:10871800f5caffff5f0000000000000048ffffe807
:108728003413e3fff42600000000000048ffff4672
:1087380000003cfcffce07000000000048ffff3ca3
:108748000000007affff91000000000048ffff3c96
:1087580000000001b9ffff4d0000000048ffff3c8a
:108768000000000016e6ffec1b00000048ffff3c7d
:10877800000000000041fdffc002000048ffff3c70
:1087880000000000000080ffff7f000048ffff3c62
:1087980000000000000002bffffc3d0048ffff3c56
:1087a8000000000000000019e9ffe31248ffff3c49
:1087b800000000000000000048ffff3c000000002f
:1087c8000000000048ffff3c00000000000000001f
:1087d80048ffff3c000000000000000048ffff3c8d
:1087e800000000000000000048ffff3c00000000ff
:1087f8000000000048ffff3c0000000000000000ef
:1088080048ffff3c000000000000000048ffff3c5c
:10881800000000000000000048ffff3c00000000ce
:108828000000000048ffff3c0000000000000000be
:1088380048ffff3c000000000000000048ffff3c2c
:10884800000000000000000048ffff3c000000009e
:108858000000000048ffff3c00000000000000008e
:1088680048ffff3c000000000000000048ffff3cfc
:10887800000000000000000048ffff633434343477
:108888003434343248fffffffffffffffffffff8dc
:1088980048fffffffffffffffffffff848ffffff55
:1088a8009f000000000000000000000035ffffffef
:1088b800b048fffffff40c000000000000000000bb
:1088c8000097ffffffb048ffeff9ff6000000000ce
:1088d800000000000008efffe9ffb048ffe9aeff25
:1088e800c00000000000000000005bffe4aeffb025
:1088f80048fff74dfffe210000000000000000bd0a
:10890800ff85baffb048fffe04e8ff8000000000c2
:1089180000000020feff24c4ffb048ffff048dffc5
:10892800df0100000000000081ffc100c9ffb0485e
:10893800ffff092cffff41000000000001e0ff607d
:1089480000ceffb048ffff0c00ccffa100000000e4
:108958000044fff20b00d0ffb048ffff0c006cff93
:10896800f40c00000000a6ff9c0000d0ffb048fff8
:10897800ff0c0012f8ff6100000010f7ff3b000039
:10898800d0ffb048ffff0c0000abffc10000006a39
:10899800ffd9000000d0ffb048ffff0c00004bffdc
:1089a800fe220000ccff78000000d0ffb048ffff97
:1089b8000c000003e6ff81002dfffc1a000000d028
:1089c800ffb048ffff0c0000008affe0018fffb4f2
:1089d80000000000d0ffb048ffff0c0000002aff95
:1089e800ff47ebff5300000000d0ffb048ffff0c2b
:1089f80000000000c9ffe4ffeb0600000000d0ff04
:108a0800b048ffff0c0000000069ffffff8f000067
:108a1800000000d0ffb048ffff0c0000000010f875
:108a2800ffff2e0000000000d0ffb048ffff0c0041
:108a380000000000a8ffcc000000000000d0ffb03c
:108a480048ffffe30e000000000000000000c8ff20
:108a58009048ffffff97000000000000000000c8da
:108a6800ff9048fffffffe3e0000000000000000ee
:108a7800c8ff9048ffe8efffd90800000000000099
:108a880000c8ff9048ffdf64ffff86000000000079
:108a98000000c8ff9048ffee00befffb300000005a
:108aa800000000c8ff9048fff90023f6ffcc030040
:108ab80000000000c8ff9048ffff010074ffff7529
:108ac8000000000000c8ff9048ffff080003cbff2c
:108ad800f62400000000c8ff9048ffff0c00002e9d
:108ae800faffbe01000000c8ff9048ffff0c00001d
:108af8000084ffff65000000c8ff9048ffff0c00de
:108b0800000007d7fff01a0000c7ff9048ffff0cce
:108b1800000000003bfeffaf0000c4ff9048ffffcd
:108b28000c000000000094ffff5400bdff9048ffb8
:108b3800ff0c00000000000ce1ffe811b4ff9048b2
:108b4800ffff0c00000000000049ffff9ea7ff90f8
:108b580048ffff0c00000000000000a3ffffdaff41
:108b68009048ffff0c0000000000000013eaffff20
:108b7800ff9048ffff0c000000000000000058ffb5
:108b8800ffff9048ffff0c000000000000000000fd
:108b9800b2ffff900000000000207ec0e8f9f8e571
:108ba800b971120000000000000000068bfafffff8
:108bb800fffffffffffff26b00000000000007b996
:108bc800ffffd468270e102a6edeffff9100000019
:108bd800000093ffff980400000000000008aeffab
:108be800ff630000002afdffbf0100000000000035
:108bf800000006d8ffec0e000087ffff34000000dd
:108c08000000000000000053ffff690000d7ffd6f6
:108c1800000000000000000000000006efffb800a0
:108c280012ffff9b00000000000000000000000091
:108c3800bdfff0002bffff750000000000000000e2
:108c48000000000096ffff1241ffff6600000000d1
:108c5800000000000000000087ffff2240ffff67c0
:108c680000000000000000000000000088ffff2155
:108c780029ffff760000000000000000000000004f
:108c880098ffff1211ffff9e000000000000000087
:108c980000000000bfffef0000d5ffd90000000072
:108ca8000000000000000007f1ffb7000087ffff89
:108cb800370000000000000000000056ffff6600bb
:108cc800002afdffc201000000000000000007d9d3
:108cd800ffea0c00000093ffff9a04000000000068
:108ce8000009b1ffff5e0000000007baffffd5676b
:108cf800260d0f2a6fdfffff8a0000000000000624
:108d08008cfbfffffffffffffffff0640000000088
:108d18000000000000207fc1e9faf9e4b86e1000f5
:108d28000000000048fffffffffff9eac89033008a
:108d3800000048ffffffffffffffffffff9b04004e
:108d480048ffff3f04040d2968dcffff900048ff3f
:108d5800ff3c00000000000dd1fffc1c48ffff3c59
:108d680000000000000051ffff6048ffff3c0000ca
:108d78000000000021ffff7c48ffff3c00000000ce
:108d8800000025ffff6d48ffff3c000000000000c9
:108d98005cffff4148ffff3c000000000015daffc0
:108da800e00248ffff3c0003103378e6fffe4f0067
:108db80048ffffffffffffffffffee56000048ffe1
:108dc800fffffffffae4b9721200000048ffff3fff
:108dd8000402000000000000000048ffff3c000003
:108de800000000000000000048ffff3c00000000f9
:108df80000000000000048ffff3c000000000000e9
:108e08000000000048ffff3c0000000000000000d8
:108e1800000048ffff3c00000000000000000000c8
:108e280048ffff3c0000000000000000000048ff71
:108e3800ff3c0000000000000000000000000000ef
:108e480000207ec0e8f9f8e5b86f110000000000c6
:108e5800000000068bfafffffffffffffffff06730
:108e680000000000000007b9ffffd468270e102a91
:108e78006edeffff8d000000000093ffff980400e6
:108e8800000000000008aeffff600000002afdffa0
:108e9800bf01000000000000000006d8ffeb0d0035
:108ea8000087ffff340000000000000000000053ae
:108eb800ffff670000d7ffd6000000000000000099
:108ec80000000006efffb70012ffff9b0000000044
:108ed8000000000000000000bdfff0002bffff7540
:108ee80000000000000000000000000096ffff12d4
:108ef80041ffff66000000000000000000000000c5
:108f080087ffff2140ffff6700000000000000000e
:108f18000000000088ffff2129ffff760000000005
:108f2800000000000000000098ffff1211ffff9ee4
:108f3800000000000000000000000000bfffee007d
:108f480000d5ffd900000000000000000000000765
:108f5800f1ffba000087ffff3700000000000000a3
:108f680000000056ffff6a00002afdffc201000052
:108f780000000000000007d9ffef0d00000093ff7c
:108f8800ff9a0400000000000009b1ffff6a00001a
:108f9800000007baffffd567260d0f2a6fdfffff16
:108fa8009f000000000000068cfbffffffffffff93
:108fb800fffff87a010000000000000000207fc1d8
:108fc800e9faffffffb71a000000000000000000e8
:108fd80000000000000013dafff84700000000005e
:108fe800000000000000000000000024ebfff64233
:108ff8000000000000000000000000000000000069
:109008003bf8fff43c0000000000000000000000f6
:10901800000000000057fefff238000000000000ca
:1090280000000000000000000000567c7c6c02007c
:1090380048fffffffffffbeecf9a3f00000000480c
:10904800ffffffffffffffffffffad08000048ff26
:10905800ff3f0404091e55c5ffff9f000048ffff9e
:109068003c000000000004bdfffe200048ffff3c5c
:1090780000000000000048ffff610048ffff3c00bf
:10908800000000000020ffff7c0048ffff3c0000bc
:109098000000000024ffff730048ffff3c000000b1
:1090a80000000058ffff4b0048ffff3c0000000095
:1090b800000ad1ffe6050048ffff3f0404071d59d9
:1090c800d2fffa48000048ffffffffffffffffff46
:1090d800df4300000048ffffffffffffffffc4055d
:1090e8000000000048ffff3c0000007bffff40003d
:1090f80000000048ffff3c00000006d9ffd9070028
:10910800000048ffff3c0000000045ffff8300000f
:109118000048ffff3c0000000000aafffa2b0000f7
:1091280048ffff3c00000000001bf3ffc601004899
:10913800ffff3c00000000000074ffff6a0048ffca
:10914800ff3c00000000000004d4fff11a48ffffb4
:109158003c000000000000003effffae00000041a0
:109168009edbf3faedcc964c0a000005a5ffffff45
:10917800ffffffffffff66000092ffffa538140cfa
:10918800275eb5f4110013f9ffa7000000000000e6
:10919800000b00003effff4f000000000000000031
:1091a800000047ffff4f0000000000000000000023
:1091b8001fffffaf0000000000000000000000c318
:1091c800ffffa51500000000000000000026e9ffd1
:1091d800fff5983400000000000000001fbafffff0
:1091e800ffffce5f030000000000000040abfaff65
:1091f800ffffd12a00000000000000001678e8fff9
:10920800ffee240000000000000000000b9bffffa1
:10921800a90000000000000000000001c6fff300e4
:109228000000000000000000000083ffff090000ac
:10923800000000000000000091fff3000a00000099
:1092480000000000001bebffac0093c87e461d0b1e
:1092580009246ae5fff5280094ffffffffffffffe1
:10926800ffffe13b00002179b3d2e5f8f7e3b466ec
:109278000a000000b8ffffffffffffffffffffff2f
:10928800ffffff44b8ffffffffffffffffffffffe8
:10929800ffffff440204040404047affff0f0404e0
:1092a8000404040100000000000078ffff0c000027
:1092b8000000000000000000000078ffff0c000024
:1092c8000000000000000000000078ffff0c000014
:1092d8000000000000000000000078ffff0c000004
:1092e8000000000000000000000078ffff0c0000f4
:1092f8000000000000000000000078ffff0c0000e4
:109308000000000000000000000078ffff0c0000d3
:109318000000000000000000000078ffff0c0000c3
:109328000000000000000000000078ffff0c0000b3
:109338000000000000000000000078ffff0c0000a3
:109348000000000000000000000078ffff0c000093
:109358000000000000000000000078ffff0c000083
:109368000000000000000000000078ffff0c000073
:109378000000000000000000000078ffff0c000063
:109388000000000000000000000078ffff0c000053
:109398000000000000000000000078ffff0c000043
:1093a8000000000000000000000078ffff0c000033
:1093b800000000007cffff0c00000000000000001f
:1093c8000094ffec7cffff0c000000000000000090
:1093d8000094ffec7cffff0c000000000000000080
:1093e8000094ffec7cffff0c000000000000000070
:1093f8000094ffec7cffff0c000000000000000060
:109408000094ffec7cffff0c00000000000000004f
:109418000094ffec7cffff0c00000000000000003f
:109428000094ffec7cffff0c00000000000000002f
:109438000094ffec7cffff0c00000000000000001f
:109448000094ffec7cffff0c00000000000000000f
:109458000094ffec7cffff0c0000000000000000ff
:109468000094ffec7cffff0c0000000000000000ef
:109478000094ffec7bffff0c0000000000000000e0
:109488000094ffeb6dffff160000000000000000d5
:1094980000a0ffd74cffff3c0000000000000000c8
:1094a80000caffb80ff9ff95000000000000000097
:1094b80028feff6c0099fffb440000000000000a32
:1094c800c4ffee130012defffa913910091e5dd4b5
:1094d800ffff510000001fcdffffffffffffffff51
:1094e800ed4e00000000000255a9dff5f6debd6a6a
:1094f80012000000d2ffcc000000000000000000b5
:109508000010f8ff9d77ffff270000000000000013
:10951800000063ffff421dfeff8100000000000005
:10952800000000bdffe40200c0ffda0000000000f8
:1095380000000019fdff8b000065ffff35000000eb
:109548000000000071ffff30000010f8ff8f0000de
:109558000000000000caffd500000000aeffe602d0
:10956800000000000024ffff790000000053ffff07
:109578004300000000007efffe1f0000000007ef10
:10958800ff9d0000000000d7ffc20000000000009f
:109598009cfff00700000032ffff6700000000009a
:1095a8000041ffff520000008cfff912000000008c
:1095b800000001e3ffac000001e3ffb00000000081
:1095c800000000008afff70e003effff5500000074
:1095d80000000000002effff5a0093fff108000072
:1095e80000000000000000d3ffab01e3ff9e000075
:1095f800000000000000000078fff233ffff420087
:109608000000000000000000001dfeffa6ffe502ac
:109618000000000000000000000000c1fffdff8cfa
:1096280000000000000000000000000065ffffffd0
:109638003000000000000000000000000011f8ffea
:10964800d50000000000000087ffff1800000000a0
:1096580000000086ffff5e0000000000000015fe0d
:10966800ff8943ffff5900000000000000d0ffff02
:10967800ab0000000000000055ffff4508f7ff9a07
:109688000000000000001cfffffff20600000000c1
:10969800000096fff80900bcffdb00000000000096
:1096a80066ffd7f7ff46000000000000d6ffbd00a8
:1096b8000078ffff1d0000000000b1ff99c1ff9373
:1096c800000000000017ffff79000035ffff5e0073
:1096d80000000007f4ff587effe00000000000587b
:1096e800ffff35000002eeff9f0000000047ffff6c
:1096f8001634ffff2e0000000098ffee0200000065
:10970800adffe00000000092ffcf0001e7ff7b0003
:10971800000000d9ffad000000006affff22000032
:1097280000ddff8500009dffc800000019ffff69ec
:109738000000000026ffff63000028ffff3a00003a
:1097480051fffe1800005affff250000000000e24c
:10975800ffa4000073ffec0300000cf8ff63000097
:109768009bffe10000000000009fffe50000beff36
:10977800a500000000b8ffb00000dcff9d0000005d
:109788000000005bffff240af9ff5a000000006c8c
:10979800fff4051bffff5900000000000018ffff41
:1097a8005e45fffd130000000020ffff3d59fffe4e
:1097b8001600000000000000d4ff9784ffc50000d9
:1097c80000000000d4ff7f96ffd1000000000000d9
:1097d800000091ffc7b5ff7b00000000000087ff75
:1097e800b7c6ff8d00000000000000004dfff2e347
:1097f800ff300000000000003bffe7efff490000da
:109808000000000000000dfbffffe5000000000065
:10981800000002ecfffffa0b00000000000000004f
:1098280000c6ffff9b0000000000000000a3ffff30
:10983800c10000000000000000000082ffff51008e
:109848000000000000000056ffff7d00000000003f
:109858002bf9ffa300000000000000002dfbff7c97
:10986800000080ffff4300000000000001c6ffd198
:1098780005000006d4ffda07000000000069fffcbd
:10988800350000000037fdff810000000018efffe1
:109898008c0000000000008ffff928000000a9ffdd
:1098a800dc090000000000000adeffc0000048ffdd
:1098b800ff41000000000000000043ffff6009ded8
:1098c800ff9b000000000000000000009effec99d4
:1098d800ffe50f0000000000000000000010e7ff97
:1098e800ffff4f0000000000000000000000006bb8
:1098f800ffffc90000000000000000000000000396
:10990800cdfffffe3a00000000000000000000004c
:1099180076fff0c8ffd60600000000000000000037
:1099280022f6ff692afaff8000000000000000000c
:1099380000bbffc9020089fff92a000000000000ef
:109948000060fffc3000000be1ffc50100000000d3
:109958000016edff8d0000000050ffff6b000000b7
:109968000000a8ffe30c0000000000b3fff21c0099
:1099780000004bffff5000000000000021f6ffb27e
:1099880000000ce1ffb100000000000000007bffb8
:10999800ff560092fff41e000000000000000006c1
:1099a800d7ffe811bbfff012000000000000000024
:1099b80027fcff9233feff89000000000000000032
:1099c800acfff21500a8fff61a00000000000033f3
:1099d800feff7c000023faff97000000000000bb98
:1099e800ffe60a00000094fffa230000000041ff90
:1099f800ff660000000016f3ffa400000000c8ff87
:109a0800d703000000000080fffd2d000051ffff7c
:109a1800500000000000000ce9ffb20003d5ffc5ac
:109a280000000000000000006dffff3960ffff3bf1
:109a3800000000000000000005dcffc2e0ffaf00ee
:109a480000000000000000000059fffffffc280094
:109a580000000000000000000001cdffff99000099
:109a68000000000000000000000060ffff3400005c
:109a78000000000000000000000058ffff30000058
:109a88000000000000000000000058ffff30000048
:109a98000000000000000000000058ffff30000038
:109aa8000000000000000000000058ffff30000028
:109ab8000000000000000000000058ffff30000018
:109ac8000000000000000000000058ffff30000008
:109ad8000000000000000000000058ffff300000f8
:109ae8000000000098ffffffffffffffffffffffe1
:109af800ffa498ffffffffffffffffffffffff9d92
:109b080002040404040404040404bafff82900004d
:109b1800000000000000005effff7c000000000065
:109b28000000000016edffd1050000000000000055
:109b38000000a9fffc340000000000000000004ef7
:109b4800ffff8b0000000000000000000fe5ffdbb6
:109b5800090000000000000000009afffe4000001d
:109b68000000000000000040feff9a000000000016
:109b78000000000009dbffe50f0000000000000006
:109b880000008bffff4e00000000000000000033c3
:109b9800fcffa800000000000000000004d0ffec5b
:109ba800160000000000000000007cffff5d0000c0
:109bb8000000000000000028f8ffb70000000000c7
:109bc8000000000001c4fff31e00000000000000b8
:109bd80000006cffff6f040404040404040404037d
:109be800e8ffffffffffffffffffffffffecf0ffb6
:109bf800ffffffffffffffffffffffecc4ffffffbb
:109c0800ffff84c4ffffffffff84c4ffa504040413
:109c180002c4ffa400000000c4ffa400000000c4a8
:109c2800ffa400000000c4ffa400000000c4ffa4bb
:109c380000000000c4ffa400000000c4ffa400004e
:109c48000000c4ffa400000000c4ffa4000000003e
:109c5800c4ffa400000000c4ffa400000000c4ff6b
:109c6800a400000000c4ffa400000000c4ffa4007a
:109c7800000000c4ffa400000000c4ffa40000000e
:109c880000c4ffa400000000c4ffa400000000c43a
:109c9800ffa504040402c4ffffffffff84c4ffff05
:109ca800ffffff8489ffdd0100000000000000299c
:109cb800ffff3f0000000000000000caff9e0000f8
:109cc8000000000000006afff30b00000000000025
:109cd8000012f9ff5d0000000000000000acffbdad
:109ce80000000000000000004cfffe1e0000000005
:109cf80000000004e8ff7c00000000000000008d68
:109d0800ffdb00000000000000002effff3b00000a
:109d1800000000000000cfff9b00000000000000d2
:109d2800006ffff1090000000000000015faff5a5b
:109d38000000000000000000b0ffba0000000000b2
:109d480000000051fffd1c0000000000000005ebb2
:109d5800ff79000000000000000092ffd80000001a
:109d6800000000000033ffff380000000000000082
:109d780000d3ff98000000000000000074ffef0807
:109d88004cfffffffffff84cfffffffffff8010448
:109d9800040472fff80000000070fff800000000e3
:109da80070fff80000000070fff80000000070ff6e
:109db800f80000000070fff80000000070fff800d5
:109dc80000000070fff80000000070fff8000000bd
:109dd8000070fff80000000070fff800000000703d
:109de800fff80000000070fff80000000070fff8a6
:109df8000000000070fff80000000070fff800008d
:109e0800000070fff80000000070fff8000000007c
:109e180070fff80104040472fff84cffffffffff16
:109e2800f84cfffffffffff800000000000f804420
:109e380000000000000000000000007affe40800b5
:109e4800000000000000000009e9ffff74000000a6
:109e58000000000000006dffa9f7ec0d00000000f5
:109e680000000005e1fc1f91ff80000000000000d9
:109e78000060ffa70018f6f213000000000002d7e8
:109e8800ff3300008cff8c000000000054ffbf006f
:109e9800000015f4f71b00000000ccff4b00000089
:109ea8000087ff9800000047ffd50100000000125e
:109eb800f2fa230000c0ff6200000000000082ffe9
:109ec800a40039ffe70700000000000010effd2c98
:109ed800b3ff7a00000000000000007dffb0000022
:109ee800000404040404040404040404040110ff2a
:109ef800ffffffffffffffffffffff7c10ffffffdc
:109f0800ffffffffffffffffff7c00006c80801951
:109f180000005bffff9b0000007efffd3800000093
:109f28008bffd6090000007eff9200000000095a4e
:109f3800a7dcf5f9e2a93b00000001daffffffff0b
:109f4800fffffffe620000008fcf702c0c1856e256
:109f5800fff10d00000400000000000042ffff4a6e
:109f680000000000000000000005ffff670000007f
:109f780000000000020404f8ff7000001779bde437
:109f8800f8ffffffffff700056f4ffffffffffff22
:109f9800ffffff702dfaffec742e0e030000ffff89
:109fa800708fffff34000000000007ffff70b1ff53
:109fb800e100000000000035ffff70a3fff8090072
:109fc80000000005baffff7061ffffb32f0b235b92
:109fd800d3f3ebff7005c1fffffffffffff03fa8c2
:109fe800ff70000674cff7f5dc951e0075ff700052
:109ff800a0ffd80000000000000000000000a0ff43
:10a00800d80000000000000000000000a0ffd800f9
:10a0180000000000000000000000a0ffd8000000c1
:10a028000000000000000000a0ffd80000000000b1
:10a03800000000000000a0ffd500000000000000a4
:10a0480000000000a0ffce003eaee5f9e8ae4200f9
:10a058000000a0ffc474feffffffffffff8f00009a
:10a06800a0ffeffea9380f0e40c4ffff6c00a0ff51
:10a07800ffad000000000008cfffed09a0ffff3989
:10a0880000000000000053ffff50a0fffa0400008a
:10a09800000000000fffff85a0ffe10000000000a6
:10a0a800000000edffa0a0ffda00000000000000a3
:10a0b80000e3ffaba0ffe30000000000000000ee9b
:10a0c800ff9fa0fffc0700000000000012ffff84b4
:10a0d800a0ffff430000000000005affff4ea0ff52
:10a0e800ffbc02000000000ad5ffeb07a0fff4ff49
:10a0f800b33d0f0c3fc6ffff6600a0ff7c87ffff44
:10a10800ffffffffff870000a0ff410046b3e7fa0b
:10a11800e8ad3f00000000000000000b68bce4f957
:10a12800e6c99327000031daffffffffffffff3d7d
:10a138000018e8ffee6f200b2859920000a1fff9e4
:10a1480031000000000000000af4ff990000000040
:10a158000000000041ffff4c00000000000000006c
:10a168005bffff2600000000000000006effff1be1
:10a1780000000000000000005effff250000000056
:10a188000000000045ffff4a00000000000000003a
:10a198000ff8ff96000000000000000000acfff878
:10a1a8002c000000000000000020f0ffea671b0af6
:10a1b8002345973700003de5ffffffffffffff4402
:10a1c8000000001274c5e8fcf3cf80130000000003
:10a1d80000000000000000a0ffd800000000000000
:10a1e8000000000000a0ffd80000000000000000f0
:10a1f800000000a0ffd800000000000000000000e0
:10a2080000a0ffd80000000000000000000000a02f
:10a21800ffd80000000000000000000000a0ffd8e8
:10a22800000000259adef8ebbf56009cffd800001e
:10a2380057f9ffffffffffffa58effd80032faff97
:10a24800e65a130c3194fff1ffd800b9fff82a0041
:10a258000000000088ffffd815feff9b00000000eb
:10a26800000010faffd849ffff4f0000000000006f
:10a2780000c7ffd864ffff2700000000000000a50a
:10a28800ffd870ffff1b0000000000000099ffd8f6
:10a2980066ffff23000000000000009fffd84cff6e
:10a2a800ff4600000000000000b7ffd818ffff8d30
:10a2b80000000000000005edffd800c0fff21e00fe
:10a2c800000000006dffffd8003afcffde54120ac0
:10a2d8002b86fceeffd8000061fbffffffffffffae
:10a2e800a366ffd80000002a9ee1f9ebbf580039a9
:10a2f800ffd800000000000c6cc7eaf5d8932700cf
:10a308000000000027dafffffffffffff75b0000f8
:10a318000010e4ffde55130b39bffffb3400009536
:10a32800fff31f0000000008e2ffbe0005efff85f5
:10a3380000000000000076fffd183dffff45040403
:10a34800040404044dffff405affffffffffffff17
:10a35800ffffffffff576dffffffffffffffffff3f
:10a36800ffffff5c5dffff2200000000000000000f
:10a37800000042ffff47000000000000000000004e
:10a3880009f2ff9b00000000000000000000009898
:10a39800fffb410000000000000000000010deff8d
:10a3a800f8852d0b0b1f4f9f9e00000024ccffff4c
:10a3b800ffffffffffffb000000000055bb3dff801
:10a3c800f9e5ba6d1b000000000000001089d8f8fc
:10a3d800f1d47600000010d9ffffffffff800000d6
:10a3e8000082ffff7d18153e19000000cbffc80052
:10a3f80000000000000000ebff94000000000000d7
:10a408000001f4ff8400000000002a8de3ffffff35
:10a41800ffffff4c0094ffffffffffffffff4c0013
:10a42800020404f4ff850404040100000000f4ffa2
:10a43800840000000000000000f4ff840000000019
:10a4480000000000f4ff840000000000000000f499
:10a45800ff840000000000000000f4ff84000000fa
:10a468000000000000f4ff8400000000000000006d
:10a47800f4ff840000000000000000f4ff840000e6
:10a48800000000000000f4ff84000000000000004d
:10a4980000f4ff840000000000000000f4ff8400c6
:10a4a80000000000000000f4ff840000000000002d
:10a4b800000000239adff8ebba560033ffd80000fb
:10a4c8004df7ffffffffffffaa5cffd80026f7ff4d
:10a4d800e659120d349effeeffd800acfff72900b5
:10a4e8000000000088ffffd810fbff960000000066
:10a4f80000000cf5ffd845ffff4b000000000000ee
:10a5080000bfffd864ffff26000000000000009d88
:10a51800ffd870ffff1b0000000000000091ffd86b
:10a5280065ffff250000000000000096ffd849ffe6
:10a53800ff4700000000000000adffd814fdff8faa
:10a5480000000000000002e5ffd800b7fff320007c
:10a558000000000065ffffd80032fbffe156120a39
:10a568002b87fcf1ffd800005bfbffffffffffff1d
:10a57800ad94ffd8000000299ee1f9edc05f019776
:10a58800ffd800000000000000000000009bffd57d
:10a598000000000000000000000000b3ffc500003c
:10a5a800000000000000000009efff9e00110700f6
:10a5b80000000000000089ffff550048e68e4a2091
:10a5c8000d092f9effffd2030048ffffffffffff8b
:10a5d800ffffffd9230000095ca2d1eefbf9e8ba1e
:10a5e8006b0a0000a0ffd800000000000000000077
:10a5f8000000a0ffd80000000000000000000000dc
:10a60800a0ffd80000000000000000000000a0ff2c
:10a61800d80000000000000000000000a0ffd800e3
:10a6280000000000000000000000a0ffd8000000ab
:10a638000000000000000000a0ffd20035a3e3faec
:10a64800efc56e050000a0ffc16dfdffffffffff16
:10a65800ffc30800a0ffecfdba4312103abeffff8b
:10a668007800a0ffffbf030000000008e0ffce0055
:10a67800a0ffff440000000000008dfff800a0ffcd
:10a68800fb060000000000006dffff06a0ffe200cf
:10a6980000000000000068ffff08a0ffd8000000cd
:10a6a8000000000068ffff08a0ffd80000000000bd
:10a6b800000068ffff08a0ffd800000000000000ad
:10a6c80068ffff08a0ffd80000000000000068ff36
:10a6d800ff08a0ffd80000000000000068ffff0886
:10a6e800a0ffd80000000000000068ffff08a0ffde
:10a6f800d80000000000000068ffff08a0ffd80095
:10a7080000000000000068ffff0800006cf4a500ce
:10a71800c6ffff066df4a500000000000000000061
:10a7280000000000a0ffd800a0ffd800a0ffd800bc
:10a73800a0ffd800a0ffd800a0ffd800a0ffd80035
:10a74800a0ffd800a0ffd800a0ffd800a0ffd80025
:10a75800a0ffd800a0ffd800a0ffd800a0ffd80015
:10a76800000000006cf4a50000000000c6ffff0612
:10a77800000000006df4a5000000000000000000cb
:10a7880000000000000000000000000000000000c1
:10a7980000000000a0ffd80000000000a0ffd800c3
:10a7a80000000000a0ffd80000000000a0ffd800b3
:10a7b80000000000a0ffd80000000000a0ffd800a3
:10a7c80000000000a0ffd80000000000a0ffd80093
:10a7d80000000000a0ffd80000000000a0ffd80083
:10a7e80000000000a0ffd80000000000a0ffd80073
:10a7f80000000000a0ffd80000000000a0ffd80063
:10a8080000000000a0ffd80000000000a0ffd80052
:10a8180000000000a0ffd80000000000a2ffd50043
:10a8280000000000c1ffc1001f130e62feff84007c
:10a838008cffffffffeb180069e8fbecad27000079
:10a84800a0ffd000000000000000000000a0ffd022
:10a8580000000000000000000000a0ffd000000081
:10a8680000000000000000a0ffd000000000000071
:10a8780000000000a0ffd000000000000000000061
:10a8880000a0ffd000000000000000000000a0ffb2
:10a89800d0000000000029ebffc40aa0ffd0000090
:10a8a800000021e5ffce0f00a0ffd00000001add58
:10a8b800ffd6140000a0ffd0000014d5ffde1b0057
:10a8c8000000a0ffcf000ecdffe52200000000a091
:10a8d800ffca04bdffeb2a0000000000a0ffbd92e4
:10a8e800ffff69000000000000a0fff0ffffffe885
:10a8f800190000000000a0ffffd749f4ffc00300c3
:10a90800000000a0ffe410005dffff8600000000cb
:10a91800a0ffd00000009efffe4a000000a0ffd06c
:10a928000000000ad5ffed1e0000a0ffd0000000c7
:10a93800002bf5ffc70500a0ffd000000000006253
:10a94800ffff9000a0ffd0000000000000a3ffff61
:10a9580053000000a0ffd8a0ffd8a0ffd8a0ffd8c0
:10a96800a0ffd8a0ffd8a0ffd8a0ffd8a0ffd8a0ec
:10a97800ffd8a0ffd8a0ffd8a0ffd8a0ffd8a0ff7d
:10a98800d8a0ffd8a0ffd8a0ffd8a0ffd8a0ffd894
:10a99800a0ffd800a0ff730041b0e9f8e1a22e00a3
:10a9a800001789d6f6f4ce780700a0ff9c78ffff41
:10a9b800fffffffff64137ecffffffffffffc0047b
:10a9c800a0ffeefea2310c2075f8ffe0e5e7611a62
:10a9d8000d35bfffff63a0ffffad0000000000873b
:10a9e800fffffb2e000000000decffb3a0ffff39b6
:10a9f800000000000035ffffb1000000000000a9c2
:10aa0800ffd9a0fff904000000000018ffff77003d
:10aa180000000000008cffe6a0ffe100000000003d
:10aa28000014ffff6000000000000088ffe8a0ff9e
:10aa3800d800000000000014ffff5c0000000000c8
:10aa48000088ffe8a0ffd800000000000014ffff06
:10aa58005c00000000000088ffe8a0ffd8000000ac
:10aa680000000014ffff5c00000000000088ffe801
:10aa7800a0ffd800000000000014ffff5c000000e9
:10aa880000000088ffe8a0ffd800000000000014c4
:10aa9800ffff5c00000000000088ffe8a0ffd8006e
:10aaa800000000000014ffff5c00000000000088a8
:10aab800ffe8a0ffd800000000000014ffff5c00c2
:10aac800000000000088ffe8a0ffd8000000000098
:10aad8000014ffff5c00000000000088ffe8000091
:10aae800a0ff730036a2e2f9f0c670060000a0ffce
:10aaf8009c72fdffffffffffffc30800a0ffeefef3
:10ab0800bb4312103abeffff7800a0ffffc003004e
:10ab180000000008e0ffcf00a0ffff440000000095
:10ab280000008dfff800a0fffb06000000000000f9
:10ab38006dffff06a0ffe20000000000000068ffb4
:10ab4800ff08a0ffd80000000000000068ffff0811
:10ab5800a0ffd80000000000000068ffff08a0ff69
:10ab6800d80000000000000068ffff08a0ffd80020
:10ab780000000000000068ffff08a0ffd8000000e8
:10ab88000000000068ffff08a0ffd80000000000d8
:10ab9800000068ffff08a0ffd800000000000000c8
:10aba80068ffff08a0ffd80000000000000068ff51
:10abb800ff080000000000096fbfeaf9e2b95b0571
:10abc80000000000002ddfffffffffffffffc81d93
:10abd80000000019e9ffea681d0a2171f1ffd60992
:10abe8000000a0fff82c000000000039fcff8700df
:10abf8000cf9ff9800000000000000a4ffe80344df
:10ac0800ffff4b0000000000000055ffff3663ff08
:10ac1800ff25000000000000002effff526effff1e
:10ac28001b0000000000000023ffff665affff27fb
:10ac38000000000000000030ffff583dffff5000fb
:10ac48000000000000005affff3705ecffa00000dd
:10ac58000000000000abfff305008dfffb33000090
:10ac68000000003dfdff8f00000bdaffed6c1d09b1
:10ac78002072f2ffde1000000020cdffffffffff73
:10ac8800ffffd4220000000000075fbce5faeabb22
:10ac98006505000000000000a0ff76003aade5f968
:10aca800e8af45000000a0ff9c6afcffffffffff24
:10acb800ff910100a0ffebfdae3a0f0f44cdffff5f
:10acc8006f00a0ffffb000000000000ee0ffee09db
:10acd800a0ffff3600000000000071ffff51a0ff39
:10ace800f6030000000000001affff86a0ffdf0047
:10acf80000000000000001f9ffa0a0ffd90000003b
:10ad08000000000000e5ffaba0ffe4000000000029
:10ad1800000000f3ff9fa0fffd08000000000000f6
:10ad28001dffff83a0ffff470000000000006aff2f
:10ad3800ff4ca0ffffc0030000000014e1ffea067b
:10ad4800a0fff6ffb73e10114ad4ffff6500a0ff31
:10ad5800b787ffffffffffffff890000a0ffc900c3
:10ad680046b2e7fae8ae40000000a0ffd6000000b7
:10ad78000000000000000000a0ffd8000000000054
:10ad8800000000000000a0ffd80000000000000044
:10ad980000000000a0ffd800000000000000000034
:10ada8000000a0ffd8000000000000000000000024
:10adb800a0ffd80000000000000000000000a0ff75
:10adc800d800000000000000000000000000002182
:10add80097ddf8eabf570034ffd8000050f7ffffaf
:10ade800ffffffffa35effd8002ef8ffe458130d06
:10adf8003297ffe8ffd800b6fff7270000000000f1
:10ae08008affffd813fdff9900000000000011fa27
:10ae1800ffd849ffff4e00000000000000c7ffd820
:10ae280064ffff2700000000000000a6ffd870ffa5
:10ae3800ff1b0000000000000099ffd865ffff24f9
:10ae480000000000000000a0ffd84bffff460000f4
:10ae58000000000000bbffd817ffff8d00000000b6
:10ae6800000007f0ffd800bdfff11d000000000042
:10ae780074ffffd80038fcffde53120a2c8afded60
:10ae8800ffd800005efbffffffffffffa08fffd88a
:10ae98000000002aa0e2f9eabd55009cffd8000096
:10aea8000000000000000000009fffd80000000024
:10aeb80000000000000000a0ffd800000000000013
:10aec8000000000000a0ffd8000000000000000003
:10aed800000000a0ffd800000000000000000000f3
:10aee80000a0ffd80000000000000000000000a043
:10aef800ffd80000000000000000000000a0ffd8fc
:10af0800a0ff6f001691defdff13a0ff8826e2ff69
:10af1800fffff300a0ffacd8f0701e0f3700a0ffb2
:10af2800fff12a0000000000a0ffff6e00000000f3
:10af38000000a0fffd10000000000000a0ffe500d9
:10af4800000000000000a0ffd80000000000000082
:10af5800a0ffd800000000000000a0ffd8000000fb
:10af680000000000a0ffd800000000000000a0ffc3
:10af7800d800000000000000a0ffd800000000007a
:10af88000000a0ffd800000000000000a0ffd800cb
:10af98000000000000000000000038a0d4f0f9e62e
:10afa800b96e1d000099ffffffffffffffffa30021
:10afb8004dffff9b2e0d0f3782df3a008affdd0021
:10afc80000000000000100007cffef1300000000fb
:10afd8000000000025f8ffdf5a050000000000000f
:10afe8000045e7ffffe98d2b0000000000000c7012
:10aff800d9ffffffbb31000000000000003fa8fca4
:10b00800fffb5000000000000000002cdaffe60300
:10b01800000000000000000051ffff1d05000000b7
:10b028000000000069ffff1289b8672e0f071d6531
:10b03800f3ffc2008cffffffffffffffffdf2500cc
:10b048001269bce7f9fbeabe700b00000000003f84
:10b05800800600000000000000b8ff0c000000009f
:10b0680000000bf8ff0c0000000000005affff0c66
:10b078000000000030b3feffffffffffff608cff02
:10b08800ffffffffffffff6002046effff0f0404d6
:10b09800040100006cffff0c0000000000006cffc2
:10b0a800ff0c0000000000006cffff0c0000000017
:10b0b80000006cffff0c0000000000006cffff0c9c
:10b0c8000000000000006cffff0c00000000000002
:10b0d8006cffff0c00000000000068ffff1200007a
:10b0e8000000000053ffff400000000000001bfdaf
:10b0f800ffd3350a1b1f00000092ffffffffff7cf4
:10b10800000000036ccef5f4d6500000c8ffb40070
:10b118000000000000008cffecc8ffb40000000035
:10b128000000008cffecc8ffb40000000000000025
:10b138008cffecc8ffb4000000000000008cffec9e
:10b14800c8ffb4000000000000008cffecc8ffb48a
:10b15800000000000000008cffecc8ffb4000000f5
:10b16800000000008cffecc8ffb4000000000000e5
:10b17800008cffecc8ffb40000000000000097ff3f
:10b18800ecc7ffb800000000000000b7ffecbafff2
:10b19800d700000000000008f2ffec92fffd32002b
:10b1a800000000007cffffec3dffffe053180c306f
:10b1b80090fef2ffec0094ffffffffffffffbe5e73
:10b1c800ffec000053b7eafbecbd63022dffec0077
:10b1d800cfffcd000000000000000097fff70f6ec2
:10b1e800ffff2a00000000000005ecffa50013f98e
:10b1f800ff870000000000004fffff440000acff85
:10b20800e2010000000000abffe10100004bffff7e
:10b2180040000000000ff7ff8100000003e6ff9ddb
:10b228000000000064fffe210000000089fff10912
:10b23800000000c0ffbe000000000028ffff57000c
:10b24800001efeff5d000000000000c7ffb3000005
:10b2580078fff10a00000000000066fffa1200d42f
:10b26800ff9a000000000000000ef6ff612dffffae
:10b27800390000000000000000a4ffad81ffd700e6
:10b28800000000000000000043ffefcdff76000043
:10b298000000000000000001e0fffffc19000000b2
:10b2a8000000000000000081ffffb4000000000063
:10b2b800000000008dfff506000000000079ffff88
:10b2c80086000000000002efff8f47ffff3e0000ee
:10b2d800000000c9ffffd5000000000036ffff484e
:10b2e80009f7ff80000000001afef4f8ff230000b1
:10b2f800000079fff80900bbffc2000000006affe8
:10b30800bdc8ff7100000000bdffba000075fff95d
:10b318000a000000baff7f88ffbf00000008f7ff9f
:10b328007300002fffff46000010faff373ffffbb6
:10b3380011000044ffff2b000000e7ff8800005bbe
:10b34800ffeb0204f0ff5b000087ffe40000000051
:10b35800a2ffca0000acff9d0000a8ffa90000ca18
:10b36800ff9d000000005cfffc0e07f3ff4b000090
:10b378005afff1040efcff560000000017feff49bb
:10b3880046fff207000010fbff3d4bfffd120000d7
:10b39800000000d0ff8689ffa800000000bdff82e2
:10b3a80089ffc70000000000008affbcc6ff5600e6
:10b3b8000000006fffc3c2ff8000000000000044cf
:10b3c800ffeff7f70c0000000020fff5f2ff39004f
:10b3d800000000000007f6ffffb2000000000000b8
:10b3e800d2ffffef0300000000000000b7ffff607e
:10b3f80000000000000083ffffab00000000000019
:10b408000bdaffdb0b000000000022f4ffad0000a8
:10b4180035fbff950000000001c1ffe513000000a7
:10b428007bfffe4400000070fffe450000000002a4
:10b43800c3ffe20e0026f6ff8e0000000000002089
:10b44800f0ff9f02c6ffd207000000000000005b6b
:10b45800ffffb1fff82c000000000000000000a66c
:10b46800ffffff700000000000000000000042ff26
:10b47800fff7120000000000000000000bd9ffffda
:10b48800ffaa0000000000000000009afff467fe19
:10b49800ff610000000000000050ffff660092ffff
:10b4a800f324000000000019ebffb4000009d9ffe5
:10b4b800ca0500000001b9ffeb1800000037fcffc7
:10b4c8008600000070ffff52000000000084fffdae
:10b4d8003f002df8ffa000000000000005ceffe2ad
:10b4e80011000000c6ffd700000000000000008e19
:10b4f800fffd1a60ffff3700000000000002e5ffb3
:10b50800b8000af0ff9700000000000043ffff5852
:10b51800000096ffef0800000000009efff0080002
:10b528000031ffff570000000007f0ff99000000fe
:10b5380000ccffb70000000053ffff3900000000f7
:10b5480066fffc1a000000aeffd800000000000de6
:10b55800f4ff7700000ff8ff790000000000009c5e
:10b56800ffd6000062fffd1c00000000000037ff4e
:10b57800ff3000b7ffba0000000000000000d1ff54
:10b588008710faff5a00000000000000006cffd38b
:10b598005afff109000000000000000010f6ffbd8e
:10b5a800ff9b00000000000000000000a2ffffff5a
:10b5b8003b000000000000000000003dffffda0033
:10b5c800000000000000000000000dfcff7b0000f0
:10b5d80000000000000000000065fffd1e000000e4
:10b5e8000000000000000000ceffb50000000000d1
:10b5f8000000000000005fffff3d000000000000a9
:10b6080000140a196ef7ffaf0000000000000000e8
:10b61800b0ffffffffdb11000000000000000096f4
:10b62800f4fbe0921400000000000000000000009d
:10b6380070ffffffffffffffffffe00070ffffff4e
:10b64800ffffffffffffdf000104040404040439c7
:10b65800fbff7d000000000000000cdbffc10300c1
:10b668000000000000009fffee1d00000000000029
:10b678000055ffff53000000000000001deeff9a78
:10b688000000000000000002c0ffd70a0000000010
:10b698000000007afff8300000000000000036fbd0
:10b6a800ff6f000000000000000cdbffb601000087
:10b6b80000000000009fffe71600000000000000e7
:10b6c80056fffe4a0404040404040400dfffffffdd
:10b6d800ffffffffffffff10e8ffffffffffffff78
:10b6e800ffffff1000000000000155b4e7bb000099
:10b6f800000003b0ffffffc00000000067ffffa8c5
:10b70800300b00000000b4ffdb0300000000000065
:10b71800caffab00000000000000ccffa40000003e
:10b7280000000000ccffa400000000000000ccffd7
:10b73800a400000000000000d3ff9f0000000000ec
:10b748000011f9ff7d000000011545c8fff01a003f
:10b75800000038fffff0a3230000000038ffffeed1
:10b76800a02200000000001343c8fff01a000000e8
:10b7780000000012faff7e00000000000000d4ff65
:10b78800a000000000000000ccffa40000000000a2
:10b798000000ccffa400000000000000ccffa400c3
:10b7a800000000000000caffaa000000000000001e
:10b7b800b5ffd9020000000000006bffffa52f0aab
:10b7c8000000000005b8ffffffc0000000000002f5
:10b7d8005eb9eabc50ffbc50ffbc50ffbc50ffbc78
:10b7e80050ffbc50ffbc50ffbc50ffbc50ffbc50ca
:10b7f800ffbc50ffbc50ffbc50ffbc50ffbc50ff0b
:10b80800bc50ffbc50ffbc50ffbc50ffbc50ffbc3d
:10b8180050ffbc50ffbc50ffbc50ffbc50ffbc5099
:10b82800ffbc50ffbc50ffbc1bf6db9d3000000086
:10b8380000001cfffffffd630000000000164edc47
:10b84800fff7160000000000003bffff5800000053
:10b8580000000006ffff6e00000000000000ffff70
:10b868007000000000000000ffff700000000000f2
:10b878000000ffff7000000000000000fcff7800df
:10b88800000000000000dbffb00000000000000026
:10b8980069ffff922d0c000000000057c1feffdc7d
:10b8a800000000000051bbfeffdc0000000065ff47
:10b8b800ff8a280900000000d9ffab000000000043
:10b8c8000000fcff7600000000000000ffff700091
:10b8d800000000000000ffff7000000000000000f2
:10b8e800ffff7000000000000007ffff6e0000006f
:10b8f8000000003cffff5700000000154eddfff57b
:10b90800140000001cfffffffb5a000000001bf79b
:10b91800da982900000000000043c4f6e7bb5e0582
:10b9280000000000116750fdffffffffffe07025da
:10b938000f4fdd9898de500f2772e2ffffffffffe1
:10b94800fc4d671100000000055dbae7f6c33f0033
:020000040000fa
:020000040c01ed
:10b95800ffffffffffffffffffffffffffffffffef
:10b96800deffbbfe96f551f40df34bea29ea6beacc
:10b978000df372f4d7f51cffffffffffffff9ef7e3
:10b988009ef7ffffffffffffffffffffffffffff28
:10b99800ffffffffffffffffffffffffffffffffaf
:10b9a800ffffffffffffffffffffffffffffffff9f
:10b9b800ffffffffffffffffffffffffffffffff8f
:10b9c800ffffffffffffffffffffffffffffffff7f
:10b9d800ffffffffffffffffffffffffffffffff6f
:10b9e800ffffffffffffffffffffffffffffffff5f
:10b9f800ffffffffffffffffffffffffffffffff4f
:10ba0800ffffffffffffffffffffffffffffffff3e
:10ba1800ffffffffffffffffffffffffffffffff2e
:10ba2800ffffffffffffffffffffffffffffffff1e
:10ba3800ffffffffffffffffffffffffffffffff0e
:10ba4800ffffffffffffffffffffffffffff79fe85
:10ba5800ecea68e9e6e8e6e8e6e8e6e8e6e8e6e8e3
:10ba6800e6e8e6e806e988e952f4dfff3ce7ae736a
:10ba780092949defffffffffffffffffffffffff18
:10ba8800ffffffffffffffffffffffffffffffffbe
:10ba9800ffffffffffffffffffffffffffffffffae
:10baa800ffffffffffffffffffffffffffffffff9e
:10bab800ffffffffffffffffffffffffffffffff8e
:10bac800ffffffffffffffffffffffffffffffff7e
:10bad800ffffffffffffffffffffffffffffffff6e
:10bae800ffffffffffffffffffffffffffffffff5e
:10baf800ffffffffffffffffffffffffffffffff4e
:10bb0800ffffffffffffffffffffffffffffffff3d
:10bb1800ffffffffffffffffffffffffffffffff2d
:10bb2800ffffffffffffffffffffffffffffffff1d
:10bb3800ffffffffffffffffffff1cfff0f306e91a
:10bb4800e6e8e6e8e6e8e6e8e6e8e6e8e6e8e6e87d
:10bb5800e6e8e6e8e6e8e6e847e959febad68e738d
:10bb68008e735ce7ffffffffffffffffffffffff95
:10bb7800ffffffffffffffffffffffffffffffffcd
:10bb8800ffffffffffffffffffffffffffffffffbd
:10bb9800ffffffffffffffffffffffffffffffffad
:10bba800ffffffffffffffffffffffffffffffff9d
:10bbb800ffffffffffffffffffffffffffffffff8d
:10bbc800ffffffffffffffffffffffffffffffff7d
:10bbd800ffffffffffffffffffffffffffffffff6d
:10bbe800ffffffffffffffffffffffffffffffff5d
:10bbf800ffffffffffffffffffffffffffffffff4d
:10bc0800ffffffffffffffffffffffffffffffff3c
:10bc1800ffffffffffffffffffffffffffffffff2c
:10bc2800ffffffffffffffff79fee9e9e6e8e6e82f
:10bc3800e6e8e6e8e6e8e6e8e6e8e6e8e6e8e6e88c
:10bc4800e6e8e6e8e6e8e6e8e6e80aea7df779ce37
:10bc580079cedfffffffffffffffffffffffffffc3
:10bc6800ffffffffffffffffffffffffffffffffdc
:10bc7800ffffffffffffffffffffffffffffffffcc
:10bc8800ffffffffffffffffffffffffffffffffbc
:10bc9800ffffffffffffffffffffffffffffffffac
:10bca800ffffffffffffffffffffffffffffffff9c
:10bcb800ffffffffffffffffffffffffffffffff8c
:10bcc800ffffffffffffffffffffffffffffffff7c
:10bcd800ffffffffffffffffffffffffffffffff6c
:10bce800ffffffffffffffffffffffffffffffff5c
:10bcf800ffffffffffffffffffffffffffffffff4c
:10bd0800ffffffffffffffffffffffffffffffff3b
:10bd1800ffffffffffff38f688e9e6e8e6e8e6e818
:10bd2800e6e8e6e8e6e8e6e8e6e8e6e8e6e8e6e89b
:10bd3800e6e8e6e8e6e8e6e8e6e8e6e852f4dfff03
:10bd4800fffffffffffffffffffffffffffffffffb
:10bd5800ffffffffdfff1ce77defffffffffffff98
:10bd6800ffffffffffffffff9def1bdfffffffff51
:10bd7800ffffffffffffffffffffffffffffffffcb
:10bd8800ffffffffffffffffffffffffffffffffbb
:10bd9800ffffffffffffffffffffffffffffffffab
:10bda800ffffffffffffffffffffffffffffffff9b
:10bdb800ffffffffffffffffffffffffffffffff8b
:10bdc800ffffffffffffffffffffffffffffffff7b
:10bdd800ffffffffffffffffffffffffffffffff6b
:10bde800ffffffffffffffffffffffffffffffff5b
:10bdf800ffffffffffffffffffffffffffffffff4b
:10be0800ffffffffbafea8e9e6e8e6e8e6e8e6e8ad
:10be180026e96ef3c8e9e6e8e6e8e6e8e6e8e6e8f3
:10be2800e6e8e6e847e92df347e9e6e888e9dbfed6
:10be3800ffffffffffffffffffffffffffffffff0a
:10be4800ffffffff55ad0421c739fbdefffffffff2
:10be5800ffffffffffff5ce7a631e318b294ffff87
:10be6800ffffffffffffffffffffffffffffffffda
:10be7800ffffffffffffffffffffffffffffffffca
:10be8800ffffffffffffffffffffffffffffffffba
:10be9800ffffffffffffffffffffffffffffffffaa
:10bea800ffffffffffffffffffffffffffffffff9a
:10beb800ffffffffffffffffffffffffffffffff8a
:10bec800ffffffffffffffffffffffffffffffff7a
:10bed800ffffffffffffffffffffffffffffffff6a
:10bee800ffffffffffffffffffffffffffffffff5a
:10bef800ffffdeffedeae6e8e6e8e6e8e6e8e6e882
:10bf0800d3f4ffffbafea8e9e6e8e6e8e6e8e6e8e3
:10bf1800e6e806e955f5ffff17f647e9e6e8edea32
:10bf2800beffffffffffffffffffffffffffffff5a
:10bf3800ffffffffe739000000008e73ffffffffe0
:10bf4800ffffffffdfffeb5a000000002842bef7ab
:10bf5800ffffffffffffffffffffffffffffffffe9
:10bf6800ffffffffffffffffffffffffffffffffd9
:10bf7800ffffffffffffffffffffffffffffffffc9
:10bf8800ffffffffffffffffffffffffffffffffb9
:10bf9800ffffffffffffffffffffffffffffffffa9
:10bfa800ffffffffffffffffffffffffffffffff99
:10bfb800ffffffffffffffffffffffffffffffff89
:10bfc800ffffffffffffffffffffffffffffffff79
:10bfd800ffffffffffffffffffffffffffffffff69
:10bfe800ffffd3f4e6e8e6e8e6e8e6e8e6e86df31e
:10bff800deffffffffff13f5e6e8e6e8e6e8e6e820
:10c00800e6e830f4dfffffffdeffcff3e6e8e6e81f
:10c01800b3f4ffffffffffffffffffffffffffff7f
:10c02800ffffdef704210000000082103ce7ffff5d
:10c03800fffffffffbdee4200000000065295def45
:10c04800fffffffffffffffffffffffffffffffff8
:10c05800ffffffffffffffffffffffffffffffffe8
:10c06800ffffffffffffffffffffffffffffffffd8
:10c07800ffffffffffffffffffffffffffffffffc8
:10c08800ffffffffffffffffffffffffffffffffb8
:10c09800ffffffffffffffffffffffffffffffffa8
:10c0a800ffffffffffffffffffffffffffffffff98
:10c0b800ffffffffffffffffffffffffffffffff88
:10c0c800ffffffffffffffffffffffffffffffff78
:10c0d8005cffc9e9e6e8e6e8e6e8e6e809ea3cffe5
:10c0e800ffffffffffffdfff0cf3e6e8e6e8e6e807
:10c0f8006aea5dffffffffffffff9dff2aeae6e810
:10c10800e9e91cffffffffffffffffffffffffff46
:10c11800ffff7defa210000000000000718cffff00
:10c12800ffffffff34a5210800000000e3181ce70b
:10c13800ffffd39c4d6bae73bef7dfff75ad2c636d
:10c14800aa52aa52aa52aa52ab5acf7b3ce73ce762
:10c158006d6b4d6b4d6b4d6b4d6b4d6b6d6b718c92
:10c16800fbdeffffbef796b54d6baa52aa52aa5244
:10c17800aa52cb5a92947defffffffffb6b56d6bc5
:10c18800aa52aa52aa52aa52cb5aae731bdf3ce754
:10c198004d6b4d6b1bdfffffffffffff79ce4d6b34
:10c1a80030849ef755ad4d6b3084bef792944d6b3d
:10c1b8004d6b4d6b4d6b4d6b4d6bef7bf7bddfffe3
:10c1c800d7f506e9e6e8e6e8e6e8e6e896f5ffffeb
:10c1d800ffffffffffffffff79fe67e9e6e806e9db
:10c1e80058feffffffffffffffffffffd6f526e921
:10c1f800e6e86febffffffffffffffffffffffff1b
:10c20800ffff3ce7410800000000000008429ef7dd
:10c21800ffffffff294a0000000000008210bad685
:10c22800ffff8a520000c3189def14a541080000c3
:10c23800000000000000000000000000718cbad669
:10c2480021080000000000000000000000000000bd
:10c25800cb5adef7b6b562100000000000000000ff
:10c268000000000020002c63ffffd7bd610800001c
:10c2780000000000000000000000000010849ad6b2
:10c288000000000059ceffffffffffff55ad000083
:10c2980086317def8e73000086317def28420000e5
:10c2a800000000000000000000000000a210bad644
:10c2b80010f4e6e8e6e8e6e8e6e8e6e875f5ffff04
:10c2c800ffffffffffffffffffff30f4e6e826e96f
:10c2d80058feffffffffffffffffffffbeff2df32d
:10c2e800e6e8e6e896f5ffffffffffffffffffff29
:10c2f800ffff79ce00000000e3180000821099cefd
:10c30800ffff9ad64108000082102000410859ce4c
:10c31800ffff8a520000c3185defe84100000000eb
:10c328006210a318a318a318a318a31810849ad6e8
:10c3380021080000a210a318a318a31841080000a0
:10c3480045295ce7ae7300000000a2100421042117
:10c35800c3182000000061089def494a0000000052
:10c368004108a318a318a318a318a31810849ad6d1
:10c378000000000059ceffffffffffff55ad000092
:10c3880086317def8e73000086317def28420000f4
:10c398004108a318a318a318821000000000518cac
:10c3a8006aeae6e8e6e8e6e8e6e8e6e809ea5dffdc
:10c3b800ffffffffffffffffffffbeff6aeae6e8a0
:10c3c800ccea9effffffffffffffffffffff5cffc1
:10c3d800a8e9e6e82aea7dffffffffffffffffff6e
:10c3e800ffff34a500000000cf7b41080000cf7b91
:10c3f800dfffeb5a000000004d6b82102108d7bd0b
:10c40800ffff8a520000c3181ce765290000863127
:10c41800bad6fbdefbdefbdefbdefbde7def9ad66b
:10c428002108000079cefbdefbdefbded29421087a
:10c43800e3181bdfcb5a0000863199ce1ce71ce7b6
:10c448001bdf0c6300000000bad66631000004212f
:10c458009ad6fbdefbdefbdefbdefbde7def9ad64b
:10c468000000000059ceffffffffffff55ad0000a1
:10c4780086317def8e73000086317def2842000003
:10c488006d6bfbdefbdefbdebad604210000ec623e
:10c4980046e9e6e8e6e847e954f5c8e9e6e830f4ad
:10c4a800fffffffffffffffffffffffff7f527e994
:10c4b80006e954f5ffffffffffffffffffffffff48
:10c4c80054f506e9e6e852f4ffffffffffffffff20
:10c4d800ffffcf7b00002000f7bd24210000a21041
:10c4e80059ce04210000c31838c6c318000034a56b
:10c4f800ffff8a520000c3181ce765290000518c11
:10c50800ffffffffffffffffffffffffffffbad6a1
:10c51800210800007defffffffffffffd7bd4108a7
:10c52800e4201ce708420000eb5affffffffffff73
:10c53800ffff18c600000000bad6652900002c636a
:10c54800ffffffffffffffffffffffffffffbad661
:10c55800000000000421452945294529e318000069
:10c5680086317def8e73000086317def2842000012
:10c57800ef7bffffffffffffffffc73900008a5275
:10c58800e6e8e6e806e955f5ffff54f5e6e806e9ca
:10c59800f7f5ffffffffffffffffffffdeff6ef373
:10c5a800e6e867e9fafeffffffffffffffffffff77
:10c5b8009dff6beae6e806e918feffffffffffffb5
:10c5c800ffffcb5a000062103ce74d6b00000000f3
:10c5d800e73921080000ef7b1ce7e4200000ef7b2f
:10c5e800ffff8a520000c3181ce765290000b294b7
:10c5f800ffffffffffffffffffffffffffffbad6b1
:10c60800210800008e73cf7bcf7bcf7b494a000087
:10c6180086317def08420000eb5affffffffffff66
:10c62800ffff58c600000000bad6652900006d6bf0
:10c63800ffffffffffffffffffffffffffffbad670
:10c6480000000000000000000000000000000000e2
:10c6580086317def8e73000086317def2842000021
:10c66800494ab294b294b294518ca21000002c633f
:10c67800e6e8e6e82df3beffffffffff4df3e6e82f
:10c688008bea7dffffffffffffffffffffff7cff40
:10c69800e9e9e6e84df3befffffffffffffffffffd
:10c6a800ffffb9fe67e9e6e8acea9effffffffff80
:10c6b800def7294a0000a3187defdad6410800000a
:10c6c80000000000821099ce7def24210000aa52bc
:10c6d800ffff8a520000c3181ce7652900009294e6
:10c6e800ffffffffffffffffffffffffffffbad6c0
:10c6f8002108000000000000000000000000000009
:10c708001084ffff08420000eb5affffffffffff06
:10c71800ffff58c600000000bad6652900006d6bff
:10c72800ffffffffffffffffffffffffffffbad67f
:10c7380000000000c318042104210421a3180000ec
:10c7480086317def8e73000086317def2842000030
:10c758000000000000000000000000000000b2948b
:10c7680046e967e93bffffffffffffff9afe67e926
:10c7780006e9d3f4ffffffffffffffffffffffff07
:10c7880076f506e926e9f7f5ffffffffffffffff54
:10c79800ffffffffb2f4e6e847e9fbfefffffffffc
:10c7a800bef7a6310000e420dfffffff694a000062
:10c7b8000000000008429ef79ef7863100006529b8
:10c7c800ffff8a520000c3181ce7652900002c638c
:10c7d800ffffffffffffffffffffffffffffbad6cf
:10c7e8002108000000000000000000000000000018
:10c7f800eb5adef78a520000694adef7ffffffffb7
:10c80800ffff55ad00000000bad665290000494a6f
:10c81800ffffffffffffffffffffffffffffbad68e
:10c8280000000000b6b51ce71ce71ce7d39c00001d
:10c8380086317def8e73000086317def284200003f
:10c84800000000000000000000000000e420fbde03
:10c85800abeaf7f5ffffffffffffffffffff51f414
:10c86800e6e826e999feffffffffffffffffffff56
:10c878009dffcceae6e8c8e93cffffffffffffffaa
:10c88800ffffffff3cff2aeac9e93cffffffffff6c
:10c898007def24210000a631ffffffff14a521082a
:10c8a80000000000518cffffbef7e7390000e318d5
:10c8b800bef78a520000c3183ce7a63100002108e1
:10c8c800694aaa52aa52aa52aa52aa52d39c9ad6e2
:10c8d80021080000f39c55ad55ad55adeb5a00004d
:10c8e80045295ce72c6300004108494aaa52aa522c
:10c8f8008a52a210000020003ce7a739000000007f
:10c90800aa524d6b4d6b4d6b4d6b4d6bd39c9ad6ac
:10c918000000000059ceffffffffffff55ad0000ec
:10c9280086317def8e73000086317def284200004e
:10c93800494ab294b294b294b294b2949ad6ffff90
:10c94800bafedeffffffffffffffffffffff58fefe
:10c95800e6e8e6e8eceabeffffffffffffffffffa8
:10c96800ffff1bff67e9e6e8cff3dfffffffffffed
:10c97800ffffffffffff38f62debbeffffffffffb6
:10c98800fbdec3180000cb5affffffff1bdf24218b
:10c998000000a3183ce7ffffdfff294a00008210d0
:10c9a8005def8a520000c3189def4d6b0000000038
:10c9b8000000000000000000000000006d6b9ad627
:10c9c800210800007defffffffffffff75ad20008e
:10c9d80045293ce7f39c200000000000000000000f
:10c9e800000000000000a631dfff518c00000000ad
:10c9f8000000000000000000000000000c639ad650
:10ca08000000000059ceffffffffffff55ad0000fb
:10ca180086317def8e73000086317def284200005d
:10ca2800ef7bffffffffffffffffffffffffffffa2
:10ca3800ffffffffffffffffffffffff9dffcceaa8
:10ca4800e6e8e6e806e995f5ffffffffffffffffd1
:10ca5800ffffbeffabeae6e867e959feffffffff0d
:10ca6800ffffffffffffffff1bffffffffffffffb2
:10ca7800bad6e7394529718cffffffffffffdbdee0
:10ca8800d39cdbdeffffffffffff8e73452965297f
:10ca98003ce76d6b4529e7399ef79defaa520421c3
:10caa800a318a318a318a318c3186529f7bddbdebc
:10cab800663145299deffffffffffffff7bd6529a1
:10cac800694a5def5ce7cb5a0421a318a318a318a1
:10cad800a318e318e73959ceffff9ef7aa5204219d
:10cae800a318a318a318a318a318452975addbde4e
:10caf800652965299ad6ffffffffffffd6b565298f
:10cb0800aa527def518c4529aa527def2c63452905
:10cb18009294fffffffffffffffffffffffffffff5
:10cb2800fffffffffffffffffffffffff3f406e933
:10cb3800e6e8e6e8e6e867e91bffffffffffffff1f
:10cb4800ffff71f4e6e8e6e8e6e84aeabeffffff21
:10cb5800ffffffffffffffffffffffffffffffffdd
:10cb6800dfff5def5ce79ef7ffffffffffffffffc3
:10cb7800ffffffffffffffffffff9def5ce75ce7a5
:10cb8800dfff7def5ce75defffffffffbef73ce7f0
:10cb9800fbdefbdefbdefbdefbde5defffffdfff28
:10cba8005ce75ce7ffffffffffffffffdef75ce7e7
:10cbb8007defffffffffbef73ce7fbdefbdefbdea2
:10cbc800fbde1bdf7defffffffffffffbef71ce76c
:10cbd800fbdefbdefbdefbdefbde3ce7ffffdfff11
:10cbe8005ce75ce7dfffffffffffffffbef75ce7e7
:10cbf8007defffff9ef75ce77defffff7def5ce7d2
:10cc08009ef7ffffffffffffffffffffffffffff95
:10cc1800ffffffffffffffffffff79fe47e9e6e8a1
:10cc2800e6e8e6e8e6e8e6e86ef3beffffffffffaa
:10cc380079fe67e9e6e8e6e8e6e8e6e892f4dfff89
:10cc4800ffffffffffffffffffffffffffffffffec
:10cc5800ffffffffffffffffffffffffffffffffdc
:10cc6800ffffffffffffffffffffffffffffffffcc
:10cc7800ffffffffffffffffffffffffffffffffbc
:10cc8800ffffffffffffffffffffffffffffffffac
:10cc9800ffffffffffffffffffffffffffffffff9c
:10cca800ffffffffffffffffffffffffffffffff8c
:10ccb800ffffffffffffffffffffffffffffffff7c
:10ccc800ffffffffffffffffffffffffffffffff6c
:10ccd800ffffffffffffffffffffffffffffffff5c
:10cce800ffffffffffffffffffffffffffffffff4c
:10ccf800ffffffffffffffffffffffffffffffff3c
:10cd0800ffffffffffffffff3cff09eae6e8e6e859
:10cd1800e6e8e6e8e6e8e6e827e938f6ffffdfffb9
:10cd2800abeae6e8e6e8e6e8e6e8e6e888e9fbfef6
:10cd3800fffffffffffffffffffffffffffffffffb
:10cd4800ffffffffffffffffffffffffffffffffeb
:10cd5800ffffffffffffffffffffffffffffffffdb
:10cd6800ffffffffffffffffffffffffffffffffcb
:10cd7800ffffffffffffffffffffffffffffffffbb
:10cd8800ffffffffffffffffffffffffffffffffab
:10cd9800ffffffffffffffffffffffffffffffff9b
:10cda800ffffffffffffffffffffffffffffffff8b
:10cdb800ffffffffffffffffffffffffffffffff7b
:10cdc800ffffffffffffffffffffffffffffffff6b
:10cdd800ffffffffffffffffffffffffffffffff5b
:10cde800ffffffffffffffffffffffffffffffff4b
:10cdf800ffffffffffffdffff0f3e6e8e6e8e6e806
:10ce0800e6e8e6e8e6e8e6e8e6e8e9e9d6f58ef3f6
:10ce1800e6e8e6e8e6e8e6e8e6e8e6e8e6e80deb70
:10ce2800beffffffffffffffffffffffffffffff4b
:10ce3800fffffffffffffffffffffffffffffffffa
:10ce4800ffffffffffffffffffffffffffffffffea
:10ce5800ffffffffffffffffffffffffffffffffda
:10ce6800ffffffffffffffffffffffffffffffffca
:10ce7800ffffffffffffffffffffffffffffffffba
:10ce8800ffffffffffffffffffffffffffffffffaa
:10ce9800ffffffffffffffffffffffffffffffff9a
:10cea800ffffffffffffffffffffffffffffffff8a
:10ceb800ffffffffffffffffffffffffffffffff7a
:10cec800ffffffffffffffffffffffffffffffff6a
:10ced800ffffffffffffffffffffffffffffffff5a
:10cee800ffffffffffff5cff67e9e6e8e6e8e6e82b
:10cef800e6e8e6e8e6e8e6e8e6e8e6e806e9e6e899
:10cf0800e6e8e6e8e6e8e6e8e6e8e6e8e6e8e6e8a9
:10cf1800f3f4ffffffffffffffffffffffffffff30
:10cf2800ffffffffffffffffffffffffffffffff09
:10cf3800fffffffffffffffffffffffffffffffff9
:10cf4800ffffffffffffffffffffffffffffffffe9
:10cf5800ffffffffffffffffffffffffffffffffd9
:10cf6800ffffffffffffffffffffffffffffffffc9
:10cf7800ffffffffffffffffffffffffffffffffb9
:10cf8800ffffffffffffffffffffffffffffffffa9
:10cf9800ffffffffffffffffffffffffffffffff99
:10cfa800ffffffffffffffffffffffffffffffff89
:10cfb800ffffffffffffffffffffffffffffffff79
:10cfc800ffffffffffffffffffffffffffffffff69
:10cfd800ffffffffffffffff59fe09eae6e8e6e86b
:10cfe800e6e8e6e8e6e8e6e8e6e8e6e8e6e8e6e8c9
:10cff800e6e8e6e8e6e8e6e8e6e8e6e8e6e82aea73
:10d0080058feffffffffffffffffffffffffffffd0
:10d01800ffffffffffffffffffffffffffffffff18
:10d02800ffffffffffffffffffffffffffffffff08
:10d03800fffffffffffffffffffffffffffffffff8
:10d04800ffffffffffffffffffffffffffffffffe8
:10d05800ffffffffffffffffffffffffffffffffd8
:10d06800ffffffffffffffffffffffffffffffffc8
:10d07800ffffffffffffffffffffffffffffffffb8
:10d08800ffffffffffffffffffffffffffffffffa8
:10d09800ffffffffffffffffffffffffffffffff98
:10d0a800ffffffffffffffffffffffffffffffff88
:10d0b800ffffffffffffffffffffffffffffffff78
:10d0c800ffffffffffffffffffff3cff6ef3e6e8f8
:10d0d800e6e8e6e8e6e8e6e8e6e8e6e8e6e8e6e8d8
:10d0e800e6e8e6e8e6e8e6e8e6e8e6e88eeb3cffb0
:10d0f800ffffffffffffffffffffffffffffffff38
:10d10800ffffffffffffffffffffffffffffffff27
:10d11800ffffffffffffffffffffffffffffffff17
:10d12800ffffffffffffffffffffffffffffffff07
:10d13800fffffffffffffffffffffffffffffffff7
:10d14800ffffffffffffffffffffffffffffffffe7
:10d15800ffffffffffffffffffffffffffffffffd7
:10d16800ffffffffffffffffffffffffffffffffc7
:10d17800ffffffffffffffffffffffffffffffffb7
:10d18800ffffffffffffffffffffffffffffffffa7
:10d19800ffffffffffffffffffffffffffffffff97
:10d1a800ffffffffffffffffffffffffffffffff87
:10d1b800ffffffffffffffffffffffffdfffd7f5c9
:10d1c800edea88e9e6e8e6e8e6e8e6e8e6e8e6e83b
:10d1d800e6e8e6e8e6e888e90debf7f5ffffffff8c
:10d1e800ffffffffffffffffffffffffffffffff47
:10d1f800ffffffffffffffffffffffffffffffff37
:10d20800ffffffffffffffffffffffffffffffff26
:10d21800ffffffffffffffffffffffffffffffff16
:10d22800ffffffffffffffffffffffffffffffff06
:10d23800fffffffffffffffffffffffffffffffff6
:10d24800ffffffffffffffffffffffffffffffffe6
:10d25800ffffffffffffffffffffffffffffffffd6
:10d26800ffffffffffffffffffffffffffffffffc6
:10d27800ffffffffffffffffffffffffffffffffb6
:10d28800ffffffffffffffffffffffffffffffffa6
:10d29800ffffffffffffffffffffffffffffffff96
:10d2a800ffffffffffffffffffffffffffffffff86
:10d2b800beff1cffb6f58ff34aea67e9e6e887e99f
:10d2c8002aea8ff3b6f51cffbeffffffffffffff43
:10d2d800ffffffffffffffffffffffffffffffff56
:10d2e800ffffffffffffffffffffffffffffffff46
:10d2f800ffffffffffffffffffffffffffffffff36
:10d30800ffffffffffffffffffffffffffffffff25
:10d31800ffffffffffffffffffffffffffffffff15
:10d32800ffffffffffffffffffffffffffffffff05
:10d33800fffffffffffffffffffffffffffffffff5
:10d34800ffffffffffffffffffffffffffffffffe5
:10d35800ffffffffffffffffffffffffffffffffd5
:10d36800ffffffffffffffffffffffffffffffffc5
:10d37800ffffffffffffffffffffffffffffffffb5
:10d38800ffffffffffffffffffffffffffffffffa5
:020000040000fa
:020000040c01ed
:10d398002de9f04febb00a900d460891144609921a
:10d3a8009b46ddf8d0a1ddf8d48100230360cdf8d9
:10d3b800008053465a462146284607f0b5ffcbf869
:10d3c800e000a0b907462368002b51d02a6803fb68
:10d3d80002f1b1fbf3f39a4203d05c23cbf8e030bf
:10d3e80005e0b1f1805f43d35c23cbf8e030dbf894
:10d3f800e000002839d1dbf81430002b00f0468615
:10d408000bf120040bf14c05294620460ff0a4ff30
:10d4180048bb9bf8203003f0fb03022b04d0dbf859
:10d428002430082b40f044860a9f3e682246099b18
:10d438001968089b186817f08bf817f037fd3860e3
:10d44800002800f03086099b1b680193089b1b6825
:10d4580000932b462246314600f00affcbf8e00045
:10d46800304613f0f1fcdbf8e0006bb0bde8f08f5c
:10d47800002318931a9319930af12104b8f12c0f79
:10d4880005d9b94601230593212606973ce01e23ba
:10d49800cbf8e03000f096be3f23cbf8e03000f048
:10d4a80091be4023cbf8e03000f08cbe199e711974
:10d4b80018a818f07dfa00286fd0002d6ad0e31d57
:10d4c80007352544073e361bf218189913f8010f43
:10d4d8008854ab42f8d103230593dbf8103059ea9e
:10d4e800030300f08583204618f05bfd0446dbf853
:10d4f800e030002b40f06686a4eb0a0606f10c0328
:10d508009845c4d3a245c2d8204618f05cfa051e37
:10d51800c2db05f10c031e44b045c2d323449a452f
:10d52800bfd804f10806b049204614f0b1fa002823
:10d53800bcd1ae49204614f0abfa002840f03c8636
:10d54800ab49204614f0a4fa60bbaa49204614f05f
:10d558009ffa00286bd1a849204614f099fa0028b0
:10d5680040f0ad80a549204614f092fa002800f05a
:10d578004981dbf81830002bafd00bf1400307933b
:10d58800002d00f0ae85237a002b00f0ae853346df
:10d59800069fd9e0032305939fe75323cbf8e03098
:10d5a80000f010bedbf8540008b113f04dfc9448ad
:10d5b800a0fb05304008cbf85800800017f076fc37
:10d5c800cbf8540048b3dbf85830b3f5807f00f24d
:10d5d8007285e3b1224606980346ff25167adbf8e2
:10d5e8005410ce54567adbf8541019444e70967a7b
:10d5f800dbf8541019448e70dbf854101944cd70c0
:10d60800013004330332dbf858108842e6d1002396
:10d61800cbf8e030022305935fe7dbf85830002ba6
:10d62800f5d00023cbf85830532300f045bd9bf8c4
:10d638004c30032b11d033bb022d40f0428501231f
:10d64800cbf85c30227a637a03eb0223cbf868309c
:10d65800cbf86430cbf8603011e0dbf858309d42ed
:10d6680000f22d855db1e21d07352544032312f82c
:10d67800010fdbf85410c8540433aa42f7d1002331
:10d68800cbf8e03029e7022b40f01f85062d40f04b
:10d698001e850123cbf85c30227a637a03eb0223e0
:10d6a800cbf86030a27ae37a03eb0223cbf864303c
:10d6b800227b637b03eb0223cbf86830dfe79bf820
:10d6c8004c30032b13d013f0fb0321d1022d40f073
:10d6d80004850123cbf86c30227a637a03eb0223aa
:10d6e800cbf87830cbf87430cbf870300ce0012de3
:10d6f80040f0ef840123cbf86c30237acbf87830f4
:10d70800cbf87430cbf870300023cbf8e030e4e687
:10d71800022bf9d1062d40f0e2840123cbf86c30be
:10d72800227a637a03eb0223cbf87030a27ae37a89
:10d7380003eb0223cbf87430227b637b03eb0223d9
:10d74800cbf87830e0e737467e1cb54203d013f8b3
:10d75800012f002af7d14e2f00f2cb84bb1c0c936b
:10d76800184617f0a3fb0b90002800f0ce84002386
:10d778008355e31d421e04f10800384413f8011fc5
:10d7880002f8011f8342f9d10c9b9d42c0f04a85e3
:10d79800ed1a681c17f08afb0646002800f0488539
:10d7a800002343555db107f109032344421e013d9f
:10d7b800284413f8011f02f8011f8242f9d13246aa
:10d7c8000b9f3946079810f07efb0546384613f044
:10d7d8003bfb304613f038fbcbf8e050002d3ff40c
:10d7e8007cae00f0efbc00bfb00d030cb80d030c0d
:10d7f800c00d030cc80d030cd00d030cd80d030c81
:10d80800abaaaaaaa749204614f042f900287cd05e
:10d81800dbf81830002b3ff460ae0bf140030793a0
:10d828000023629364936393002d00f07084237a3d
:10d8380023b33346e91d21446ff00600001bc718c7
:10d848008b4203d013f8012f002af8d1bb1c0c938c
:10d858009d4240f261847b1e4e2b11d900230b930d
:10d8680059250b9813f0f0fa002364936393629898
:10d8780013f0eafacbf8e05000f0a4bc069fe5e705
:10d888007b1c0d93184617f011fb0b90002800f035
:10d8980048840023c355e31d421e1f4413f8011f8b
:10d8a80002f8011fbb42f9d10d9bf35c002b40f03d
:10d8b8003b840c9b1a469d4201d24b25d1e7cdf8fb
:10d8c80000b0eb1ab21863a962a817f08afe0546e1
:10d8d8000028c6d1002162a817f0fef8629a0b9eb4
:10d8e8003146079810f0effa0546304613f0acfac7
:10d8f800002364936393629813f0a6facbf8e05080
:10d90800002d3ff4eaad00f05dbc6749204614f0f5
:10d91800bff8002800f0ff80dbf81830002b3ff438
:10d92800dcad0bf140030d93002362936493639382
:10d93800042d40f2fc83237a002b00f00f84334639
:10d94800012713f8012f12b10137bd42f9d1fb1c91
:10d9580007939d4240f208847b1e4e2b00f21284ee
:10d968007b1c0b93184617f0a1fa0c90002800f0c6
:10d978000f840023c355e31d421ed81913f8011f55
:10d9880002f8011f8342f9d1f3199b78002b40f06c
:10d998000484079ab35c002b00f0588407f10b034a
:10d9a80023440699944600e011464a1c0ceb0200f9
:10d9b800854203d913f8010f0028f5d107920f917a
:10d9c8000b9bf35c0e93881c17f070fa0b900028e1
:10d9d8005fd000230b9a0798135460b107f10a012e
:10d9e80021441046013a0f9b034411f8010f02f835
:10d9f800010f9a42f9d10437079b3b440f931a460b
:10da08009d4240f21784f35c002b00f01384134608
:10da180008322244ef1a069b0133bb4204d012f8a5
:10da2800011f0029f8d11f46781c17f03ffa07900c
:10da3800002833d000230799cb555fb10f9bda1d1f
:10da480022444b1e781e084412f8011f03f8011fd8
:10da58008342f9d10f9b01331f44bd422cbfed1bfc
:10da6800069d0e9b13b3cdf800b02b46f21963a99f
:10da780062a817f0b6fd0546002840f05d83639b59
:10da8800649a9a4238bf6493002162a817f024f878
:10da980021e0002307930b9353254de300230793bd
:10daa800532549e3e00d030ce80d030c691c62a83b
:10dab80017f07eff002800f07583629b00225a55fc
:10dac8004db10737e319069a13f8010f6299885484
:10dad80001329542f8d1629b0093079b0b9f3a460f
:10dae8000c9e31460d980cf0a3fb0546304613f00a
:10daf800abf9384613f0a8f9079813f0a5f90023f5
:10db080064936393629813f09ff9cbf8e050002d6b
:10db18003ff4e3ac56e3b449204613f0b9ff78b9b3
:10db2800b249204613f0b4ff48bb237913f0200f05
:10db38004ad0dbf81c30002b4ad14ff00109d2e45f
:10db4800072d40f031830123cbf89c30227a637a89
:10db580003eb0223cbf8a030a37acbf8a430e37a06
:10db6800cbf8a830237bcbf8ac30637bcbf8b03054
:10db7800a37bcbf8b4300023cbf8e030ade4092d1b
:10db880040f016830123cbf8b830237a627a02eb8f
:10db98000322a37a03eb0222e37a03eb0223cbf8f6
:10dba800bc30237b627b02eb0322a37b03eb0222c4
:10dbb800e37b03eb0223cbf8c030237ccbf8c430e3
:10dbc8000023cbf8e03088e44523cbf8e030f9e2d5
:10dbd800059b03f13100800000f10c0122465944f5
:10dbe800584411f018fecbf8e0000028a5d0e9e26f
:10dbf8000025204616f02efe814628b9002d40f05b
:10dc0800e18270e40125f4e73923cbf8e030d9e26a
:10dc18000bf14c08089b1f68099b1d68ee1df60850
:10dc2800f81d42463146c00816f07ffc3418042f10
:10dc38003dd907f1030a424631464feada0016f0a9
:10dc480074fc059005f103094fead9010e443444e8
:10dc580042464fea9a0016f068fc059b23441c468e
:10dc6800044407f1010a4fea9909424649464fea36
:10dc78009a0016f05afc6e1cb10804440c44424643
:10dc88004fea5a0016f051fc204481447608424677
:10dc98003146780816f049fc8144b1446d08424683
:10dca8002946384616f041fc81444d449de205f171
:10dcb80003094fead906f81c42463146800816f097
:10dcc80034fc34440444022fcbd86e1c4fea960926
:10dcd800781c42464946400816f027fca144814476
:10dce800022fdbd1d2e729461ba815f056fe18b93a
:10dcf8005323cbf8e0307de2dbf8e030002b40f036
:10dd08007982cdf800b0199b189a1ca91ba817f0a6
:10dd180068fccbf8e000002840f06c821c9b9d4218
:10dd280000f068825b23cbf8e03063e20bf14c0231
:10dd3800099b1968089b186816f00afc044617f036
:10dd4800b5f80a9b1860002838d0dbf8e030002bc3
:10dd580040f05c8234b100210a980268d154013342
:10dd68009c42fad10bf14c0018f003f881460028c8
:10dd780000f086810a9b1f6806971b990b91089be8
:10dd88001a680d92099b1e680f96dbf848307bbb1a
:10dd9800072806d800fb02f5ec1d24f00704a5426d
:10dda80010d1cdf800900f9b0d9a0b99069804f0ae
:10ddb8005bfc0790079bcbf8e03027e25323cbf8b6
:10ddc800e03023e2009033468846084604f04cfcd5
:10ddd80007900028eed1009623462a464146384649
:10dde80010f07af9e6e700bff00d030cf80d030c0c
:10ddf80003900f9b02930d9b01934aaf009742ab90
:10de08003aaa25a91ea80bf0e5fe41ac39ad1dae16
:10de18000df19008ba4648af2b464d46cdf840b0b4
:10de2800ddf82cb0994617e00c9b1a6802fb05f246
:10de3800d31d05990968daf8000005900e98006866
:10de4800009023f0070359440598584410f044f90a
:10de58000af1040abc4219d00434059404360c961d
:10de680008f10408cdf8388059f8041f2068009597
:10de7800d8f8003032685944584404f0f5fb07904c
:10de8800002840f00081072de2d8cde7a946ddf84b
:10de980040b003950f9b02930d9b019362ab0093d7
:10dea8005aab52aa33a92ca80bf094fe072d67d9b8
:10deb800e80832ab10932cab0c9362afad4b0e93ca
:10dec800ad4b0f93dff8b8c2ac4ee646ddf82cc078
:10ded800cdf844b048e008f10108059b1b682244ce
:10dee80043450fd901fb03833d6800fb03530ceb4b
:10def80003055344914615f801bb09f801bf9d423b
:10df0800f9d1e8e701310b9b1b6899421bd20c9ba6
:10df180005931b68002bf5d0def8004004fb00f4e5
:10df28000f9a12680e9d2d6802fb015832680d9dec
:10df380005fb0822069d00fb0252013addf81c8011
:10df48000ceb000acee70c9b04330c9304370e9bb2
:10df580004330e930f9b04330f930ef1040e043613
:10df680039aa109b9a4208d0109b043310930b9344
:10df78001b68002be7d00799c9e7ddf844b019e71b
:10df88000d9b05fb03f310932cab139332ab149347
:10df980062ab784a0f92784a0e92784a0d92784a84
:10dfa8000c929a46cdf854b057e00134059ba34231
:10dfb80010d00b9917a817f079fb03460028f4d066
:10dfc800e208e14301f007018b400698815c0b43ae
:10dfd8008354eae701354e44dbf800309d421ad2fb
:10dfe800daf8003008ebc303334417930e9b1c6820
:10dff8000f9b1b6804fb07340c9b1b680d9a126867
:10e0080003fb052309fb03f3109a02fb043409eb15
:10e0180004030593cde70137129b9844119b1b68b5
:10e028009f4206d2dbf80030002bf4d0079d2e4625
:10e03800d6e7139b043313930af1040a0f9a0432a8
:10e048000f920e9a04320e920d9a04320d920c9a87
:10e0580004320c9233aa9a420fd0139b9b461b683a
:10e0680003fb09f31293149b0433149311931b6855
:10e07800002bded0079fb846d4e7ddf854b099e608
:10e088001f23079396e6ddf840b093e60bf14c01a9
:10e098000bf1200012f0f9facbf8e00000283ff469
:10e0a800e2a9fff7e2b95323cbf8e030fff7d8b97c
:10e0b8003820fff7dab92623cbf8e03082e02623b0
:10e0c80000e01e23cbf8e0307ce02a23fae729237e
:10e0d800f8e72b23cbf8e03074e02c23fae72d2364
:10e0e800f8e700230b93592406e000230b935924e7
:10e0f80002e000230b9359240b9812f0a5fe002090
:10e1080012f0a2fecbf8e0405ce05324f4e70023d1
:10e118000b934b25fff7a5bb00230b934b25fff76c
:10e12800a0bb5325fff79dbb4825fff79abb0023eb
:10e1380007930b930c931e250c9812f085fe0b98f1
:10e1480012f082fe079812f07ffe00236493639317
:10e15800629812f079fecbf8e05033e00023079381
:10e168000b930c935925e7e7002307930b930c9324
:10e178004b25e1e7c453030c8c53030ca853030c41
:10e188007053030c002307930b930c935925d3e783
:10e198000c9b07930b935325cee7002307930b9310
:10e1a8004825c9e75325c7e74923cbf8e03009e0fc
:10e1b8004a23cbf8e03005e0dbf8103059ea0303d6
:10e1c8003ff420ad00231b931d931c93dbf84830cc
:10e1d800002b7ff41dad099b1d680bf14c022946ed
:10e1e800089b186816f0a1f90544dbf8e030002b0d
:10e1f8003ff479ad00241a941994189812f024fe6b
:10e208001894dbf8e030002b3ff490ad00231d9309
:10e218001c931b9812f018fefff7e9b8002333701f
:10e22800fff7cdba012016f041fe06460028f5d1c9
:10e23800532461e7012016f039fe079000283ff4c7
:10e248002dac0023079a1370069f03e40b9bf35c25
:10e258000e93012016f02afe0b9000283ff419ac0b
:10e2680000230b9a1370069b0793fff7c4bb00bfec
:020000040000fa
:020000040c01ed
:10e278002de9f04fa1b009900791904699461946ab
:10e2880010460ff069f8059020bb98f80030032b72
:10e2980036d02b9b2a9a03fb02f30493d9f8043057
:10e2a800102b00f0a180d8f80430082b00f0a181d1
:10e2b800049b002b00f09381099b9b46079f1e46f9
:10e2c800039300230893069305931d461c46da46dc
:10e2d800bb46c8e24a462b992a9816f039f90146f6
:10e2e800002800f08281079b013b099a013a18181f
:10e2f80013f8011f02f8011f8342f9d1002174e1cc
:10e30800d8f80c20d8f80800d8f8041001238b405e
:10e318001ab9d9f80c20d9f808009a4228bf1a4629
:10e3280006920eab1ea9002243f8042f9942fbd196
:10e338004ff0ff331f93069b002baad083464ff064
:10e34800000acdf82080cdf828903be04ff0ff334d
:10e3580003643e680135082d2bd049fa05f303f014
:10e36800010448fa05f303f0010303eb4403039a9d
:10e3780042fa05f404f0010404eb4303049a42fa58
:10e3880005f404f0010404eb430406eb840756f893
:10e398002430002bddd1442016f088fd46f82400f7
:10e3a800031f00f13c01002243f8042f9942fbd1de
:10e3b800cce7c6f840a00af1010a0bf1040b069b52
:10e3c8009a450cd09bf800909bf801809bf802308e
:10e3d80003939bf803300493059d0faebde7ddf86a
:10e3e8002080ddf8289054e7d8f80430102b7ff40b
:10e3f8005aaf049b002b00f0f280099b1846ddf809
:10e408001ca0d34657469c469e4600224646984640
:10e4180091e0022b08d0042b47d0062b52d00021c4
:10e428000d4603910b466fe09af800309af80140c8
:10e43800059304eb03239bb29af8021006919af80d
:10e448000350089505eb01218db203959af8045005
:10e4580009959af805100a9101eb0525adb2d9f88e
:10e468001010002900f08580059904eb0124d9f8e3
:10e4780014108c4202d04ff6ff7145e00899069cb3
:10e4880001eb0424d9f818108c4202d04ff6ff7122
:10e498003ae009990a9c04eb0124d9f81c10611a86
:10e4a80018bf4ff0ff3189b22ee039787b7803eb43
:10e4b80001239bb2bc78f97801eb042189b21d468f
:10e4c800039321e09bf800109bf8013003eb012334
:10e4d8009bb29bf802409bf8031001eb042189b220
:10e4e80003919bf804409bf8051001eb04218db2c1
:10e4f8009bf806409bf8071001eb042189b203e062
:10e508001d4603934ff6ff713478acbb190a08f81f
:10e51800121008f1010101f81230013206300ef133
:10e52800040e0cf1080c0bf1080b0af1060a04376b
:10e53800049b934252d099f80030002b7ff469afc6
:10e54800079b13f81250013313f8124004eb05230c
:10e558009bb2d9f810100029d2d004eb0524d9f8c1
:10e568001410611a18bf4ff0ff3189b21d4603938a
:10e57800cae74ff6ff71c7e7022c19d0042c22d046
:10e58800062ccad11c0a8cf800408cf80130039c78
:10e59800230a8cf802308cf803402b0a8cf80430dc
:10e5a8008cf805500b0a8cf806308cf80710b4e785
:10e5b800190a0170437003990b0a8370c1702b0a02
:10e5c80003714571a9e71c0a8ef800408ef80130e6
:10e5d8000b0a8ef802308ef803109ee7b04698f8c2
:10e5e8000030032b00f019820021084621b0bde855
:10e5f800f08f98f80030062b0bd0022b7ff458ae22
:10e60800cdf80090079b00220499099803f036fd85
:10e61800e5e7cdf80090079b01220499099803f0db
:10e628002dfddce7079b1d5dd9f81030002b00f0ad
:10e63800f480d9f81400a84214bfff2300230893dc
:10e64800069505951ce004fb05f30e932a460799e9
:10e658000ea815f0aefdc0eb0022012303fa05f564
:10e66800013db2fbf5f5edb2d9f81030e3b1d9f8b8
:10e678001430834214bfff230023089306950595a1
:10e6880098f80030002b40f01f81d8f80420082aa1
:10e6980000f0d980102a40f00981099a531c03f828
:10e6a800145002f81450d0e0ff230893e6e7022b39
:10e6b80017d0032b6ad0042b00f08780062bdfd1fc
:10e6c800d9f80430082b00f098809bf800509bf88c
:10e6d800023005939bf8043006939bf806300893a4
:10e6e800cee7d9f80430082b13d03d78bb780593d2
:10e6f8003b790693d9f81030002b00f09b807b788b
:10e7080003eb0523d9f814108b4228d0ff23089374
:10e71800b6e704eb44030799cd5c4a1cd25c05922a
:10e728008a1cd35c0693d9f81030002b7fd0d9f817
:10e7380014309d4202d0ff230893a1e7d9f818307e
:10e74800059a9a4202d0ff23089399e7d9f81c301a
:10e75800069a934214bfff230023089390e7fb789f
:10e76800059903eb0123d9f818108b4202d0ff2337
:10e77800089385e77b79069a03eb0223d9f81c20d6
:10e78800934214bfff230023089379e7d9f80420a4
:10e79800082a12d1079b185dd9f80c3083424cd94e
:10e7a800d9f8083013f8205003eb8000437805931c
:10e7b80083780693c378089362e704fb02f30e9309
:10e7c80007990ea815f0f5fce6e7d9f80430082bf0
:10e7d80009d0079b13f82450023313f82430089308
:10e7e800069505954ce7079b13f81450013313f869
:10e7f800143008930695059542e7079a12f82450b5
:10e80800531c13f824300593931c13f824300693f3
:10e81800d31c13f82430089332e706950595ff2397
:10e8280008932de706950595ff23089328e7ff230e
:10e83800089325e7ff23089322e7ff230893002581
:10e84800069505951ce7099b1d5501340af1080a30
:10e85800039b0433039306360bf1080b0637049b1e
:10e86800a3423ff4bcae99f80030002b7ff41faff1
:10e87800d9f80450082d3ff4d5ae102d7ff4e3ae3f
:10e88800079a12f81450d9f81030002bcad0531c2c
:10e8980013f8140000eb0520d9f81430984214bf7f
:10e8a800ff230023089306950595e9e6c2f10803be
:10e8b80045fa03f30121914001390b40dbb22146af
:10e8c800099813f029fac0e7022b1fd0032b35d083
:10e8d800042b00f08380062bb7d1d8f80430082b1e
:10e8e80000f092808af801508af80050059b8af857
:10e8f80003308af80230069b8af805308af804301b
:10e90800089b8af807308af806309ee7d8f8043062
:10e91800082b08d075703570059bf370b370069b93
:10e928007371337191e704eb44030999cd544a1c80
:10e938000598d0548a1c0699d15486e7ac460599a7
:10e948008e46069b0b9308980a9005f0010201f089
:10e95800010101eb420203f0010303eb420201460d
:10e9680000f0010303eb420320aa02eb830353f8f0
:10e97800440c002856d001230c940d950c460b9d91
:10e988004cfa03f202f001024efa03f101f0010120
:10e9980001eb420245fa03f101f0010101eb4201ea
:10e9a80044fa03f202f0010202eb410250f822009d
:10e9b800002839d00133082be2d10c9c0d9d036c43
:10e9c800002b33dbd8f80420082a02d1099a135502
:10e9d8003be72146099813f09ff936e7d8f8043049
:10e9e800082b09d0102b7ff430af039b5d701d708e
:10e9f8000899d970997028e7099b03f814500133d6
:10ea0800089a03f8142020e7039b1d700599597094
:10ea180006999970089ada7017e70fa815f008ff99
:10ea28000021e2e55221e0e55221dee55221dce554
:020000040000fa
:020000040c01ed
:10ea38005f00000020000000000007000000000048
:10ea4800000000000000000021000400140008007d
:10ea58000200140000000400000000002200090069
:10ea680007000b000100140000000900500000001e
:10ea7800230012001400120000001400000012000d
:10ea88009000000024000e0017001000010015007f
:10ea980000000e00f8010000250015001400170002
:10eaa80001001400000015003c03000026001400bb
:10eab800140015000100140000001400e004000018
:10eac80027000400070006000100140000000400ed
:10ead8007006000028000700180008000100140054
:10eae800000007008c060000290008001800080034
:10eaf8000000140000000800340700002a000e007f
:10eb08000d000f000100150000000e00f4070000c2
:10eb18002b000e000d0010000100100000000e0078
:10eb2800ac0800002c0005000700080001000300e5
:10eb380000000500640900002d000700030009001b
:10eb48000100090000000700880900002e000400e9
:10eb5800040008000200040000000400a0090000ee
:10eb68002f000b0014000a000000140000000b0026
:10eb7800b009000030000e0014001000010014005d
:10eb880000000e008c0a000031000800140010007c
:10eb98000200140000000800a40b000032000e0060
:10eba800140010000100140000000e00440c0000c6
:10ebb80033000e00140010000100140000000e00c5
:10ebc8005c0d000034001000140010000000140058
:10ebd80000001000740e000035000e001400100034
:10ebe8000100140000000e00b40f000036000e00f3
:10ebf800140010000100140000000e00cc100000ea
:10ec080037000e00140010000100140000000e0070
:10ec1800e411000038000e00140010000100140078
:10ec280000000e00fc12000039000e001400100055
:10ec38000100140000000e00141400003a00040043
:10ec48000f00080002000f00000004002c1500004f
:10ec58003b0006001300080000000f00000006003b
:10ec6800681500003c000e000f00100001001200a3
:10ec780000000e00dc1500003d000e00080010002a
:10ec880001000e0000000e00b01600003e000e004d
:10ec98000f0010000100120000000e0020170000f5
:10eca8003f000c0014000c000000140000000c00d1
:10ecb800f4170000400017001700190001001400a5
:10ecc80000001700e41800004100120014001200b0
:10ecd8000000140000001200f81a000042000f00a3
:10ece800140012000200140000000f00601c000055
:10ecf800430010001400120001001400000010006e
:10ed08008c1d0000440011001400140002001400bf
:10ed180000001100cc1e000045000c00140010007b
:10ed28000200140000000c002020000046000c0027
:10ed380014000f000200140000000c001021000055
:10ed48004700120014001400010014000000120013
:10ed580000220000480010001400150002001400f2
:10ed68000000100068230000490008001400090092
:10ed78000100140000000800a82400004a0009004f
:10ed880019000800fdff14000000090048250000d4
:10ed98004b001000140011000200140000001000c5
:10eda8002c2600004c000c0014000f000200140078
:10edb80000000c006c2700004d001500140019001d
:10edc80002001400000015005c2800004e0011002d
:10edd800140015000200140000001100002a0000b1
:10ede8004f00140014001600010014000000140065
:10edf800542b000050000e001400110002001400f3
:10ee080000000e00e42c0000510014001900160048
:10ee18000100140000001400fc2d000052000f0037
:10ee2800140011000200140000000f00f02f000071
:10ee380053000e0014000f000100140000000e0023
:10ee48001c310000540010001400100000001400d1
:10ee580000001000343200005500100014001400a7
:10ee68000200140000001000743300005600110066
:10ee7800140011000000140000001100b434000058
:10ee880057001a0014001a000000140000001a00ad
:10ee9800083600005800110014001000000014008b
:10eea8000000110010380000590010001400100074
:10eeb8000000140000001000643900005a000e0021
:10eec800140010000100140000000e00a43a000015
:10eed8005b0007001800090002001400000007008a
:10eee800bc3b00005c000b0014000a00000014008a
:10eef80000000b00643c00005d00070018000900da
:10ef08000000140000000700403d00005e000e00f5
:10ef18000d0010000100140000000e00e83d000084
:10ef28005f000e0003000c00ffffffff00000e0053
:10ef3800a03e000060000600050008000100160061
:10ef480000000600cc3e000061000d000f0010001c
:10ef580001000f0000000d00ec3e000062000e00f2
:10ef6800150011000200150000000e00b03f00005f
:10ef780063000c000f000d0001000f0000000c00e2
:10ef8800d840000064000e001500110001001500b3
:10ef980000000e008c41000065000e000f001000fc
:10efa80001000f0000000e00b442000066000b00d4
:10efb80015000a000000150000000b00884300003f
:10efc80067000e001600110001000f0000000e007f
:10efd8007044000068000e001500110002001500c2
:10efe80000000e00a4450000690004001500070099
:10eff8000200150000000400cc4600006a0008006a
:10f008001c000700feff1500000008002047000054
:10f018006b000d0015000f000200150000000d0028
:10f02800004800006c0003001500070002001500ee
:10f0380000000300144900006d0016000f001a00bc
:10f0480002000f0000001600544900006e000e0078
:10f058000f00110002000f0000000e00a04a00007f
:10f068006f000f000f00110001000f0000000f00db
:10f07800744b000070000e001600110002000f0013
:10f0880000000e00584c000071000e001600110020
:10f0980001000f0000000e008c4d000072000a00f5
:10f0a8000f000c0002000f0000000a00c04e000014
:10f0b80073000c000f000d0001000f0000000c0091
:10f0c800584f000074000a0013000a0000001300e3
:10f0d80000000a000c50000075000d000f00110020
:10f0e80002000f0000000d00cc50000076000f0059
:10f0f8000f000e0000000f0000000f0090510000ec
:10f10800770016000f00160000000f000000160020
:10f118007452000078000f000f000f0000000f006d
:10f1280000000f00c053000079000f0016000e0009
:10f1380000000f0000000f00a45400007a000c002b
:10f148000f000d0001000f0000000c00f05500003a
:10f158007b000a0018000b000000140000000a00e1
:10f16800a45600007c0003001c000f0006001500d8
:10f1780000000300945700007d000a0018000b00ef
:10f188000000140000000a00e85700007e000e008e
:10f198000400100001000c0000000e00d858000008
:020000040000fa
:020000040c01ed
:10f1a800b0f1ff3f00f05a832de9f04184b00546e5
:10f1b800044643781f2b3dd8dfe813f029003f00b1
:10f1c8004e005b006b008a0042014b015401430270
:10f1d8004c0208033c003b034d033c001a0230027a
:10f1e80059019a013c003c00b502e6023c00e102ec
:10f1f8003c0051026a027e022000e501d0f8cc3ab8
:10f20800002b40f3b982002600f2a917abe20821cf
:10f2180000200df0c1f8c84d286813f0e3fc002366
:10f2280064222146c54811f0d7fb28600423a37047
:10f238000c23637004b0bde8f081c14a0023137049
:10f248005370406905f12c03009302234a2116f0fc
:10f2580087f90c236b70ede7406905f130030093e3
:10f26800072305f184024a2115f0f2ff0c236b7085
:10f27800e0e7b34a0723137000235370406905f190
:10f288003403009302234a2116f06af90c236b70a9
:10f29800d0e790f88a3003eb43035b00024652f84c
:10f2a800840fc5f88b0090889279a5f88f0085f8af
:10f2b800912005f19202c5f88020686905f13801ae
:10f2c800009103334a2115f0c3ff0c236b70b1e79b
:10f2d80090f88a8008eb48067600f21d8b30831878
:10f2e80059789f783f0447ea0127835c1f43c5f894
:10f2f800a47100210ef0b2ff0fb1874201d00e2396
:10f308006370d4f880300022a4f89a21b8f1000f75
:10f3180000f0908019461e4401204ff0090c642724
:10f328001de090462ae0062b64d0072b69d0052bf8
:10f338004ad09ef803209ef80430013302fb0333c1
:10f34800bef8012013449bb25a1eb5f89ae192b256
:10f35800964598bfa5f89a3106318e426bd08e46f5
:10f368004a79002addd00b7903fb02220244d3b28a
:10f3780003f1ff385ffa88f8024618469ef8003015
:10f38800092b43d0cfd92c2b4fd013d9472b16d0cc
:10f39800642bced185f8ad7285f8d82285f8d9824c
:10f3a800bef80130a5f8da329ef80530023b85f840
:10f3b800ac32bee7132bbcd185f8d222b9e7bef830
:10f3c8000130a5f8d632b4e795f88430802b08d000
:10f3d8009ef8033085f8ca32bef80130a5f8c83265
:10f3e800a7e795f886301f2bf2d89ef80330013333
:10f3f800dbb2efe785f8cb22bef80130a5f8cc32b6
:10f4080097e7bef80130a5f8ce3292e785f8adc28d
:10f4180085f8d02285f8d1829ef804209ef8053020
:10f4280002fb033385f8ac3283e7bef80130a5f858
:10f43800d4327ee7012084f89f0106236370f9e641
:10f4480000f13c03428c0d2113f0a2ff0c236b70da
:10f45800f0e600f14003828c182113f099ff0c2389
:10f468006b70e7e60223037009234370e2e64ff46a
:10f47800fa7015f00ffbd5f8c85a324b1b689d423d
:10f488002cd9ed1afd2d28bffd25d4f8f4222c4ed9
:10f49800d11831700a0a727004f53e712a4619446f
:10f4a800b01c16f04ff8606904f14c030093ab1cd4
:10f4b80032464a2116f054f80c236370214a136827
:10f4c8002b441360204a1368013313605bb1d4f8ee
:10f4d800d82a1e4951f823009047abe60023194a61
:10f4e8001360194a13601f2363700323e370a1e6b6
:10f4f800c378012b2cd05ab242b1022b7ff49aaeba
:10f5080090f8a931b3b30023c37093e6b0f8cc32b6
:10f5180001339bb20a4a13701b0a53705523937028
:10f52800406905f17003009303234a2116f018f887
:10f538000c236b707ee600bf44250720d129030cfd
:10f54800ec1a07203c25072040250720ac46030c71
:10f558004ff4fa7015f09efa4db1686905f174031d
:10f568000093012305f2a9124a2115f071fe0c231c
:10f5780063705fe6d0f8d83a322098471f236b7043
:10f588000323eb7056e6c378042b19d0052b22d041
:10f59800032b7ff44faeb0f8cc3201339bb2b04aa4
:10f5a80013701b0a537001239370406905f15003cf
:10f5b800009303234a2115f0d3ff0c236b7039e61f
:10f5c8004ff4fa7015f066fad5f8d83a64209847df
:10f5d80009236b702ee690f8a93113b10323c37089
:10f5e80028e6d0f8d83a6420984709236b7021e6ba
:10f5f800b0f8cc328df80c301b0a8df80d30012391
:10f608008df80e30406905f150030093032303aad7
:10f618004a2115f0a5ff0c236b700be64ff4fa7026
:10f6280015f038fa686905f154030093012303aa19
:10f638004a2115f00dfe642015f02cfa0c236b708e
:10f64800f8e516f0d5fb00287ff4f4ad284611f054
:10f658009df8efe511f09af80c236b70eae50028a5
:10f668003ff4e8add0f88030002b3ff4e3adb0f8bc
:10f67800d4327b4a13701b0a5370406905f160034a
:10f68800009302234a2115f06bff0c236b70d1e520
:10f6980000238361c36180f8203090f8ca32406942
:10f6a80005f164020092013305f2a9124a2115f00e
:10f6b800cffd0c236b70bde590f8a931c0f8d03aa6
:10f6c800002b3ff4b7ad90f89f219342c8bfc0f814
:10f6d800d02a90f8aa31ff2b04d000f5d5717c30e0
:10f6e8000ef01afad4f8d02a531ec4f8cc3aabb1ab
:10f6f80094f89f319a423ff79dadb4f8c832584a02
:10f7080013701b0a5370606904f1440300930223c9
:10f718004a2115f025ff0c2363708be509236370dc
:10f728000223237086e5d0f8d03a90f89f219342bf
:10f738003ff780ad90f8ca22406905f14801009171
:10f7480003fb02f305f2a9124a2115f081fd0c23ef
:10f758006b706fe505f17c000ef0def90136d5f827
:10f76800cc3ab34208dd95f8ca3206fb03f3f91820
:10f77800fb5cff2beed1f1e7092363705ae511f02a
:10f7880005f80c236b7055e590f8a931c0f8d03a0c
:10f79800002b3ff44fad90f89f219342c8bfc0f8ab
:10f7a800d02a90f8aa31ff2b04d000f5d5717c300f
:10f7b8000ef0b2f9d4f8d03a013bc4f8cc3a13b100
:10f7c8001823637036e50923637033e5037eff2b46
:10f7d8000ed05a1ed2b2fd2a07d890f8d8229342ea
:10f7e80003d390f8d912994205d20a23637021e510
:10f7f800092343701ee5417e11f00f05f5d0981ed0
:10f80800801ac0b2e37ea17e41ea0321637f227f92
:10f8180042ea0322042d06d0052d07d0012de4d19c
:10f8280013f0d8ffe1e713f0a1ffdee713f0b8ff0c
:10f83800dbe70c4dd0f8d83a286898472b68013395
:10f848002b60642b03dd0923637001222a601420d6
:10f8580015f020f9eee4ff230370ebe4704700bfd6
:08f86800ec1a0720fcc2072086
:020000040000fa
:020000040c01ed
:10f870002de9f04f8db0099090f8cc87b8f1000fca
:10f880004ad0b8f1010f00f0cf80b8f1020f00f0bc
:10f890006b81b8f1030f00f01d820999d1f8043a89
:10f8a000d1f8fc291344adf82830d1f8083ad1f842
:10f8b000002a1344adf82a30bc4b1b78adf82c302d
:10f8c000bb4b1b78adf82e3028310aa811f0d0f9c7
:10f8d000012800f0ca82b54b1b7809990846d1f877
:10f8e000042a1344c1f8043ad1f8ec19b0f84220c4
:10f8f0000a44934208dbc0f8041aad4b1a78d0f8da
:10f90000083a1344c0f8083a099b986911f0a0fa24
:10f9100000200db0bde8f08f0820a44b1870a44b58
:10f920001870099c04f1040acdf800a000230422f9
:10f9300001460df099ff606915f0bcfaa06104f270
:10f94000c4439c4a136004f244539b4a136004f27c
:10f95000c4539a4a13609a4b00221a80994f4ff071
:10f96000000b954e954d994659e0404634e042468d
:10f9700040e04346120242ea00400343b9f8002047
:10f98000504610f0fbfc23680233236033680233d7
:10f9900033602b6802332b603988013189b239809a
:10f9a000072933d82368b3f900c00cf1800c4fea63
:10f9b000cc1c3368b3f90030834a13602a68b2f96b
:10f9c000002082480260b42000fb02c0c011ccd4e9
:10f9d000ff28a8bfff20c0b26ff02b0e0efb03cc98
:10f9e0006ff05a0e0efb02c2d211c0d4ff2aa8bf7c
:10f9f000ff22d2b203eb031ec3eb0e136344db11f1
:10fa0000b7d4ff2ba8bfff23dbb2b3e7b9f80030b0
:10fa100001339bb2a9f80030072b3ff63eafa7f8a1
:10fa200000b00021634cbde70820604b1870102126
:10fa30005f4b1970099c231d079300930023042238
:10fa40000df012ff606915f035faa0610023604add
:10fa50001370584cdff86091dff86081584f9a4678
:10fa60009b466de0dc463fe05e464be05846330285
:10fa700043ea0c43564e3678dff858c11cf806604e
:10fa800032440343d200079810f078fc2368023315
:10fa900023602988013189b2298007293ed823684b
:10faa000b3f900e00ef1800e4feace1e3a885608f8
:10fab00001ebc606d9f8003033f91600424b186046
:10fac000d8f8003033f91660404b1e604ff0b40c8c
:10fad0000cfb06ec5feaec1cc4d4bcf1ff0fa8bf22
:10fae0004ff0ff0c5ffa8cfc6ff02b0303fb00ee72
:10faf0006ff05a0303fb06e6f611b5d4ff2ea8bf3c
:10fb0000ff26f6b200eb0013c0eb03107044c011e7
:10fb1000acd4ff28a8bfff20c0b2a8e73b880133c0
:10fb20009bb23b80072b03d8a5f800a05946b6e747
:10fb3000274a13780133dbb21370012b3ff6adaec9
:10fb4000099901ebc31202f2c44222609b0103f245
:10fb5000c453ca18c9f8002080330b44c8f80030d9
:10fb6000a7f800a0174ddfe71020104b18700821f0
:10fb70000f4b1970099c231d079300930023042247
:10fb80000df072fe606915f095f9a0610023104a2e
:10fb90001370084cdff82090dff82080084f9a4659
:10fba0009b4683e0dc4655e05e4661e0d8250720b1
:10fbb000d92507207c2507207425072078250720d4
:10fbc000ce250720c825072080250720842507206b
:10fbd000d7250720fc62030c5846330243ea0c4346
:10fbe000b04e3678dff8ecc21cf806600343120111
:10fbf0003144079810f0c2fb236802332360298840
:10fc0000013189b2298007293ed82368b3f900e081
:10fc10000ef1800e4feace1e3a884e0806ebc20661
:10fc2000d9f8003033f916009f4b1860d8f800302f
:10fc300033f916609d4b1e604ff0b40c0cfb06ecc4
:10fc40005feaec1caed4bcf1ff0fa8bf4ff0ff0c75
:10fc50005ffa8cfc6ff02b0303fb00ee6ff05a038e
:10fc600003fb06e6f6119fd4ff2ea8bfff26f6b2cf
:10fc700000eb0013c0eb03107044c011acd4ff289c
:10fc8000a8bfff20c0b2a8e73b8801339bb23b80ee
:10fc9000072b03d8a5f800a05946b6e7814a137888
:10fca0000133dbb21370012b3ff6f7ad099901eb7d
:10fcb000c31202f2c4422260db0003f2c453ca182a
:10fcc000c9f8002080330b44c8f80030a7f800a022
:10fcd000774ddfe71020774b1870774b1870099c31
:10fce000231d079300930023042201460df0bcfd61
:10fcf000606915f0dff8a06100236a4a13706f4d48
:10fd0000dff8dcb1dff8dca16d4e4ff00002adf89a
:10fd1000222089e04ff0000c31e000213fe000227a
:10fd20000b0243ea0c43b7f800c06649098801ebaf
:10fd30004c011343644a12880144079810f01efbdb
:10fd40002088013080b22080012834d82b689a1c8a
:10fd50002a60b3f900e00ef1800e4feace1ed8f80b
:10fd600000104ff0b40c0cfb01ec5feaec1cd1d49a
:10fd7000bcf1ff0fa8bf4ff0ff0c5ffa8cfcd9f865
:10fd800000206ff02b0303fb02ee6ff05a0303fb1e
:10fd900001e1c911c1d4ff29a8bfff21c9b202ebfb
:10fda0000213c2eb03127244d211b8d4ff2aa8bfc7
:10fdb000ff22d2b2b4e73b8801339bb23b80032bd6
:10fdc00015d83288520803ebc2039bb2dbf800203f
:10fdd00032f91320c9f80020daf8002032f9133084
:10fde000c8f80030bdf8223023800020aee7338809
:10fdf00001339bb23380072b0ed8344a1288134448
:10fe0000314a1380bdf822303b800023dff8989000
:10fe1000dff898802e4cd4e7224a13780133dbb206
:10fe20001370032b3ff639ad2a4ad15c254a118065
:10fe30005a0829498a5c25490a80099901ebc312ad
:10fe400002f2c4422a60254ad35c03f262335b00ab
:10fe5000ca18cbf8002080330b44caf80030bdf834
:10fe6000223033800023124fc7e709980146036b05
:10fe70000493d0f8083ad0f8002a13440393d0f83a
:10fe8000043ad0f8fc29134402930b4b1b780193de
:10fe9000084b1b780093446a00231a460431a0479c
:10fea00019e500bfd72507208025072084250720d6
:10feb000c8250720d8250720d92507207c2507201d
:10fec000ce250720cc250720d2250720d0250720c6
:10fed000ca250720f862030cfc62030cf462030cd1
:08fee000742507207825072096
:020000040000fa
:020000040c01ed
:10fee8002de9f04fa1b00490059193461c4602936a
:10fef8000b6802681d921e931f934feac40abaf159
:10ff0800020f40f2a582cdf818a04ff000094a462a
:10ff180051e013465a1c13f0070ffad10d93db0872
:10ff28001f1d029aba4240f29c820beb03025178e1
:10ff38001bf8034004eb012403330beb0305927811
:10ff48001bf8033002eb032323444ff6ff7293425e
:10ff58000bd0152301931d9b049a13601e9b059ad1
:10ff68001360019821b0bde8f08f04eb0906314613
:10ff78001da815f01dfd002800f076823b19029a95
:10ff88009a42c0f07482002c3fd009f1010215f8a2
:10ff9800010f1d9901f8090091469642f5d1db0041
:10ffa8000d93b146039b002b40f04f820d9a931c92
:10ffb800534580f05082d3081bf8033002f0070144
:10ffc8000b4103f001030393511c931cc8081bf851
:10ffd800000001f0070140fa01f101f00101d80821
:10ffe8001bf8000003f0070340fa03f303f00100d5
:10fff800d31c0d9301eb4001032900f02f8239b97e
:020000040c02ec
:1000080013f0070f8bd0131d84e74e463b46c6e717
:1000180000230e930f9310931393149315930129b0
:100028002bd01132069ca24200f253820522594677
:100038000da813f099fc0990052259460da813f054
:1000480093fc0890042259460da813f08dfc061d58
:1000580006eb46030d9a13449c42c0f03d820023f0
:10006800189319931a934c2014f020ff0746002880
:1000780000f07481bd4d002453e04ff4906014f0fb
:1000880015ff044660b3031f00f50f71082243f8fb
:10009800042f9942fbd104f50f7304f57f710922ef
:1000a80043f8042f9942fbd104f57f7304f25c41b5
:1000b800072243f8042f9942fbd104f25c4304f26f
:1000c8007c41082243f8042f8b42fbd10f234ff4c5
:1000d800907221460ea804f075f8204610f0b4fe80
:1000e800802014f0e3fe0446002800f05681031f28
:1000f80000f17c01052243f8042f8b42fbd10f232a
:100108002022214613a804f05df8204610f09cfe3a
:1001180043e12b68002247f8232001340435132ccf
:100128000bd0a642f5d9d5f80080032259460da870
:1001380013f01afc47f82800efe707231322394683
:1001480018a804f03ff8019098b100230793984647
:10015800384610f079fe404610f076fe079810f009
:1001680073fe18a815f0aefa019b002b00f015815c
:1001780095e14ff4906014f099fe8046802014f0c9
:1001880095fe0790b8f1000f00f0ed80002800f010
:10019800ea80a8f1040308f27c41002243f8042f06
:1001a8008b42fbd1079a131f02f17c01002243f80e
:1001b800042f8b42fbd1099b03f20116c3eb837317
:1001c800079a02eb8303a3f204430a93019c0b975b
:1001d80004e0a31b079a42f823000134089b5d1c26
:1001e8003544ac4280f09c80534618aa0da9584665
:1001f80012f06ff90f2804d8a642ead948f824006b
:10020800ebe7102824d0112858d012287ad10d9b5a
:100218000733534500f23a81072259460da813f0d7
:10022800a3fb10f10b0fd9d004f10b0318440023e2
:100238000a9fa6428cbf48f8243047f8243001347e
:1002480084425dd0a542f4d12c460f230193c5e723
:10025800002c00f00f810d9b0233534500f20e81f4
:10026800022259460da813f07ffb099b03f5817301
:100278009c4219d26ff04043234458f8232010f1d0
:10028800030fabd0e31c18440a9fb44234bf48f8ac
:10029800242047f824200134a0420dd0a542f4d1ef
:1002a8002c460d23019399e7a21b6ff0404313449a
:1002b800079a52f82320e2e704468fe70d9b0333a1
:1002c800534500f2df80032259460da813f04cfb7a
:1002d80010f1030f82d0e31c184400230a9fa642a2
:1002e8008cbf48f8243047f824300134a04205d0a8
:1002f800a542f4d12c460e2301936fe704466de71f
:1003080004466be70b9fb0f1ff3f02d01023019327
:100318001ee70d9b534594bf0b230a23019317e750
:100328000b9f019b002b7ff413afd8f8003413b94f
:10033800402301930ce70f234ff4907241460ea817
:1003480003f040ff019000287ff402af0f23202222
:10035800079913a803f036ff0190f9e60790804645
:1003680053230193f4e653230193f1e60c15030c90
:1003780009f1010529461da815f01afb002800f00f
:1003880089801d9b03f80940a94606e01d9822466e
:100398004119484415f0d6f8b94653460eaa0da996
:1003a800584612f096f80446ff28e1d9a0f2011346
:1003b8001c2b40d84a4a52f823404a4a52f8232074
:1003c8000d9b1344534568d859460da813f0ccfa31
:1003d8000444534613aa0da9584612f07af81d286a
:1003e80064d8414b53f82060404b53f820200d9bb4
:1003f800134453455dd859460da813f0b5fa064481
:100408004e4559d8a9eb060504eb090739461da83e
:1004180015f0cefa002852d0b442b7d9002cbcd07f
:100428002c441d9b6a1c595d33445955154694420a
:10043800f7d1b946b1e7b0f5807f43d00d9b53455e
:100448008cbf0a230b23019329e00023019382e543
:10045800342301937fe5342301937ce5142301932e
:1004680079e53423019376e55323019373e5172344
:10047800019370e50b9f3623019369e60b9f3223a6
:10048800019365e60b9f3223019361e60b9f3223ac
:1004980001935de65323019301e0332301930ea8f2
:1004a80015f010f913a815f00df954e5122301936e
:1004b800f5e733230193f2e734230193efe753235e
:1004c8000193ece70ea815f0fdf813a815f0faf85b
:1004d80068e531230193e2e732230193dfe700bfa8
:1004e800f4e9020c68ea020cb0e6020c28e7020cf8
:020000040000fa
:020000040c02ec
:1004f8002de9f04f87b0054600238df81730046dbd
:1005080004f58054a67af6b2d0f8fc7016f0040f01
:100518000fd080f80431022380f8643090f84d3011
:10052800012b00f09e807b681bb100220221b86875
:10053800984716f0010f07d07b68002b00f0bb82ac
:1005480000220421b868984716f0020f05d07b688e
:1005580063b100220321b868984716f0080f05d048
:100568007b681bb100220721b86898476388deb210
:10057800a388dfb216f0010f35d0d5f86080a37bd1
:100588006ff30303a37394f80231dbb213f0040f83
:1005980010d0002185f8041194f8022161f3820239
:1005a80084f8022198f8072002f0fd0288f8072055
:1005b80088f8132008f10c0913f0100f5ad094f89a
:1005c800022142f0800284f80221002285f80421e9
:1005d80013f0010f07d095f80421002a00f0898054
:1005e800092a00f01781d5f8608016f0020f40f054
:1005f800a38117f0020f31d008f1180198f81f30c5
:1006080013f0010f2ad094f81631dbb213f0400f23
:1006180005d094f8162102f0bf0284f81621d8f804
:100628001860deb113f0010f18d096f9083013f1f5
:10063800020f40f00e82b369c8f8183094f81631ea
:1006480013f0010f40f0fe8194f8163103f0fe0319
:1006580084f81631f3680bb13046984707b0bde807
:10066800f08f637813f0100f3ff45daf012380f82b
:10067800643058e713f0010f31d195f80431072b96
:1006880040f04581d8f80c000028acd0036a002b54
:1006980040f02a81036913f0020f00f0008183699a
:1006a800c8f80c3000230372c36803b19847d8f820
:1006b8000c30002b00f0ef80002202920df11701a0
:1006c8000191009301234946284603f0c4feb8f877
:1006d800103083428cbf0a230223a37483e795f862
:1006e8000421131fdbb2032b3ff677af002385f8f5
:1006f8000431d8f8000098f8073003f0fd0388f8b3
:10070800073088f8133000283ff46daf0368226a79
:100718001a60226a5a604fea124a93f900b002231b
:100728000372082343608369c8f80030c36803b1c3
:100738009847baf1000f2ed198f8073013f0020f3e
:100748007ff451afbbf1000f0edbd8f80c303bb192
:1007580004221a72062385f804314823a37442e759
:10076800052385f804313ee74023a374d8f80c30fc
:100778006bb1072385f80431d8f80c3004221a72bb
:10078800d8f80c3000221a620a23a3742be704233a
:1007980085f8043127e798f8073013f0020f7ff443
:1007a80022afbbf1000f0cdb4023a374d8f8003054
:1007b80063b3092385f80431d8f8003004221a728b
:1007c80011e74023a374d8f80c30dbb1072385f870
:1007d8000431d8f80c3004221a72002202920df16a
:1007e80017030193d8f80c30009301234946284693
:1007f80003f031feb8f8103083428cbf0a2302237d
:10080800a374f0e6042385f80431ece6012385f8a7
:100818000431e8e6d8f80090b9f1000f3ff4e3aef0
:10082800002202920df117030193cdf800901346b0
:100838004146284603f00ffe4023a374b8f804305d
:10084800834206d8d9f82020d9f804309a42fff418
:10085800caaed9f82020d9f8043093422cbf00231f
:10086800012389f80830c9f80420d9f81830c8f8e5
:100878000030d9f80c300bb148469847d8f80c30fe
:100888002bb1062385f804310823a374abe60523ae
:1008980085f80431a7e6042385f80431a3e613f0ac
:1008a800800f09d023f08003036194f8023143f0ec
:1008b800020384f8023196e68369c8f80c300023f5
:1008c8000372c36803b19847d8f8000040b1002309
:1008d800037243608369c8f80030c36803b198475e
:1008e800002385f804317ee6002202920df11703f9
:1008f8000193009001234946284603f0acfdb8f85f
:10090800103083428cbf0a230223a3746be6062ba4
:100918007ff469aed8f80c0000283ff464ae0023d9
:10092800436003728369c8f80c30c36803b1984701
:10093800002385f8043156e608f1240698f82b3090
:1009480013f0010f3ff455ae94f8123113f0200f55
:1009580005d094f8123103f0df0384f81231d8f887
:10096800240000283ff445ae90f9083013f1020f37
:1009780016d0036a002b47d1036913f0800f18d0f3
:1009880023f08003036194f8123103f0fb0384f829
:10099800123194f8123143f0010384f8123128e639
:1009a8008369c8f82430c368002b3ff422ae984707
:1009b8001fe6002303728369c8f82430c36803b1b3
:1009c8009847d8f82430002b3ff413ae0022029247
:1009d8000df117020192009301231a463146284669
:1009e80003f039fd9df81730002b7ff402ae94f820
:1009f800123103f0fb0384f8123194f8123143f0fa
:100a0800010384f81231f4e5002302930df1170372
:100a18000193009001231a463146284603f01bfd36
:100a28009df81730002b7ff4e4ad94f8123103f0f1
:100a3800fb0384f8123194f8123143f0010384f86f
:100a48001231d6e594f8163143f0100384f81631c4
:100a5800fae5002302930df1170201920096012294
:100a6800284603f0f8fc9df81730002b7ff4f6ad0c
:100a780094f8163103f0fe0384f81631b8f81c30e8
:100a8800834204d8326a73689a42fff4e7ad326a47
:100a98007368934294bf002301233372726000236a
:100aa8003362b369c8f81830f368002b3ff4d6ad49
:100ab80030469847d2e516f0020f7ff457ad4ce563
:020000040000fa
:020000040c02ec
:100ac8002de9f04f87b0044600274ff0010bba46d6
:100ad8002368a26b9b689a4280f06b82baf1010f7f
:100ae80044d0256a23465a4659460df10d00a847b9
:100af8009df80d50ff2debd1266a23465a465946dc
:100b08000df10e00b0479df80e30d92b40f2d18080
:100b1800db2b00f05581c0f01b82dd2b00f04481f7
:100b2800e02b40f0d180204612f005ff0f2840f25c
:100b38002081256a23460522594604a8a8479df81e
:100b480010304a2b00f01981204614f03dfd84f83e
:100b58003d00204614f038fd84f83e0094f83d30fe
:100b6800012bb5d0642084f8be04eee194f8463039
:100b7800012b0cd0032b40f01a8294f84a30012b39
:100b88000bd0022b4bd0642084f8be04dde184f83e
:100b9800c334002084f8cc07d7e194f84d30012bfa
:100ba80020d0022befd194f84b30012bebd194f8e5
:100bb8004e30012be7d1e26cbd4b1340bd4a934246
:100bc800e1d1042384f8c334002084f8c60784f8ec
:100bd800c707012384f8c837022284f8c92784f894
:100be800cc37b2e194f84b30012bccd194f84e308d
:100bf800012bc8d1e26cae4b1340ae4a9342c2d12e
:100c0800032384f8c334002084f8c607012384f83a
:100c1800c737022384f8c83784f8cc0795e194f8dd
:100c28004d30012b25d0022badd194f84b30012b40
:100c3800a9d194f84e30012ba5d1e26c9c4b1340fe
:100c48009c4a93429fd1062384f8c334002084f839
:100c5800c60784f8c70784f8c80784f8c9070123ba
:100c680084f8ca37022384f8cb37032384f8cc37b7
:100c78006be194f84b30012b85d194f84e30012b61
:100c880081d1e26c8a4b13408a4a93427ff47baf4e
:100c9800042384f8c334002084f8c60784f8c707ff
:100ca800012384f8c837022384f8c93784f8cc377d
:100cb8004be1d02bbff40cafc02b10d0c42b00f0ed
:100cc800e380012b3ff404af204612f034fe0128e4
:100cd80040f269810238a36b1844a063f8e6204605
:100ce80012f029fe0546082839d9204614f06cfc74
:100cf80084f84000204612f01efea4f84400204666
:100d080012f019fea4f84200204614f05dfc84f8a5
:100d1800460000eb40030733ab4226da18b300263f
:100d2800f5b2204614f050fc254485f847002046cb
:100d380014f04afc8df80d00030985f84a3000f0dc
:100d48000f0085f84d00204614f03efc85f8500051
:100d5800013694f84620f3b29a42e1d8b8e6642006
:100d680084f8be04f1e08246b2e6642084f8be044a
:100d7800ebe0642084f8be04e7e09df81130462bd0
:100d88007ff4e2ae9df81230492b7ff4ddae9df87a
:100d98001330462b7ff4d8ae9df81430002b7ff427
:100da800d3ae84f83cb0cfe6204612f0c4fd042848
:100db8007ff48eae204612f0befda4f8d40187e67b
:100dc800204612f0b8fd422802d95746824645e02f
:100dd800642084f8be04b8e023465a4659460df10b
:100de8000f00276ab84723465a46594604a8276a77
:100df800b8472b7803eb881304eb43039df80f10d7
:100e08009df8102002eb0122a3f854200135b542c9
:100e180016d08df8109094f85330002bdcd123466f
:100e28005a4659460df10f00276ab8472b7803eb4d
:100e3800881304eb43039df80f20a3f85420e5e73b
:100e4800019f94f85330002b0cbf41238123aaeb58
:100e5800030a1ffa8afabaf1420f13d9204614f08e
:100e6800b3fb8df80d0000f00f0894f8533043eaf7
:100e7800101384f85330104d05f140064ff0000967
:100e88000197c6e7ba4623e6204612f054fd054608
:100e9800122824d8642084f8be0456e004eb031911
:100ea80009f2d71904eb032303f2f7182ae000bf6d
:100eb800ff0000ff010000012026030c276a2346db
:100ec8004a4659464046b847a5eb0905adb294f8dd
:100ed800d631013384f8d631122d7ff6f9ad20468c
:100ee80014f072fb8df80d0000f00f03c0f300172b
:100ef800002fd3d13f331b0103f10709a144273346
:100f080004eb03082346102259464846266ab04790
:100f180009f1ff3209f10f014ff0000912f8013f02
:100f28004b441ffa83f98a42f8d1113dadb2a94565
:100f380008d817b1b9f5807f04d8002fbed1b9f110
:100f4800100fbbd9642084f8be0407b0bde8f08f49
:100f5800204612f0f0fc0646022813d9204614f069
:100f680033fb8df80d00f71ea7eb4007bfb294f8ce
:100f7800463083420ad143000233b34206da68b1ed
:100f8800002631e0642084f8be04dee7642084f89b
:100f9800be04dae7022514e05d4612e0a36b3b4489
:100fa800a363da4694e5642084f8be04cde7002004
:100fb800cbe794f83c0010f1ff3018bf0120c4e7dc
:100fc8005546204614f000fb8df80d00631900f01b
:100fd8000f0283f8b824000983f8bb04013694f89b
:100fe8004620f3b29a42d9d9204614f0edfa8df88a
:100ff8000d0094f847308342e2d094f84830834299
:10100800cad094f849308342c4d0022de6d8d8e734
:020000040000fa
:020000040c02ec
:101018002de9f04f87b0a54cdff8a0a20af11c0318
:10102800029304f1440b0ae00023a360022284f82f
:101038002820636423689b6859460720984794f8da
:101048002820531e002a00f05682092bfad801a145
:1010580051f823f03110020c8510020ce911020c32
:101068009112020cc912020cb513020cbd13020c2a
:101078002114020c2714020c4d14020ca36863649b
:1010880023689b6859460f209847002803dd0923e9
:1010980084f82830d3e7a06812f0e4fc2062006ee0
:1010a8006062243014f0c4fe606a303014f0c0fe70
:1010b800a06812f009fa40017d4b1a584ff480439a
:1010c800b3fbf2f37b4a1360e368012b0ed9606a25
:1010d80043685bb1002550f8241b01ebc50110f0f3
:1010e800b3fc0135606a43689d42f4d3606a0369c2
:1010f8005bb10025c16801ebc501243010f0a4fce8
:101108000135606a03699d42f4d3836a1bb90923d8
:1011180084f8283093e724300ff058f9606a2430b7
:101128000ef0e6ff606a24300ff0fbfca06812f0b6
:10113800e5f9012807d0606a5e4b196824300af087
:1011480065ff00260be0606a5a4b196824300af0e4
:10115800b9fff6e7606a04a9303010f075fc636add
:101168009a6ae2b153f8241f04aa0868496803c2be
:101178003146184613f0bafd636a5a6b002ae9d063
:101188000025186b04a900ebc5000ff045fd0128e8
:10119800e5d00135636a5a6b9542f2d3dae7a06865
:1011a80012f0acf901280dd0606a30300bf08cfddc
:1011b800002323612363636a5b6b43b9092384f8c3
:1011c80028303ce7606a30300bf08cfcf0e7a06810
:1011d80012f07af90ef0aaf8032384f828302ee7e3
:1011e800636a22695b6b9a4203d10a2384f8283028
:1011f80025e74ff0ff332364029814f0a1fe78b37b
:10120800236cb3f1ff3f3ff41aaf01260025a06815
:1012180012f028fc8146636a21691b6b03ebc1014c
:101228000cf064fb636a22691b6b03ebc203b3f91e
:101238000470b3f90680a06812f046f9039500958a
:101248001d4b33440246414638460cf009fb99f8d9
:101258005c304bb1022b0bd0042384f82830eee627
:10126800002626645546d2e799f85030052bf3d16d
:1012780003980ef08ffdb0f1ff3fedd12a690021f0
:10128800686914f011fde7e7a06812f0ebfb443041
:1012980010f0d0f9606128b10023c377052384f8e2
:1012a8002830cce6072384f82830c8e61018062032
:1012b8009479020c8c250720002b0620802107201a
:1012c8006569ab7f9bb12b689b6b284698470128c3
:1012d80011d0002384f83830ff2384f83930ab7fed
:1012e800022b1ad0ab6c003318bf0123ab7706234f
:1012f80084f82830a3e6012384f838302b685b6c27
:1013080028469847c0b284f839000028e7d12b68ee
:10131800d3f8183128469847e9e72b6c5bb304a942
:1013280028460ff0d5fbbdf91430002b12ddbdf9ae
:101338001630002b0edd636a21691b6b03ebc101bc
:1013480004a80ff091fc58b92b68d3f81831284637
:101358009847cce72b68d3f8183128469847c6e752
:10136800664ad16852f8080c0b6b04a903ebc0005d
:101378000ef050fb09e0636a21691a6b04f1180347
:1013880002ebc1021068516803c32b68d3f814310b
:101398005b49284698476b6a01336b62eb7f012be8
:1013a80040f0a980236b013323639be7042384f86f
:1013b800283044e6636a22691b6b03ebc20133f9e8
:1013c8003200b1f90210266cc6eb06150aeb85024d
:1013d800d368936253681362936853621af825506e
:1013e8000b2d28bf00253201931b0aeb83031d77c1
:1013f8001d69dd6200259d635d691d631a462368ca
:101408005b681c329847b0f1ff3f74d04ff0ff3350
:10141800236413f05bfd12e613f058fd0fe6a36892
:101428000133a360374a1268d2f8e822934234bfe6
:1014380002230a2384f8283023689b6800210620a9
:101448009847fce523689b680021082098470023fb
:101458002363e36a0133e3622a4b1b68d3f8e8325b
:10146800002b3ff4ecad0026b146264f31e029466b
:1014780005f10c0010f0ccfd6b68082b03d9284649
:1014880013f044fc2ce0284614f0d2fc28e005f1c7
:10149800180805f10c01404610f0bafdeb69082b5d
:1014a80006d9404613f032fc012384f8283009e0bd
:1014b800404614f0bdfcf7e705f10c0014f0b8fc49
:1014c80084f8289001363b68d3f8e8329e42bff48e
:1014d800b6ad304612f0c6fa056ee368012bc6d8e1
:1014e800eb69002bd3d12b69082be5d905f10c004a
:1014f80013f00cfce4e707b0bde8f08f28180620cd
:0815080028c3072088250720f5
:020000040000fa
:020000040c02ec
:101510002de9f04fc5b003460390881c02330df14e
:10152000140b01f1120202929a46b3e0b5f91e3093
:10153000b0f81e8008fb03f8b5f95e20b0f85e3005
:1015400003fb02f308eb030241f2511101fb02f12c
:101550007c4a02fb031241f67e0303fb081835f9af
:10156000021c30f8023c03fb01f3b5f93e40c18f89
:1015700001fb04f103eb01094fea49395b1a5b03f4
:1015800008eb0904a9eb08010091d1189b1a0193fb
:10159000b5f96e20b0f86e8008fb02f8b5f94e2060
:1015a000b0f84ee00efb02feb5f92e20b0f82ec0ca
:1015b0000cfb02fcc28906fb02f608eb0c050eebe5
:1015c0000607ea1942f2a15909fb02f25e4b03fb3e
:1015d00005255e4b03fb072208eb06075c4b03fb6c
:1015e00007f705eb070940f68e1303fb089817442d
:1015f00043f20b0909fb06760eeb0c07dff854915a
:1016000009fb07f73a4444f2b31909fb0e223d44a3
:1016100046f2542707fb0c5ca51905f58065ed1211
:101620004bf8045ca61b06f58066f612cbf8dc606e
:1016300001eb0c0404f58064e412cbf81c40a1eb30
:101640000c0101f58061c912cbf8bc10019b9918ff
:1016500001f58061c912cbf83c109b1a03f5806339
:10166000db12cbf89c30009a1346434403f58063a9
:10167000db12cbf85c30a2eb080808f58063db12c4
:10168000cbf87c3002300af1020a0bf1040b029b0a
:1016900098423bd05546baf90e60002e7ff446af13
:1016a000baf91e30002b7ff441afbaf92e30002b6f
:1016b0007ff43cafbaf93e30002b7ff437afbaf974
:1016c0004e30002b7ff432afbaf95e30002b7ff43e
:1016d0002dafbaf96e30002b7ff428af3af9022c07
:1016e00030f8023c03fb02f39b004bf8043ccbf8c0
:1016f0001c30cbf83c30cbf85c30cbf87c30cbf8ee
:101700009c30cbf8bc30cbf8dc30bbe7039b03f15b
:10171000100b0cae9033019329e06ff07f0489e049
:101720006ff07f0898e06ff07f01a3e06ff07f0219
:10173000aee06ff07f02b9e06ff07f03c4e06ff0be
:101740007f03cfe0dfc4ffff3bc1ffff84f3ffff58
:1017500033e3fffffdadffff6ff07f072af8087c42
:101760000bf1100b2036019b9b4500f0ca8056f808
:10177000187c56f8080c3a1841f2511a0afb02fa82
:10178000614b03fb00a041f67e0909fb07a756f851
:10179000203c56f8102c03eb02094fea49399b1afa
:1017a0005b0307eb0901a9eb070ec2181b1a009394
:1017b00056f8049c56f80cac56f814cc56f81c8c11
:1017c00009eb0c040aeb0805601942f2a15707fb6c
:1017d00000f04e4f07fb04044d4f07fb050009ebdb
:1017e00008054c4f07fb05f5671940f68e1303fb00
:1017f0000977054443f20b0909fb08580aeb0c056d
:10180000dff8149109fb05f5284444f2b31909fbec
:101810000a002c4446f2542505fb0c4c01eb08044d
:1018200004f50034a41414f1800ffff676af7f2c7a
:10183000a8bf7f24da462bf8104ca1eb080808f566
:1018400000384feaa84818f1800ffff669afb8f1e9
:101850007f0fa8bf4ff07f082af8028c02eb0c0123
:1018600001f50031891411f1800ffff65caf7f297b
:10187000a8bf7f212af80e1ca2eb0c0202f5003251
:10188000921412f1800ffff651af7f2aa8bf7f227a
:101890002af8042c009b1a1802f50032921412f157
:1018a000800ffff646af7f2aa8bf7f222af80c2cb4
:1018b000009b1b1a03f500339b1413f1800ffff6f6
:1018c0003baf7f2ba8bf7f232af8063c0eeb070314
:1018d00003f500339b1413f1800ffff630af7f2b1d
:1018e000a8bf7f232af80a3caeeb070707f50037ad
:1018f000bf1417f1800ffff62faf7f2fa8bf7f27f0
:101900002ce745b0bde8f08fdfc4ffff3bc1ffff10
:0c19100084f3ffff33e3fffffdadffff9a
:020000040000fa
:020000040c02ec
:10191c0000000000963007772c610eeeba51099941
:10192c0019c46d078ff46a7035a563e9a395649e9d
:10193c003288db0ea4b8dc791ee9d5e088d9d297c1
:10194c002b4cb609bd7cb17e072db8e7911dbf901d
:10195c006410b71df220b06a4871b9f3de41be8441
:10196c007dd4da1aebe4dd6d51b5d4f4c785d3839d
:10197c0056986c13c0a86b647af962fdecc9658a41
:10198c004f5c0114d96c0663633d0ffaf50d088d9d
:10199c00c8206e3b5e10694ce44160d5727167a241
:1019ac00d1e4033c47d4044bfd850dd26bb50aa59d
:1019bc00faa8b5356c98b242d6c9bbdb40f9bcacc1
:1019cc00e36cd832755cdf45cf0dd6dc593dd1ab1d
:1019dc00ac30d9263a00de518051d7c81661d0bf41
:1019ec00b5f4b42123c4b3569995bacf0fa5bdb89d
:1019fc009eb802280888055fb2d90cc624e90bb141
:101a0c00877c6f2f114c6858ab1d61c13d2d66b69c
:101a1c009041dc760671db01bc20d2982a10d5ef00
:101a2c008985b1711fb5b606a5e4bf9f33d4b8e85c
:101a3c00a2c9077834f9000f8ea8099618980ee100
:101a4c00bb0d6a7f2d3d6d08976c6491015c63e65c
:101a5c00f4516b6b62616c1cd83065854e0062f280
:101a6c00ed95066c7ba5011bc1f4088257c40ff5dc
:101a7c00c6d9b06550e9b712eab8be8b7c88b9fc00
:101a8c00df1ddd62492dda15f37cd38c654cd4fb5c
:101a9c005861b24dce51b53a7400bca3e230bbd400
:101aac0041a5df4ad795d83d6dc4d1a4fbf4d6d35c
:101abc006ae96943fcd96e34468867add0b860da00
:101acc00732d0444e51d03335f4c0aaac97c0ddd5c
:101adc003c710550aa41022710100bbe86200cc980
:101aec0025b56857b3856f2009d466b99fe461cedc
:101afc000ef9de5e98c9d9292298d0b0b4a8d7c700
:101b0c00173db359810db42e3b5cbdb7ad6cbac05b
:101b1c002083b8edb6b3bf9a0ce2b6039ad2b17477
:101b2c003947d5eaaf77d29d1526db048316dc73d3
:101b3c00120b63e3843b64943e6a6d0da85a6a7a77
:101b4c000bcf0ee49dff099327ae000ab19e077dd3
:101b5c0044930ff0d2a3088768f2011efec20669f7
:101b6c005d5762f7cb67658071366c19e7066b6e53
:101b7c00761bd4fee02bd3895a7ada10cc4add6777
:101b8c006fdfb9f9f9efbe8e43beb717d58eb060d3
:101b9c00e8a3d6d67e93d1a1c4c2d83852f2df4f77
:101bac00f167bbd16757bca6dd06b53f4b36b248d3
:101bbc00da2b0dd84c1b0aaff64a0336607a044177
:101bcc00c3ef60df55df67a8ef8e6e3179be6946d3
:101bdc008cb361cb1a8366bca0d26f2536e26852f7
:101bec0095770ccc03470bbbb91602222f26055553
:101bfc00be3bbac5280bbdb2925ab42b046ab35c77
:101c0c00a7ffd7c231cfd0b58b9ed92c1daede5bd2
:101c1c00b0c2649b26f263ec9ca36a750a936d02b6
:101c2c00a906099c3f360eeb856707721357000512
:101c3c00824abf95147ab8e2ae2bb17b381bb60c36
:101c4c009b8ed2920dbed5e5b7efdc7c21dfdb0b92
:101c5c00d4d2d38642e2d4f1f8b3dd686e83da1fb6
:101c6c00cd16be815b26b9f6e177b06f7747b71812
:101c7c00e65a0888706a0fffca3b06665c0b0111b6
:101c8c00ff9e658f69ae62f8d3ff6b6145cf6c1612
:101c9c0078e20aa0eed20dd75483044ec2b30339b6
:101cac00612667a7f71660d04d476949db776e3e12
:101cbc004a6ad1aedc5ad6d9660bdf40f03bd83736
:101ccc0053aebca9c59ebbde7fcfb247e9ffb53092
:101cdc001cf2bdbd8ac2baca3093b353a6a3b424b6
:101cec000536d0ba9306d7cd2957de54bf67d92312
:101cfc002e7a66b3b84a61c4021b685d942b6f2ab6
:101d0c0037be0bb4a18e0cc31bdf055a8def022d11
:020000040000fa
:020000040c02ec
:101d1c002de9f04f8bb000238df82730431e13f1c3
:101d2c00030f00f2928192f90830022b00f390819c
:101d3c0001f00f094fb211f00e0f40f08c810178b9
:101d4c00002900f08b81c5682b6d079309eb4906c0
:101d5c00002fb4bf0c23002303ebc606d5f860a0fc
:101d6c000aeb060b9bf8073013f0010f00f079819a
:101d7c005068bbf80440b0fbf4f304fb130353b9f5
:101d8c00002f0bda136913f0010f07d030b143f0b9
:101d9c008003136102e0002f80f26681144695f8ef
:101dac000180b8f1000f12d1ab7853b995f85c30c3
:101dbc00012b02d06ff07e0028e1002385f85c3007
:101dcc008846b5f9580010f097fa069003e04ff0ea
:101ddc000008cdf81880ab787bb300230593002363
:101dec00a3619f42b4bf6368002323620323237261
:101dfc005af80620002a40f0f1804af806400023e9
:101e0c00e36104232372b9f1000f40f09280002f9c
:101e1c0019db95f80431012b48d0022b40f0e580fa
:101e2c00032385f80431079b03f5805b9bf8023193
:101e3c0043f008038bf80231d7e0b5f95a0010f0e3
:101e4c005bfa0590cbe795f80431042b0cd0052bed
:101e5c0040f0cb80062385f80431079b03f5805bab
:101e6c0048238bf80231c0e002920df12703019355
:101e7c00009401235946284602f0ebfa072385f813
:101e8c000431bbf80430834206d9079b03f5805b11
:101e9c000a238bf80231a8e0079b03f5805b9bf8c3
:101eac00023143f002038bf802319ee0079b03f5ed
:101ebc00805797f8023113f0010f03d1092385f8ed
:101ecc00043192e0002202920df127030193009459
:101edc0013465946284602f0bcfabbf8043083423c
:101eec0003d8226a63689a421cd3226a63689342bd
:101efc002cbf0023012323726260a3694af80630c9
:101f0c00e3680bb120469847dbf80c3033b106235d
:101f1c0085f80431482387f8023166e0052385f8fb
:101f2c00043162e097f8023143f0400387f8023144
:101f3c005be0002f38db079b03f5805303eb09179d
:101f4c0097f8063113f0010f4fd0002302930df1d7
:101f5c002702019200944a465946284602f079fa23
:101f6c009df82730002b40d197f8063103f0fe0383
:101f7c0087f80631bbf80430834203d8226a6368c1
:101f8c009a4232d3226a636893422cbf0023012306
:101f9c002372626000232362a3694af80630e36867
:101fac001bb32046984720e0002302930df1270332
:101fbc000193009401234a465946284602f049faf7
:101fcc009df827308bb9079b03eb091303f5885356
:101fdc009a7842f001029a7007e01a469369002b36
:101fec00fbd19461e261032323726b78012b01d046
:101ffc00069b73b9ab78012b01d0059bbbb9b8f12b
:10200c00000f34d0012385f85c3000200bb0bde804
:10201c00f08fb5f95830002becdb590903f01f0396
:10202c00012202fa03f3134a42f82130e2e7b5f930
:10203c005a30002be3db590903f01f03012202fa8b
:10204c0003f30c4a42f82130d9e76ff07c00dde74e
:10205c006ff07a00dae76ff07b00d7e76ff07c0067
:10206c00d4e76ff07500d1e76ff07c00cee700206d
:08207c00cce700bf00e100e029
:020000040000fa
:020000040c02ec
:102084002de9f04f83b004460f4699460c9d161e69
:1020940014bf4ff004084ff003082b78002b71d1c4
:1020a4006b68082b0dd0102b29d04ff0010b0bfac5
:1020b40003fb0bf1ff3b0023019300296cd09a46ec
:1020c40048e0002968d009f1ff334f44013fff2065
:1020d40004e00246e2704444bb425dd001331a7806
:1020e400a27062702270002ef5d02a69002af0d006
:1020f4001a7869698a4214bfff220022eae700299c
:102104004ad000234ff0ff0c09f1010005e06246bc
:10211400e270013344449f423ed019f81320a27068
:1021240062702270002ef4d02a69002aefd019f8c8
:10213400131010f8132002eb012269698a4214bfbc
:10214400ff220022e4e7ff20e0700af1010a444480
:10215400574521d06a68494601a812f02cf8c0eb13
:102164000023b3fbfbf3dbb2a37063702370002e78
:10217400ebd02b69002be6d06b69834214bfff20a0
:102184000020e1e7022b0ad0032b6dd0042b00f0d2
:10219400a080062b00f0ce8003b0bde8f08f6b6802
:1021a400082b08d00029f7d04b4601eb410709eb77
:1021b4004709ff2743e00029eed04b4601eb4107d6
:1021c400b944ff2710e0aa69914201d03a4606e0db
:1021d400ea69624514bfff22002200e03a46e27039
:1021e400444403334b45d7d01a7822705978617030
:1021f40093f802c084f802c0002ef1d028690028a8
:10220400ecd068698242ded03a46e8e7987893f8e1
:1022140003c00ceb002ca869844501d03a4609e0c0
:10222400597901eb0221ea69914214bfff2200228d
:1022340000e03a46e270444406339945acd01a783b
:1022440022709a7862701a79a270002ef3d02869ed
:102254000028eed0187893f801c00ceb002c6869c4
:102264008445d3d03a46e5e700230193002993d06f
:10227400ca464f441ce0494601a811f09cff1ce0eb
:102284008200ab6813f820302370ab6813445b788a
:102294006370ab6813449b78a3701eb1ab681a4497
:1022a400d378e37044440af1010a57453ff474af0c
:1022b4006a68082adfd19af80000eb688342dfd805
:1022c4000023a37063702370002eebd0ff23e37010
:1022d400e8e76b68082b06d000293ff45daf0023c4
:1022e40009f102011be000293ff456af002309f174
:1022f400010104e0013344449f423ff44daf19f817
:102304001320a27062702270002ef3d011f81320f3
:10231400e270efe7013344449f423ff43daf19f8c4
:102324002320a27062702270002ef3d011f82320b3
:10233400e270efe76b68082b06d000293ff42caf5e
:102344004b4609ebc1071be000293ff425af4b4680
:1023540009eb810704e0444404339f423ff41caf7b
:102364001a7822705a7862709a78a270002ef2d08d
:10237400da78e270efe744440833bb423ff40caf31
:102384001a7822709a7862701a79a270002ef2d0ac
:062394009a79e270efe708
:020000040000fa
:020000040c02ec
:02239a0070478a
:020000040000fa
:020000040c02ec
:10239c009e4b1b78012b00f0618170b582b013f05d
:1023ac0031fc9b4d28600368db6a4ff488724ff454
:1023bc00f071984728680368d3f8b030002198472b
:1023cc002868036800240094d3f8c860234622468a
:1023dc002146b0472a68536943f03003536113f028
:1023ec0011fc8c4e306003685b692246214698478d
:1023fc0030680368db6a4ff488724ff4f0719847c9
:10240c0030680368d3f8a03083499847286803687c
:10241c00db6e3168984713f0d7fb804e3060036d4c
:10242c005b690522114698473068036ddb6a1c22f4
:10243c00782198473068036dd3f8b030214698471f
:10244c003068036dd3f8a830214698473068036d87
:10245c00d3f838317249984728680368db6e3168c5
:10246c00984713f0b1fb6f4e3060036d5b693c22f3
:10247c001e2198473068036ddb6aa922b421984766
:10248c003068036dd3f8b030214698473068036d3f
:10249c00d3f8a830214698473068036dd3f838310b
:1024ac006149984728680368db6e3168984713f0d8
:1024bc0070fc5e4e3060036d5b695722e1219847da
:1024cc003068036ddb6a2822412198473068036d20
:1024dc00d3f8a030564998473068036dd3f8b03024
:1024ec00214698473068036dd3f8383151499847e5
:1024fc0028680368db6e3168984713f04afc4e4e2f
:10250c003060036d5b6957224ff4967198473068c1
:10251c00036ddb6a2822462198473068036dd3f897
:10252c00a030464998473068036dd3f8b030214647
:10253c0098473068036dd3f838314149984728687b
:10254c000368db6e3168984713f023fc3d4e306016
:10255c00036d5b69572240f2771198473068036d21
:10256c00db6a2822642198473068036dd3f8a030c9
:10257c00354998473068036dd3f8b03021469847f9
:10258c003068036dd3f838313049984728680368b0
:10259c00db6e3168984713f00dfb2d4e3060036de8
:1025ac005b698e224ff4807198473068036ddb6a4b
:1025bc004a22a02198473068036dd3f8b0302146e9
:1025cc0098473068036dd3f8a83021469847306897
:1025dc00036dd3f850311f4998473068036dd3f819
:1025ec0058311d49984728680368db6e3168984755
:1025fc00214628680ff0c6fc022120460ef05afb3b
:10260c00024b01221a70204602b070bdd62507205d
:10261c0070250720f01706205c34020c00180620e9
:10262c00acc10720f8170620e8c10720e8170620e0
:10263c009431020c94170620fc170620cc2e020ca9
:10264c00cc170620ec170620042c020cb017062021
:10265c00f417062034c1072070c107204ff0ff305b
:04266c00704700bff4
:020000040000fa
:020000040c02ec
:102670002de9f04f8bb0149ce51d0395ed080495f2
:1026800002fb04f2073205920193002b00f04d810a
:102690004fead209864609f10103029301eb0908ca
:1026a00001eb050b00239a4638e0039b072b09d961
:1026b000a8eb09030ef1ff3213f8011f02f8011f06
:1026c0005b45f9d1049b4b451dd2a3eb0902424463
:1026d0000ef1ff30591e714412f8013f10f8014ffe
:1026e000234401f8013f4245f6d10ce0059b072b3e
:1026f00009d9a8eb09030ef1ff3213f8011f02f804
:10270000011f4345f9d10af1010ace44029b9844c6
:102710009b44009b019a524500f00b81cdf800e0ec
:10272000c9f1000212f80820042a00f2008101a178
:1027300051f822f0ed26020cab26020c4927020cc0
:102740008b27020c2728020c8bb1059a072adad9ad
:10275000a8eb0901013b0ef1ff3011f8012f13f82e
:10276000014f224400f8012f4145f6d1cbe7059bec
:10277000072bc8d9a8eb09030ef1ff3213f8011f8c
:1027800002f8011f4345f9d1bde753b3039a072a65
:102790000ed9a8eb09015c1e0ef1ff3014f8015fa1
:1027a00011f8012f02eb550200f8012f5945f5d120
:1027b000049a4a45a7d2541ea2eb090040440ef1e8
:1027c000ff352344744415f8012f13f8011f1144f9
:1027d00010f8012f02eb610204f8012f4045f2d1fd
:1027e00091e7039b072b09d9a8eb09030ef1ff32f0
:1027f00013f8011f02f8011f5b45f9d1049b4b45fb
:1028000081d2a3eb090242440ef1ff30591e7144fc
:1028100010f8014f12f8013f03eb540301f8013f98
:102820004245f5d16fe753b3039a072a0dd9a8ebb8
:1028300009015c1e0ef1ff3011f8012f14f8015f41
:102840002a4400f8012f5945f6d1049a4a45bff4ad
:102850005aaf02f1ff3ca2eb090747440ef1ff32e9
:1028600003eb0c015c1ef444cdf81890cdf81ca0cd
:1028700091468a46cdf820e0cdf824b02ae0039bab
:10288000072b09d9a8eb09030ef1ff3213f8011f3a
:1028900002f8011f5b45f9d1049b4b45bff433aff0
:1028a000a3eb090242440ef1ff30591e714412f8a5
:1028b000013f10f8014f234401f8013f4245f6d192
:1028c00021e79142ccbf7046304628440cf8010ff6
:1028d000474521d017f8015f19f8016f1af801ef89
:1028e00014f8010faeeb00010029b8bf494209b24c
:1028f000321a002ab8bf524212b20eeb0603a3eb03
:102900004003002bb8bf5b421bb28b469142a8bf6d
:1029100093465b45d5dad8e7ddf81890ddf81ca0c2
:10292000ddf820e0ddf824b0ede6019802e0242097
:0c29300000e000200bb0bde8f08f00bffd
:020000040000fa
:020000040c02ec
:10293c00cf000000cf000000ff000000800000006e
:10294c004000000000000000e100000080000000da
:10295c00ff000000e1000000cf00000000000000bc
:10296c0012000000ff000000e100000091000000d8
:10297c00ba000000ba000000ff0000009200000046
:10298c004900000000000000db0000009200000085
:10299c00ff000000db000000ba0000000000000097
:1029ac0003000000ff000000db00000092000000ac
:1029bc007ac600007ac60000ffff000010840000f9
:1029cc0008420000000000001cd70000108400002a
:1029dc00ffff00001cd700007ac6000000000000ba
:1029ec001f000000ffff00001cd70000928c0000ad
:1029fc0075c6000075c60000ffff000021840000b2
:102a0c00114200000100000039d7000021840000b1
:102a1c00ffff000039d7000075c600000100000060
:102a2c003f000000ffff000039d70000a58c00001c
:102a3c00d4d0c800d4d0c800ffffff008080800035
:102a4c004040400000000000e7e3d600808080009a
:102a5c00ffffff00e7e3d600d4d0c8000000000061
:102a6c00ff000000ffffff00e7e3d60094928c000c
:102a7c00ffd4d0c8ffd4d0c8ffffffffff808080f9
:102a8c00ff404040ff000000ffe7e3d6ff8080805e
:102a9c00ffffffffffe7e3d6ffd4d0c8ff00000025
:102aac00ffff0000ffffffffffe7e3d6ff94928cd0
:102abc00d4d0c8ffd4d0c8ffffffffff808080ffb9
:102acc00404040ff000000ffe7e3d6ff808080ff1e
:102adc00ffffffffe7e3d6ffd4d0c8ff000000ffe5
:102aec00ff0000ffffffffffe7e3d6ff94928cff90
:102afc0000000000000000000000000000000000ca
:102b0c0000000000000000000000000000000000b9
:102b1c0000000000000000000000000000000000a9
:102b2c000000000000000000000000000000000099
:102b3c000000000000000000000000000000000089
:102b4c000000000000000000000000000000000079
:102b5c000000000000000000000000000000000069
:102b6c000000000000000000000000000000000059
:102b7c000000000000000000000000000000000049
:102b8c000000000000000000000000000000000039
:102b9c000000000000000000000000000000000029
:102bac000000000000000000000000000000000019
:102bbc000100000000000000000000000000000008
:102bcc0000000000000000000000000000000000f9
:102bdc0000000000000000000000000000000000e9
:102bec0000000000000000000000000000000000d9
:082bfc000000000000000000d1
:020000040000fa
:020000040c02ec
:102c040012000000cf000000ff0000008000000060
:102c14004000000012000000e100000080000000fd
:102c2400ff000000e1000000cf00000012000000df
:102c340012000000ff000000e1000000910000000d
:102c440003000000ba000000ff0000009200000032
:102c54004900000003000000db00000092000000b7
:102c6400ff000000db000000ba00000003000000c9
:102c740003000000ff000000db00000092000000e1
:102c84001f0000007ac60000ffff0000108400004f
:102c9400084200001f0000001cd700001084000040
:102ca400ffff00001cd700007ac600001f000000d0
:102cb4001f000000ffff00001cd70000928c0000e2
:102cc4003f00000075c60000ffff000021840000e3
:102cd400114200003f00000039d7000021840000a9
:102ce400ffff000039d7000075c600003f00000058
:102cf4003f000000ffff000039d70000a58c000052
:102d0400ff000000d4d0c800ffffff0080808000d7
:102d140040404000ff000000e7e3d60080808000d0
:102d2400ffffff00e7e3d600d4d0c800ff00000097
:102d3400ff000000ffffff00e7e3d60094928c0041
:102d4400ffff0000ffd4d0c8ffffffffff8080809b
:102d5400ff404040ffff0000ffe7e3d6ff80808094
:102d6400ffffffffffe7e3d6ffd4d0c8ffff00005b
:102d7400ffff0000ffffffffffe7e3d6ff94928c05
:102d8400ff0000ffd4d0c8ffffffffff808080ff5b
:102d9400404040ffff0000ffe7e3d6ff808080ff54
:102da400ffffffffe7e3d6ffd4d0c8ffff0000ff1b
:102db400ff0000ffffffffffe7e3d6ff94928cffc5
:102dc40000000000000000000000000000000000ff
:102dd40000000000000000000000000000000000ef
:102de40000000000000000000000000000000000df
:102df40000000000000000000000000000000000cf
:102e040000000000000000000000000000000000be
:102e140000000000000000000000000000000000ae
:102e2400000000000000000000000000000000009e
:102e3400000000000000000000000000000000008e
:102e44000c000000fc0000000f000000080000005f
:102e5400ed0000000c000000fe000000080000006f
:102e64000f000000fe000000fc0000000c00000049
:102e74000c0000000f000000fe000000f60000003f
:102e8400000000000000000000000000000000003e
:102e9400000000000000000000000000000000002e
:102ea400000000000000000000000000000000001e
:102eb400000000000000000000000000000000000e
:082ec400000000000000000006
:020000040000fa
:020000040c02ec
:102ecc00b6000000cf000000ff00000080000000f2
:102edc0040000000b6000000e1000000800000008f
:102eec00ff000000e1000000cf000000b600000071
:102efc0012000000ff000000e10000009100000043
:102f0c001c000000ba000000ff000000920000004e
:102f1c00490000001c000000db00000092000000d3
:102f2c00ff000000db000000ba0000001c000000e5
:102f3c0003000000ff000000db0000009200000016
:102f4c00e00700007ac60000ffff000010840000bc
:102f5c0008420000e00700001cd7000010840000ad
:102f6c00ffff00001cd700007ac60000e00700003d
:102f7c001f000000ffff00001cd70000928c000017
:102f8c00c107000075c60000ffff0000218400008f
:102f9c0011420000c107000039d700002184000055
:102fac00ffff000039d7000075c60000c107000004
:102fbc003f000000ffff000039d70000a58c000087
:102fcc0000ff0000d4d0c800ffffff00808080000d
:102fdc004040400000ff0000e7e3d6008080800006
:102fec00ffffff00e7e3d600d4d0c80000ff0000cd
:102ffc00ff000000ffffff00e7e3d60094928c0077
:10300c00ff00ff00ffd4d0c8ffffffffff808080d0
:10301c00ff404040ff00ff00ffe7e3d6ff808080c9
:10302c00ffffffffffe7e3d6ffd4d0c8ff00ff0090
:10303c00ffff0000ffffffffffe7e3d6ff94928c3a
:10304c0000ff00ffd4d0c8ffffffffff808080ff90
:10305c00404040ff00ff00ffe7e3d6ff808080ff89
:10306c00ffffffffe7e3d6ffd4d0c8ff00ff00ff50
:10307c00ff0000ffffffffffe7e3d6ff94928cfffa
:10308c000000000000000000000000000000000034
:10309c000000000000000000000000000000000024
:1030ac000000000000000000000000000000000014
:1030bc000000000000000000000000000000000004
:1030cc0000000000000000000000000000000000f4
:1030dc0000000000000000000000000000000000e4
:1030ec0000000000000000000000000000000000d4
:1030fc0000000000000000000000000000000000c4
:10310c000a000000fc0000000f0000000800000096
:10311c00ed0000000a000000fe00000008000000a6
:10312c000f000000fe000000fc0000000a00000080
:10313c000c0000000f000000fe000000f600000074
:10314c000000000000000000000000000000000073
:10315c000000000000000000000000000000000063
:10316c000000000000000000000000000000000053
:10317c000000000000000000000000000000000043
:08318c0000000000000000003b
:020000040000fa
:020000040c02ec
:1031940036000000cf000000ff00000080000000a7
:1031a4004000000036000000e10000008000000044
:1031b400ff000000e1000000cf0000003600000026
:1031c40012000000ff000000e10000009100000078
:1031d400e0000000ba000000ff00000092000000c0
:1031e40049000000e0000000db0000009200000045
:1031f400ff000000db000000ba000000e000000057
:1032040003000000ff000000db000000920000004b
:1032140000f800007ac60000ffff000010840000e0
:103224000842000000f800001cd7000010840000d1
:10323400ffff00001cd700007ac6000000f8000061
:103244001f000000ffff00001cd70000928c00004c
:1032540001f8000075c60000ffff00002184000093
:103264001142000001f8000039d700002184000059
:10327400ffff000039d7000075c6000001f8000008
:103284003f000000ffff000039d70000a58c0000bc
:103294000000ff00d4d0c800ffffff008080800042
:1032a400404040000000ff00e7e3d600808080003b
:1032b400ffffff00e7e3d600d4d0c8000000ff0002
:1032c400ff000000ffffff00e7e3d60094928c00ac
:1032d400ff0000ffffd4d0c8ffffffffff80808006
:1032e400ff404040ff0000ffffe7e3d6ff808080ff
:1032f400ffffffffffe7e3d6ffd4d0c8ff0000ffc6
:10330400ffff0000ffffffffffe7e3d6ff94928c6f
:103314000000ffffd4d0c8ffffffffff808080ffc5
:10332400404040ff0000ffffe7e3d6ff808080ffbe
:10333400ffffffffe7e3d6ffd4d0c8ff0000ffff85
:10334400ff0000ffffffffffe7e3d6ff94928cff2f
:103354000000000000000000000000000000000069
:103364000000000000000000000000000000000059
:103374000000000000000000000000000000000049
:103384000000000000000000000000000000000039
:103394000000000000000000000000000000000029
:1033a4000000000000000000000000000000000019
:1033b4000000000000000000000000000000000009
:1033c40000000000000000000000000000000000f9
:1033d40009000000fc0000000f00000008000000cd
:1033e400ed00000009000000fe00000008000000dd
:1033f4000f000000fe000000fc00000009000000b7
:103404000c0000000f000000fe000000f6000000a9
:1034140000000000000000000000000000000000a8
:103424000000000000000000000000000000000098
:103434000000000000000000000000000000000088
:103444000000000000000000000000000000000078
:08345400000000000000000070
:020000040000fa
:020000040c02ec
:10345c00ff000000cf000000ff0000008000000013
:10346c0040000000ff000000e100000080000000b0
:10347c00ff000000e1000000cf0000000000000091
:10348c0012000000ff000000e100000091000000ad
:10349c00ff000000ba000000ff00000092000000d6
:1034ac0049000000ff000000db000000920000005b
:1034bc00ff000000db000000ba000000000000006c
:1034cc0003000000ff000000db0000009200000081
:1034dc00ffff00007ac60000ffff00001084000010
:1034ec0008420000ffff00001cd700001084000001
:1034fc00ffff00001cd700007ac60000000000008f
:10350c001f000000ffff00001cd70000928c000081
:10351c00ffff000075c60000ffff000021840000c3
:10352c0011420000ffff000039d700002184000089
:10353c00ffff000039d7000075c600000100000035
:10354c003f000000ffff000039d70000a58c0000f1
:10355c00ffffff00d4d0c800ffffff008080800079
:10356c0040404000ffffff00e7e3d6008080800072
:10357c00ffffff00e7e3d600d4d0c8000000000036
:10358c00ff000000ffffff00e7e3d60094928c00e1
:10359c00ffffffffffd4d0c8ffffffffff8080803d
:1035ac00ff404040ffffffffffe7e3d6ff80808036
:1035bc00ffffffffffe7e3d6ffd4d0c8ff000000fa
:1035cc00ffff0000ffffffffffe7e3d6ff94928ca5
:1035dc00ffffffffd4d0c8ffffffffff808080fffd
:1035ec00404040ffffffffffe7e3d6ff808080fff6
:1035fc00ffffffffe7e3d6ffd4d0c8ff000000ffba
:10360c00ff0000ffffffffffe7e3d6ff94928cff64
:10361c00000000000000000000000000000000009e
:10362c00000000000000000000000000000000008e
:10363c00000000000000000000000000000000007e
:10364c00000000000000000000000000000000006e
:10365c00000000000000000000000000000000005e
:10366c00000000000000000000000000000000004e
:10367c00000000000000000000000000000000003e
:10368c00000000000000000000000000000000002e
:10369c000f000000fc0000000f00000008000000fc
:1036ac00ed0000000f000000fe000000080000000c
:1036bc000f000000fe000000fc00000000000000f5
:1036cc000c0000000f000000fe000000f6000000df
:1036dc0000000000000000000000000000000000de
:1036ec0000000000000000000000000000000000ce
:1036fc0000000000000000000000000000000000be
:10370c0000000000000000000000000000000000ad
:08371c000000000000000000a5
:020000040000fa
:020000040c02ec
:103724002de9f04f099f154604468e461e46002b90
:1037340040f0cc808a42b2fa82fc4cd9bcf1000f32
:103744000bd0ccf1200801fa0cfe20fa08f802fa9a
:103754000cf548ea0e0e00fa0cf44fea15491ffa6c
:1037640085f8befbf9fa210c09fb1ae30afb08fbf6
:1037740041ea03439b452ad9eb180af1ff3004d2ee
:103784009b4502d9aaf102002b44a3eb0b03a4b27c
:10379400b3fbf9f209fb123302fb08f844ea0344d1
:1037a400a04516d92c1902f1ff3303d2a04501d943
:1037b400931e2c44a4eb080443ea004027b124fae6
:1037c4000cf400233c607b603146bde8f08f50462a
:1037d400dbe71346eee702b9ffdebcf1000f2ed1a2
:1037e4008b1a01264fea154eaab2b3fbfef8210c40
:1037f4000efb183308fb02f941ea0343994561d9ea
:10380400eb1808f1ff3004d2994502d9a8f102005f
:103814002b44a3eb0903a4b2b3fbfef10efb11335b
:103824004a4344ea0344a2424ed92c1901f1ff331e
:1038340003d2a24201d98b1e2c44a41abce7ccf1ba
:10384400200e02fa0cf521fa0ef901fa0cf320fa13
:103854000efe4eea03034fea154800fa0cf4b9fbd6
:10386400f8f11ffa85fe08fb1192180c01fb0ef605
:1038740040ea0242964221d9aa1801f1ff3003d24c
:10388400964201d9881e2a44921b9bb2b2fbf8f9d6
:1038940008fb192209fb0efe43ea02439e450fd999
:1038a400eb1809f1ff3604d29e4502d9a9f10206ac
:1038b4002b44a3eb0e0346ea004693e70846e3e7ee
:1038c4004e46f6e74046a4e70b46b6e78b4206d9d8
:1038d400002f7ed00026c7e90001304674e7b3fa12
:1038e40083fcbcf1000f0fd18b4201d3824209d873
:1038f400841a61eb030e0120002f6dd0c7e9004e3e
:10390400002661e76046f7e7ccf1200e03fa0cf3da
:1039140022fa0ef521fa0ef41d4301fa0cf320faf3
:103924000ef10b434fea154a00fa0cf6b4fbfaf910
:103934001ffa85f80afb19401c0c09fb08f144ea3c
:103944000044a14202fa0cf23fd92c1909f1ff30cc
:1039540004d2a14202d9a9f102002c44641a9bb2f8
:10396400b4fbfaf90afb194409fb08f843ea0441d9
:1039740088452cd9691809f1ff3304d2884502d946
:10398400a9f10203294443ea0040a1eb0801a0fb8a
:1039940002894945c2464c4602d306d1464504d263
:1039a400b8eb020a69eb05040138afb1b6eb0a03c0
:1039b40061eb040606fa0efe23fa0cf34eea030347
:1039c40026fa0cf6c7e900369ae74846c6e74b469e
:0c39d400d9e73e463846f7e63e46f5e6e9
:020000040000fa
:020000040c02ec
:1039e0002de9f0439db00446884617461d46b0f9c0
:1039f00004600dab0068616803c34fea55091ffa04
:103a000089f1bdf83420521aadf83420bdf83630b3
:103a10005b1aadf83630abb29a19adf83820bdf864
:103a20003a201344adf83a300da811f0a3fe012856
:103a300000f029810fab2068616803c3002f00f0fc
:103a40002581002d00f022813346002eb8bf731c63
:103a50005e1006aa3946404602f0c0fb012d1ad975
:103a600015f0010f59d009f1010333445a42159260
:103a7000169217931893013b07ee903af8eee77a07
:103a8000cded147aa6eb090607ee906af8ee677a98
:103a9000cded137a0ce07342159316931796189692
:103aa00007ee906af8eee77acded147acded137a51
:103ab000b4f900301193b4f902301293259b1a9394
:103ac000279b1b93069b13b39df82430012b3bd0ff
:103ad0009df82530012b3dd09df82630012b3fd09d
:103ae0009df82730012b41d0069b022b0fd19df86a
:103af0003030012b40d09df83130012b42d09df861
:103b00003230012b44d09df83330012b46d09df844
:103b10009030012b48d00020b9e009eb06035a424f
:103b20001592169217931893013b07ee903af8ee10
:103b3000677acded147aa6eb090607ee906af8eee7
:103b4000677acded137ab3e7089a07990fa805f0c5
:103b5000b7f8bde7089a07990fa805f04bf9bbe73e
:103b6000089a07990fa804f05dfcb9e7089a07992d
:103b70000fa804f095fdb7e70b9a0a990fa805f076
:103b80009ff8b8e70b9a0a990fa805f033f9b6e742
:103b90000b9a0a990fa804f045fcb4e70b9a0a990e
:103ba0000fa804f07dfdb2e7b4f904000028b8bf07
:103bb0000130401002aa4146013010f080ff039b03
:103bc000594203916688b4f90620002ab8bf013231
:103bd000c2f34f02c5f38f0523885b1b0298034491
:103be000b4f904000028b8bf013003eb6003adf85e
:103bf0001030731b0b441a44adf812200ffa89f6eb
:103c0000adf81460adf81660279b0093259b1a460b
:103c1000494604a80af0d6f807eb0801b4f90400f5
:103c20000028b8bf0130401002aa013010f047ff51
:103c30000399494203916288b4f90670002fb8bf16
:103c40000137c7f34f0723885b1b02980344b4f97d
:103c500004000028b8bf013003eb6003adf810305a
:103c6000551b0d443d44adf81250adf81460adf84d
:103c70001660279b0093259b1a46494604a80af024
:103c8000a1f8002003e04ff0ff3000e000201db05d
:043c9000bde8f08318
:020000040000fa
:020000040c02ec
:103c940011f00e0f40f0d5802de9f04f85b001f002
:103ca4000f08441e14f1030f00f2ce8090f800e0d8
:103cb400bef1000f00f0cb80c7683c6d08eb480ce8
:103cc4004feacc0c3e6e06eb0c05b8f1000f16d192
:103cd400002046f80c00ab80aa71e97941f001019b
:103ce400e971e8602b82aa74eb7c43f00103eb7466
:103cf40004f580540123e38005b0bde8f08f1e462f
:103d04001046009201914ffa81fbbbf1000fb4bf42
:103d14000c23002305eb03090022ea50a9f80460f0
:103d240089f8060099f8073043f0010389f8073051
:103d340097f801a0baf1000f10d1bb7843b997f8f6
:103d44005c30012b01d00020d6e787f85c20f246d6
:103d5400b7f958000ef0d4fa039003e04ff0000acc
:103d6400cdf80ca0bb7893b100230293002e73d03e
:103d7400012e40f2d2800121490089b28e42fbd843
:103d84000d46384608f08af8a9f808006be0b7f940
:103d94005a000ef0b5fa0290e8e704f58054a27bcd
:103da40002f00f02a17b019d65f30301a173218a37
:103db40066f30a012182b4f8641060f30c01a4f8dc
:103dc4006410a17c41f04001a17494f8621063f383
:103dd400030184f86210009b012be37c0cbf43f0c9
:103de40040036ff38613e374a37b62f30303a373ab
:103df400e288012303fa08f3dbb21343e38078e09b
:103e0400e37d43f04003e37565e0b7f95830002bd8
:103e140075db590903f01f03012202fa03f3434a35
:103e240042f821306be0b7f95a30002b6ddb5909a9
:103e340003f01f03012202fa03f33c4a42f8213043
:103e440063e06ff07b0070476ff07c0054e76ff025
:103e54007c0051e700204fe70021384608f01ef8a7
:103e6400a9f80800002500236d08013315f0010f9f
:103e7400fad0033bbbf1000f8fdb04f58054a27b27
:103e840002f00f02a17b019d65f30301a173a18ad6
:103e940066f30a01a182b4f8661060f30c01a4f879
:103ea4006610a17d41f08001a17594f8631063f35d
:103eb400030184f86310009b012ba1d0009b032b0a
:103ec400e37d0cbf43f010036ff30413e375e37d4c
:103ed4006ff38613e375a37b62f30303a373228951
:103ee400012303fa08f85ffa88f848ea0208a4f8fc
:103ef40008807b78012b02d0039b002b85d1bb78f3
:103f0400012b02d0029b002b8dd1baf1000fa1d05e
:103f1400012387f85c300020eee60121384607f0e3
:103f2400bdffa9f808000023a3e700bf00e100e0fb
:020000040000fa
:020000040c02ec
:103f3400f8b5a14a4ff48e7303fb002393f94c3078
:103f4400002b1fdd05464ff48e7404fb0024206d06
:103f540094f86830013b032b14d8dfe803f0021e09
:103f64002f83964b98420ed000f58050036843f09f
:103f740001030360904b4ff48e7000fb0530022365
:103f840080f86830f8bd8e4ad36943f48033d36136
:103f9400d36813f4807ffbd0e6e7c36913f0020f04
:103fa400f0d1836913f0010fecd1834b4ff48e7081
:103fb40000fb0530032380f86830e3e77e4a4ff4c2
:103fc4008e7303fb052393f85430012b40d05ab26f
:103fd400cab3022b43d0784a4ff48e7303fb0523f4
:103fe400b3f95830002b0cdb590903f01f030122ed
:103ff40002fa03f3734a01f1600042f8203042f8f8
:1040040021306d4a4ff48e7303fb0523b3f95a3004
:10401400002b0cdb590903f01f03012202fa03f3fe
:10402400684a01f1600042f8203042f82130624bc6
:104034004ff48e7000fb0530022380f84c300423cb
:1040440080f868309ee7a9b220460af001fac2e778
:104054000ef0def9a9b220460af0faf9bbe70df03a
:1040640085f8b8e7544a4ff48e7303fb05235b6d60
:1040740003f0ff13b3f5803f07d04ff48e7303fbb7
:10408400052393f85430012b7ed100f5805090f82d
:10409400606006f01806484a4ff48e7303fb05234c
:1040a40093f86930b34235d00bb9082e65d0102e81
:1040b40014bf00220122082b01d1002a5dd1182b44
:1040c40000d182bb3c4a4ff48e7303fb0523d3f823
:1040d400fc00182e33d0384a4ff48e7303fb0523ab
:1040e40093f86630012b48d0002846d043681bb1b2
:1040f40000220921806898472f4a4ff48e7303fbee
:104104000523012283f86620002283f8672083f8c0
:104114006b2032e011464ff48e7202fb051292f8c6
:104124006b208ab3c0e7244a4ff48e7303fb052344
:10413400002283f86620012283f86b201de0e0b1a1
:10414400476897b14ff48e7303fb052393f86730e8
:104154005bb9002208218068b847174a4ff48e7370
:1041640003fb0523012283f86720134a4ff48e735f
:1041740003fb0523002283f866200f4a4ff48e7355
:1041840003fb052383f869600b4a4ff48e7303fb2a
:10419400052393f85430012b3ff6f4ae4ff48e739d
:1041a40003fb052090f86a30002b3ff4ebae204669
:1041b40009f0ccfae6e600bf081a02200000014f1d
:0841c4000000024400e100e0ec
:020000040000fa
:020000040c02ec
:1041cc002de9f04786b004460d46164698469700f2
:1041dc00384610f069fea060002800f0e2805eb165
:1041ec002b1f03eb070cc5f10401ca18a06853f888
:1041fc00045f85509c45f8d12661c4f80c800023df
:10420c00009302930193039305930493384610f0a3
:10421c004bfe6060002814bf00255325e76807f1aa
:10422c000108019e4fea880168460ff0cdfb00287b
:10423c0000f0b980cdf80480b04508d9002200e028
:10424c001e46009b43f82620731cb742f8d1e76842
:10425c0007f10108049e4fea880103a80ff0b4fb94
:10426c00002800f0b180cdf81080b04508d90022ac
:10427c0000e01e46039b43f82620731cb742f8d17e
:10428c00002d40f0918023696bb12b46a26852f847
:10429c002300009951f82020013241f820200133ed
:1042ac0022699342f2d1e36873b129460122039843
:1042bc00009b5b58465833445b0040f82230013277
:1042cc000431e3689a42f2d92369002b7ed02b4645
:1042dc0003e001332269934278d0a26852f823207c
:1042ec00002af6d0039850f822104e1c40f8226099
:1042fc00626842f82310ece71d4661e049f823c0e0
:10430c00724600e0921b0131a36853f80080884587
:10431c0023d0666808f1ff33a3eb0109335823fa65
:10432c0009f303f00103002a2fdb266902f10209cd
:10433c00b1452cd803eb4203d4f8009059f8232054
:10434c0047f6ff7a5245ddd14a1c4245d6d001379b
:10435c003e4449f823603a46d5e70cf1010c236939
:10436c009c455dd35b0018d02b4647f6ff700026aa
:10437c00226852f82310814208bf42f823600133af
:10438c002269b3eb420ff3d31ae0372518e0372537
:10439c0016e0372514e0372512e01d4610e05325b2
:1043ac000ee053250ce05325002402940194009850
:1043bc000cf048fd00940594049403980cf042fd15
:1043cc00284606b0bde8f0875325ede70026029697
:1043dc00019600980cf036fd00960596049603980d
:1043ec000cf030fd03962069c00010f05dfd2060dc
:1043fc000028d4d023695b000ad02b4647f6ff7106
:10440c00226842f8231001332269b3eb420ff7d331
:10441c002369002b3ff470af2a462f46ac46ae46bc
:10442c004fea8c00a36853f82c80b8f1000f94d09d
:10443c00616808f1ff3351f82c1021fa03f303f0f3
:10444c000103002aa5db2669911cb142a3d8294699
:02445c0070e707
:020000040000fa
:020000040c02ec
:10445e002de9f04782469146089d9df828202f6849
:10446e00066d012b26d0b9f1000f00f00081002a55
:10447e0040f0a280286a06f5805109f1080c4fea37
:10448e008c0c01eb0919b9f80841c4f30d0454b1b1
:10449e000023384403f0030262448a5cd2b2c25451
:1044ae0001339c42f6d10023099a13702b6a2344e0
:1044be002b62f6e02b6a8c889c4228bf1c466968ea
:1044ce00a1eb0308b9f1000f14d106f5805154b1d8
:1044de0007eb080304eb0800384413f8012b81f8ae
:1044ee0020209842f9d10023099a13702b6a1b1bc6
:1044fe002b62d6e0aab906eb890101f581514cb1c8
:10450e0007eb080304eb0800384413f8012b0a707c
:10451e008342fad10023099a13702b6a1b1b2b625c
:10452e00bfe04a4601210ef064ff0346a8b906eb30
:10453e00890101f581514cb107eb080304eb08002a
:10454e00384413f8012b0a708342fad10023099ada
:10455e0013702b6a1b1b2b62a3e00aebc00acaf86e
:10456e0008402a6a121b2a62012209990a7006f56e
:10457e008051421e47441f3301eb03139f6001eb32
:10458e000211c1f80c425a7942f006025a711a7998
:10459e0042f008021a711a796ff382021a711a79af
:1045ae0069f307121a711a7942f002021a711a7916
:1045be0042f001021a7174e04a4600210ef019ff12
:1045ce000346f8b9286a06f5805109f1080c4fea3e
:1045de008c0c01eb0919b9f80841c4f30d0454b160
:1045ee000023384403f0030262448a5cd2b2c25400
:1045fe0001339c42f6d10023099a13702b6a23448f
:10460e002b624ee006f5805101eb0912b2f808411b
:10461e00a4b20aebc00acaf80840286a02192a6234
:10462e000122099e32705e1e2a6802441f3301eb7e
:10463e0003139a6001eb0611c1f80c425a7942f04d
:10464e0006025a711a7942f008021a711a796ff33a
:10465e0082021a711a7969f307121a711a796ff3b5
:10466e0041021a711a7942f001021a7119e0286a90
:10467e0006f5805306f58151b3f80841c4f30d04d5
:10468e004cb10023384403f003028a5cd2b2c25408
:10469e0001339c42f7d10023099a13702b6a2344ed
:0846ae002b62a0b2bde8f08709
:020000040000fa
:020000040c02ec
:0246b60070474b
:020000040000fa
:020000040c02ec
:1046b8002de9f04188b0ddf83880884d2d7a002d3d
:1046c80040f0f380002a00f0f080022a03d1047c35
:1046d800062c00f2ed801f4615460c460646f422cd
:1046e80000217e4811f0e0fa0023adf81830adf84b
:1046f8001a307369adf81c30b369adf81e30214625
:1047080006a80cf0b1fa002800f0d58004aa2146ca
:1047180006a80bf07ff9b8f1000f00f0cf80002356
:10472800adf80830adf80a30bdf81430adf80c30eb
:10473800bdf81630adf80e3002a90b463a4603c94b
:1047480006f0d2fd9df83c30012b71d0d8f800302e
:10475800002b00f0b680d8f80040604a546000236f
:104768009382d38263691383a3695383636a002b9b
:1047780000f0aa80bdf914c0bcf1000f40f3a78077
:10478800bdf916e0bef1000f40f3a48006231372b2
:1047980001239372134643f80c6b04a903c983e8f9
:1047a80003005763b2f90c306146bcf1000fb8bf83
:1047b8000cf1010103eb61039363484ab2f90e302f
:1047c8007146bef1000fb8bf0ef1010103eb6103a2
:1047d800d3636369002bb8bf01335b103f4a13648e
:1047e800a369002bb8bf01335b103c4a53641046e1
:1047f80082f8a850237c537210f098f8b0f1ff3f6c
:1048080050d0012d27d0354810f06cf8b0f1ff3f9b
:1048180048d0324811f0b2f9b0f1ff3f42d0022d32
:1048280025d12e4810f0f2fab0f1ff3f25d139e03a
:10483800327cbdf90e10bdf90c000af041fdc8f834
:104848000000436900210191826900920a461030f4
:1048580008f0f6f87fe7214810f0c8fab0f1ff3ffa
:1048680020d01e4811f08af9b0f1ff3f1ad01b483a
:1048780010f0dcfab0f1ff3f14d018480ff03efdfd
:10488800b0f1ff3f0ed015480ff075feb0f1ff3fb5
:1048980008d0124810f0fafab0f1ff3f4ff0ff309d
:1048a80018bf002008b0bde8f0814ff0ff30f9e7ed
:1048b8004ff0ff30f6e74ff0ff30f3e74ff0ff30ef
:1048c800f0e74ff0ff30ede74ff0ff30eae74ff049
:1048d800ff30e7e74ff0ff30e4e700bf001c072098
:020000040000fa
:020000040c02ec
:1048e8002de9f04194b004460d4617461e460aa825
:1048f80011f0befa804b1b7a002b40f0ed80f422b9
:1049080000217d4811f0d0f90023adf84830adf80a
:104918004a306369adf84c30a369adf84e3029468a
:1049280012a80cf0a1f9002800f0d98010aa294695
:1049380012a80bf06ff8adf83870adf83a60bdf812
:104948004430adf83c30bdf84630adf83e300cabe5
:1049580010aa0aa90ea806f073fbbdf94430002b73
:1049680040f3c080bdf94630002b40f3be80624d55
:104978002b4643f80c4b10aa92e8030083e8030087
:1049880005f114030caa92e8030083e803001a9bbc
:10499800c5f89c3010f0defe68722368a3b9237b4b
:1049a80093b9e36a13f0100f02d0237c834242d0fc
:1049b800514a114651f80c0b1a9b1432103003f06f
:1049c800eff9002800f094804b480ff09dffb0f1fc
:1049d800ff3f2dd0484811f0d1f8b0f1ff3f27d064
:1049e800454810f023fab0f1ff3f21d0424811f0ba
:1049f80000f8b0f1ff3f1bd03f480ff07ffab0f14d
:104a0800ff3f15d03c480ff079fcb0f1ff3f0fd0c5
:104a180039480ff0b0fdb0f1ff3f09d0364810f02b
:104a280025fab0f1ff3f03d0334b01221a72002060
:104a380014b0bde8f0812c462d6805f1100801a8d6
:104a480010f0e6fc0ff096ffc36806930ff092ff94
:104a5800436804930ff08eff836805930ff08aff75
:104a680003788df80c300ff085ff036907930ff07a
:104a780081ff436908932a7c204b03eb4213b4f966
:104a880010201f6807fb02f7b4f91230002b20dd55
:104a98000025b4f90e202a44b4f90c1040460df054
:104aa800edff0646b4f91620bdf90630d21ab4f95e
:104ab8001410bdf904302a44c91a03a80df0deff0a
:104ac8003a46314610f03efd0135b4f912309d42a8
:104ad800dfdb4ff0ff30abe74ff0ff30a8e74ff0d8
:104ae800ff30a5e74ff0ff30a2e74ff0ff309fe718
:104af8004ff0ff309ce700bf001c07203478020c01
:020000040000fa
:020000040c02ec
:104b08002de9f04f85b0109f9df844804fb31d46a6
:104b18001646039102904ff0ff333b600cf00efcf9
:104b28008346f0b1b8f1010f0cd0b8f1020f1bd0d9
:104b3800b8f1080f18d0a5b19eb10f9b8bb10e9b91
:104b480023b90ee00f9b63b10e9b53b1dbf80090c5
:104b5800c9eb091a6f4b03eb8a0a504608f045fc6b
:104b680038b905b0bde8f08f002dfad0002eedd190
:104b7800f7e7dbf800c0cceb0c12664b03eb8203c3
:104b88005c6a186a002800f0c08023785bb104f1e1
:104b98002c0200230133984200f0b780144612f823
:104ba8002c1b0029f6d1012222700022a262dbf818
:104bb8000020120292b2cceb0c10564901eb800196
:104bc800888d42ea0042dbb2134323628b8d0133a6
:104bd8009bb24ff6ff72934208bf01238b85039b5c
:104be80063800e9b63600f9ba360e6602561029b58
:104bf800a361002384f8243001222277637584f8a6
:104c08001480236a3b60daf828306bb1c9eb0919c4
:104c1800404b03eb8909d9f82830002b55d09a6a04
:104c2800002a4ed11a464fe0caf82840c9eb0913aa
:104c3800384a02eb83035a69dbf814309a420dd0e4
:104c4800c9eb0915334b03eb8505eb685b6900215c
:104c58000bf114009847dbf814306b6102232377bb
:104c6800b8f1010f35d0b8f1020f40d0636822695e
:104c7800e1686088c9eb0915264e06eb8505ee68e4
:104c8800a5680095b568a847f8b94ff0ff333b60b1
:104c9800c9eb09191f4b03eb8909d9f80c301b69bb
:104ca800984784f8240094f82430dbb2002b0cbf1a
:104cb80001234ff0ff336375504611f009f804e003
:104cc8001a46936a002bfbd19462504609f045fac4
:104cd80047e7c9eb09130f4a02eb8303db681b683c
:104ce800a2686168608898470028eed1cde7c9ebd3
:104cf8000913084a02eb8303db685b682269e168f1
:104d0800608898470028e0d1bfe7504609f025faa7
:084d180027e700bff820072087
:020000040000fa
:020000040c02ec
:104d200082b02de9f04f83b002ac04e906000d9388
:104d30009df83ca09df840609df844109df84c7093
:104d40009df854e0bdf858c0bdf90440bdf90650c7
:104d50001ab21b14bdf938b0bdf93a804ff0000902
:104d6000a0f80090a0f80290baf1000f30d19df8a1
:104d700048904a4492b2002c00dd29b30280002ef4
:104d800075d15a1c3a4492b24280022900f0c58083
:104d9000002d40f3c280012964d0ac46002db8bf7d
:104da00005f1010c02eb6c0cb0f90620002ab8bf2b
:104db0000132aceb620c0ffa8cfc3b44634580f291
:104dc000ac80a0f802c0a8e0644422440280d6e788
:104dd000baf1010f12d05a449df85090a2eb09028b
:104de000b0f80490a2eb090292b20ffa82f90329fb
:104df00001d1002c32dca0f80090c0e7d946bbf10d
:104e0000000fb8bf0bf1010902eb6902b0f9049081
:104e1000b9f1000fb8bf09f10109a2eb690292b222
:104e20000280002cabdd59b9a146002cb8bf04f1bb
:104e300001094fea5c0404eb6904224402809ee706
:104e400003299cd1a146002cb8bf04f101094fea07
:104e50005c0404eb6904121b028090e76444121b9b
:104e600002808ce71544ac440ffa8cfca5e7012eb8
:104e700024d0b0f9064003eb0802a2eb0e02121b8d
:104e800092b216b2012947d0002d45dd022949d042
:104e90002146002cb8bf611c49102f46002db8bf19
:104ea0006f1ca1eb67010a4412b214444344a3eb04
:104eb0000e0e7445c8bf324642802ee04246b8f11d
:104ec000000fb8bf08f1010203eb6203b0f906203e
:104ed000002ab8bf0132a3eb62039bb24380002dce
:104ee0001bdd01290dd0022917d12a46002db8bf9c
:104ef0006a1c4fea5c0c0ceb620ca3eb0c034380c6
:104f00000be02a46002db8bf6a1c4fea5c0c0ceb84
:104f1000620c6344438000e0468003b0bde8f04f7c
:0c4f200002b070476544521b12b2bee79d
:020000040000fa
:020000040c02ec
:104f2c002de9f04f89b0129f139cadf81830adf8f5
:104f3c001a704d88adf81c508d88adf81e500028a5
:104f4c0000f0e080002a00f0e080002c00f0dd8012
:104f5c001d460392009106a810f006fc012800f0f3
:104f6c00d78004a906a810f089ffbdf91020aa4229
:104f7c00ccbf531b00230293009bb3f9020001909a
:104f8c004119bdf914301344994202dd5b1a1844df
:104f9c000190227a634b03eb42135b68202b10d0f9
:104fac00102b4ad0d4f80ca0bdf912b0bdf91a30b0
:104fbc00abeb030bbdf91630002b40f3b1805f4413
:104fcc0081e0d4f80ca0bdf912b0bdf91a30abebee
:104fdc00030bbdf91630002b40f39e8007eb0b083a
:104fec000de00bf1010b08f10108bdf91230bdf910
:104ffc001a209b1abdf9162013445b451bdd009b40
:10500c00de890bfb06f6029b01998b42e9da9c19af
:10501c00039b1c449946cf183744a5eb0900801b11
:10502c00204414f8013b5af8232041460ef0a8fd09
:10503c00bc42f2d1d5e700206be0d4f80c90bdf95e
:10504c0012a0bdf91a30aaeb030abdf91630002bd9
:10505c0064dd07eb0a0b009bde890afb06f6029b5c
:10506c0001998b4212da9c19039b1c449846cf1869
:10507c003744a5eb0800801b204414f8013b39f899
:10508c00132059460ef07cfdbc42f2d10af1010a04
:10509c000bf1010bbdf91230bdf91a209b1abdf9a9
:1050ac00162013445345d6dc002032e00bf1010be3
:1050bc000137bdf91230bdf91a209b1abdf9162023
:1050cc0013445b451cdd009bde890bfb06f6029b43
:1050dc0001998b42eada9c19039b1c44994601eb1b
:1050ec000308b044a5eb0900801b204414f8013bd5
:1050fc001af8032039460ef043fd4445f2d1d5e7aa
:10510c00002006e04ff0ff3003e04ff0ff3000e0ee
:10511c00002009b0bde8f08f0020fae70020f8e786
:08512c000020f6e79479020c63
:020000040000fa
:020000040c02ec
:105134002de9f0438bb00646894615461f4668465e
:1051440010f098fe784b1b7a002b40f0dd80002d88
:1051540000f0da80022d03d1337c062b00f2d780d5
:10516400f4220021704810f0a1fd0023adf8203096
:10517400adf822307369adf82430b369adf8263048
:10518400494608a80bf072fd002800f0c3800df119
:10519400180808ac4246494620460af03dfc98e807
:1051a400030084e80300bdf82020129b1344adf8eb
:1051b4002030bdf82220139b1344adf8223004abf9
:1051c4003a4694e8030006f091f8bdf92620002a37
:1051d400b8bf0132bdf8223003eb62039bb2bdf9c4
:1051e40024100029b8bf0131bdf8202002eb610270
:1051f400bdf914100029b8bf0131a2eb6102adf86a
:105204001020bdf91620002ab8bf0132a3eb6203b7
:10521400adf8123002aa694604a80af0fdfbbdf9f4
:105224000c30002b79ddbdf90e30002b78dd3e4cbf
:1052340007232372266084f8a85004f10c030aaaf9
:1052440012e9030083e8030004f1140302aa92e8bc
:10525400030083e8030000232362e361676310f023
:105264007bfa6072149bc4f89c300123a37220461d
:105274000ff05efbb0f1ff3f43d0012d14d02a485c
:105284000ff032fbb0f1ff3f3bd0274810f078fc21
:10529400b0f1ff3f35d0022d12d123480ff0b8fdf5
:1052a400b0f1ff3f12d12ce020460ff0a1fdb0f188
:1052b400ff3f26d01c4810f063fcb0f1ff3f20d024
:1052c40019480ff0b5fdb0f1ff3f1ad0164810f0a1
:1052d40092fbb0f1ff3f14d013480ff011f8b0f176
:1052e400ff3f0ed010480ff048f9b0f1ff3f08d04f
:1052f4000d480ff0bdfdb0f1ff3f4ff0ff3018bf78
:1053040000200bb0bde8f0834ff0ff30f9e74ff019
:10531400ff30f6e74ff0ff30f3e74ff0ff30f0e7f0
:0c5324004ff0ff30ede700bf001c072039
:020000040000fa
:020000040c02ec
:105330002de9f04f83b00c9c002c73d0002b71d062
:10534000202c73d91d4616468846074602f14004b4
:1053500020460ef0ebfb20460cf0c2fb2b78892b8d
:1053600068d16b78502b65d1ab784e2b62d1eb783e
:10537000472b5fd12b790d2b5cd16b790a2b59d13f
:10538000ab791a2b56d1eb790a2b53d105f10804ce
:10539000204610f01cfb0d2853d15c4920460cf030
:1053a0007bfb002851d005f1100010f010fb386095
:1053b00005f1140010f00bfbc8f8000095f81890e8
:1053c000c6f8509095f819b086f84cb095f81aa028
:1053d000c6f840a0ec7e74642b7f0193b3643b68f5
:1053e000bbb3d8f80030a3b333695bb905f11d0036
:1053f00010f0edfa0746112105f10c000df06cfddf
:1054000087422ad1baf1000f2bd174bb019b012b2b
:105410002fd8bbf1060f72d8dfe80bf02f713b4895
:10542000577164003024c2f8e04006e01b24c2f843
:10543000e04002e01c24c6f8e040204603b0bde88e
:10544000f08f5e24c6f8e040f7e71d24c6f8e04080
:10545000f3e75d24c6f8e040efe73924c6f8e04002
:10546000ebe72024c6f8e040e7e72124c6f8e04057
:10547000e3e72224c6f8e040dfe7b9f1100f40d897
:10548000234b23fa09f303f00103002b08bf252463
:1054900018e0b9f1080f15d0b9f1100918bf4ff095
:1054a0000109b9f1000f18bf25240be0b9f1080f6d
:1054b00029d84ff48b7323fa09f303f00103002b6f
:1054c00008bf2524c6f8e040b7e7b9f1080ff9d0c6
:1054d000b9f1100918bf4ff00109b9f1000f18bf59
:1054e0002524efe7b9f1080fecd0b9f1100918bf86
:1054f0004ff00109b9f1000f18bf2524e2e71f247e
:10550000e0e72524dee72524dce700bfbc61030ccf
:04551000160101007f
:020000040000fa
:020000040c02ec
:1055140038b5624b1b78012b25d05ab26ab1022be5
:1055240038d05f4b1b78042b00f2b580dfe813f012
:105534003c004a0083009200ae005a4b1b685a4a52
:1055440012689342edd9594a1021c2f81813584ae7
:1055540012681344574a1360504b01221a70564b79
:1055640000221a80dde74f4b1b68524a12689342af
:10557400d7d34e4a1021c2f81413504a1268134468
:105584004f4a1360454b02221a704e4a1368013386
:105594001360c6e7434b1a68494b1b689a42c0d351
:1055a4003e4b03221a70bce7404b2022c3f814215f
:1055b4003b4b01221a70444b1b681bb1434a1380b6
:1055c400434d29e0394b4ff00062c3f81821354ba5
:1055d4001b68404a1268934213d33f4a1168344a05
:1055e40012681a440a443d4800680244334800687b
:1055f40002443848026019442b4a1160274a0021aa
:1056040011700133274a1360354b1a682f4b1a80e7
:10561400234b02221a702e4d2c4b1c886400214609
:1056240028460df08bfd23464ff0c042294600204a
:105634000af012fc38bd1d4b4ff00062c3f8142170
:10564400174b03221a70274b1b681bb11f4a138088
:105654001f4de1e7114b1b78032b08d01c4d224b47
:105664001a681a4b1a800e4b00221a70d4e70f4b9b
:105674002022c3f81821104bb3f90020511c1980c3
:1056840000211a480ff0f4fd0546e8e7044b002218
:105694001a700f4dc0e70e4dbee700bfdd25072091
:1056a400eb1b0720482507205c25072000008444c5
:1056b40018c3072060250720b425072010c307203e
:1056c400542507205025072004c30720b6250720aa
:1056d400401b02205825072014c307201cc30720a1
:1056e40008c3072000c307200cc307204017062067
:020000040000fa
:020000040c02ec
:1056f400f8b5431e13f1030f00f2c8800378002ba2
:1057040000f0c480c46894f8543023b994f8563037
:10571400002b00f0bb8094f86a50002d40f0b68056
:10572400276d6378002b4ad02e46a378002b4cd0eb
:1057340007f5805253786ff38613537094f85430fe
:1057440013b9d3801381d372d38803f47f43d380f6
:10575400138903f47f43138192f8023103f0590350
:1057640082f8023192f8023113f0010f33d192f82a
:10577400063113f0010f35d192f8063103f0b0036e
:1057840082f8063192f8123103f0590382f812318b
:1057940092f8123113f0010f2bd192f8163113f055
:1057a400010f2dd192f8163103f0b00382f81631af
:1057b40092f80032002304f10c079c4632e0b4f95d
:1057c40058000cf09dfd0646afe7b4f95a000cf002
:1057d40097fd0546ace792f8023143f0080382f8de
:1057e4000231c4e792f8063143f0100382f806311f
:1057f400c2e792f8123143f0080382f81231cce781
:1058040092f8163143f0100382f81631cae703f117
:10581400200102eb0111497911f0010f09d1013383
:10582400082b0fd017f833100029f0d007f833c035
:10583400ede703f1200102eb011148796ff3000059
:105844004871ece7b4f95830002b09db5a0903f02e
:105854001f03012101fa03f360321b4941f822308e
:10586400b4f95a30002b09db5a0903f01f03012154
:1058740001fa03f36032144941f822306378012bb2
:1058840000d026b9a378012b00d075b9f8bdb4f9be
:105894005830002bf6db590903f01f03012202faea
:1058a40003f3094a42f82130ece7b4f95a30002beb
:1058b400ecdb590903f01f03012202fa03f3024a45
:0c58c40042f82130e2e700bf00e100e004
:020000040000fa
:020000040c02ec
:1058d000002800f0af802de9f04f91b00546006838
:1058e000002800f0aa800368db699847044628680e
:1058f00003685b6898470646002c00f093800028f8
:1059000000f09080c369002b00f08f80d5f808a0cc
:10591000076907f00107286803681b6c984704466d
:10592000039028680368db6b07a9984707a93046ee
:105930000ff0f0fa002c7bd04ff000094fe087b158
:10594000bdf92030002bb8bf0133bdf91c4004eb7a
:105950006304bdf92830002bb8bf013304eb6304a6
:1059600056e0bdf92030002bb8bf0133bdf91c4013
:1059700004eb6304bdf92830002bb8bf0133a4eb5e
:10598000630445e02fb1bdf91c40bdf920301c4433
:105990003ee0bdf91c40bdf920301c44bdf9283063
:1059a000e41a35e0bdf91c4032e0f38abdf9362037
:1059b0009b1a6a682244bdf934106869019028690d
:1059c000009053440a440ba930460af037ff67e0c1
:1059d000b38a9a4409f10109039b4b451ed02868fc
:1059e00003689c6c06ab05aa4946a0472868036873
:1059f0005b6c09aa494698472b7b012b9fd0022b51
:105a0000c0d0002fced0bdf91c40bdf928301c44b9
:105a1000ddf81480069b98451dd3d9e7002011b00e
:105a2000bde8f08f4ff0ff30f9e74ff0ff30f6e7b9
:105a30000020f4e74ff0ff3070474ff0ff30eee703
:105a4000bbf1200f1ad1bdf932301c4408f1010816
:105a5000069b9845bcd2286803689b6941469847d5
:105a600083460baa0146304608f0eff9002fe7d035
:105a7000bdf93230e41abbf1200fe7d0a969002943
:105a800093d0f38abdf936209b1a6a682244bdf987
:105a900034000091534402440ba930460af0cefd75
:065aa000002fd3d1cfe777
:020000040000fa
:020000040c02ec
:105aa6002de9f04f87b004468b4691469a4696b24a
:105ab60003883344adf8103043883344adf81230d0
:105ac60006f00107a7eb46081ffa88f883884344c7
:105ad600adf81430c3884344adf81630524604a8d6
:105ae6000cf067f823883344adf810306388adf8be
:105af6001230a3884344adf814300ffa89f5adf897
:105b060016505246594604a80cf053f823883344dd
:105b1600adf810306388e28813449b1badf8123051
:105b2600a3884344adf81430adf816505246594692
:105b360004a80cf03ef82388adf81030638833448f
:105b4600adf81230adf81450e3884344adf8163082
:105b56005246594604a80cf02cf82388a288134410
:105b66009b1badf8103063881e44adf81260adf88b
:105b76001450e3889844adf816805246594604a856
:105b86000cf017f807eb5907bfb223883b44adf872
:105b9600103063883b44adf81230adf81450adf8c0
:105ba6001650cdf80ca001260296cdf804b000964a
:105bb6004b465a22114604a8fdf70fff09eb490888
:105bc600c8f34f082388a2881344a3eb0803adf853
:105bd600103063883b44adf81230adf81450adf880
:105be6001650cdf80ca00296cdf804b000964b46a0
:105bf6005a22002104a8fdf7f0fe23881f44adf8c1
:105c060010706388e2881344a3eb0803adf81230e2
:105c1600adf81450adf81650cdf80ca00296cdf89c
:105c260004b000964b465a22b42104a8fdf7d5fecf
:105c36002388a2881344a3eb0803adf810306388c9
:105c4600e2881344a3eb0808adf81280adf81450af
:105c5600adf81650cdf80ca00296cdf804b000961b
:105c66004b465a224ff4877104a8fdf7b6fe07b0db
:045c7600bde8f08f06
:020000040000fa
:020000040c02ec
:025c7a00704771
:020000040000fa
:020000040c02ec
:105c7c004ff08c439b7d002b00f0df8010b56f4bf9
:105c8c009c6a4ff08c435b8b13f0020f16d06b4b5e
:105c9c00ff2283f82020022283f82120674b93f8ff
:105cac0020305bb2b3f1ff3f00f09280634b93f86e
:105cbc0020305bb2062b00f0a68010bd4ff08c4359
:105ccc005b8b13f0010f07d05c4bff2283f8202075
:105cdc00022283f82120e1e74ff08c435b8b13f019
:105cec00040f07d0554bff2283f82020012283f8a4
:105cfc002120d3e7514b93f820305bb2032b45d0d6
:105d0c00042b10d0022bc9d14c4b1b692bb14b4b24
:105d1c00988800210bf0b2fcc0e7484b9888012111
:105d2c000bf0acfcbae7454a936912699a420cd065
:105d3c00424a9268d15c4ff08c429162591cd369f3
:105d4c00002bfcd13d4b9961a8e73c4b5b697bb1c7
:105d5c003a4b9b885b0043f001034ff08c4253623b
:105d6c00d369002bfcd1354b032283f8202095e717
:105d7c004ff08c42536843f440335360d369002b8b
:105d8c00fcd12e4b062283f8202087e72b4bd969b8
:105d9c005b69013b8b420dd04ff08c42d369002bd9
:105dac00fcd14ff08c43986a244bda685054013183
:105dbc00d96173e74ff08c42536843f4e02353608e
:105dcc00d369002bfcd11d4b062283f82020e3e77e
:105ddc001a4b002283f820204ff08c42536843f476
:105dec0040335360d369002bfcd14ff08c439b2282
:105dfc001a76124b5b6a002b3ff45faf0f4b5b6a5a
:105e0c002046984759e70d4b002283f8202083f851
:105e1c0021204ff08c439b221a761a46538b03f0a9
:105e2c003003102bfad1054b5b6a002b3ff445afc6
:105e3c00024b5b6a204698473fe770470c230720cc
:020000040000fa
:020000040c02ec
:105e4c002de9f84f431e13f1030f00f2d1800378b4
:105e5c00002b00f0d080c568d5f85080d5f860b024
:105e6c0001f00e06102918bf002e14bf01260026c3
:105e7c0040f0c4800c466f7897b9aa7852b995f85f
:105e8c005c20012a02d06ff07e0039e0002285f8f8
:105e9c005c201f46b5f958000cf02efa824601e042
:105eac003746b246ab786bb3102c31d004f00f09e7
:105ebc0064b2e30f03eb490303eb43030beb8303e4
:105ecc00da7912f0010f09d0997900294ed122f01c
:105edc000102da71da7c22f00102da746b78012ba0
:105eec0002d0baf1000f67d1ab78012b01d0002e94
:105efc0070d1002f00f08580012385f85c300020e4
:105f0c00bde8f88fb5f95a000cf0f6f90646cbe768
:105f1c0028460ff0e4fe4021284605f0bbff08f5ab
:105f2c008058b8f8063003f47f43a8f80630b8f868
:105f3c00083003f47f43a8f808309bf8073023f0af
:105f4c0001038bf807309bf8133023f001038bf817
:105f5c0013309bf81f3023f001038bf81f309bf894
:105f6c002b3023f001038bf82b30b7e722f0010222
:105f7c00da719a881989284608f03eff002c0ddb4f
:105f8c0008f58058b8f80820012303fa09f95ffadc
:105f9c0089f922ea0909a8f808909fe708f58058c2
:105fac00b8f80620012303fa09f95ffa89f922ea05
:105fbc000909a8f8069091e7b5f95830002b93db46
:105fcc00590903f01f03012202fa03f30e4a42f8a7
:105fdc00213089e7b5f95a30002b8adb590903f0d7
:105fec001f03012202fa03f3074a42f8213080e72b
:105ffc006ff07c0084e76ff07c0081e76ff07b0032
:0c600c007ee700207ce700bf00e100e020
:020000040000fa
:020000040c02ec
:10601800f0b58db005460c4616461f4668460ff08b
:1060280027ff6b4b1b7a002b40f0c280002e00f03c
:10603800bf80022e03d12b7c062b00f2bc80f422f9
:10604800002163480ff030fe0023adf82830adf88a
:106058002a306b69adf82c30ab69adf82e3021468b
:106068000aa80af001fe002800f0a88008aa214624
:106078000aa809f0cffc139badf81830149badf8b3
:106088001a303ab2adf81c20129b1bb2adf81e3084
:106098000021adf81010adf81210adf81420adf8cd
:1060a800163002ab04aa694606a804f0c9ffbdf978
:1060b8001430002b40f38580bdf91630002b40f3d7
:1060c8008380434c042323720123a372234643f89d
:1060d8000c5b04aa92e8030083e8030084f8a86034
:1060e80004f1140302aa92e8030083e80300e762bc
:1060f800129b23630ff02efb6072159bc4f89c3033
:106108002b680bb92b7be3b131480ef00ffcb0f1d3
:10611800ff3f4bd0012e22d02d480bf0dfffb0f10e
:10612800ff3f43d02a480ff029fdb0f1ff3f3dd093
:10613800022e20d126480ef089feb0f1ff3f20d173
:1061480034e02246214651f80c0b159b14321030ce
:1061580001f078ff0028d7d14ff0ff3026e01c4827
:106168000cf07afab0f1ff3f20d019480ff006fd85
:10617800b0f1ff3f1ad016480ef058feb0f1ff3fbd
:1061880014d013480ef0baf8b0f1ff3f0ed0104803
:106198000ef0f1f9b0f1ff3f08d00d480ef066fea1
:1061a800b0f1ff3f4ff0ff3018bf00200db0f0bd39
:1061b8004ff0ff30fae74ff0ff30f7e74ff0ff30ce
:1061c800f4e74ff0ff30f1e74ff0ff30eee700bfa4
:0461d800001c072080
:020000040000fa
:020000040c02ec
:1061dc0070b515460023136053609360d360136150
:1061ec0053619361b0f5b47f21dd684b83fb0023d1
:1061fc000344c217c2eb23234ff4b47202fb130403
:10620c00914220dc002c40f3a180631840d4b3f5fc
:10621c00b47f69dccb0f01222a60e20f002c40f323
:10622c008c80002b00f089800c4449427ce00446b1
:10623c0010f5b47f04da04f5b47414f5b47ffadb0a
:10624c00b1f5b47f0add514b83fb01230b44ca1714
:10625c00c2eb23234ff4b47202fb1311002cd1dade
:10626c000e19002e74dd02232b6004f5b4706860e7
:10627c004ff4b471a96005f10c0206f03bf9002053
:10628c0028616e6105f11802314606f033f953e0ce
:10629c0002232b6004f5b470084468604ff4b471a9
:1062ac00a96005f10c0206f025f9002028616c614b
:1062bc0005f11802214606f01df93de002232b6082
:1062cc000020686004f5b471a96005f10c0206f0b9
:1062dc0011f906f5347028614ff4b471696105f158
:1062ec00180206f007f927e002222a6000206860f5
:1062fc00a3f5b471a96005f10c0206f0fbf82c6152
:10630c004ff4b471696105f11802204606f0f2f8f9
:10631c0012e001222a60e20f00297ff77faf002aea
:10632c003ff47caf04f5b4746c602144a96005f1b2
:10633c000c02204606f0def870bd002af4d0002bcb
:10634c00f2d00c4404f5b4744942ede7002c15da94
:10635c00661816f5b47fb1dbcb0f002cd9d1002b0e
:10636c00d7d001232b6001f5b47068604ff4b47181
:10637c00a96005f10c0206f0bdf8dde7cb0f0cb9f6
:10638c00002beed101222a60e20f47e7b7600bb673
:020000040000fa
:020000040c02ec
:10639c006c4b9b7d002b00f0d38010b56a4b9c6a34
:1063ac00684b5b8b13f0020f16d0674bff2283f800
:1063bc002020022283f82120634b93f820305bb21b
:1063cc00b3f1ff3f00f08a805f4b93f820305bb253
:1063dc00062b00f09c8010bd5a4b5b8b13f0010f09
:1063ec0007d0594bff2283f82020022283f821206a
:1063fc00e2e7544b5b8b13f0040f07d0524bff2298
:10640c0083f82020012283f82120d5e74e4b93f806
:10641c0020305bb2032b42d0042b10d0022bcbd1fb
:10642c00494b1b692bb1484b988800210bf04cf958
:10643c00c2e7454b988801210bf046f9bce7424a6c
:10644c00936912699a420bd03f4a9268d15c3d4adb
:10645c009162591cd369002bfcd13b4b9961abe782
:10646c00394b5b6973b1384b9b885b0043f001037c
:10647c00344a5362d369002bfcd1334b032283f88b
:10648c00202099e72f4a536843f440335360d36973
:10649c00002bfcd12c4b062283f820208ce72a4bb6
:1064ac00d9695b69013b8b420bd0264ad369002b1f
:1064bc00fcd1244b986a244bda6850540131d961d1
:1064cc007ae7204a536843f4e0235360d369002be6
:1064dc00fcd11d4b062283f82020e6e71a4b002244
:1064ec0083f82020174a536843f440335360d36930
:1064fc00002bfcd1134b9b221a76134b5b6a002b9f
:10650c003ff469af104b5b6a2046984763e70e4b2c
:10651c00002283f8202083f821200a4b9b221a7634
:10652c001a46538b03f03003102bfad1064b5b6adf
:10653c00002b3ff450af044b5b6a204698474ae768
:0c654c00704700bf004080453823072046
:020000040000fa
:020000040c02ec
:1065580030b46a4b4ff481421a60032483f84740f1
:10656800002183f84e10012283f8512083f852202d
:1065780083f8331083f8371083f8381083f839100c
:106588008e20d8624ff0dc60c3f880004ff0ac601a
:10659800c3f8900083f8ca2083f8d51083f8d61082
:1065a80083f8d710062583f8d85083f8d91083f8d4
:1065b800da10052083f8b50083f8ba1083f8bb1009
:1065c80083f8bc1083f8bd104d48c3f8000100f5ee
:1065d8000000c3f8100183f8402183f8412183f8b3
:1065e800422183f8442183f8451183f8462102208b
:1065f80083f8480183f8490183f84a0183f84b017d
:1066080083f84c0183f84d0183f84e0183f84f015c
:1066180083f8552183f8562183f8575183f8592177
:1066280083f85a2183f85b11332083f830010c205a
:1066380083f83101042083f8320183f8330183f8a9
:10664800341183f8351183f8361183f83711362061
:1066580083f83a0183f83b41302083f83c0183f802
:106668003d4183f8c22183f8c32183f8c42183f80c
:10667800c52183f8c62183f8c72183f8cd2183f883
:10668800ce2183f8cf2183f8d02183f8d12183f854
:10669800d22183f8d32183f8d42183f8d52183f834
:1066a800d721442283f8b12183f8b22183f8b3219a
:1066b800402483f8b64183f8b72183f8b82183f8da
:1066c800b92183f8ba2183f8bb412022c3f80022fc
:1066d800c3f8102283f8451283f8321283f8c112e6
:1066e80083f8b012c3f80003c3f8100383f8441307
:1066f80083f8451383f8321330bc70470000844494
:046708002000000865
:020000040000fa
:020000040c02ec
:10670c002de9f0438bb09df84c70149c674d2e7a9c
:10671c00002e40f0bc80267c073ef6b2022e40f2e2
:10672c00b980984691460e460546f42200215f48f2
:10673c000ff0b8fa0020adf82000adf822006b691c
:10674c00adf82430ab69adf82630314608a80af014
:10675c0089fa002800f0a18006aa314608a809f0a1
:10676c0057f9adf81090adf81280bdf81c30adf8ab
:10677c001430bdf81e30adf816300023adf80830db
:10678c00adf80a306369adf80c30a369adf80e3082
:10679c006b4606aa02a904a804f050fcbdf91c30f3
:1067ac00002b7dddbdf91e30002b7cdd3f4b05221f
:1067bc001a721a4642f80c5b06a903c982e8030058
:1067cc005c6003f11402694603c982e80300227c71
:1067dc005a7218460ef096f8b0f1ff3f54d0334879
:1067ec000ff0caf9b0f1ff3f4ed030480ef01cfb51
:1067fc00b0f1ff3f48d09df84830012b1ed1eb6a19
:10680c0013f0010f15d0e36a43f00103e3622b6b25
:10681c00236326480df070fbb0f1ff3f34d0e36ae0
:10682c0013f0010f1ad0ab6bc3b120480ef034f843
:10683c0014e0e36a23f00103e362eae71b480ff07c
:10684c00d6f8b0f1ff3f1fd0e36a23f00103e362f7
:10685c0016480df051fbb0f1ff3f15d02fb913487e
:10686c000df04afdb0f1ff3f0ed010480df081fe47
:10687c00b0f1ff3f08d00d480ef006fbb0f1ff3f22
:10688c004ff0ff3018bf00200bb0bde8f0834ff085
:10689c00ff30f9e74ff0ff30f6e74ff0ff30f3e74a
:1068ac004ff0ff30f0e74ff0ff30ede7001c072012
:020000040000fa
:020000040c02ec
:1068bc0082b02de9f04782b002ac04e906000b93dc
:1068cc009df834909df838409df83c109df844c0dc
:1068dc00bdf85070bdf90450bdf906601ab21b1416
:1068ec00bdf930a0bdf932e04ff00008a0f80080ef
:1068fc00a0f80280b9f1000f26d19df840804244e7
:10690c0092b20ffa82f8032901d1002d12dca0f803
:10691c000080002c60d101339c441ffa8cfc0229ae
:10692c0001d1002e54dca0f802c002b0bde8f04743
:10693c0002b070473d442a440280002c4cd10133f4
:10694c009c44a0f802c0f0e7b9f1010f0ed05244fc
:10695c009df84880a2eb0802b0f80480a2eb080274
:10696c0092b209b9002d2fdc0280d2e7d046baf1e1
:10697c00000fb8bf0af1010802eb6802b0f90480fd
:10698c00b8f1000fb8bf08f10108a2eb680292b28f
:10699c000280002dbddd51b9a846002db8bf05f110
:1069ac0001087d0805eb6805521b0280c5e7032929
:1069bc00afd1a846002db8bf05f101087d0805eb45
:1069cc0068052a440280b8e73d44521b0280b4e7b4
:1069dc00664437444780a8e7012c10d073449df8d7
:1069ec004ce0a3eb0e03b0f806e0a3eb0e039bb256
:1069fc001ab2012901d1002e2ddc428095e7724696
:106a0c00bef1000fb8bf0ef1010203eb6203b0f947
:106a1c000620002ab8bf0132a3eb62039bb243806d
:106a2c00002e82dd01290cd002297ff47eaf324684
:106a3c00002eb8bf721c7f0807eb62073b444380f3
:106a4c0073e73246002eb8bf721c7f0807eb620753
:0e6a5c00db1b438069e73e449b1b438065e7dc
:020000040000fa
:020000040c02ec
:106a6a002de9f04f85b00e4642b307461146b046af
:106a7a004369b6f1100400f0c180002b00f0be801b
:106a8a009c4205d09b68002b00f0b8809c42f9d14b
:106a9a00d4f8009089450dd021f003050435202d46
:106aaa0038bf2025a9450dd82a462146384605f083
:106aba00ccfd68bb304605b0bde8f08f07f044fa5c
:106aca000026f7e7294620460df02bfc0028f1d0d6
:106ada00bb68103ba3eb0903bb602268256008eb87
:106aea000503002159609960d960521b48f80520b6
:106afa0001221a73bb68103322681344bb60fa6818
:106b0a00934288bffb60214638460bf02afbd1e747
:106b1a000022214638460af0c2fb002866d0027bd2
:106b2a00002a66d0036803f11008214638460df0a2
:106b3a0010fa00284ad0027b002a47d00268103295
:106b4a00b8f1000f42d0002a40d02368103b90448d
:106b5a004344ab423ad32246214638460af09ffbc9
:106b6a00804698b3e9460fc889e80f0007f1180b69
:106b7a00414658460ef002fb07f1140a21465046d8
:106b8a000ef0fcfa94e80f0088e80f0022683146fc
:106b9a0008f110000ef0d5fc99e80f0084e80f0008
:106baa0001232373214658460bf0b9fa4146504651
:106bba000bf0b5fa214638460bf0d3fa2a4641467d
:106bca00384605f042fd00283ff474af294638469e
:106bda0005f039fe054678b1226831460ef0b1fc5f
:106bea003146384607f0b0f92e4663e74ff0000801
:106bfa009be74ff0000898e706465be7384605f042
:066c0a0022fe064656e7db
:020000040000fa
:020000040c02ec
:106c10002de9f84f90f8c33453b3054600261027ea
:106c200034463ce095f8c23413f0070f07d02846ed
:106c300004f0d3fd95f8c23413f0070ff7d13946ad
:106c400028460cf05bff00f130039bb2072b08d8fd
:106c5000a5f8ce47a5f8d047a5f8d247a5f8c44770
:106c600026e0642385f8be3402e0642385f8be3450
:106c70001846bde8f88fb5f8c4370133a5f8c43716
:106c800005ebc910d5f8e01700f2c440faf740fc54
:106c900095f8c3340136f2b2934240f28680b5f8db
:106ca000d4212ab1b5f8c41703fb02f39942b9d035
:106cb000f2b2d10101f2c2432b4405f242520a441e
:106cc0005ffa86f9c84623f8024f9a42fbd105ebda
:106cd000080a9af8c6272a4492f8503005ebc313e5
:106ce0005433c5f8e03792f8bb2402f13f031b018f
:106cf000d91d2944c5f8d41727332b44c5f8d837f4
:106d000005eb421303f58f63c5f8dc37284609f01d
:106d1000ffff00f00f0128460df03afa9af8c62757
:106d200005eb4201b1f8ce3703441bb205ebc810a6
:106d3000a0f8c434a1f8ce372a4492f8b83405eb51
:106d4000031202f2d712c5f8d42705eb032202f290
:106d5000f712c5f8d82705eb431303f58763c5f889
:106d6000dc374ff0010a284609f0d2ff0aeb101376
:106d7000dbb200283ff47faf3f2b3ff676af03f145
:106d8000010a5ffa8afa0a4a12f803b000f00f010a
:106d900028460df0fdf90beb881b05eb4b0babf810
:106da000c404baf13f0fded965e7002360e700bff6
:046db0002026030c8a
:020000040000fa
:020000040c02ec
:106db4005d4b5e4a5a611a46136913f0010ffbd00a
:106dc4005b4b01221a615b4ad36943f48023d3618c
:106dd400d36813f4806ffbd0534b00221a640c2148
:106de4009964e1215964da661a46936f13f0400fef
:106df400fbd14d4b8322da64196c40f602220a431c
:106e04001a641a46136913f0807ffbd04a4b4b4a2d
:106e14009a631a46536813f4807ffbd1484b0222cd
:106e24001a611a46936813f0010ffbd0424b454a8e
:106e34001a621a46536813f0040ffbd13e4b424ac0
:106e44005a621a46536813f0080ffbd13a4b3f4a73
:106e54009a621a46536813f0100ffbd1364b412245
:106e6400c3f894201a46d2f8943013f0400ffad0a5
:106e7400314b4122c3f898201a46d2f8983013f0c7
:106e8400400ffad02c4b4122c3f89c201a46d2f86a
:106e94009c3013f0400ffad0274b4222c3f8cc2089
:106ea4001a46d2f8cc3013f0400ffad0224b4122cc
:106eb400c3f8d4201a46d2f8d43013f0400ffad0d5
:106ec4001d4b4122c3f8e4201a46d2f8e43013f0f3
:106ed400400ffad0184b4222c3f8e8201a46d2f8e1
:106ee400e83013f0400ffad0134b4022c3f8fc20d3
:106ef4001a46d2f8fc3013f0400ffad00e4b402261
:106f0400c3f800211a46d2f8003113f0400ffad02a
:106f1400094b4122c3f820211a46d2f8203113f03c
:106f2400400ffad0704700bf00000444020e000175
:106f3400002004440000024400000544000901004c
:106f440000200544060101000601020005010100bc
:020000040000fa
:020000040c02ec
:106f54002de9f0418ab0119f5f4c247a002c40f057
:106f6400a880002a00f0a580022a07d1047c062c00
:106f740000f2a2803c7c062c00f2a18098461646c2
:106f84000d460446f422002153480ef08ffe0023e0
:106f9400adf82030adf822306369adf82430a36930
:106fa400adf82630294608a809f060fe002800f054
:106fb400898006aa294608a808f02efd0021adf80c
:106fc4001010adf81210adf81480109badf8163007
:106fd400adf80810adf80a107b69adf80c30bb6948
:106fe400adf80e306b4606aa02a904a804f02af8ec
:106ff400bdf91c30002b68ddbdf91e30002b67dda8
:10700400354b03221a7201229a721d4645f80c4b25
:1070140006aa92e8030085e8030083f8a8605f608d
:1070240003f11402694603c982e803003a7c5a72e8
:1070340018460df07dfcb0f1ff3f37d0012e14d07f
:1070440025480bf04df8b0f1ff3f2fd022480ef049
:1070540097fdb0f1ff3f29d0022e12d11e480df04a
:10706400f7feb0f1ff3f12d120e01b480bf0f6fa17
:10707400b0f1ff3f1ad018480ef082fdb0f1ff3f87
:1070840014d015480df0d4feb0f1ff3f0ed01248d5
:107094000df073fab0f1ff3f08d00f480df0f8fe81
:1070a400b0f1ff3f4ff0ff3018bf00200ab0bde839
:1070b400f0814ff0ff30f9e74ff0ff30f6e74ff083
:1070c400ff30f3e74ff0ff30f0e74ff0ff30ede72c
:0c70d4004ff0ff30eae700bf001c07206f
:020000040000fa
:020000040c02ec
:1070e0002de9f04786b004460e4691461f465d4d99
:1070f000a5fb0235ed08013502f00108a8eb4208b6
:107100004fea450ab0f904204244b0f9000048446f
:1071100000970b465244b4f90210401b06f08df85c
:10712000b4f904204244b4f90210b4f90630194409
:10713000b4f9000048440097334652440139401bdb
:1071400006f07bf8b4f906204244b4f90210494431
:10715000009733465244491bb4f9000005f0d7ffad
:10716000b4f906204244b4f902104944b4f90000cd
:10717000b4f904301844009733465244491b01388f
:1071800005f0c5ffd12505fb09f5374ba3fb0535f8
:107190006d0904352388adf810306388adf81230de
:1071a0002bb2adf81430adf8163003974ff001084c
:1071b000cdf808800196cdf8008043465a2211464a
:1071c00004a8fcf70dfcadb205ea08092388a288e3
:1071d00013445b1b4b44adf810306388adf812309c
:1071e0000397cdf808800196cdf8008043465a22d7
:1071f000002104a8fcf7f4fb2388adf81030638865
:10720000e28813444b445b1badf812300397cdf872
:1072100008800196cdf8008043465a22b42104a884
:10722000fcf7defb2388a28813444b445b1badf8bc
:1072300010306388e28813449944a9eb0505adf842
:1072400012500397cdf808800196cdf80080434690
:107250005a224ff4877104a8fcf7c2fb06b0bde8c0
:0c726000f08700bfabaaaaaa1f85eb5163
:020000040000fa
:020000040c02ec
:10726c004963030c9562030cad1d030c9b62030c6c
:10727c00f31d030cd9e3020c19e8020ca162030cf8
:10728c0081f6020ca762030ce9f6020c31dc020c4d
:10729c00a1c9020cd561030ccd43030c893f030c2f
:1072ac004d63030cf712030c694b030cf543030cf1
:1072bc00dd61030cb53f030ce561030ce13f030cee
:1072cc000d60030c3956030c8b4b030c8d09030c0e
:1072dc0000000000393a030c000000002127030cc9
:1072ec0000000000e95e030cf145030c5163030c34
:1072fc00e95b030cfd5b030c7d22030c5563030c53
:10730c00115a030c5963030c275a030c5d63030ccd
:10731c003d5a030c6163030c0d4a030c6563030cab
:10732c00314a030cf95e030c391e030c6963030c20
:10733c001d44030c535a030ced61030ce151030c77
:10734c00671d030c752b030cf12f030ceff1020cd2
:10735c008fcb020c83d4020ce3e1020cd7df020cbe
:10736c00b95e030c0d02030c11b7020ca1b8020c90
:10737c00c95e030c37a3020cf93d030c8361030cab
:10738c006d63030cad62030ce993020c754f030c97
:10739c00034b030c7d62030cff5f030c8d5d030c30
:1073ac00c3d6020c2563030c3909030c2963030ca7
:1073bc00995e030c2d63030ca95e030c8362030c12
:1073cc005543030c3163030ce949030c3563030c7f
:1073dc00ed3b030c3963030c8962030c3d63030c16
:0473ec008f62030c9d
:020000040000fa
:020000040c02ec
:1073f00011f00e0f40f0a7802de9f84f01f00f08b3
:10740000431e13f1030f00f2a1800378002b00f05c
:10741000a0808946c468256d08eb4806206e00eb05
:10742000c606677897b9a27852b994f85c20012a09
:1074300002d06ff07e003de0002284f85c201f4601
:10744000b4f958000af05eff834601e00027bb460e
:10745000a3788bb34ff0000ab8f1000f32d04ffa87
:1074600089f100294adb05eb081505f58855ab794c
:1074700043f02003ab710029b4bf0c20002030443e
:10748000c37943f00203c3716ff002010df032f9ca
:107490006378012b02d0bbf1000f38d1a378012b08
:1074a00002d0baf1000f40d1002f55d0012384f84b
:1074b0005c300020bde8f88fb4f95a000af022ffd2
:1074c0008246c9e705f5805595f8023143f020035f
:1074d00085f80231f37943f00203f3716ff0020192
:1074e00030460df007f9f37c43f00203f3746ff0bc
:1074f000020106f10c000df0fdf8c9e705eb0815d7
:1075000005f58855ab7843f01003ab70b3e7b4f9d9
:107510005830002bc2db590903f01f03012202fa85
:1075200003f30e4a42f82130b8e7b4f95a30002b81
:10753000badb590903f01f03012202fa03f3074ad9
:1075400042f82130b0e76ff07b0070476ff07c00ad
:10755000b0e76ff07c00ade70020abe700e100e0b2
:020000040000fa
:020000040c02ec
:107560002de9f04100284ed00e46054600294fd0a7
:107570000bf006fd00285fdb28460bf001fd0746f7
:10758000504b1b78012b7bd14e4b9b689e42c0f029
:1075900095804c4b0024013493f82020012a6fd1b0
:1075a00020339a689642f6d2b4f1ff3f68d0a742e2
:1075b00025d0062c62dc434b03eb44131b695bb9fb
:1075c000404b03eb44130134072c59d020331a6984
:1075d000002af8d0a74212d03a4800eb44100df030
:1075e000bbf9804600284bd0324629460df0aeff4d
:1075f0002946344800eb47100ef0defc45462c4689
:107600002046bde8f08108460df054fc0446f7e73b
:1076100009f01efc0024f3e72a4b03eb4818d8f8c6
:1076200008309e4244d93246294620460df08eff4e
:10763000284609f00dfce3e7294623480ef0acfa92
:1076400080b1294620480ef001fe30460bf056fa74
:10765000044660b1324629460df078ff284609f00d
:10766000f7fbcde730460df025fc0446c8e732466f
:1076700029461548fff7f9f90446c1e7072cabd1b5
:107680003146114805f0e4f804460e4b1b78012bf7
:107690000ed10c4f4ff00008294638460bf0b4ffce
:1076a0000128b9d008f1010817f8203f012bf3d0c9
:1076b0003246294620460df049ffb9e700289ed002
:0c76c000002478e7f41c07208c2307202e
:020000040000fa
:020000040c02ec
:1076cc0011f00e0f40f09f802de9f04701f00f06ee
:1076dc00431e13f1030f00f299800378002b00f086
:1076ec009880002e00f098808846c468276d6578d5
:1076fc0095b9a27852b994f85c20012a02d06ff0a7
:10770c007e008ae0002284f85c201d46b4f9580003
:10771c000af0f2fd824601e00025aa46a378002b70
:10772c003cd04ff000094ffa88f100293cdb07f5fb
:10773c00805707eb061292f8063103f09f0382f88c
:10774c00063106f1100307eb0317bb7943f08003f6
:10775c00bb7106eb46060029b4bf0c20002000ebe1
:10776c00c606206e3044c37923f00203c3716ff058
:10777c0003010cf0b9ff6378012b02d0baf1000fb2
:10778c0025d1a378012b02d0b9f1000f2dd1002dfa
:10779c0045d0012384f85c3000203ee0b4f95a0057
:1077ac000af0aafd8146bee707f5805707eb0612e3
:1077bc0092f8023103f0cf0382f8023106f1100384
:1077cc0007eb0317bb7843f04003bb70c1e7b4f978
:1077dc005830002bd5db590903f01f03012202faa4
:1077ec0003f3104a42f82130cbe7b4f95a30002b9e
:1077fc00cddb590903f01f03012202fa03f3094af6
:10780c0042f82130c3e76ff07b0070476ff07c00cb
:10781c0003e06ff07c0000e00020bde8f087002062
:08782c00fbe700bf00e100e0f2
:020000040000fa
:020000040c02ec
:107834000100000008000000020000000000000039
:107844000000000000000000000000000000000034
:10785400010000000800000002000000e000000039
:107864001c000000030000000000000000000000f5
:1078740002000000100000000300000000f80000f7
:10788400e00700001f000000000000000b050000de
:1078940002000000100000000300000000f80000d7
:1078a400c00700003e000000010000000b060100bc
:1078b4000300000018000000040000000000ff00a6
:1078c40000ff0000ff00000000000000100800009e
:1078d400040000002000000005000000000000ff7c
:1078e4000000ff0000ff0000ff0000001810080067
:1078f4000400000020000000050000000000ff005c
:1079040000ff0000ff000000000000ff1008001846
:107914000100000001000000000000000000000061
:107924000000000000000000000000000000000053
:10793400010000000400000001000000000000003d
:107944000000000000000000000000000000000033
:107954000100000008000000020000000000000018
:107964000000000000000000000000000000000013
:107974000100000001000000000000000000000001
:1079840000000000000000000000000000000000f3
:020000040000fa
:020000040c02ec
:1079940001000000080000000200000000000000d8
:1079a40000000000000000000000000000000000d3
:1079b400010000000800000002000000e0000000d8
:1079c4001c00000003000000000000000000000094
:1079d40002000000100000000300000000f8000096
:1079e400e00700001f000000000000000b0500007d
:1079f40002000000100000000300000000f8000076
:107a0400c00700003e000000010000000b0601005a
:107a14000300000018000000040000000000ff0044
:107a240000ff0000ff00000000000000100800003c
:107a3400040000002000000005000000000000ff1a
:107a44000000ff0000ff0000ff0000001810080005
:107a54000400000020000000050000000000ff00fa
:107a640000ff0000ff000000000000ff10080018e5
:107a74000100000001000000000000000000000000
:107a840000000000000000000000000000000000f2
:107a940001000000040000000100000000000000dc
:107aa40000000000000000000000000000000000d2
:107ab40001000000080000000200000000000000b7
:107ac40000000000000000000000000000000000b2
:107ad40001000000010000000000000000000000a0
:107ae4000000000000000000000000000000000092
:020000040000fa
:020000040c02ec
:107af40010b582b04e4b1b79012b16d05ab21ab175
:107b0400022b5ad002b010bd032100200bf04efb13
:107b1400474b1860b0f1ff3ff4d0002245490cf008
:107b2400cbfc434b01221a71ece7414b5b79002bf0
:107b3400e8d03f4b18680ef091f802281ed13c4b58
:107b440040229a843a4b597d18680df0effc00b33b
:107b5400374b197d18680df0e9fc20b3344c012330
:107b64006372214651f8100b4ff400730093324bab
:107b7400627d02f0b3ff02232371c3e72c4b186824
:107b84000ef06cf80128ddd1294b4ff400729a8471
:107b9400d8e72748838c00930223427d00210068a4
:107ba4000cf05dfdd4e72248838c00930223027d10
:107bb400002100680cf053fdd0e71d4b5b7943b303
:107bc4001b4b1b7a002b9dd11c4b1b78002b99d08f
:107bd4001b4baa21197055225a709970da70194af0
:107be40012681a71110a5971110c9971120eda7115
:107bf400154a002111600e4a01211172114651f8f3
:107c04000c0b0224019408240094127d02f0fcfd64
:107c140078e7074c01232371617d20680df0fcfa9d
:107c2400217d20680df0f8fa00236372237269e75e
:107c3400000202206997020c40020220dc25072082
:0c7c4400d82207207c210720ec2107201b
:020000040000fa
:020000040c02ec
:107c5000f8b5054617461e464c4c4ff421620021ec
:107c600020460ef025f820460ef075f825602b68aa
:107c7000002b40f08480464b2362464b6362069b98
:107c8000236304f128000ef0f7f80023c4f8f0395c
:107c9000c4f8ec396b69c4f8f439ab69c4f8f83945
:107ca000c4f8fc79c4f8006a2046f8f70dff0028f4
:107cb00068d1204608f07cfab4f84200c208364b7e
:107cc0001a80b4f84410cb08344c2380b0ebc20fb8
:107cd00002dd013230480280b1ebc30f02dd013317
:107ce0002e4a1380294b93f8cc37012b12d0022b4c
:107cf0003bd0032b15d1294a118801f0010303eb76
:107d000051031380244a118801f0010303eb51034e
:107d1000138006e0214a118801f0010303eb5103af
:107d200013801a480ef092f900231d4a13801d4a51
:107d300013801b4e184f154d144632883b889a42cb
:107d40001bd22846fef764ff2846f7f791fd2388eb
:107d500001339bb22380114a12889a42edd8002346
:107d60002380338801333380e7e70b4a118801f021
:107d7000010303eb51031380d3e70020f8bd4ff05c
:107d8000ff30fbe74ff0ff30f8e700bf80fe062032
:107d90006741030ce5fa020cb8250720c42507202b
:087da000bc250720c0250720c7
:020000040000fa
:020000040c02ec
:107da8002de9f0439bb004460d46174699460ef060
:107db80073f9002871d006468368002b70d0b5f996
:107dc80000300693b5f902300793b5f904300893eb
:107dd800b5f906300993e368159363681393a368ac
:107de800149320780ef0eaf98df848002369169369
:107df8004ff00008cdf86480636917938df86080b0
:107e08000cf0b8fd0546c3680d9343680b9383686f
:107e18000c9300780ef0d2f98df828002b690e9398
:107e2800cdf844806b690f938df8408068460df05b
:107e3800effab7f90030bdf900209b1a0293b7f9a1
:107e48000230bdf902209b1a0393b7f9043004935a
:107e5800b7f906300593b9f1fe0f2cd92278531fd4
:107e6800dbb2012b01d9032a1dd13569ff234a460c
:107e780000210220a847f36801209847b56802aba3
:107e88000aaa06a912a8a84705462278531fdbb2fa
:107e9800012b20d9032a1ed026e04ff0ff3027e01f
:107ea8004ff0ff3024e0b56802ab0aaa06a912a871
:107eb800a8470546e9e73469ff234a46002102201e
:107ec800a047f36801209847b46802ab0aaa06a93c
:107ed80012a8a04705463469ff231a460021084620
:107ee800a047f36800209847281c18bf012040428b
:067ef8001bb0bde8f083a1
:020000040000fa
:020000040c02ec
:027efe007047cb
:020000040000fa
:020000040c02ec
:107f0000f8b5054617461e46494c4ff4216200213c
:107f100020460df0cdfe20460df01dff2560089b8c
:107f200010336363434b2362434b636204f12800c5
:107f30000df0a2ff0023c4f8f039c4f8ec396b69e6
:107f4000c4f8f439ab69c4f8f839c4f8fc79c4f85a
:107f5000006a2046f8f7b8fd002865d1204608f0f1
:107f600027f9b4f84200c208344b1a80b4f8441020
:107f7000cb08334c2380b0ebc20f02dd01322f4817
:107f80000280b1ebc30f02dd01332d4a1380284b71
:107f900093f8cc37012b12d0022b3bd0032b15d1f9
:107fa000274a118801f0010303eb51031380234a90
:107fb000118801f0010303eb5103138006e0204a0e
:107fc000118801f0010303eb5103138018480ef0f0
:107fd0003df800231b4a13801b4a1380194e174f8c
:107fe000134d144632883b889a421bd22846fef72e
:107ff0000ffe2846f7f73cfc238801339bb2238011
:108000000f4a12889a42edd8002323803388013327
:108010003380e7e7094a118801f0010303eb5103bc
:108020001380d3e70020f8bd4ff0ff30fbe700bf1f
:10803000900807206741030c5df2020cba25072067
:0c804000c6250720be250720c22507200a
:020000040000fa
:020000040c02ec
:10804c002de9f0439bb004460d46164699460ef0ba
:10805c0021f800286dd080468368002b6cd0b5f9d0
:10806c0000300693b5f902300793b5f90430089344
:10807c00b5f906300993e368159363681393a36805
:10808c00149320780ef098f88df848002369169315
:10809c0000271997636917938df860700cf068fcd2
:1080ac000546c3680d9343680b9383680c93007863
:1080bc000ef082f88df828002b690e9311976b69de
:1080cc000f938df8407068460df0a0f9b6f90030aa
:1080dc00bdf900209b1a0293b6f90230bdf90220bb
:1080ec009b1a0393b6f904300493b6f90630059342
:1080fc00b9f1fe0f2cd92278531fdbb2012b01d919
:10810c00032a1cd1d8f81050ff234a460021012025
:10811c00a847d8f8085002ab0aaa06a912a8a84783
:10812c0005462278531fdbb2012b20d9032a1ed01f
:10813c0024e04ff0ff3025e04ff0ff3022e0d8f87c
:10814c00085002ab0aaa06a912a8a8470546e8e7f8
:10815c00d8f81040ff234a4600210120a047d8f848
:10816c00084002ab0aaa06a912a8a0470546d8f8ef
:10817c001040ff231a4600210846a047281c18bfb0
:0a818c00012040421bb0bde8f08363
:020000040000fa
:020000040c02ec
:10819600b1f1ff3f5ed0b0f1ff3f5cd0012814bfc4
:1081a60000200120d36a8b4201d1002856d1136bdf
:1081b6008b4201d1002854d1536b8b4201d1002848
:1081c60052d1936b8b4201d1002850d1d36b8b4295
:1081d60001d100284ed1136c8b4201d100284cd11d
:1081e600536c8b4201d100284ad1936c8b4201d14a
:1081f600002848d1936d8b4201d1002846d1d36d1a
:108206008b4201d1002844d1136e8b4201d1002844
:1082160042d1536e8b4201d1002840d1d36c8b42a0
:1082260001d100283ed1136d8b4201d100283cd1eb
:10823600536d8b4201d100283cd1d36e8b4201d1c4
:1082460000283cd1136f8b4200d1d8bb536f8b42b1
:1082560000d1e0bb70470023537070470223537070
:10826600a5e703235370a7e704235370a9e7052363
:108276005370abe707235370ade708235370afe79e
:1082860016235370b1e71e235370b3e717235370b9
:10829600b5e717235370b7e71c235370b9e71d23bf
:1082a6005370bbe712235370bde71f23537004239b
:1082b600d370bde71f2353700523d370bde70b238f
:1082c6005370bfe7132353700123d370bee7132304
:0882d60053700223d370bde7d1
:020000040000fa
:020000040c02ec
:0282de007047e7
:020000040000fa
:020000040c02ec
:1082e000f0b585b005460468a36cb4f918100029f0
:1082f000b8bf0131e26ca2eb61020292b4f91a201c
:10830000002ab8bf0132c3eb62030393444b02a9b6
:108310000191626b00920ccb03c906f015f9039a28
:1083200053420393286803685b69002bb8bf01338d
:108330005b10013b02990b44029301688969002993
:10834000b8bf0131d24302eb61020392002b52db32
:1083500006687169002a4edb8b424cdab669964298
:1083600049dd01398b424dd0013e96424ad004216d
:10837000c4f8901029680b6529684a652168496925
:1083800001fb0231a1652f683968496901398b42c7
:10839000b4bf5e1c1e463e6629684a66216849696c
:1083a00001fb0261a1662e68316889690139914239
:1083b000ccbf511c1146336728684167206840696b
:1083c00000fb0131a16728680668716901398b4299
:1083d000b8bf0133b16901399142c8bf0132c0f859
:1083e00080302968c1f884202168496901fb023383
:1083f000c4f8883003e04ff0ff33c0f8ec300020c1
:1084000005b0f0bd0121c4f8901029680b652968fa
:108410004a652168496901fb0233a365efe700bfa4
:0484200038240720d5
:020000040000fa
:020000040c02ec
:108424002de9f04f8db005461646d0f820b0446ac9
:10843400b0f90430002bb8bf0133b0f900a00aeb47
:10844400630ab0f90630002bb8bf0133b0f90280db
:1084540008eb6308b2f5877facbf4ff000094ff01b
:108464000109b429c8bf49f00109b9f1000f15d0b9
:10847400b4291bdc6ff06303089300230993b6f55a
:10848400877f18db002306936ff0630307934cf296
:1084940050330493314a059202920393002c59db22
:1084a40008f1ff38631c0193002746e008aa642002
:1084b4000af0d8ffe3e706aa314664200af0d2ffa7
:1084c400e5e72b6bea6a41460aeb040009f06efe0d
:1084d400013429d504fb046300ee103ab8eec00a57
:1084e4000af0daff08f0a4fad5ed047af4eec07ac3
:1084f400f1ee10faecd8d5ed057af4eec07af1ee8f
:1085040010fae5db0a94002fdbd004aa08a90aa814
:1085140009f09fff0028dbd002aa06a90aa809f0e7
:1085240098ff0028cdd1d3e74b46b9461f46013703
:1085340008f10108019b9f420cd07b420b93cbf1c5
:108544000004bbf1000ff2dd07fb07f63b464f4684
:108554009946bfe70db0bde8f08f00bfb03cffff08
:020000040000fa
:020000040c02ec
:108564002de9f04f8fb00546894605929a460023bf
:108574000893adf83030adf832304369adf834309b
:108584008369adf836300ca808f070fb002877d06a
:108594000aaa49460ca807f03ffabdf92c30002b73
:1085a40071ddbdf92e30002b70ddab682a7c052a05
:1085b4000cbf0622022208210291019200936b68eb
:1085c40006aa07a908a80af0a4f90446002860d15d
:1085d400314e00230193089b00932b7c069a079944
:1085e400304608f0bbfb337c052b10d0042b21d084
:1085f400189b00935346059a4946274806f01af8f3
:10860400089808f023fc00200fb0bde8f08ff36950
:10861400002bedd035466b6a297c53f8240006f014
:108624005dff09906b6a43f824000134eb69a342af
:10863400f1d8dde7184bdb69002bd9d0164e4ff08b
:10864400000b04eb4407d6f8248008eb0705cdf8ab
:1086540024b02a88ab78adf824208df82630317cfc
:10866400099806f03bff0990bdf824209df82630b8
:1086740028f80720ab700134f369a342e1d8b7e7c7
:108684004ff0ff30c0e74ff0ff30bde74ff0ff3051
:0c869400bae74ff0ff30b7e740210720a5
:020000040000fa
:020000040c02ec
:1086a0002de9f04f8db005461646036a0093446ae3
:1086b000b0f90430002bb8bf0133b0f900b00bebb8
:1086c000630bb0f90630002bb8bf0133b0f902904c
:1086d00009eb6309b2f5b47facbf4ff0000a4ff06d
:1086e000010ab1f5877fc8bf4af0010abaf1000f4d
:1086f00015d0b1f5877f19dc002308936ff0630371
:108700000993b6f5b47f16db642306930023079321
:108710004cf25033049305932f4b02930393002c98
:1087200057dd631c01934ff0010847e008aa64205d
:108730000af09afee5e706aa314664200af094fea4
:10874000e6e70bf1ff302b6bea6a4946204409f05b
:108750002ffd0134a6422ad004fb047300ee103a28
:10876000b8eec00a0af09afe08f064f9d5ed047a72
:10877000f4eec07af1ee10faebd8d5ed057af4ee0e
:10878000c07af1ee10fae4db0a94baf1000fd8d007
:1087900004aa08a90aa809f05efe0028d9d002aaf6
:1087a00006a90aa809f057fe0028cad1d1e708f1a6
:1087b000010809f10109019b98450ad0c8f100039d
:1087c0000b93009b002bf2dd08fb08f75e1c0124d5
:0c87d000c2e70db0bde8f08fb03cffff29
:020000040000fa
:020000040c02ec
:1087dc004963030c9562030cad1d030c9b62030ce7
:1087ec00f31d030cd9e3020c19e8020ca162030c73
:1087fc0081f6020ca762030ce9f6020c31dc020cc8
:10880c00a1c9020cd561030ccd43030c893f030ca9
:10881c004d63030cf712030c694b030cf543030c6b
:10882c00dd61030cb53f030ce561030ce13f030c68
:10883c000d60030c3956030c8b4b030c8d09030c88
:10884c0000000000393a030c000000002127030c43
:10885c0000000000e95e030cf145030c5163030cae
:10886c00e95b030cfd5b030c7d22030c5563030ccd
:10887c00115a030c5963030c275a030c5d63030c48
:10888c003d5a030c6163030c0d4a030c6563030c26
:10889c00314a030cf95e030c391e030c6963030c9b
:1088ac001d44030c535a030ced61030ce151030cf2
:1088bc00dd60030c752b030cf12f030ceff1020c94
:1088cc008fcb020c83d4020ce3e1020cd7df020c39
:1088dc0093ed020c27bd020c5bbf020cffc6020c11
:1088ec00cd61030c37a3020cf93d030c8361030c1f
:1088fc006d63030cad62030cf561030c754f030c37
:0c890c00254b030c4163030c354f030c9a
:020000040000fa
:020000040c02ec
:108918004963030c9562030cad1d030c9b62030ca9
:10892800f31d030cd9e3020c19e8020ca162030c35
:1089380081f6020ca762030ce9f6020c31dc020c8a
:10894800a1c9020cd561030ccd43030c893f030c6c
:108958004d63030cf712030c694b030cf543030c2e
:10896800dd61030cb53f030ce561030ce13f030c2b
:108978000d60030c3956030c8b4b030c8d09030c4b
:1089880000000000393a030c000000002127030c06
:1089980000000000e95e030cf145030c5163030c71
:1089a800e95b030cfd5b030c7d22030c5563030c90
:1089b800115a030c5963030c275a030c5d63030c0b
:1089c8003d5a030c6163030c0d4a030c6563030ce9
:1089d800314a030cf95e030c391e030c6963030c5e
:1089e8001d44030c535a030ced61030ce151030cb5
:1089f800cb45030c752b030cf12f030ceff1020c84
:108a08008fcb020c83d4020ce3e1020cd7df020cfb
:108a1800d95e030c27bd020c5bbf020cffc6020c1b
:108a2800e960030c37a3020cf93d030c8361030cc6
:108a38006d63030cad62030cf561030c754f030cf9
:0c8a4800474b030c4563030c3505030c81
:020000040000fa
:020000040c02ec
:108a540011f00e0f40f08b802de9f84f01f00f0557
:108a64004eb2431e13f1030f00f2848001780029f3
:108a740000f08380c468276d05eb4503002eb4bf66
:108a84000c22002202ebc303206e00eb030994f8ce
:108a94000180b8f1000f12d1a37853b994f85c3077
:108aa400012b02d06ff07e002be0002384f85c30b1
:108ab4008846b4f9580009f023fc834602e04ff0dd
:108ac4000008c346a378f3b14ff0000a6ff0010128
:108ad40048460bf00dfe0db1002e1adb6378012b16
:108ae40002d0bbf1000f26d1a378012b02d0baf13a
:108af400000f2ed1b8f1000f42d0012384f85c306e
:108b04000020bde8f88fb4f95a0009f0f9fb824659
:108b1400dce707f5805705f1100307eb03139b7897
:108b240013f0010fdad0103507eb0517bb7843f0cb
:108b34000803bb70d2e7b4f95830002bd4db5909d1
:108b440003f01f03012202fa03f30e4a42f8213014
:108b5400cae7b4f95a30002bccdb590903f01f03e0
:108b6400012202fa03f3074a42f82130c2e76ff008
:108b74007b0070476ff07c00c3e76ff07c00c0e7b8
:088b84000020bee700e100e063
:020000040000fa
:020000040c02ec
:108b8c002de9f0418ab0109d494c247a002c7cd1ff
:108b9c00047c2f7ca7427bd1073ce4b2022c7ad90f
:108bac001e4690460c460746f422002140480df024
:108bbc0079f80020adf82000adf822007b69adf803
:108bcc002430bb69adf82630214608a808f04af8d5
:108bdc00002863d006aa214608a806f019ffadf8b4
:108bec001080adf81260bdf81c30adf81430bdf833
:108bfc001e30adf816300023adf80830adf80a3051
:108c0c006b69adf80c30ab69adf80e306b4606aa4b
:108c1c0002a904a802f012fabdf91c30002b40dda9
:108c2c00bdf91e30002b3fdd214b02221a721a4671
:108c3c0042f80c7b06a903c982e803005d6003f1ce
:108c4c001402694603c982e803002a7c5a7218464a
:108c5c000bf058feb0f1ff3f14d015480cf08cff10
:108c6c00b0f1ff3f0ed012480cf0def8b0f1ff3f30
:108c7c0008d00f480cf008f9b0f1ff3f4ff0ff306f
:108c8c0018bf00200ab0bde8f0814ff0ff30f9e7c3
:108c9c004ff0ff30f6e74ff0ff30f3e74ff0ff30c7
:108cac00f0e74ff0ff30ede74ff0ff30eae700bfa1
:048cbc00001c072071
:020000040000fa
:020000040c02ec
:108cc0002de9f04f8db005461746d0f820b0466a22
:108cd000b0f90430002bb8bf0133b0f900a00aeba3
:108ce000630ab0f90630002bb8bf0133b0f9024077
:108cf00004eb6304592accbf4ff000094ff001097f
:108d00000029c8bf49f00109b9f1000f11d0c9b954
:108d10006423089300230993592f18dd0023069339
:108d200064230793324b04934cf250320592029223
:108d30000393002e59dd009404f1ff38f6433319f4
:108d4000019345e008aa64200af08efbe4e706aa36
:108d5000394664200af088fbe4e70af1ff302b6b08
:108d6000ea6a4146204409f023fa0134a7422ad096
:108d700004fb046300ee103ab8eec00a0af08efb62
:108d800007f058fed5ed047af4eec07af1ee10fa51
:108d9000ebd8d5ed057af4eec07af1ee10fae4db0b
:108da0000a94b9f1000fd8d004aa08a90aa809f0ba
:108db00052fb0028d9d002aa06a90aa809f04bfb49
:108dc0000028cad1d1e708f1ff38019b98450cd0a3
:108dd000009ba3eb08060b96bbf1000ff3dd06fb2f
:108de00006f60bf101070124c2e70db0bde8f08fd4
:048df000b03cffff95
:020000040000fa
:020000040c02ec
:108df4002de9f04f8db005461746d0f820a0466afd
:108e0400b0f90430002bb8bf0133b0f9009009eb7e
:108e14006309b0f90630002bb8bf0133b0f9024042
:108e240004eb6304b32accbf4ff000084ff00108f1
:108e34005a29c8bf48f00108b8f1000f13d05a29c5
:108e440019dc0023089364230993b32f18dd6ff012
:108e54006303069300230793314b049305934cf269
:108e6400503302930393002e57dd0194671ef6439b
:108e740006eb040b43e008aa64200af0f3fae4e7e3
:108e840006aa394664200af0edfae5e72b6bea6a94
:108e9400414609eb040009f089f9013429d504fba2
:108ea400046300ee103ab8eec00a0af0f5fa07f0cf
:108eb400bffdd5ed047af4eec07af1ee10faecd8e9
:108ec400d5ed057af4eec07af1ee10fae5db0a94fa
:108ed400002fdbd004aa08a90aa809f0bafa0028ce
:108ee400dbd002aa06a90aa809f0b3fa0028cdd15a
:108ef400d3e74346b8461f46013f5f450dd0019b6b
:108f0400de1b0b96caf10004baf1000ff4dd06fb78
:108f140006f63b4647469846c1e70db0bde8f08fdc
:048f2400b03cffff5f
:020000040000fa
:020000040c02ec
:108f28004963030c9562030cad1d030c9b62030c93
:108f3800f31d030cd9e3020c19e8020ca162030c1f
:108f480081f6020ca762030ce9f6020c31dc020c74
:108f5800a1c9020cd561030ccd43030c893f030c56
:108f68004d63030cf712030c694b030cf543030c18
:108f7800dd61030cb53f030ce561030ce13f030c15
:108f88000d60030c3956030c8b4b030c8d09030c35
:108f9800e505030c393a030cf932030c2127030cbd
:108fa8000f42030ce95e030cf145030c5163030cfb
:108fb800e95b030cfd5b030c7d22030c5563030c7a
:108fc800115a030c5963030c275a030c5d63030cf5
:108fd8003d5a030c6163030c0d4a030c6563030cd3
:108fe800314a030cf95e030c391e030c6963030c48
:108ff8001d44030c535a030ced61030ce151030c9f
:10900800efb2020c752b030cf12f030ceff1020cdd
:109018008fcb020c83d4020ce3e1020cd7df020ce5
:1090280093ed020c27bd020c5bbf020cffc6020cbd
:109038008d05030c37a3020cf93d030c8361030c67
:109048006d63030cad62030cf561030c754f030ce3
:049058006127030c7d
:020000040000fa
:020000040c02ec
:10905c0030b4047814f0800f07d104f07f040121a0
:10906c0019601460002030bc704704f0e005c02d7e
:10907c002ed004f0f005e02d35d004f0f805f02ddd
:10908c0040d004f0fc05f82d51d004f0fe05fc2d69
:10909c0073d1052971d94178090601f07c51a407d7
:1090ac0004f080440c43417901f03f010c4381787a
:1090bc00890401f47c010c43c178090301f47c316f
:1090cc0021430479a40104f47c640c430621c7e712
:1090dc00012946d9a40104f4f864417801f03f0158
:1090ec000c430221bce702293ed94178890101f4e5
:1090fc007c612403a4b22143847804f03f040c4324
:10910c000321ade7032932d94178090301f47c31fd
:10911c00a40404f4e0140c43c17801f03f01214392
:10912c008478a40104f47c640c43042198e704299a
:10913c0020d94178890401f47c01240604f04074a0
:10914c000c43017901f03f010c438178090301f4d0
:10915c007c312143c478a40104f47c640c430521c4
:10916c007ee74ff0ff307ee74ff0ff307be74ff0ac
:10917c00ff3078e74ff0ff3075e74ff0ff3072e7c4
:020000040000fa
:020000040c02ec
:10918c00f0b44849ca6822f4e0621204120c464b4f
:10919c001343cb60bff35f8f62b6444be02283f87e
:1091ac000f234ff40040186083f810234ff48030e5
:1091bc00186083f811234ff40030186083f81223e1
:1091cc004ff48020186083f814234ff4801018603b
:1091dc0083f815234ff40010186083f8272380249c
:1091ec005c6083f828234ff480745c6083f8292337
:1091fc004ff400745c6083f82a234ff480645c6045
:10920c0083f837234ff400045c6083f838234ff065
:10921c0080745c6083f839234ff000745c6083f8d1
:10922c003a234ff080675f6083f83b234ff0006672
:10923c005e6083f83c234ff080555d6083f83d23de
:10924c004ff000545c6083f85a239f6083f85b23d3
:10925c009e6083f85c239d6083f85d239c6083f89b
:10926c005e234ff080449c6083f85f234ff00044f2
:10927c009c6083f860230124dc6083f8d52398611b
:10928c004b6a43f480234b624b6943f010034b61f0
:10929c004b6a43f400334b624b6a43f480334b62aa
:1092ac00f0bc704700ed00e00000fa0500e100e0c2
:020000040000fa
:020000040c02ec
:1092bc002de9f04f95b083468a46914698461e9efe
:1092cc00209d0cf0e7fe00285cd007460368002bbd
:1092dc005bd00bf04dfb0446c3680f9343680d93b2
:1092ec0083680e9300780cf067ff8df830002369cb
:1092fc00109300231393626911928df8483006a8dd
:10930c000cf0b4fdbdf91830a3eb0b020a92bdf9b9
:10931c001a00a0eb0a020b92a3eb09020892a0eb35
:10932c0008020992b6f900209b1a0293b6f9023092
:10933c00c01a0390b6f904300493b6f906300593bd
:10934c00fe2d2fd99df83020531fdbb2012b01d9f4
:10935c00032a1dd13c69ff232a4600210120a04786
:10936c001f9b00933c6802ab08aa0aa90ca8a04753
:10937c0004469df83020531fdbb2012b21d9032a60
:10938c001fd024e04ff0ff3025e04ff0ff3022e0fb
:10939c001f9b00933c6802ab08aa0aa90ca8a04723
:1093ac000446e6e73c69ff232a4600210120a0473a
:1093bc001f9b00933c6802ab08aa0aa90ca8a04703
:1093cc0004463d69ff231a4600210846a847201c85
:0c93dc0018bf0120404215b0bde8f08f22
:020000040000fa
:020000040c02ec
:1093e800437e002b00f0918070b584b00446036d75
:1093f8009b6e02a99847637e012b12d0bdf90c30f1
:10940800002b6fd0bdf90e20002a6bd0032a72dd25
:10941800032b70dd94f85430002b73d002263546a8
:109428000de0bdf90c30002b5cd0bdf90e20002af0
:1094380058d0012a58dd012b56dd01263546bdf8e6
:109448000830adf80030bdf80a30adf802302db262
:10945800adf80450bdf80e30adf80630236dd3f8e2
:109468002c31694620469847bdf80c30adf80430d9
:10947800adf80650236dd3f82c316946204698473d
:10948800b5b2bdf80830bdf80c2013445b1badf82d
:109498000030bdf80a30adf8023036b2adf80460dd
:1094a800bdf80e30adf80630236dd3f82c3169467f
:1094b80020469847bdf80830adf80030bdf80a30ae
:1094c800bdf80e2013445b1badf80230bdf80c301c
:1094d800adf80430adf80660236dd3f82c31694639
:1094e8002046984704b070bd236dd3f82c3102a9eb
:1094f80020469847f6e7236dd3f82c3102a9204679
:0c9508009847efe70226012599e770471d
:020000040000fa
:020000040c02ec
:1095140000b583b0474b4ff08062c3f89420464bac
:10952400013bfdd1444b013bfdd1434b013bfdd1fc
:10953400404b4ff08062c3f898208021122008f03d
:1095440045ff0b21002008f041ff8221112008f083
:109554003dff1421122008f039ff8121132008f067
:1095640035ff00218c2008f031ff08213a2008f053
:109574002dff88213d2008f029ff0221a22008f0b8
:1095840025ffd021402008f021ff2021152008f0dc
:109594001dff0c21084608f019ff12213e2008f097
:1095a40015ff0121092008f011ff3f21702008f068
:1095b4000dff3521712008f009ff2121722008f0e8
:1095c40005fff021732008f001ff1621172008f091
:1095d400fdfe0421182008f0f9fea421322008f031
:1095e400f5fe0221192008f0f1fe7a211a2008f074
:1095f400edfe0a21032008f0e9fe83214f2008f044
:10960400e5fe3021502008f0e1fe8321512008f0ce
:10961400ddfe0f21b02008f0d9fe01a9322007f0a9
:1096240055fd01980cf010f90028fad003b05df84c
:0c96340004fb00bf00008444a08601007d
:020000040000fa
:020000040c02ec
:1096400070b582b004460d4649784b1e082b00f2d7
:109650008480dfe803f061826882058282821200e2
:10966000037843f080030370ab7880f8ac300021be
:10967000204608f08bfe02b070bd6b8823b9c2781b
:1096800002f00702052a2fd094f8ad20dbb29a42ef
:1096900065d094f8ae2082b1d4f8b060331f013a9f
:1096a000d2b206eb820653f8042f5079a97888428b
:1096b00008bfc4f8b420b342f5d16b8884f8ad304c
:1096c000208b0bf0b7fc204605f05afde37805220d
:1096d00062f30203e3706b888df8043094f8dd3098
:1096e000012b0fd00021c3e70b2380f8b83007f01f
:1096f00017fd002184f8ad10e378042262f3020321
:10970000e370b5e7d4f8e0305bb3d4f8e42001a906
:109710000a2098470021abe76b88012ba8d10021d4
:1097200080f8c010a4e76b88012b03d0022b05d072
:1097300001219de780f8c030002199e7037803f00c
:109740000e03022b01d0012192e76b7983704378dd
:1097500043f00103437000218ae7012188e70021db
:0697600086e7002184e70a
:020000040000fa
:020000040c02ec
:0297660070474a
:020000040000fa
:020000040c02ec
:1097680010b582b002380f2811d8dfe800f008726f
:109778001e10101024291208101033104c503a4ba8
:109788004ff40012c3f89820384b00225a7102b0e7
:1097980010bd0b78012bfad1334b4ff40012c3f8ec
:1097a8009420324b01225a71f1e72f4b4ff40012eb
:1097b800c3f89820ebe72d4b18680bf027fce6e779
:1097c8002a4b18680af036ff274b4ff40012c3f8eb
:1097d8009420dce74b780b2b07d00a2b0bd0012108
:1097e800224b186808f0cefdd1e700211f4b1868fe
:1097f80008f0c8fdcbe71e4b0122194653f8160c9a
:1098080008f088fec3e7194b00225a72bfe7174bce
:1098180000221a72174b1b68072b15d80cbf01249e
:109828000224124a114651f80c0b01944ff40074ab
:109838000094114c04eb4323127d00f0e3ff0d4a22
:10984800136801331360a2e70c4a136801331360ed
:109858009de7064b5b79002b99d0034b4ff4001220
:10986800c3f8942093e700bf00008444000202205c
:1098780016020220ec210720dc1a06207c21072092
:020000040000fa
:020000040c02ec
:1098880070b584b0437e002b67d0044603689b6e96
:1098980002a99847637e012b65d0bdf90c30002bd7
:1098a8005fd0bdf90e20002a5bd0032a70dd032ba0
:1098b8006edd0225bdf80830adf80030bdf80a307d
:1098c800adf802302eb2adf80460bdf80e30adf838
:1098d80006302368d3f82c31694620469847bdf8ee
:1098e8000c30adf80430adf806602368d3f82c319d
:1098f800694620469847adb2bdf80830bdf80c203f
:1099080013445b1badf80030bdf80a30adf80230e7
:10991800adf80460bdf80e30adf806302368d3f812
:109928002c31694620469847bdf80830adf800301c
:10993800bdf80a30bdf80e2013445b1badf80230a9
:10994800bdf80c30adf80430adf806602368d3f8e4
:109958002c3169462046984703e00368d3f8dc3089
:10996800984704b070bdbdf90c30002bf9d0bdf993
:109978000e20002af5d0012a03dd012b01dd012587
:1099880098e72368d3f82c3102a920469847e8e7de
:0e9998002368d3f82c3102a920469847e1e756
:020000040000fa
:020000040c02ec
:0299a600704708
:020000040000fa
:020000040c02ec
:1099a8002de9f843414b1b68002b7dd0dff8088177
:1099b8003f4e06f168093d4f69e0336803b19847a7
:1099c800013510343b68ab425ed9204614f8043c9c
:1099d8000c2bf5d801a252f823f000bfc399020c52
:1099e800199a020c239a020c2d9a020c379a020c2f
:1099f800419a020c4b9a020c559a020c5f9a020c7f
:109a0800699a020c739a020c7d9a020c879a020cce
:109a18007368002bd4d09847d2e7b368002bcfd017
:109a28009847cde7f368002bcad09847c8e7336951
:109a3800002bc5d09847c3e7f369002bc0d09847df
:109a4800bee77369002bbbd09847b9e7b369002b11
:109a5800b6d09847b4e7336a002bb1d09847afe740
:109a6800736a002bacd09847aae7b36a002ba7d03b
:109a78009847a5e7f36a002ba2d09847a0e7336b75
:109a8800002b9dd098479be734364e4509d018f8ef
:109a9800013b002bf8d03b68002bf5d0054c002586
:109aa80093e7024b00221a60bde8f883d81a062013
:0c9ab8006c180620d8180620d41a0620ce
:020000040000fa
:020000040c02ec
:109ac4002de9f0418ab0109e424f3f7a002f72d1a7
:109ad40090f810c0377cbc4570d11f4690460d46a7
:109ae4000446c82200213b480cf0e0f80021adf800
:109af4002010adf822106369adf82430a369adf8e5
:109b04002630294608a807f0b1f8002859d006aa3b
:109b1400294608a805f080ffadf81080adf8127052
:109b2400bdf81c30adf81430bdf81e30adf8163059
:109b34000023adf80830adf80a307369adf80c3085
:109b4400b369adf80e306b4606aa02a904a801f069
:109b540079fabdf91c30002b36ddbdf91e30002b1f
:109b640035dd1c4b02221a721d4645f80a4b06aa23
:109b740003cac3f80a0069605e606a4603cac3f890
:109b84001200c3f8161018460af01efeb0f1ff3f8b
:109b94000ed010480bf0ecf8b0f1ff3f08d00d48a0
:109ba4000bf0d6f8b0f1ff3f4ff0ff3018bf0020a4
:109bb4000ab0bde8f0814ff0ff30f9e74ff0ff3015
:109bc400f6e74ff0ff30f3e74ff0ff30f0e74ff0e8
:089bd400ff30ede7e01d072062
:020000040000fa
:020000040c02ec
:109bdc002de9f04f85b001920293ddf83c90119e77
:109bec00dff8f880dff8f8e0041fdff8f8c03a4f30
:109bfc00043918300d4622460394109c03e0caf831
:109c0c0000b0824224d058f804af0af1ff335ef85a
:109c1c0004bfa3eb0b034b44b3fbfaf342f8043f32
:109c2c005cf804af0af1ff3357f804bfa3eb0b0346
:109c3c002344b3fbfaf36b609246136803b16b6871
:109c4c0045f8043f9b46002bd9d0daf800b0d6e794
:109c5c00039c00230e9a1360029a13600198054628
:109c6c0003601346ddf838c000f11c0290461ee07c
:109c7c007046384428601f6854f8040f00fb06f047
:109c8c000730c0084a6802fb007043f8040fdcf888
:109c9c00007051f8040f226802fb00f006fb00f084
:109cac00073007ebd0074cf8047f454510d055f82a
:109cbc00047b60680028dcd0d1f804e0bef1000f12
:109ccc00d6d006fb00f00730c00800fb0ee0d0e752
:109cdc0005b0bde8f08f00bfc053030c6c53030cf0
:089cec00a453030c8853030c80
:020000040000fa
:020000040c02ec
:109cf400f8b590f90830002b40f3858016460d46e0
:109d040004468b1e072b7cd8dfe803f00461667bd6
:109d14007b6b707643786ff382034370d0f8ec303a
:109d24001b6c0021c0699847d4f8ec301b6c80216f
:109d3400e0699847204607f0f1f9d4f8ec305b6a03
:109d44001021e0699847d4f8ec301f6a40230022c0
:109d54008021e069b84794f99030022b07dcd4f8ed
:109d6400ec309b6b04f188020021e0699847e378aa
:109d7400032262f30203e370d4f8ec301b69e06958
:109d84009847237860f343032370e26803f00e03db
:109d9400022b15d09368c4f8b030137984f8ae3030
:109da400002384f8ad3094f8dd30012b2bd1d4f8a6
:109db400e03043b3d4f8e42031462846984722e003
:109dc4005369c4f8b030137c84f8ae30e8e74378c4
:109dd4006ff382034370e6e7437843f00403437070
:109de400e1e743786ff3820343700ce0c378012208
:109df40062f30203c370d6e7c3786ff30203c37040
:089e0400d1e70029cfd1f8bd20
:020000040000fa
:020000040c02ec
:109e0c002de9f041c268037803f00e03022b59d000
:109e1c008b78147c9c4253d95269002a50d052f84a
:109e2c002360002e4cd004467588cb889d4228bff9
:109e3c001d460123c0f84431402d4dd9403d02232d
:109e4c00c0f8443100f1f2083346414606f1400ea9
:109e5c00d3f800c05f689868da68c1f800c04f603a
:109e6c008860ca60103310317345f1d1072384f830
:109e7c00f33005f03f03002b0cbf02230123636773
:109e8c00c4f834814023c4f838310023c4f840317d
:109e9c00c4f84841d4f8ec309b6b04f59a728021dd
:109eac00e069984740366666a566194b2367a46738
:109ebc00d4f8ec309b6b04f164028021e069984784
:109ecc00bde8f0818b7814799c42f9d99268002a0c
:109edc00f6d052f82360a4e700f1f2072a46314687
:109eec0038460bf02dfb072384f8f330c4f834719b
:109efc00c4f83851064bc4f84031c4f84841d4f882
:109f0c00ec309b6b04f59a728021e0699847d7e797
:049f1c0051f9020ce9
:020000040000fa
:020000040c02ec
:109f200008b53c4b98473c4b9847eff3108172b60d
:109f30003a4ad2f8883043f47003c2f88830bff34d
:109f40004f8fbff36f8f01b962b6bff34f8fbff36f
:109f50006f8f324c0723c4f89032c4f89432bff3a9
:109f60004f8fbff36f8f09f03ff92d4b23f07f0325
:109f7000a3602c4b9847636913f4003f12d1bff3e1
:109f80004f8fbff36f8f0022c4f85022bff34f8f63
:109f9000bff36f8f626942f400326261bff34f8f8b
:109fa000bff36f8f1d4b5b6913f4803f29d11b4baf
:109fb0000022c3f88420bff34f8fd3f88030c3f35f
:109fc000c906c3f34e335a0143f6e075134802ea5b
:109fd0000504334644ea8371c0f86012013bb3f1d3
:109fe000ff3ff7d1203a12f1200ff0d1bff34f8f8e
:109ff0000a4a536943f480335361bff34f8fbff371
:10a000006f8f094b9847094b984703f0cbfa00be76
:10a01000fee700bfb7f9020cb7f9020c00ed00e053
:10a02000000000006902030cb7f9020cb7f9020c3a
:020000040000fa
:020000040c02ec
:10a03000002841d003683b4a002908bf1146580058
:10a04000394a934298bf884294bf0120002000d92a
:10a05000704710b407ee901af8ee677a07ee103ae0
:10a06000f8ee476a87eea67adfed306a67eea67ae9
:10a07000f2ee046a77eea67a77ee677afceee77a7c
:10a0800017ee902a2a498b4206d8b2f5ff7f15d8e1
:10a09000012a3ed9540812e0b2f5bf7f3bd2032a11
:10a0a0003cd954002349a1fb04c46408a1fb02125b
:10a0b000520842ea042402e000207047ff241c4ab0
:10a0c000934294bf002201224ff08c410b6823f091
:10a0d00002030b60cb69002bfcd14ff08c41cc60ac
:10a0e0000b6823f0407343ea02630b600b6843f094
:10a0f00002030b600a46d369002bfcd14ff08c435e
:10a1000010225a831a46d369002bfcd15df8044b08
:10a1100070470124d3e74ff67f74d0e740f2012463
:10a12000cde700bf80d1f00840420f0095bfd63385
:08a13000801a0600abaaaaaade
:020000040000fa
:020000040c02ec
:10a13800002877d13d4b93f83430012b02d04ff0f3
:10a14800ff307047394b002283f8342093f90130ef
:10a15800022b47d1354b1b78002b43d0334b9b78d0
:10a16800002b46d1314b5b68002b49d130b42f4bc3
:10a178009d68002d4ed0da69104653794bb11832dc
:10a1880000230133ab4245d0104618324479002ce5
:10a19800f7d10122427111f0080f02d0234a01249d
:10a1a8009470224a546801345460948ddbb243eab7
:10a1b80004430361938d01339bb24ff6ff729342c0
:10a1c80008bf0123194a9385012382f834300023fc
:10a1d800036041f004010171126942618360c36048
:10a1e80000691de0114b012283f834204ff0ff3045
:10a1f80070470e4b012283f834204ff0ff30704730
:10a2080011f0080fb2d0094b012283f834204ff027
:10a21800ff307047054b012283f834204ff0ff30a0
:10a2280030bc70474ff0ff30704700bff820072060
:020000040000fa
:020000040c02ec
:10a238002de9f84f0446894690469b46816c0131ca
:10a248008900c06cfdf788f90546a16c01318900c9
:10a25800206dfdf781f90646a16c01318900606d1a
:10a26800fdf77af98246a16c01318900a06dfdf7ee
:10a2780073f90746002d4cd0002e4ad0baf1000fd2
:10a2880047d0002845d0a06c431ca364e56426652c
:10a29800c4f854a0a76505eb80000bf01ffa6ff017
:10a2a8004045a06c2844e36c494603eb800008f065
:10a2b800f3fda06c2844236d03eb80000bf00efa2d
:10a2c800a06c2844236d414603eb800008f0e4fdb0
:10a2d800a06c2844636d03eb80000bf0fff9a06cc1
:10a2e8002844636d594603eb800008f0d5fda06c47
:10a2f8002844a36d03eb80000bf0f0f9a06c054433
:10a30800a06d0a9900eb850008f0c6fd0020bde8a5
:10a31800f88f284606f098fd304606f095fd504621
:0ea3280006f092fd384606f08ffd5320efe759
:020000040000fa
:020000040c02ec
:10a3360038b504460b78642b4ad00d4614d9662be3
:10a346005bd04fd3672b63d0682b13d1436913f0cf
:10a35600100f0fd10af05cf901280bd02368d3f84f
:10a36600fc302046984705e0022b13d0032b20d063
:10a37600012b00d038bd436913f0100ffad10af053
:10a3860047f90128f6d02368d3f804312946204638
:10a396009847efe7436913f0100febd10af038f94d
:10a3a6000128e7d02368d3f8083129462046984784
:10a3b600e0e7436913f0100fdcd10af029f9012810
:10a3c600d8d02368d3f80c31294620469847d1e7e0
:10a3d6000af01ef90128cdd02368d3f83031204683
:10a3e6009847c7e70af014f90128c3d02368d3f8c1
:10a3f600f030294620469847bce70af009f90128bb
:10a40600b8d02368d3f8f430294620469847b1e7f8
:10a41600436913f0100fadd10af0faf80128a9d05c
:0ca426002368d3f8f83020469847a3e7dd
:020000040000fa
:020000040c02ec
:02a43200704771
:020000040000fa
:020000040c02ec
:10a43400012b6bd92de9f04383b01778557805ebe0
:10a444000726374c84fb06c434442411c4eb44145b
:10a45400a6425dd1c5f3401507f00f04082c59d16d
:10a464007f2f57d8002d57d11d4617460e468046dc
:10a474000232023b0a998c68bcb100913146a04774
:10a4840000284ad10a9b1c68002c46d1281f384456
:10a494000bf09bfa8146d8f80050306868b3214627
:10a4a400012341f2ae5c1f4f17e00a990091314637
:10a4b400f5f718fde4e7a7fb0302d20bc2eb023e5b
:10a4c40002eb0e129b1aa7fb0102d20bc2eb023e57
:10a4d40002eb0e12891a30468eb10246604528bf3f
:10a4e4006246861a0028e6d02a4415f801eb734424
:10a4f40019449542f9d11546dde70146012343eaa3
:10a50400014399450cbf20463a2006e035207047a8
:10a51400182002e0192000e01a2003b0bde8f083ff
:08a524004308218471800780c7
:020000040000fa
:020000040c02ec
:10a52c002de9f0418cb00646884617460bf0b2fd7b
:10a53c00002845d005464368002b44d00af018fa91
:10a54c000446c368079343680593836806930078b1
:10a55c000bf032fe8df810002369089300230b9347
:10a56c00626909928df82830b6f900300093b6f97b
:10a57c0002300193b6f904300293b6f90630039316
:10a58c00fe2f2ad9431fdbb2012b01d903281dd181
:10a59c002c69ff233a4600210220a047eb680120da
:10a5ac0098476b684246694604a8984704469df84c
:10a5bc001020531fdbb2012b1ed9032a1cd024e020
:10a5cc004ff0ff3025e04ff0ff3022e06b68424641
:10a5dc00694604a898470446e9e72c69ff233a46e4
:10a5ec0000210220a047eb68012098476b68424687
:10a5fc00694604a8984704462e69ff231a46002191
:10a60c000846b047eb6800209847201c18bf012073
:08a61c0040420cb0bde8f081e2
:020000040000fa
:020000040c02ec
:10a624002de9f04182b00446884617461e46099d2e
:10a63400b0f90620b0f9021000954346023a013100
:10a64400b0f9000002f061fdb4f90620b4f902107b
:10a65400b4f9000000953b46023a0131013002f0a2
:10a6640054fdb4f9042000954346013ab4f90210ac
:10a67400b4f9000002f0dffdb4f90420b4f90210cb
:10a68400b4f9000000953b46023a0131013002f072
:10a69400d2fdb4f90620b4f90210b4f90000b4f9fb
:10a6a4000430184400953346023a0131013802f06f
:10a6b4002cfdb4f90620b4f90210b4f90000b4f981
:10a6c400043018440095089b023a0131023802f024
:10a6d4001cfdb4f90210b4f9063019440095334650
:10a6e400b4f904200139b4f9000002f0a4fdb4f96e
:10a6f4000420b4f90210b4f906301944b4f9000086
:10a704000095089b023a0239013002f094fd02b030
:04a71400bde8f0812b
:020000040000fa
:020000040c02ec
:10a7180070b582b000238df807300e2901d002b041
:10a7280070bd14460646364b4ff4ac7505fb003534
:10a73800d388a5f8e830d5f8ec301b6c8021e8699f
:10a748009847237803f01f03032be8d8dfe803f0ca
:10a7580002222852237813f060020cd113f0800fe4
:10a7680004d121462846fef767ffd8e72146284648
:10a7780000f048fdd3e7402a06d0202acfd1012196
:10a78800284607f0fffdcae722460e21284609f0b1
:10a7980065fcc4e722462179284607f009f8bee798
:10a7a800217951b9237813f0600f1cd122469df806
:10a7b8000710284604f068f8b1e70df107022846ab
:10a7c80008f02efa0e4b4ff4ac7202fb0636f37803
:10a7d80003f00703052b01d10028e3d10121284606
:10a7e80007f0d0fd9be722469df80710284606f0a3
:10a7f800dfff94e722460e21284609f02ffc8ee75a
:04a808009419072078
:020000040000fa
:020000040c02ec
:10a80c002de9f8430d46174698464ff0ff330b6081
:10a81c000bf022f8002860d00446068b324b03eb79
:10a82c00c603da885b889a425ad290f8eb30012b37
:10a83c0004d06ff05f073846bde8f883002380f83a
:10a84c00eb302a4b93f90830012b36dd274b93f96b
:10a85c002c30012b05dd012380f8eb306ff07a07eb
:10a86c00e9e70120214bc2001118890003eb010913
:10a87c0043f801800899c9f804109df82410c9f810
:10a88c0010101b49c9f80c10c9f81440c5f80090f9
:10a89c000bf0b2fc144b03ebc603da880132da80fe
:10a8ac000bf0aefc4a46394620460af09bf90746a7
:10a8bc0028b9012384f8eb30bde70020d2e70bf078
:10a8cc009bfc094b03ebc606f388013bf3800bf0b2
:10a8dc0097fc4ff0ff332b60ebe76ff07b07aae799
:10a8ec006ff07a07a7e700bf2c250720b0200720c0
:04a8fc0011fc020c3d
:020000040000fa
:020000040c02ec
:10a900002de9f04f8bb004460d4691469a46149eb1
:10a91000ddf858b0adf82030adf822604b88adf8c6
:10a9200024308b88adf8263008a80af023ff0128d0
:10a9300047d00af013ff0a2847d094f81880284a15
:10a94000284bb8f1000f0cbf9046984606a908a8fe
:10a950000bf09afabdf918205245ccbfa2eb0a03be
:10a9600000230493b5f9027007eb0a01bdf91c300e
:10a970001344994201dd5b1a1f44bdf91a40bdf929
:10a980002230e41abdf91e30002b1addcdf814a0d8
:10a99000ddf854a0e889cdf808b0cdf804a0009700
:10a9a000049b3219059904fb0090c0470134bdf99e
:10a9b0001a30bdf922209b1abdf91e201344a34270
:10a9c000e8dc00200bb0bde8f08f94f81880064a50
:10a9d000064bb8f1000f0cbf90469846b6e700bf93
:10a9e0003fdd020c45cf020c5d20030ca12c030cb3
:020000040000fa
:020000040c02ec
:10a9f000f0b58bb004460d4617461e4668460bf070
:10aa00003bfa364b1b7a002b5bd1c822002133481e
:10aa10000bf04ef90023adf82030adf82230636919
:10aa2000adf82430a369adf82630294608a806f011
:10aa30001ff9002848d006aa294608a804f0eeff0e
:10aa4000adf81070adf81260bdf81c30adf81430e0
:10aa5000bdf81e30adf8163002ab06aa694604a850
:10aa600000f0f2fabdf91c30002b30ddbdf91e30cc
:10aa7000002b2fdd194b1d4645f80a4b06aa03cac9
:10aa8000c3f80a00696002aa03cac3f81200c3f837
:10aa90001610184609f09afeb0f1ff3f0fd00f488c
:10aaa0000af068f9b0f1ff3f09d00c480af042f90a
:10aab000b0f1ff3f03d0094b01221a7200200bb006
:10aac000f0bd4ff0ff30fae74ff0ff30f7e74ff0ff
:10aad000ff30f4e74ff0ff30f1e700bfe01d072043
:020000040000fa
:020000040c02ec
:10aae0002de9f8430e46174698464ff0ff330b60aa
:10aaf0000af0b8fe00285dd00446058b304b03eb0e
:10ab0000c502928833f835309a4256d290f8eb302d
:10ab1000012b04d06ff05f073846bde8f8830023af
:10ab200080f8eb30274b93f90830012b32dd254bb1
:10ab300093f92c30012b05dd012380f8eb306ff009
:10ab40007a07e9e701201f4bc2001118890003ebc7
:10ab5000010943f801800899c9f804101a49c9f895
:10ab60000c10c9f81440c6f800900bf04bfb144bc6
:10ab700003ebc5039a8801329a800bf047fb4a46e3
:10ab8000394620460af034f8074628b9012384f8ec
:10ab9000eb30c1e70020d6e70bf034fb084b03ebaa
:10aba000c505ab88013bab800bf030fb4ff0ff33aa
:10abb0003360ebe76ff07b07aee76ff07a07abe748
:0cabc0002c250720b020072075fc020c9b
:020000040000fa
:020000040c02ec
:10abcc00f8b5064604680423c4f89030c168606a7e
:10abdc0006f0f0fe7061334d85fb0035c017c0ebfd
:10abec00651533681b685b69ab42d8bf03f1ff3551
:10abfc003169a06a06f0defeb0612a4b83fb0023ac
:10ac0c00c017c0eb631033681b689b698342d8bfc5
:10ac1c0003f1ff302a4625650346606521684f69bc
:10ac2c0007fb0057a76525666066306800684069b9
:10ac3c000138854201d2013525664869256e00fb35
:10ac4c000350a0662267636730680068806901382a
:10ac5c00834201d2581c6067606f4d6905fb002070
:10ac6c00a067c4f88020c4f884303068006840695c
:10ac7c000138824202d20132c4f880203268126854
:10ac8c009269013a934202d20133c4f88430d4f869
:10ac9c0084304969d4f8802001fb0323c4f8883040
:08acac000020f8bd1f85eb51eb
:020000040000fa
:020000040c02ec
:10acb40038b590f9083013f1020f3cd005464469c9
:10acc400022b07d04268002a3cd1002184f8c4102a
:10acd4000f201ae094f8c4305bb1d4f8d83043b1f3
:10ace400d4f8e050ab4227d000220c21b4f8d000b5
:10acf4009847012384f8c430264bc4f8d830238bfa
:10ad0400a4f8d03004f124010e20d4f8d830d4f8bb
:10ad1400e050ab423ad00a460146b4f8d000984716
:10ad24004023c4f88c30d4f8ec309b6b04f18802d7
:10ad34000021e069984738bdd4f8e42000210c20b4
:10ad4400a847d6e794f8c430ebb1d4f8c830d4f8a7
:10ad5400cc108b4202d300210d20d6e7d4f8d400c6
:10ad640004f1240118440af0effbd4f8c8006b681e
:10ad74001844c4f8c800d4f8cc300021984234bf39
:10ad840001200d20c1e700210120bee7d4f8e42012
:08ad9400a847c5e719a7020c4e
:020000040000fa
:020000040c02ec
:10ad9c002de9f04110f0ff0567d003465ffa81fc06
:10adac00ff2d61d0bcf1000f5ed0bcf1ff0f3fd086
:10adbc00c5f1ff04c5eb05267f360cfb04662c4859
:10adcc00a0fb0626f6091f0e0a0e0cfb02f204fb72
:10addc0002f27f32a0fb02e2d20905fb0727b7fb88
:10adec00f6f7c3f3074ec1f307420cfb02f204fb68
:10adfc0002f27f32a0fb0282d20905fb0e22c3f3c2
:10ae0c000723c1f307210cfb01f104fb01f47f3490
:10ae1c00a0fb0414e40905fb0343b2fbf6f109049f
:10ae2c0041ea07613143b3fbf6f641ea06211ce027
:10ae3c00030a090ac5f1ff0203f0ff1001f0ff1429
:10ae4c0002fb04f405fb004000f0ff2003f47f43f9
:10ae5c0001f47f4102fb01f105fb031101f47f01b9
:10ae6c00014341f0ff0100e019460846bde8f081be
:04ae7c0081808080d1
:020000040000fa
:020000040c02ec
:10ae8000020e6bd003464fea116cff2a65d0bcf16d
:10ae9000000f62d02de9f041bcf1ff0f41d0c2f1ab
:10aea000ff05c2eb02267f360cfb05662c48a0fb93
:10aeb0000646f609c3f30747c1f307440cfb04f445
:10aec00005fb04f47f34a0fb04e4e40902fb07471c
:10aed000c3f3072ec1f307240cfb04f405fb04f4b1
:10aee0007f34a0fb0484e40902fb0e44dbb2c9b248
:10aef0000cfb01f105fb01f57f35a0fb0515ed0904
:10af000002fb0351b1fbf6f141ea0661b7fbf6f72c
:10af100041ea0741b4fbf6f441ea04210846bde8e2
:10af2000f081c2f1ff0400f0ff1001f0ff1504fbf7
:10af300005f502fb0050000a00f0ff1003f47f4308
:10af400001f47f4104fb01f102fb0313190a01f430
:10af50007f41014341f07f41e0e7194608467047d1
:04af600081808080ec
:020000040000fa
:020000040c02ec
:10af6400002b69d02de9f8431c4690460e46054651
:10af7400324b1b78012b0cd0ff23ff2c13d1ff2b5a
:10af840011d100234246314628460af039fbbde878
:10af9400f8832b4b1978104609f0bcfb03460028b4
:10afa400ebd10020f3e709f0e7fc3246294606f02e
:10afb40087ff07460af0d0fb3a4605210af082f9da
:10afc40007460af0c9fb424605210af07bf9804690
:10afd4000af0c2fb03280cd003d3431fdbb2012bbe
:10afe40007d928f0ff00204310f0ff0f0fd10020f5
:10aff400cde75ffa88f9ff21204608f03fff0146bc
:10b00400484606f0dbfc28f0ff042043ece7394611
:10b01400fff7c2fe04460af09ffb224601460520c4
:10b024000af050f9044609f0a7fc234632462946a3
:10b0340005f0a2f90020aae700207047da250720ce
:04b04400db250720e1
:020000040000fa
:020000040c02ec
:10b04800f0b5056844681d605c60b3f90050b1f95b
:10b058000040a5425dda16883444641b1480948845
:10b068000d88641b1d882c449480b1f900501d8004
:10b078000488641b9d882c449c80b3f90060b3f954
:10b088000450b1f90040b1f9047006eb050e04eb69
:10b09800070ce6450bdd644697883c44a41b641bfb
:10b0a80094800c888d882c441d88641b9c80b3f97f
:10b0b8000250b1f90240a5422fda56883444641b85
:10b0c8005480d4884d88641b5d882c44d480b1f9a1
:10b0d80002405c804088001bdc882044d880b3f99b
:10b0e8000250b3f90640b1f90200b1f9066005eb68
:10b0f800040c8719bc450bdd3846d6883044401b04
:10b10800001bd0804a88c9880a445988521ada80b4
:10b11800f0bdb0f900401c80afe7b0f902005880dc
:02b12800dde761
:020000040000fa
:020000040c02ec
:10b12a0070b58eb000230a930b930b604b60836d4e
:10b13a00002b5ad015460e4604461a68d26b18469a
:10b14a009047326873682a606b60a06d03685b6819
:10b15a009847294609f0d9fe236d1b6e0ca9204693
:10b16a00984794f85430002b41d0e36d2bb15a69bb
:10b17a00adf82c209b69adf82e30b4f868300893ee
:10b18a0094f82330079394f82230069394f82130e8
:10b19a00059394f82030049394f864300393e37e83
:10b1aa000293a37e01930d9b00930c9b0aaa06cae5
:10b1ba002846f9f7b0fd94f854303bb1e36e2a887b
:10b1ca0013442b80e36e6a8813446b80b5f9003010
:10b1da003380b5f9023073802a460ca9284604f058
:10b1ea0018fc2946204609f09cff0eb070bd236e5c
:10b1fa00002bc2d05a69adf82c209b69adf82e30cd
:02b20a00bbe7a0
:020000040000fa
:020000040c02ec
:10b20c0030b583b004460d46002301934b78062bd2
:10b21c0012d0082b54d0002b37d1a0f8bc300378b7
:10b22c0003f0010390f8c02062f34103024602f8d8
:10b23c00bc3f0192022047e0c068cb78013b062b53
:10b24c004dd8dfe803f00410394c4c2b1d0023784b
:10b25c0003f00e03022b0cbfc3680368019312208a
:10b26c00019991bb11e08b7894f8ae209a420cd9dd
:10b27c00d4f8b02052f823303bb10193588823e026
:10b28c00237803f07003102b04d00121204607f023
:10b29c0077f822e02046fef7b3fd1ee0237803f09a
:10b2ac007002102af1d103f00e03022b0cbf036abb
:10b2bc00436a01930a20d3e701aa03f002f9cfe70e
:10b2cc0000f1ad03019301200199ea88824228bf65
:10b2dc00024692b2204607f01bf903b030bd0020a5
:02b2ec00bee7bb
:020000040000fa
:020000040c02ec
:02b2ee007047a7
:020000040000fa
:020000040c02ec
:10b2f000f0b58fb002ac84e803001d46bdf90c1018
:10b30000bdf90e4008460029b8bf481c401046420f
:10b3100006962346002cb8bf631c5b100793091ade
:10b32000089109930a961b1b0b930c910d93002314
:10b3300004930593574206ac0194009704ae96e837
:10b340000c0094e8030003f0fff808a901910097ae
:10b3500096e80c0003c903f0f7f80aa901910097d9
:10b3600096e80c0003c903f0eff80ca901910097cf
:10b3700096e80c0003c903f0e7f823460eaf104a25
:10b38000104c1146264618688642a8bf06468142e0
:10b39000b8bf014658688442a8bf04468242b8bf7d
:10b3a000024608339f42eed100232b806b80083188
:10b3b000891ba9800832121bea800fb0f0bd00bfc4
:08b3c0006179feff9f86010088
:020000040000fa
:020000040c02ec
:10b3c80000295dd000285bd170b5cd69002d5ad019
:10b3d8002e4c012222722083e37860f30203e3708b
:10b3e800e5608b8a23828b696361237891f820500a
:10b3f80065f3061384f8c000dbb2134360f3c71388
:10b408002370637804f12405c4f888504025c4f8f3
:10b418008c50c4f8982084f890001d4dc4f89450be
:10b42800c4f89c401b4d2567a467626703f0fe03c0
:10b4380060f38203637084f8dc008b6ac4f8ec3034
:10b44800cb8ca4f8f0308a8c498c0af013fa204689
:10b458000af0bcfc6569238a83b100240b4e05e021
:10b4680010350134e4b2338aa34207d9eb68002bc4
:10b47800f6d01b69002bf3d09847f1e7002070bd88
:10b488004ff0ff3070474ff0ff30f8e7941907206e
:08b49800b5ac020c51f9020ce5
:020000040000fa
:020000040c02ec
:10b4a0002de9f04f87b0ddf84080119e002e53d07b
:10b4b0001c4691468b4682462c4b1b78012b10d0a4
:10b4c000ff23ff2e17d1ff2b15d100230193cdf8b9
:10b4d000008023464a465946504605f005f9034682
:10b4e0003be0234b1978404609f016f90346002843
:10b4f000e7d1002331e002a809f08effbdf90a3040
:10b50000abeb0303bdf90820aaeb0202adf8102053
:10b51000adf81230adf81490adf816403246414601
:10b5200004a8fff703f80346b8b1d4b15d46a344bd
:10b5300002e001355d4516d0b9f1000ff9d054464f
:10b5400009eb0a07334642462946204606f030fefc
:10b550000134a742f6d1ece70023184607b0bde856
:10b56000f08f0023f9e70023f7e700bfda25072073
:04b57000db250720b0
:020000040000fa
:020000040c02ec
:10b5740010b582b000230193009300eb8002120106
:10b584002b4b13445a6e01921b6e019a43f4c02351
:10b5940013400093009b03f001039b00009a12f0f8
:10b5a400020f18bf43f00803009a12f0040f18bfeb
:10b5b40043f01003009a12f0080f18bf43f0010380
:10b5c400009a12f0100f18bf43f02003009a12f0f3
:10b5d400200f18bf43f04003009a12f4c02f18bf85
:10b5e40043f002030199134a0a4032b100eb4002ce
:10b5f400114901eb820200211172019c00eb8001d0
:10b6040009010e4a545000eb400292000a498a583c
:10b614005bb152b10c464200111804eb8101496838
:10b624001044800022581846904702b010bd00bf55
:10b63400000085442a000600142407206400854481
:020000040000fa
:020000040c02ec
:10b64400f0b48eb006460f466c462f4d0fcd0fc496
:10b654000fcd0fc40fcd0fc495e8030044f8040bbd
:10b664002170731e13f1030f39d83378002b39d0ae
:10b67400f3681a6d042f0cd002f58052d37b13f0bb
:10b684007f0f32d1013f032f34d8dfe807f02214b3
:10b69400361602f580520df1ff330da813f8011f81
:10b6a40082f820108342f9d1d37b13f07f0f04d0aa
:10b6b4006ff07c001be0042120e0d37b43f00803ff
:10b6c400d37392f8023143f0020382f8023100206e
:10b6d4000de0d37b43f00203d373002007e06ff047
:10b6e4007c0004e06ff07c0001e06ff07c000eb0a1
:10b6f400f0bc70476ff07c00f9e70121d37b0b436a
:0cb70400d3730020f3e700bf882d030c76
:020000040000fa
:020000040c02ec
:10b7100030b585b004460d46036d1b6e02a99847ef
:10b72000eb6800932b690193214628460af010fd2f
:10b7300002a9206c05f06afd02a9204609f0f6fc7a
:10b74000694602a806f04cff18b994f85530012b51
:10b7500017d0694602a806f043ff012813d094f8d9
:10b760005530012b2dd0002384f85430e36e1bb9e3
:10b77000e26d236e9a422cd0236dd3f8dc30204644
:10b78000984705b030bd94f85530012b08d0002300
:10b7900084f85430636f002be8d020469847e5e7e3
:10b7a00094f85430022b03d0022384f85430dde7a0
:10b7b000002384f85430636f002bd7d0204698477d
:10b7c000d4e794f85430022bd0d0002384f85430be
:0ab7d000cce7238b002bd4d0cee78a
:020000040000fa
:020000040c02ec
:10b7da0070b50446b0f8e629b0f8e4399a4221d3a4
:10b7ea00056a03464ff40072012100f2e470a8478b
:10b7fa0080b2a4f8e409231893f8e337ff2b0ed19b
:10b80a00a36b1a46db43184483189bb2013ae1182a
:10b81a0091f8e317ff29f7d0a4f8e439a2630023cb
:10b82a00a4f8e6391025082607e0d3b2ff2b23d067
:10b83a00b2f57f4f08bf84f8c26494f8c23403bbe0
:10b84a0084f8c254b4f8e639591c89b2e21892f85d
:10b85a00e40702339bb2a4f8e639621892f8e427a7
:10b86a0002eb002292b2a4f8c024b4f8e409984288
:10b87a00dbd284f8c264e0e784f8c264a4f8e6196b
:10b88a00dbe7b4f8c0044200a4f8c024013b84f802
:06b89a00c234c00b70bdba
:020000040000fa
:020000040c02ec
:10b8a00030b585b004460d46036d1b6e02a998475e
:10b8b0006b690093ab690193214628460af048fc66
:10b8c000694602a806f08cfe18b994f85530012b91
:10b8d00004d094f85430012b02d013b305b030bd1e
:10b8e00002a9206c05f092fc02a9204609f01efc7a
:10b8f000694602a806f074fe0028efd1002384f800
:10b900005430e36e1bb9e26d236e9a4205d0236d6d
:10b91000d3f8dc3020469847e0e7238b002bddd0be
:10b92000f5e702a9206c05f071fc02a9204609f098
:10b93000fdfb694602a806f053fe0128ced1012383
:10b9400084f85430e36e1bb9e26d236e9a4205d041
:10b95000236dd3f8dc3020469847bfe7238b002bbc
:04b96000bcd0f5e77b
:020000040000fa
:020000040c02ec
:10b96400f0b58fb004460d46174600260c960d968a
:10b97400036d1b6e0aa998472e806e80a06d18b1c6
:10b984000368db6b0ca9984794f85430002b40d023
:10b99400e36d23b15b69ab80e36d9b69eb802a683f
:10b9a4006b683a607b60b4f86830089394f823308d
:10b9b400079394f82230069394f82130059394f871
:10b9c4002030049394f864300393e37e0293a37ebf
:10b9d40001930b9b00930a9b0eaa12e906002846ca
:10b9e400faf76aff94f854303bb1e36e2a881344a3
:10b9f4002b80e36e6a8813446b802b463a460aa96f
:10ba04002846fff71ffb2946204609f08dfb0fb09f
:10ba1400f0bd236e002bc2d05b69ab80236e9b69a3
:04ba2400eb80bce710
:020000040000fa
:020000040c02ec
:10ba28002de9f04786b006460af0c0fb82460af0c8
:10ba3800bdfbd0f8e842013c26d40af5387a274ff6
:10ba48002146504609f08cfb8046f568d6f81090e0
:10ba58000194002302930393049305930af016fbc1
:10ba6800836801a915209847029bfb61039a3a62f3
:10ba7800ed1aa9eb02094a462946404601f023fc83
:10ba8800804658b9013cdbd5002005f0c9fc0020f0
:10ba980020e0002005f0c4fc00201be00af07afa40
:10baa800012817d0f560c6f81090d8f80030d3f800
:10bab80014313146404698477378012b04d0d8f8a2
:10bac8004080b8f1000ff0d170680028e1d005f08f
:10bad800a7fc002006b0bde8f08700bfdc2a0620de
:020000040000fa
:020000040c02ec
:10bae8002de9f04389b00023adf80430adf80630f5
:10baf80013600b68002b4bdb4b68002b4bdb91462c
:10bb0800884605460368db69984707462b685b68e3
:10bb1800284698470646002f40d000283ed00024eb
:10bb28001ce003aa0146304602f08bf9bdf812303a
:10bb3800adf80830bdf81030adf80a30414601a81c
:10bb480006f04afd01281ad0bdf80430bdf81220cd
:10bb58001344adf804300134a74214d92b689b690b
:10bb68002146284698470a28dbd10023adf804303f
:10bb7800bdf80630b28a1344adf80630ebe7c9f8d1
:10bb88000040002001e04ff0ff3009b0bde8f0832d
:10bb98004ff0ff30f9e74ff0ff30f6e70020f4e709
:020000040000fa
:020000040c02ec
:10bba800f8b52d494c6ad1e90623561c43f1000724
:10bbb800c1e90667002c4dd091f82030013381f897
:10bbc8002030a36823b1a368013ba3604c6afcb191
:10bbd800a368ebb9012500271f4e0ae0e06907f0ca
:10bbe80001f8e3680bb120699847746a84b1a368c7
:10bbf80073b925756575a37813b9e368002bedd182
:10bc0800204605f0affda378002bead16770e8e77e
:10bc1800124d00242e4603e001342035052c13d0a4
:10bc280006eb44135b7d002bf6d006eb4413002291
:10bc38005a75ab78012befd16b6806eb44118b601a
:10bc4800284602f0c5f9e7e7034a92f82030013b9d
:10bc580082f82030f8bd00bff0210720681f0720b8
:020000040000fa
:020000040c02ec
:10bc68002de9f04182b00446884617461e46089dd5
:10bc7800b0f90620b0f9021000954346013a0131a7
:10bc8800b0f9000001f03ffab4f9042000954346ea
:10bc9800013ab4f90210b4f9000001f0cafab4f993
:10bca8000620b4f90000b4f90430184400953b4666
:10bcb800013ab4f90210013801f025fab4f9062066
:10bcc800b4f90210b4f90000b4f90430184400952e
:10bcd8003346023a0131023801f015fab4f902107c
:10bce800b4f90630194400953b46b4f904200139eb
:10bcf800b4f9000001f09dfab4f90420b4f9021077
:10bd0800b4f906301944b4f9000000953346023af4
:0ebd18000239013001f08dfa02b0bde8f08171
:020000040000fa
:020000040c02ec
:02bd2600704764
:020000040000fa
:020000040c02ec
:10bd28002de9f04101284ed800eb40032a4c04ebe2
:10bd380083035b68002b49d01746884606460af0fd
:10bd480031fa03683bbb1c2009f0b0f80446002810
:10bd58003fd0002343600323037086601e4a7100ae
:10bd68008b1902eb83039868e060d8682061c4f8f7
:10bd78001480a761c3f80880df60204609f0bcfa88
:10bd88000546b0f1ff3f1ad000252846bde8f081ee
:10bd98001b68002bd7d05c682578032df8d1a068e4
:10bda800b042f5d1c4f81480a7610b4b7200911909
:10bdb80003eb8101c1f80880cf600025e5e7204644
:10bdc80005f042f8e1e74ff0ff35dee74ff0ff35c9
:0cbdd800dbe74ff0ff35d8e7dc2a06203f
:020000040000fa
:020000040c02ec
:10bde4002de9f04fdff8ace00ef580594ff0000874
:10bdf400254e264cdff8a0c0254f05e008f2537805
:10be04000ef1400ece453dd086fb08354feae8736f
:10be1400c3eba51505eb85056d017046002186fb76
:10be24000132cb17c3eba2132b4404eb430292f869
:10be340001a014f8132042ea0a2212b21ffa82fa6d
:10be44004feada23db00c3eb031b4feada0a0af0fa
:10be5400fc0acaeb0a13caeb830303eb4b03d200bd
:10be6400d2b202eb820a02eb4a021a448cfb02a30e
:10be7400d217c2eb631200f8012f01f6c411b942c4
:10be8400cdd1bbe7bde8f08fd34d6210e02507208c
:0cbe940000710200db1a06201f85eb5134
:020000040000fa
:020000040c02ec
:10bea0002de9f043002951d0cc0800f168090027a2
:10beb000bc46b8463a4623e000220133202b18d076
:10bec00025fa03f111f0010ff6d10ab91f46b44665
:10bed00001329442f1d1bcf1230f33d80cf11b068f
:10bee00000eb860600f1fc0e384601254ff00008f5
:10bef00010e0a242efd008f10108b8f1240f29d0d8
:10bf000059f8045f00234646dae7dcb104364046c0
:10bf1000b64517d01f28f8d8314605fa00f2336825
:10bf200013433360631e0dd02044a0f120091c464a
:10bf3000031ba145e9d005fa03f30a6813430b601c
:10bf4000013cf5d107eb4c1080b201e04ff6ff70d9
:0abf5000bde8f0834ff6ff70fae73a
:020000040000fa
:020000040c02ec
:02bf5a0070472e
:020000040000fa
:020000040c02ec
:10bf5c000001000100010001ff00ff00ff00fe00d6
:10bf6c00fe00fd00fc00fb00fa00f900f800f700f1
:10bf7c00f600f500f300f200f100ef00ed00ec002c
:10bf8c00ea00e800e600e400e200e000de00db008e
:10bf9c00d900d700d400d200cf00cc00ca00c70013
:10bfac00c400c100be00bb00b800b500b200af00b9
:10bfbc00ab00a800a500a1009e009a00960093007b
:10bfcc008f008b008800840080007c007800740057
:10bfdc0070006c006800640060005c005800530046
:10bfec004f004b00470042003e003a003500310044
:10bffc002c00280024001f001b00160012000d004e
:08c00c0009000400000000bf60
:020000040000fa
:020000040c02ec
:10c01400032953d943682bb1f0b583b00e460446c7
:10c0240000273fe0002070475210da8023682b4439
:10c03400bdf80620d988521aadf80620bdf80220b2
:10c04400db881344adf802306946204605f0fefc57
:10c0540023682b44b3f90410b3f9062002fb01f260
:10c06400b2421bd96a461868596803c2b3f906205c
:10c0740091b20229d8d8b3f9042052109a802368c7
:10c084002b44bdf804209988521aadf80420bdf859
:10c0940000209b881344adf80030d5e7013763686e
:10c0a400bb420ed9fd0023682b44b3f90410b3f945
:10c0b400062002fb01f29642d4d3efe74ff0ff30a3
:08c0c4007047002003b0f0bd3d
:020000040000fa
:020000040c02ec
:10c0cc00032953d943682bb1f0b583b00e4604460f
:10c0dc0000273fe00020704752109a8023682b44c1
:10c0ec00bdf804209988521aadf80420bdf8002040
:10c0fc009b881344adf800306946204605f0a2fc3d
:10c10c0023682b44b3f90410b3f9062002fb01f2a7
:10c11c00b2421bd96a461868596803c2b3f90420a5
:10c12c0091b20229d8d8b3f906205210da802368cc
:10c13c002b44bdf80620d988521aadf80620bdf85c
:10c14c000220db881344adf80230d5e70137636871
:10c15c00bb420ed9fd0023682b44b3f90410b3f98c
:10c16c00062002fb01f29642d4d3efe74ff0ff30ea
:08c17c007047002003b0f0bd84
:020000040000fa
:020000040c02ec
:10c1840010b5254b1b680021186809f0cbfe234b22
:10c194001b680021186809f0c5fefaf7dbf9faf705
:10c1a40007fe04f0f3fe08f04bf908f011ff03f06a
:10c1b400fbfc05f047fd03f07ffe07f0bffa01f03a
:10c1c400a7f904f05bff04f031ff05f0a7fa144966
:10c1d400002003f04ff9134c206000f027fd1249b2
:10c1e400002002f0d5fd20611049002003f094fee8
:10c1f400a06007f089fd0e490020fff7e3f86060b6
:10c204000c49002002f06af8e06003f037fc08f003
:10c2140039fafcf7b9ff10bdc8bf07208cc207204c
:10c224006c54030c58180620a454030cfc61030c32
:08c234009040030c544a030c76
:020000040000fa
:020000040c02ec
:10c23c0030b585b0044603680122c3f8902003682a
:10c24c009a6cb3f918000028b8bf0130d96ca1eb77
:10c25c0060010291b3f91a100029b8bf0131c2eb89
:10c26c00610203921e4a02a901915b6b00930ccaf6
:10c27c0003c902f063f9039a5342039321680b68d4
:10c28c005b69002bb8bf01335b10013b0298034480
:10c29c000293086880690028b8bf0130d24302ebd2
:10c2ac0060020392002b14db08684569ab4210da7c
:10c2bc00002a0edb806990420bdd0b6523685a6502
:10c2cc0023681a685269586d196d00fb02129a6541
:10c2dc0003e04ff0ff33c1f8ec30002005b030bd67
:04c2ec0038240720cb
:020000040000fa
:020000040c02ec
:10c2f0002de9f04182b00546284e0de00223237758
:10c30000eb685b682269e1686088984741e02246f3
:10c310003946284605f00cfbac6a002c3bd0237f45
:10c32000012b38d1a369c3f30722c2eb021206eb3b
:10c330008202dbb203eb4303d76907ebc3076a69e9
:10c340007b699a4207d0eb685b69002107f1140012
:10c3500098477b696b61237d022bcfd0042b0ed1d4
:10c3600002232377d4f804c02269e1686088a368b7
:10c370000093eb68d3f808806346c04709e0012bbf
:10c3800009d102232377eb681b68a2686168608883
:10c3900098470028bbd002b0bde8f081f820072004
:020000040000fa
:020000040c02ec
:10c3a00070b5012843d8284a40f6e42303fb002354
:10c3b0009a68002a3ed0244c40f6e42303fb004355
:10c3c000db68002b39d00e46054640f6e42303fb1c
:10c3d00000435869b0f1ff3f1bd040f6e4241a4bec
:10c3e00004fb05342246194906f0bcff16f0080f7d
:10c3f00001d00122e271144a40f6e42303fb05f365
:10c40000d1180120d0548b79d3b901238b712046e8
:10c4100070bd03210020904704460b4a40f6e423f8
:10c4200003fb05235861b0f1ff3ff0d0d5e74ff093
:10c43000ff34ece74ff0ff34e9e74ff0ff34e6e775
:10c440004ff0ff34e3e700bf400402209781020c65
:020000040000fa
:020000040c02ec
:10c450002de9f04106460d4690461f4606f08cfe3b
:10c46000002841d0224b93f90030022b06d04ff028
:10c47000ff3408f001fb2046bde8f081002d30d0ec
:10c48000b5422ed31b4b1b7853b101241a4b1a789b
:10c4900042b120330134052cf9d14ff0ff34e8e7e5
:10c4a0000024144b01221a7000225a701a755a7512
:10c4b0009df818209a705d60c3f80c801f61ad1b59
:10c4c0009d600e4a1288a4b244ea0244dc61531c07
:10c4d0009bb24ff6ff72934208bf0123074a1380b5
:10c4e000c7e74ff0ff34c4e74ff0ff34c3e700bfa6
:10c4f000f0210720681f0720881f0720de2507205e
:020000040000fa
:020000040c02ec
:10c500000023137053709370d37088424cd00b1a71
:10c51000b3f5877f26dc431a13f5877f22db10b43f
:10c5200059288cbf002301231370a0f15a04592c01
:10c530008cbf002301235370a0f1b403592b8cbf8f
:10c54000002301239370a0f58773592b8cbf002320
:10c550000123d37059280bd9592c1cd99378012b5e
:10c5600016d10fe00123137053709370d37070478e
:10c570005929d4bf002301235370b329d4bf00230a
:10c5800001239370b1f5877fb4bf00210121d170e1
:10c590005df8044b7047b329d4bf00230123937087
:0ac5a0005378012beed0d9e7704765
:020000040000fa
:020000040c02ec
:10c5aa002de9f04184b006460f4614461d46ddf8d3
:10c5ba002880adf80800adf80a105388013badf8a1
:10c5ca000c309388013badf80e3002a809f0cdf883
:10c5da00012837d009f0bdf835b10a2814bf002068
:10c5ea000120002818bf0125b4f90420cdf80080e5
:10c5fa002b46013a3946304600f084fdb4f904204e
:10c60a00b4f902003044cdf800802b46013a39468d
:10c61a00013800f077fdb4f90220cdf800802b46ee
:10c62a00013a3946304600f003feb4f90220b4f963
:10c63a0004103944cdf800802b46013a01393046be
:0ac64a0000f0f6fd04b0bde8f08139
:020000040000fa
:020000040c02ec
:10c654002de9f84f05468946174607f07dfc064646
:10c6640000283ed0037b002b3dd0036803f1100269
:10c67400d9f80040a4f110031344bb4235d307f1a9
:10c684001008a7eb040be41b04f1100332681344f5
:10c694002f2b2dd905f1180a3146504608f071fdab
:10c6a40006eb0b0133681c4400234b608b60cb60aa
:10c6b40046f80b4001230b73504605f033fdab687d
:10c6c400d9f800209b1a103bab60c9f80070ab6826
:10c6d4004344ab60ea6893420dd9eb600020bde8a7
:10c6e400f88f0022c4e70022c2e74ff0ff30f6e7dc
:0ac6f4004ff0ff30f3e70020f1e7fc
:020000040000fa
:020000040c02ec
:02c6fe00704783
:020000040000fa
:020000040c02ec
:10c700002de9f04387b0804603f0c8fc254bd3f8f1
:10c71000e83243b300263446224f07f538790196b4
:10c72000029403940494059409f0b4fc836801a96d
:10c73000152098473146484608f016fd0546029bed
:10c740004365039b836503685b69224621469847de
:10c750002b68db6a059a0499284698470136d7f872
:10c76000e832b342dbd809f019fc012813d00d4b95
:10c77000d3f8e8327bb100240a4d05f5387621461e
:10c78000304608f0f1fc414607f0c3fc0134d5f80f
:10c79000e8329c42f3d3f4f73ffc002007b0bde839
:08c7a000f08300bfa81607207a
:020000040000fa
:020000040c02ec
:10c7a80038b504461f4d20220021284609f07cfa9e
:10c7b8001d4b2268127c52019a58aa612268127c89
:10c7c80003eb42131b7aeb612c602268137c073b56
:10c7d800dbb2022b15d8137b4bb9144aea60114916
:10c7e800134b4b60204607f00af9002038bda37aa6
:10c7f8001bb90c4b0f4ada60f1e70a4b0e4ada60b4
:10c80800ede7137b1bb9074b0c4ada60e7e7a37a1d
:10c818001bb9044b0a4ada60e1e7024b094ada60bd
:10c82800dde700bfc02307209479020cd54d030c27
:10c83800711b030cf115030c010e030cc948030c02
:08c848005d3b030cd535030c28
:020000040000fa
:020000040c02ec
:10c850008369002b4ed070b521f003010431002410
:10c8600002e01c469b684bb11a689142fad8002c32
:10c87000f7d02568aa4238bf1c46f3e7002c37d012
:10c880000546202938bf20210e46204607f04efde0
:10c8900001281ad0237ba3b1214605f1180008f026
:10c8a00072fc214605f1140005f03efc00232373c1
:10c8b000ab68103322681344ab60ea68934288bfc8
:10c8c000eb6004f11003184670bd23689b1be1d098
:10c8d00026601036a11900224a608a60ca60103ba7
:10c8e000a35101230b7305f1180005f01dfcd1e7de
:08c8f0002346e8e718467047f3
:020000040000fa
:020000040c02ec
:10c8f80000230b604b60436d002b49d070b58cb0a2
:10c9080016460d4604461a68d26b184690472a68a0
:10c918006b6832607360606d03685b689847314686
:10c9280008f0f4fa236d1b6e0aa920469847194aa5
:10c938000023089394f82310079194f82210069185
:10c9480094f82110059194f8201004910393e37e44
:10c958000293a37e01930b9b00930a9b06ca304661
:10c96800f8f7daf9b6f900302b80b6f902306b80a7
:10c9780032460aa9304603f04df82a460aa9284645
:10c9880003f048f83146204608f0ccfb0cb070bde7
:08c99800704700bff81b0720e7
:020000040000fa
:020000040c02ec
:10c9a00051ea02034ad070b582b015460e460446dd
:10c9b0006b46024652f80a0f516803c36946204687
:10c9c00008f0b4fb2368d3f82c3169462046984719
:10c9d000b4f90e101b4a5160b4f910309360314421
:10c9e00009b2e1815a1912b22282002920dd002aff
:10c9f00021dd1449b4f90e30cb60b4f910300b616d
:10ca00002368d3f81431204698476b46224652f8e3
:10ca10000a0f516803c36946204608f087fb236864
:10ca2000d3f82c31694620469847002002b070bdeb
:10ca30000123e381dbe701232382dae74ff0ff30b4
:08ca4000704700bfbcc20720d3
:020000040000fa
:020000040c02ec
:10ca48002de9f84f05468946164698460a9f9b46a3
:10ca580003780a2b2bd05b01214ad35803fb08fb30
:10ca6800b8f1000f0add88440c460b9b324621467c
:10ca7800284603f07ffc0134a045f6d132464946ea
:10ca8800284607f0fffb8046012f0ddd741c3e444d
:10ca980022464946284607f0f5fb5a46414608f023
:10caa80051fd0134a642f3d10020bde8f88f002fd4
:10cab800fadd07eb020a02e00136b245f4d0bbf119
:10cac800000ff9dd08eb09074c460b9b324621465f
:10cad800284603f04ffc0134bc42f6d1ece700bf16
:04cae8009479020c2f
:020000040000fa
:020000040c02ec
:10caec00002849d02de9f04705464368012b46dd67
:10cafc004ff0080c002713e00133296801ebc30247
:10cb0c0021f83360a2f80290a2f80480a2f806e0a3
:10cb1c007a1c0cf1080c02376b68bb4229dd1746f6
:10cb2c002a6802eb0c0332f90c60b3f90290b3f9ea
:10cb3c000480b3f906e03b46002fdddb02ebc700b7
:10cb4c0032f93710b142d7dd61465418d0f800a045
:10cb5c00406842f801a06060013bb3f1ff3fcbd0cd
:10cb6c002a6802ebc300083932f93340b442ecdcda
:10cb7c00c2e70020bde8f0874ff0ff30704700207f
:02cb8c00f8e7c8
:020000040000fa
:020000040c02ec
:02cb8e007047ee
:020000040000fa
:020000040c02ec
:10cb900038b504464ff48e73214803fb040001238b
:10cba0004370056d90f8543013b3012b01d1f3f7a6
:10cbb000a3fc1b4a4ff48e7303fb0423b3f95830d4
:10cbc000002b09db5a0903f01f03012101fa03f3cb
:10cbd0006032144941f822306b6943f004036b6101
:10cbe0000f4b4ff48e7202fb04340023637038bd88
:10cbf0000b4a4ff48e7303fb04235a6d0a4b134008
:10cc00000a4a9342d5d0064a4ff48e7303fb04239d
:10cc100093f85630002bccd0f3f76efcc9e700bf79
:10cc2000081a022000e100e000ffff0000010100ff
:020000040000fa
:020000040c02ec
:10cc300030b583b00024184b1c60184d184b00937e
:10cc4000184b022229681848006800f01bfc174b9b
:10cc50001a68174b1968174b1b681344013b0b44a8
:10cc600015480360154b1b681548006803441548b8
:10cc700003800a442b681a44134b1a60134b20227a
:10cc8000c3f8182208f0d6fd08f0e0ff012008f0f4
:10cc900033fc204603b030bd4c2507201cc30720c1
:10cca00040170620401b02200cc3072010c307209a
:10ccb00014c3072018c30720341b022008c3072011
:10ccc00000c30720301b02205825072000008444a1
:020000040000fa
:020000040c02ec
:10ccd000002848d02de9f04705464368012b45dd83
:10cce0004ff0080c002712e00133296801ebc30262
:10ccf00021f833905680a2f80480a2f806e07a1c4e
:10cd00000cf1080c02376b68bb4229dd17462a6814
:10cd100002eb0c0332f90c90b3f90260b3f9048012
:10cd2000b3f906e03b46002fdedb02ebc701b1f9a9
:10cd30000200b042d8dd60461418d1f800a049685e
:10cd400042f800a06160013bb3f1ff3fccd02a68fc
:10cd500002ebc3010838b1f90240b442ecdcc3e78e
:10cd60000020bde8f0874ff0ff3070470020f8e763
:020000040000fa
:020000040c02ec
:10cd70002de9f0418cb004460e4617469846002334
:10cd80000793adf82830adf82a304369adf82c3060
:10cd90008369adf82e300aa803f06aff68b308aac9
:10cda00031460aa802f03afebdf92430002b27ddf7
:10cdb000bdf92630002b26dda368254615f8102f77
:10cdc000052a0cbf0622022208210291019200933b
:10cdd000636805aa06a907a805f09dfd00962b46e5
:10cde000424639461498103000f046f9079804f08e
:10cdf0002ff800200cb0bde8f0814ff0ff30f9e7cc
:0cce00004ff0ff30f6e74ff0ff30f3e793
:020000040000fa
:020000040c02ec
:10ce0c0010b50446c37f052b33d8dfe803f003329b
:10ce1c000d262c2e1c4bff221a60036d9b6b984722
:10ce2c0001280bd0237e83b994f8543093b1e36d71
:10ce3c009bb10323e377154ba3621ae0236d5b6c64
:10ce4c0020469847104b1860ece70223e377104b11
:10ce5c00a3620ee0236e002bebd1a06d18b103681a
:10ce6c001b6a984730b1637e4bb90123e3770023eb
:10ce7c00a36210bd0423e377064ba362f9e7064bcc
:10ce8c00a3620523e377f4e790250720e126030c42
:0cce9c00011c030c35f0020ca126030c55
:020000040000fa
:020000040c02ec
:10cea800b0f1ff3f46d0244a4ff4ac7303fb002394
:10ceb80093f90830002b3ddd70b504464ff4ac7390
:10cec80003fb002393f8dc307bb1012b22d14ff414
:10ced800ac7303fb00231e8ae6b117484ff4ac730a
:10cee80003fb0400456900241be0134b4ff4ac75a9
:10cef80005fb0035d5f8ec301b680f21b5f8f000bc
:10cf08009847e861b0f1ff3f04d0012385f8dc3091
:10cf180002232b7270bd10350134e4b2a3b2b342c0
:10cf2800f8d2eb68002bf6d0db68002bf3d0a8888a
:0ccf38009847f0e7704700bf94190720ed
:020000040000fa
:020000040c02ec
:10cf44002de9f04705460e4617461c46ddf82090ad
:10cf54000a9aff21002009f00af8fe2807d94c4557
:10cf640039da013c2c44a846013d4d442ee0ff2112
:10cf740006f084ff80464c452dda013c2c44aa4639
:10cf8400013d4d4414e0ff2106f078ff0146404680
:10cf940004f014fdff2104f011fd06eb040c03461c
:10cfa400099a3946aceb0a0006f046fbac4212d0b3
:10cfb40014f8010f0028f9d0e5e73019099a394629
:10cfc400a0eb080006f038fbac4204d014f8013f93
:0acfd400002bf9d0f1e7bde8f0876b
:020000040000fa
:020000040c02ec
:10cfde002de9f04188b005460c4616460023136035
:10cfee0053600368db69984780462b685b68284668
:10cffe009847b8f1000f2fd0074600282cd02b6889
:10d00e001b6c28469847a04229d9fb6953b32b685d
:10d01e00d3f8488001ab02aa21462846c047029c9d
:10d02e00019b9c4212d22b689b6921462846984749
:10d03e0003aa0146384600f001ffb388bdf812205e
:10d04e001344b3800134019ba342ecd8bb8af38016
:10d05e00002008b0bde8f0814ff0ff30f9e74ff047
:0ad06e00ff30f6e74ff0ff30f3e764
:020000040000fa
:020000040c02ec
:10d078002de9f04784b007468a4691461d460c9e26
:10d088000023adf80830adf80a306b68adf80c3005
:10d09800ab68adf80e306a46314602a802f0bafc19
:10d0a800bdf90630002b2add4ff0000807e008f133
:10d0b800010809f10109bdf9063043451fddbdf935
:10d0c8000430002bf3dd0024b6f90220b6f9001075
:10d0d80042442144284607f0d9fd02463978287889
:10d0e80008f0eef803464a4604eb0a01384603f016
:10d0f80041f90134bdf90430a342e5dcd7e700204b
:06d1080004b0bde8f08751
:020000040000fa
:020000040c02ec
:10d10e00f0b589b014461d46adf81000adf81210fa
:10d11e000123adf81430adf8162004a808f023fb57
:10d12e00012833d006a904a808f0a7febdf918708f
:10d13e000e9aff21002008f015ff064618b90023ad
:10d14e00184609b0f0bd0290019506ab0093234638
:10d15e000122bdf91210bdf91000fcf7a8f8034624
:10d16e000028edd0bdf91e30002b12dd0024bdf9d4
:10d17e001a1033462a462144384606f058fa01342e
:10d18e00bdf91e30a342f2dc0023d9e74ff0ff3386
:06d19e00d6e70023d4e7f0
:020000040000fa
:020000040c02ec
:10d1a4002de9f04387b005468946164600231360ef
:10d1b40053600368db69984707462b685b68284619
:10d1c4009847002818bf002f2fd080464f452cd9f0
:10d1d400c3696bb300240fe001aa0146404600f086
:10d1e40032febdf80a30b380b8f81430f380002062
:10d1f40018e00134a74213d92b689b6921462846bd
:10d2040098470a28f5d0a145e6d001aa0146404630
:10d2140000f019fe3388bdf80a2013443380e8e790
:10d224004ff0ff3007b0bde8f0834ff0ff30f9e76f
:06d234004ff0ff30f6e7a9
:020000040000fa
:020000040c02ec
:10d23a00f0b589b014461d46adf81000adf81210cd
:10d24a00adf814200123adf8163004a808f08dfac1
:10d25a00012832d006a904a808f011febdf91a70f7
:10d26a000e9aff21002008f07ffe064618b9002317
:10d27a00184609b0f0bdbdf910000296019506ab3b
:10d28a000093012322460146fcf713f803460028bf
:10d29a00eed0bdf91c30002b12dd0024bdf91800b8
:10d2aa0033462a463946204406f0c3f90134bdf90b
:10d2ba001c30a342f2dc0023dae74ff0ff33d7e752
:04d2ca000023d5e781
:020000040000fa
:020000040c02ec
:10d2ce002de9f04383b000910192836c002b3ed088
:10d2de0090460f4605468146002403e00134ab6cb0
:10d2ee00a34225d9214605f1440008f009fd064662
:10d2fe00436913f0010ff1d013f0020feed069461f
:10d30e000a3005f066f90128e8d1b6f90c20b6f915
:10d31e000a10a8eb0202791a3046fff7d1ff002857
:10d32e00dcd0436903f02003002b08bf8146d5e70c
:10d33e00b9f1000f07d0d9f81430c3f34013002b06
:10d34e0018bf4ff00009484603b0bde8f083814690
:02d35e00f1e7f5
:020000040000fa
:020000040c02ec
:10d3600002780b789a422fd142684b689a422dd1ad
:10d3700003690a6993422bd15bb142694b699a42b6
:10d3800028d182698b699a4226d1c269cb699a42b7
:10d3900024d170b4c568cb689d4221d1ad0022d0a4
:10d3a00083688a681878117888421ed11e465c1cf2
:10d3b000587812f8011f884219d10233991b23466d
:10d3c000a942f4d101200ce00020704700207047f2
:10d3d00000207047002070470020704700207047f1
:10d3e000002070bc70470120fbe70020f9e7002017
:02d3f000f7e75d
:020000040000fa
:020000040c02ec
:10d3f20070b58569036b43b990f83530012b01d0c4
:10d4020000260be0002380f8353004462e783eb12a
:10d41200b5f9040004f075ff84f83a00304670bd97
:10d4220008f0effe06466868b0f1ff3f10d1a86829
:10d43200b0f1ff3f12d1e868b0f1ff3f14d1286983
:10d44200b0f1ff3f16d1304608f0dffe0126e5e7d6
:10d4520000b204f056ff84f83600e8e700b204f0a8
:10d4620050ff84f83700e6e700b204f04aff84f880
:10d472003800e4e700b204f044ff84f83900e2e740
:020000040000fa
:020000040c02ec
:02d482007047f1
:020000040000fa
:020000040c02ec
:10d4840010b4019c002c3dd06060a16001fb00f150
:10d49400e1600020e0612270d01f032829d8dfe872
:10d4a40000f0021726020a460029b8bfca1dd2108e
:10d4b400484201f0070100f0070058bf414200292b
:10d4c400c8bf01322261636100205df8044b7047dc
:10d4d4000a460029b8bf4a1c5210002901f0010174
:10d4e400b8bf49420029c8bf01322261ebe721617c
:10d4f400e9e7064800eb42125268d20801fb02f148
:10d504002161e0e74ff0ff30dfe700bf3478020c21
:020000040000fa
:020000040c02ec
:10d514004ff08942137843f001031370536813f0fa
:10d52400010ffbd14ff089411b4bcb6100220a62f2
:10d5340006230b63802088604a630b61174b10221b
:10d544001a7201201875022083f8200083f82c2019
:10d5540083f8382083f8442083f85020072083f888
:10d564005c0083f8682083f8742083f8802083f8b3
:10d574008c2083f8982083f8a42083f8b02083f8c3
:10d58400bc200b7843f002030b700a46536813f077
:10d59400020ffbd1704700bf90090020a81e07208e
:020000040000fa
:020000040c02ec
:10d5a40080b50020fef7ecfd08f036f9fbf7b0ff7c
:10d5b40000221949012007f081ff002217490120a8
:10d5c40006f072fb00221649022006f06dfb154c92
:10d5d400154f07f01f03154e07f516451d4406f0b9
:10d5e40029fd2378002bfad04ff0000884f800803e
:10d5f400fef7f6fb404608f087fabff34f8f3b4631
:10d60400c6f868322033ea1a002af9dcbff34f8fd8
:10d61400bff36f8fe3e700bf895c030c652c030c39
:10d62400195f030cdc250720e025072000ed00e04e
:020000040000fa
:020000040c02ec
:10d634002de9f04782b09c46ddf828800023019351
:10d644000093037890f8019003eb090edcf8004096
:10d6540004fb0e04d8f800708f422cd20234e61872
:10d664000de001980744974215d8dcf8000001301a
:10d67400ccf80000c8f8007076448f421dd2f01a2e
:10d684008246002bedd001ac10f8015b04f8015b7d
:10d69400b042f9d1e5e7b9f1000f08d053446a4626
:10d6a4004e4413f8011b02f8011bb342f9d1009850
:0ed6b40002b0bde8f0870020fae70020f8e79a
:020000040000fa
:020000040c02ec
:10d6c20038b50446012918d0002380f85430436f3e
:10d6d20003b19847e36d2bb3256eed1a18bf0125f0
:10d6e200627e022a2ed0e26e2ab3ebb1236dd3f80a
:10d6f200dc3020469847002038bd90f85430022b89
:10d702001dd0036f03b1984794f85530012b05d013
:10d71200636f002bded020469847dbe7022384f8b4
:10d722005430d7e70025dbe7a06d20b103681b6a00
:10d7320098470028dad0002dd8d10020dce74ff03e
:0ed74200ff30d9e7e26e002ad0d00125cde7f6
:020000040000fa
:020000040c02ec
:10d75000036dda6912f0010f33d1002280f86a20dc
:10d7600090f85420012a2dd9b0f95830002b09db4c
:10d770005a0903f01f03012101fa03f3603216492d
:10d7800041f82230b0f95a30002b09db5a0903f076
:10d790001f03012101fa03f360320f4941f82230df
:10d7a000036d03f5805390f84d105a7861f34512dc
:10d7b0005a705a7842f040025a709a796ff3000218
:10d7c0009a71704703f580520021d18011810f2199
:0cd7d000d1720c221a61c7e700e100e0f2
:020000040000fa
:020000040c02ec
:10d7dc000138142837d8dfe800f00b0f1336363633
:10d7ec0036362d3236361b1f363636363636220056
:10d7fc0002230b700020704701230b600020704740
:10d80c00124b1b680b60124b1b684b60002070475f
:10d81c0001230b6000207047002008607047002037
:10d82c000860486088604ff4f073cb604ff48873e5
:10d83c000b617047074b1b680b6000207047064b51
:10d84c000b60002070474ff0ff3070470cc307206f
:0cd85c001cc307205025072040170620a1
:020000040000fa
:020000040c02ec
:10d8680010b4019c002c3bd06060a16001fb00f16a
:10d87800e1602270d01f032829d8dfe800f00217e2
:10d8880026020a460029b8bfca1dd210484201f034
:10d89800070100f0070058bf41420029c8bf013204
:10d8a8002261636100205df8044b70470a46002935
:10d8b800b8bf4a1c5210002901f00101b8bf494203
:10d8c8000029c8bf01322261ebe72161e9e7064878
:10d8d80000eb42125268d20801fb02f12161e0e735
:0cd8e8004ff0ff30dfe700bf9479020c26
:020000040000fa
:020000040c02ec
:10d8f40070b584b0436913f0020f05d10368d3f8ff
:10d904001831984704b070bd04460e4602ab024677
:10d9140052f80a0f516803c3314602a803f0a6f96e
:10d92400012805d02368d3f8183120469847e9e741
:10d934002368d3f82031022120469847a36c002b9a
:10d94400e0d000256a46314602a802f065f8bdf829
:10d95400003062899b1aadf80030bdf80230a2890c
:10d964009b1aadf80230636c694653f82500fff743
:0cd97400bfff0135a36cab42e4d8c3e751
:020000040000fa
:020000040c02ec
:10d98000f0b58bb004460f460023089308f012fc54
:10d99000066808f00ffc66b345682a46a169304660
:10d9a00005f0caf840b3a3690293039502a9304673
:10d9b00005f0cdf9b0f1ff3f20d0069a0ab300255b
:10d9c0002c46307d08ab009309ab0599214407f044
:10d9d00031fdb0f1ff3f16d0089b1c44af4205d08b
:10d9e0000135069aa242ecd8002003e0bdf82400dd
:10d9f00000e000200bb0f0bd0020fbe74ff6ff7009
:0cda0000f8e70020f6e74ff6ff70f3e7b0
:020000040000fa
:020000040c02ec
:10da0c0000283dd02de9f04182b006464368012b39
:10da1c0039dd00274ff001080ee00135326802ebca
:10da2c00c5046b4603cb42f83500616008f1010870
:10da3c000137736843451fdd32686b4602ebc80241
:10da4c001068516803c33d46002fe6dbfc003168cb
:10da5c002144684604f01afd0128ded133682344c2
:10da6c001a4652f8080b596898605160013d083c01
:10da7c00b5f1ff3febd1d0e7002002b0bde8f0815b
:0ada8c004ff0ff3070470020f7e76d
:020000040000fa
:020000040c02ec
:10da96002de9ff41836946690093f61acde90161d4
:10daa60004461746039216444ff002086d46424656
:10dab6002946206806f0d2fbb04209d1d4e90232e9
:10dac600c4e905331a44a262384604b0bde8f081c1
:10dad60000280dda6268002342f01002b8f1020f46
:10dae600a362c4e90533626015d06b68ff1aebe7e1
:10daf6006b68984288bf0835a6eb000688bfc01a37
:10db06002b6803442b606b68a3eb000088bf08f109
:0adb1600ff386860cbe71f46d6e732
:020000040000fa
:020000040c02ec
:10db20000b7890f85c229b1a023b3cd470b54c7881
:10db3000ce788a7842ea06264d790a7942ea0522a9
:10db400014f0800f0cd1054604f00f04042c1bd0f8
:10db5000052c1ed0012c21d0012385f82e3270bd5a
:10db6000c4f3021101390529f9d801a555f821f0ae
:10db700047db020c47db020c5fdb020c47db020ccd
:10db800047db020c47db020c314698b205f0f2fd90
:10db9000e2e7314698b205f007fedde7314698b27c
:08dba00005f01cfed8e77047f8
:020000040000fa
:020000040c02ec
:10dba80000283cd11f4b93f94c30022b02d04ff088
:10dbb800ff3070471b4b93f85c30012b02d04ff0bd
:10dbc800ff307047174b93f80c3133b14ff0ff30eb
:10dbd800144b012283f85c207047124b012283f812
:10dbe8000c21c3f818310022c3f8102103f5867000
:10dbf80093f85430012b0ad0022be9d1094b0022ab
:10dc0800c3f8fc2003f58672c3f80021e0e7a0f50d
:10dc18008673c3f8fc000022c3f80021d8e74ff050
:08dc2800ff307047081a0220ca
:020000040000fa
:020000040c02ec
:10dc300070b582b004460d461646b0f90e308b42e0
:10dc400030d0002d08bf0125002e08bf0126236813
:10dc50009b6e6946204698472368d3f82c31694665
:10dc6000204698471349b4f90e304b60b4f9103090
:10dc70008b602db2e58136b22682cd600e612368bd
:10dc8000d3f814312046984723689b6e6946204696
:10dc900098472368d3f82c316946204698470020de
:10dca00002b070bdb0f910309342cad14ff0ff30ce
:08dcb000f6e700bfbcc207202b
:020000040000fa
:020000040c02ec
:10dcb80070b4b0f90230b1f90220934208d0b0f93b
:10dcc8000050b1f90040a5421ad0002070bc70473e
:10dcd800b0f90650b1f90640a542f0d1b0f90050ac
:10dce800b1f90060b0f904402c440134b4421ed0ac
:10dcf800b1f9044034440134a542e0d10120e5e7fc
:10dd0800b0f90450b1f90440a54201d00020dde784
:10dd1800b0f906001844013090420ad0b1f9060063
:10dd280010440130984214bf00200120cee70120a2
:06dd3800cce70120cae760
:020000040000fa
:020000040c02ec
:10dd3e002de9f84306460f4690461c46089d0a9a62
:10dd4e00ff21002008f00ef9fe2803d9ac4224db97
:10dd5e00bde8f8838146ac4209dbf9e74b46099ae8
:10dd6e004146e01905f063fc0134a542f0d0e21003
:10dd7e00634204f0070103f0070358bf59428023a2
:10dd8e000b41b25c1a42efd0e8e7099a4146e0191e
:10dd9e0005f0f5fe0134a542dad0e210634204f03c
:10ddae00070103f0070358bf594280230b41b25cb1
:06ddbe001a42efd0e9e774
:020000040000fa
:020000040c02ec
:10ddc4002de9f04186b005460f46904618460c9e54
:10ddd400b5f904100b460029b8bf4b1c5b102a8808
:10dde40001320c460029b8bfcc1c02eba402adf8ea
:10ddf4001020b5f906100029b8bf03316a88013232
:10de040002eba102adf81220adf81430adf81630d3
:10de1400039600240294019000944ff4b4722146b6
:10de240004a8f5f7dbfd03960294cdf80480009472
:10de34003b464ff4b47221462846f5f7cffd204601
:06de440006b0bde8f0810c
:020000040000fa
:020000040c02ec
:10de4a00f0b4c3691f68dfb19c88a14216d00024d0
:10de5a000134a74214d003f118061d8b14338d42e6
:10de6a00f6d133687468b068f168136054609060e2
:10de7a00d160336913610020f0bc70471e1df0e7c2
:10de8a00202911d04ff6ff731380838a5b085380d1
:10de9a00818a9180d38000231381818a5181136101
:10deaa00d3814ff0ff30e7e720231380b2f9021045
:10deba0000239380d180138153811361d3814ff062
:04deca00ff30d9e765
:020000040000fa
:020000040c02ec
:10dece002de9f04104460f469046c16b01318900a1
:10dede00006cf9f73efb0546e16b01318900606c81
:10deee00f9f737fb06462db320b3e06b431ce36313
:10defe002564666405eb800007f0edfb6ff040458e
:10df0e00e06b2844236c394603eb800004f0c1ff1c
:10df1e00e06b2844636c03eb800007f0dcfbe06be6
:10df2e000544606c414600eb850004f0b2ff002012
:10df3e00bde8f081284602f084ff304602f081fff2
:04df4e005320f5e780
:020000040000fa
:020000040c02ec
:10df52002de9f041a1f11004237b012b1fd00f46c4
:10df620005468368103b51f8102c9b1a83602146aa
:10df7200143007f007f905f118082146404604f06d
:10df8200d2f80123237366682eb1326802f11003be
:10df920033449c4205d02146284604f0e6f8bde809
:10dfa200f08157f8107c103717443146404607f08d
:10dfb200e9f82146404607f0e5f800237360b360b4
:10dfc200f3603760012333733146404604f0abf807
:04dfd2003446e0e70a
:020000040000fa
:020000040c02ec
:02dfd600704792
:020000040000fa
:020000040c02ec
:10dfd80000283cd02de9f04186461d4b5a6ad0f8fe
:10dfe8000880c2b1936844460025984518d300209c
:10dff80000219368c01841f100019369abb1d3f8cf
:10e0080008c010eb0c0641f10007bd4208bfb4423e
:10e018000bd31a46ede7c0f808800d4b586214e0a0
:10e028000b4b58628261002003e0cef81830c2f82a
:10e0380018e0a8eb0000cef80800def8183023b18d
:10e04800def808109a68521a9a60bde8f0817047a5
:04e05800f02107208c
:020000040000fa
:020000040c02ec
:10e05c00f0b51f4c2568a446002d36d00022294669
:10e06c0016461346d1f800e00f6986450ad132b145
:10e07c00176101f110031846f0bd3946f2e7ccf8f0
:10e08c000070f6e705d9ebb11c68a6453cbf1646f7
:10e09c000b460a46002ff0d1002becd019461f6915
:10e0ac0051f8102b121a102a05d918600844103a8e
:10e0bc000761026007469d420cbfccf800703761c7
:10e0cc000b46d8e716460b46e3e72b46d3e700bfd3
:04e0dc00b025072044
:020000040000fa
:020000040c02ec
:10e0e0002de9f04f83b0ddf830a0a3eb020b002345
:10e0f0000193baf1000f31d091460f460546002436
:10e10000a04625e0e208e34303f0070101238b402a
:10e11000a95c0b43ab540134b44211d0394601a879
:10e1200007f0c8fa0028edd1e308e14301f0070148
:10e13000012202fa01f1ea5c22ea0102ea54eae76a
:10e140003446019b5b44019308f10108c24505d0a8
:10e15000b9f1000ff5d009eb0406dfe703b0bde825
:02e16000f08f3e
:020000040000fa
:020000040c02ec
:10e1620070b5044685692b785bb190f83a10b5f921
:10e17200040006f03eff236b13b9012384f8353007
:10e1820070bd08f03ef806466868b0f1ff3f0fd157
:10e19200a868b0f1ff3f11d1e868b0f1ff3f13d199
:10e1a2002869b0f1ff3f15d1304608f02ef8e2e7ba
:10e1b20094f8361000b206f01cffe9e794f8371025
:10e1c20000b206f016ffe7e794f8381000b206f046
:10e1d20010ffe5e794f8391000b206f00affe3e712
:020000040000fa
:020000040c02ec
:02e1e200704784
:020000040000fa
:020000040c02ec
:10e1e40010b50446c37f042b1ad8dfe803f00319e3
:10e1f4000d131500164bff221a60036d9b6b984795
:10e2040001280ed0237e9bb9606d18b103681b6a88
:10e21400984790b1637eabb90123e3770023a362ef
:10e2240010bd236d5b6c20469847094b1860e9e7e5
:10e234000223e377074ba362f2e70323e377064b5a
:10e24400a362ede7054ba3620423e377e8e700bf8d
:10e2540098250720bd57030cfdfd020c4d3c030c13
:020000040000fa
:020000040c02ec
:10e26400914237dcf0b44718013a8618b7421ad203
:10e274007b78405c40ea03203b46751eed1b25f08d
:10e2840001043c44dff850c0a3420ed0d9789a78f8
:10e2940042ea012282ea400010f0807f18bf80ea3f
:10e2a4000c000233f0e7002003e025f001050235fd
:10e2b4002f44be4203d020f07f40f0bc70473b782f
:10e2c40083ea400010f0807ff5d080f4000080f0f5
:0ce2d4001b00f0e7002070471b008000da
:020000040000fa
:020000040c02ec
:10e2e00080bb1b4b1b7883bb10b44868194b0028bc
:10e2f00008bf1846164b012283f85c201a7083f879
:10e300004c201865c87b83f85400887b83f84d0047
:10e310000020c3f8fc00c3f800010f4c1c66b1f9e3
:10e320000a40a3f85840b1f90c10a3f85a1083f82a
:10e33000690083f8660083f8670083f868205df859
:10e34000044b70474ff0ff3070474ff0ff3070477d
:0ce35000081a02200000014fbc21072029
:020000040000fa
:020000040c02ec
:10e35c00f8b51d4b1b786bb301282bd800eb400391
:10e36c00194c04eb83035b68012b26d016460f4631
:10e37c00054600eb400204eb820301225a609960cf
:10e38c00de60142006f090fd0446c8b10023436003
:10e39c00012303708560c760066106f0abff05467c
:10e3ac00b0f1ff3f02d000252846f8bd204602f010
:10e3bc0049fdf9e74ff0ff35f6e74ff0ff35f3e78e
:0ce3cc004ff0ff35f0e700bfdc2a062010
:020000040000fa
:020000040c02ec
:10e3d800b0f90a308b422fd070b582b016460d4680
:10e3e800044603689b6e694698472368d3f82c3126
:10e3f8006946204698471449b4f90a304b60b4f985
:10e408000c308b602db26581a681cd60b4f90c30db
:10e418000b612368d3f814312046984723689b6e14
:10e428006946204698472368d3f82c316946204628
:10e438009847002002b070bdb0f90c309342cbd1a0
:0ce448004ff0ff30704700bfa8c2072053
:020000040000fa
:020000040c02ec
:10e4540038b50546046d90f854307bb304f5805309
:10e464000022da801a810722da720c232361204603
:10e4740003f0ceff2346226842f400722260226831
:10e4840042f480722260226842f002022260da6959
:10e4940012f0020ffbd19a6912f0020ffbd09a69b5
:10e4a40012f0010ffbd041f22452a35843f00203af
:10e4b400a35040212846fdf7f1fc38bd04f58053f4
:0ae4c4000022da801a81da72d1e733
:020000040000fa
:020000040c02ec
:10e4ce00f0b58f78c669d6f800c09cf80030023bd4
:10e4de00dbb25d08012b08d9047e013cb4fbf5f4d8
:10e4ee00e4b2bc4203d20020f0bd0024f9e727b904
:10e4fe00c2f800c09cf80000f6e7b1f804e0a8b23c
:10e50e000028f1d0bcf80230734512d00cf1020194
:10e51e000124631c9bb2a0420dd01c4631f8025f51
:10e52e007545f6d107fb03f356f8233013601878c0
:0ae53e00dae70123f6e70020d6e734
:020000040000fa
:020000040c02ec
:10e548002de9f04784b004ac04e90300694681e88a
:10e558000c000d9d91461e46029ba3eb0208039feb
:10e56800bf1b0c9bc3f1000a504603f085fc044610
:10e57800504603f0fdf900fb08f2002ab8bfff324d
:10e58800121204fb07f3002bb8bfff33a2eb2322c0
:10e598004a442a6004fb08f3002bb8bfff331b1260
:10e5a80000fb07f7002fb8bfff3703eb27233344df
:08e5b8006b6004b0bde8f087c0
:020000040000fa
:020000040c02ec
:10e5c00070b582b0194bd3f8e862194b1b684bb396
:10e5d0006c2006f06ffc044604f09cfb21461548b5
:10e5e00004f06efa204600f011ff00250095019519
:10e5f000684606f0e7f96581a581009be381019bf0
:10e6000023822368d3f8dc3020469847636943f0bf
:10e6100038036361022384f8503084f85c5030463c
:10e6200002b070bd4ff0ff36f9e700bfa816072013
:08e6300064250720881907206a
:020000040000fa
:020000040c02ec
:10e638002de9f04782b060b3074651b3994690463a
:10e648008a46184e002402e001340a2c1cd056f8e1
:10e65800045b002df8d02d683846a8470128f3d16f
:10e66800104b53f824305d68b5b10a9b00934b46b4
:10e67800424651463846a847054680b9094b53f8e3
:10e6880024301b6a984700e00025284602b0bde800
:10e69800f0874ff0ff35f8e74ff0ff35f5e7002535
:08e6a800f3e700bf6423072023
:020000040000fa
:020000040c02ec
:10e6b0000100000002000000030000000400000050
:10e6c0000500000007000000090000000d00000028
:10e6d00011000000190000002100000031000000be
:10e6e000410000006100000081000000c100000046
:10e6f000010100008101000001020000010300008f
:10e70000010400000106000001080000010c0000e7
:10e71000011000000118000001200000013000007d
:08e7200001400000016000004f
:020000040000fa
:020000040c02ec
:10e7280000000000000000000000000000000000e1
:10e7380001000000010000000200000002000000cb
:10e7480003000000030000000400000004000000b3
:10e75800050000000500000006000000060000009b
:10e768000700000007000000080000000800000083
:10e7780009000000090000000a0000000a0000006b
:10e788000b0000000b0000000c0000000c00000053
:08e798000d0000000d0000005f
:020000040000fa
:020000040c02ec
:10e7a00010b50446c37f042b27d8dfe803f0032607
:10e7b0000d202200144bff221a60036d9b6b9847bb
:10e7c000012808d0237e6bb9636d83b10323e377ff
:10e7d0000e4ba36211e0236d5b6c204698470a4bf9
:10e7e0001860efe70223e377094ba36205e0637e3d
:10e7f00023b90123e3770023a36210bd054ba36275
:10e800000423e377f9e700bf94250720a10e030c4a
:08e81000a557030c1d3c030c8d
:020000040000fa
:020000040c02ec
:10e8180051ea020332d070b582b016460d4604465e
:10e8280003689b6e694698472368d3f82c3169467c
:10e83800204698471349b4f90a304b60b4f90c00e4
:10e84800886063892b441bb263813044a081cb600c
:10e85800b4f90c300b612368d3f81431204698477b
:10e8680023689b6e6946204698472368d3f82c3165
:10e87800694620469847002002b070bd4ff0ff302f
:08e88800704700bfa8c2072081
:020000040000fa
:020000040c02ec
:10e8900010b504461179537893b9a0f8bc30d0f87c
:10e8a000ec305b6bc069984794f8bc3060f30003b0
:10e8b000214601f8bc3f0222204603f02ffe10bd86
:10e8c000012b07d0032b12d00c2bf8d1012103f020
:10e8d0005dfdf4e75388002bf1d1d0f8ec30db6a12
:10e8e000c06998470021204603f050fde7e75388b0
:10e8f000002be4d1d0f8ec309b6ac0699847002126
:08e90000204603f043fddae7b5
:020000040000fa
:020000040c02ec
:10e9080070b582b004460d461646b0f90620b0f937
:10e91800021000962b46013a0131b0f90000fef7cb
:10e92800f2fbb4f90620b4f90210b4f90000b4f906
:10e938000430184400962b46013a01310138fef79d
:10e94800e2fb00962b46b4f90420b4f90210b4f99e
:10e958000000fef76efcb4f90210b4f90630194451
:10e9680000962b46b4f904200139b4f90000fef7eb
:06e9780060fc02b070bd5e
:020000040000fa
:020000040c02ec
:10e97e00f8b5846a05460f46164654b1ab6a6a6905
:10e98e009b1ab3420bd2324639462846fff77cf823
:10e99e00f8bd06f084ff0028f0d02046f8e7002ee0
:10e9ae00f1d095f93430002b1bdbdbb23446621efe
:10e9be00b95c994212d1224639462846fff764f8cf
:10e9ce00a042e5d32744341b22463946686906f037
:10e9de00b6fd6b691c446c613046d9e71446002abb
:06e9ee00e5d13446f0e71c
:020000040000fa
:020000040c02ec
:10e9f4000300000004000000050000000600000001
:10ea04000700000008000000090000000a000000e0
:10ea14000b0000000d0000000f00000011000000ba
:10ea240013000000170000001b0000001f0000007e
:10ea3400230000002b000000330000003b00000016
:10ea44004300000053000000630000007300000056
:10ea540083000000a3000000c3000000e3000000e6
:04ea640002010000ab
:020000040000fa
:020000040c02ec
:10ea6800000000000000000000000000000000009e
:10ea7800000000000000000000000000000000008e
:10ea8800010000000100000001000000010000007a
:10ea98000200000002000000020000000200000066
:10eaa8000300000003000000030000000300000052
:10eab800040000000400000004000000040000003e
:10eac800050000000500000005000000050000002a
:04ead800000000003a
:020000040000fa
:020000040c02ec
:10eadc0010b5044603680122c3f890200368c1688e
:10eaec00586a02f067ff23683230154aa2fb0020f7
:10eafc004009186523681a685269196d914201d34f
:10eb0c00013a1a6523682169986a02f053ff236859
:10eb1c0032300b4aa2fb00204009586523681a6862
:10eb2c009269596d914201d3013a5a6523681a686a
:10eb3c005269586d196d00fb02129a65002010bdc8
:04eb4c001f85eb51e5
:020000040000fa
:020000040c02ec
:10eb50000368996cb3f91220914226d270b4dd6c2f
:10eb6000b3f90c2054195c62b3f90e200a449a627e
:10eb7000b3f914602e44de61b3f916600e441e62d0
:10eb80000126c3f890601c655a65006800684069fa
:10eb900000fb02429a65b3f91020013a95420cd26b
:10eba0003544dd64002070bc70470022c3f8ec20bf
:10ebb0000122c3f8f020002070470022da640131fe
:04ebc0009964efe77e
:020000040000fa
:020000040c02ec
:10ebc40038b5124de0220021284607f06ff8104caa
:10ebd400104ba360104a6261104a2262104ae2623a
:10ebe400104aa263104a626462682168284601f0f0
:10ebf40071f863690c342035002bf5d14ff4805241
:10ec04000a490b4805f0dff8002038bdf41c072042
:10ec140090c00720c0bf062080f20620c0a70620af
:10ec240080d20620006b0620c08f062080e20620da
:04ec34008c23072006
:020000040000fa
:020000040c02ec
:10ec38001a4b1b68d3f8e8328b4229d970b582b0d9
:10ec48000446084604f00eff054600f10a06214670
:10ec5800304602f009f8f0b16a462146304600f025
:10ec6800d9fe286e0e4b93f82830012b06d9694639
:10ec7800183000f003fe002002b070bd084b0122de
:10ec880083f8282069460c3000f0f8fd0020f3e7ef
:10ec98004ff0ff3070474ff0ff30ede78825072031
:04eca800101806201a
:020000040000fa
:020000040c02ec
:10ecac00e35f030c5154030c5362030c5962030cc5
:10ecbc005f62030c6562030c81d9020c7d0b030ca3
:10eccc00f15f030cebf8020c6b62030c7162030c2a
:10ecdc007762030c33a4020c0000000013f1020c49
:10ecec00bd3b030cdfcf020cc5ef020ca5d1020c0f
:10ecfc00e9ba020ca545030cb960030cc560030c02
:10ed0c00c75f030cd55f030c2163030c1f56030c68
:04ed1c002163030c60
:020000040000fa
:020000040c02ec
:10ed20000368d96ab3f91020914225d270b41d6be3
:10ed3000b3f90a2054195c62b3f90c200a449a62b0
:10ed4000b3f912602e44de61b3f914600e441e6202
:10ed500001265e675c639a6300680068406900fb97
:10ed60000242da63b3f90e20013a95420cd23544df
:10ed70001d63002070bc70470022c3f8c020012230
:10ed8000c3f8c4200020704700221a630131d96201
:02ed9000efe7ab
:020000040000fa
:020000040c02ec
:02ed92007047c8
:020000040000fa
:020000040c02ec
:10ed9400012830d830b440f6e422184b02fb00328c
:10eda400cb6893600b69d360002393714ff0ff33fa
:10edb40053610b8bcbb1013b9bb2104d40f6e42465
:10edc40004fb005463844b8b93b1013b99b20b4b0e
:10edd40040f6e42404fb0033998400215970c3f8fd
:10ede400d41a9970104630bc704740f2df13e4e740
:10edf40040f20f11ebe74ff0ff3070474004022060
:020000040000fa
:020000040c02ec
:10ee0400aab3f0b514464a0901f01f01012c10d928
:10ee140001235b009bb29c42fbd8db08232a25d844
:10ee24001b3200eb820500f1fc0c01244ff0000eb4
:10ee340006e00123f1e7cbb104357146ac4515d0aa
:10ee44002f4604fa01f02a6842402a605a1e0dd067
:10ee54001944a1f120001346ca1a9842ebd004facf
:10ee640002f23e6872403a60013bf5d1f0bd704752
:020000040000fa
:020000040c02ec
:10ee7400f8b5012828d800eb4003184c04eb8303b1
:10ee84005b6823b317460e46054600eb400204ebcd
:10ee9400820300225a60142006f00af80446c8b11e
:10eea40000234360022303708560c660076106f097
:10eeb40025fa0546b0f1ff3f02d000252846f8bdeb
:10eec400204601f0c3fff9e74ff0ff35f6e74ff0b6
:10eed400ff35f3e74ff0ff35f0e700bfdc2a0620eb
:020000040000fa
:020000040c02ec
:10eee40038b5184b1b68012b29d00d4604464ff446
:10eef4003b720021144806f0d9fefff761feb0f121
:10ef0400ff3f1bd006f0cefdb0f1ff3f16d006f058
:10ef140003fab0f1ff3f11d02946204600f07afbf6
:10ef2400b0f1ff3f0ad005f03dfc084806f0cefde5
:10ef3400044b01221a60fff741fb002038bd4ff05b
:10ef4400ff30fbe764250720a8160720881907204f
:020000040000fa
:020000040c02ec
:10ef540008b52c2200210d4806f0a8fe0c480d4be4
:10ef640003600d4b43600d4b83600d4bc3600d4b31
:10ef740003610d4b43610d4b83610d4bc3610d4b1d
:10ef840003620d4b43620d4b836208bd001c0720d6
:10ef9400e02207207160030ce948020c8d8b020cff
:10efa4000d67020c556f020c1960020cb946020c75
:10efb4003551020c8504030c7d60030c112f030ce6
:020000040000fa
:020000040c02ec
:10efc4002de9f04705468946924698460368db6971
:10efd400984728b306462b681b6c28469847484533
:10efe40021d90024caf80040c8f80040274602e0ae
:10eff4000134a6420fd02b689b69214628469847c6
:10f004000a28f5d1c8f80040b9450fd00137631c70
:10f01400caf80030ece7c8f800400020bde8f087eb
:10f024004ff0ff30fae74ff0ff30f7e70020f5e745
:020000040000fa
:020000040c02ec
:10f0340030b58db0044608aa0aa9fcf774f894f810
:10f0440054302bb30821e06a04f02eff0546a36d6b
:10f054000193bdf920300293bdf922300393a37ebe
:10f064008df810300b21e06a04f01eff0146059074
:10f074000a4b1b6806932a46e06a03f0bbfe07901e
:10f0840001a8f6f723fc2046fdf7befe0db030bd07
:10f094000021e06a04f008ff0546d8e79025072020
:020000040000fa
:020000040c02ec
:10f0a4002de9f84304460d461646b1f90010b0f9af
:10f0b400000007f071f88146b5f90210b4f90200b6
:10f0c40007f06af80746b5f90010b5f90420b4f959
:10f0d4000000b4f904301144184407f061f8804684
:10f0e400b5f90210b5f90620b4f90200b4f90630f6
:10f0f4001144184407f054f8a6f800907780a8eb60
:0ef104000908a6f80480c01bf080bde8f8835f
:020000040000fa
:020000040c02ec
:10f11200f0b583b006460d4600230b604b600368d2
:10f12200db69984740b333681b6c30469847074603
:10f1320010b300240ee0eb88bdf806201344eb80e8
:10f14200bdf90430b5f904209a42b8bfab8001344e
:10f15200a74211d033685b6c6a4621463046984715
:10f162007b1ea342e7d933685b6830469847eb8839
:0ef17200828a1344eb80e3e7002003b0f0bd77
:020000040000fa
:020000040c02ec
:10f180002de9f04f85b0d0f8b440678867b380466a
:10f190000026b246b14635460fe094f8029094f846
:10f1a00003a04146484602f09efb06460ae023784b
:10f1b0001d44adb21c44af4216d994f801b0bbf166
:10f1c000040fead0002ef2d0f368002befd0b26823
:10f1d000b0880294cdf804b0cdf800a0d3f800b008
:0ef1e0004b464146d847e2e705b0bde8f08f48
:020000040000fa
:020000040c02ec
:02f1ee00704768
:020000040000fa
:020000040c02ec
:10f1f0002de9f843164b1b68012b23d113785b01d3
:10f20000144ce358576807fb03f79368ebb11546b6
:10f2100089468046002422460021284604f00af947
:10f22000064609eb040241460b4804f003f93a464e
:10f23000314606f08bf90134ab68a342ebd80020cd
:10f24000bde8f8834ff0ff30fae70020f8e700bf91
:0cf250004c2507203478020c40170620e3
:020000040000fa
:020000040c02ec
:10f25c002de9f84fddf830a08c68002c2cdd9146a0
:10f26c000d4606461f46ddf834804ff0000b07e0d4
:10f27c000bf1010b013708f10108ab685b451bdd95
:10f28c006b68002bf4dd00243a4609eb0401284698
:10f29c0002f012fe736b1a782978c0b206f00ef8e1
:10f2ac00034642460aeb0401706b06f07ef901340a
:0cf2bc006b68a342e8dcdbe7bde8f88fdc
:020000040000fa
:020000040c02ec
:10f2c8002de9f84368b3074659b316460d463c2066
:10f2d80005f0ecfd0446e0b105fb07f87301124a9e
:10f2e800d05800fb08f0a06005f0e0fd81466060a2
:10f2f80090b10023236023736761a561a26822622d
:10f3080026746062c4f81c800822e2622363636387
:10f31800a3632046bde8f883204601f095fd4c46de
:0cf32800f7e70024f5e700bf9479020c21
:020000040000fa
:020000040c02ec
:10f33400114b1870092802d90a2814d070470f4bb2
:10f344000f4a1a600f4a5a600f4a9a600f4ada60ed
:10f35400431fdbb2032818bf012b94bf01200020f8
:10f364000b4b18707047054b0a4a1a605a600a4ad8
:10f374009a60da60704700bfdb250720b0230720be
:10f384000556030c65af020ce906030ca1b4020c8c
:0cf39400da250720a551030c5529030cb5
:020000040000fa
:020000040c02ec
:10f3a00030b58db004460d46036d1b6e0aa9984713
:10f3b00000232b806b80636d0bb35b69ab80636d47
:10f3c0009b69eb80104a0023089394f8231007915f
:10f3d00094f82210069194f82110059194f82010c9
:10f3e00004910393e37e0293a37e01930b9b00930e
:10f3f0000a9b06ca2846f7f761fa0db030bd002314
:0cf40000ab80eb80dee700bf9824072003
:020000040000fa
:020000040c02ec
:10f40c0038b50446184b036006f0cefe83685a1cd0
:10f41c008260636000252572e56203236361022329
:10f42c00a377e5776581a5816423e38123826577e2
:10f43c00657601232376ff222277a376e3760423d5
:10f44c0084f8203084f8213084f8223084f823307a
:10f45c0025636563a563e563256404f1440006f048
:0cf46c0027fb6562a56238bd288f020cea
:020000040000fa
:020000040c02ec
:10f47800002827d138b5164b1b7833bb144c012311
:10f4880084f8343084f8353023700a68e2604869bb
:10f49800a0614868e0618868a06008696062c8681f
:10f4a80020620025a5626560a5702563a3858b6928
:10f4b8002361636193692146064898470223637074
:10f4c800284638bd4ff0ff3070474ff0ff30f8e75f
:08f4d800f82007204107030c96
:020000040000fa
:020000040c02ec
:10f4e000023904292fd8dfe801f0030c1923230087
:10f4f000c3029bb2c0f3c422134300f4fc60184360
:10f500007047c3039bb2c0f3c422134300f4f862f4
:10f510001343800200f4784018437047030403f457
:10f520007f03c0f30742134300f47f401843704742
:10f53000030a03f47f43020e42ea0062134300020f
:08f5400000f47f00184370473e
:020000040000fa
:020000040c02ec
:10f54800d8b138b504468368d3b10568ddb16b68b6
:10f5580099420ad02b46186820b142688a4215d0d1
:10f568000346f8e74ff0ff301de0284603682360a4
:10f5780013e0636000221a600fe04ff0ff3070471d
:10f588004ff0ff300fe04ff0ff300ce08542edd038
:10f5980062688242edd002681a6001f055fca368e7
:08f5a800013ba360002038bd07
:020000040000fa
:020000040c02ec
:10f5b00008b5154b00221a605a609a600368da6a2f
:10f5c00012f0040f01d05a6bbab91b7c032b0cd07c
:10f5d000052b0ed0062b13d10b4b0c4a5a600a494f
:10f5e000086004f010fa002008bd074b084a5a6072
:10f5f000f5e7054b074a5a60f1e74ff0ff30f3e7b4
:10f600004ff0ff30f0e700bf802407205915030cae
:08f610001557030c291b030c24
:020000040000fa
:020000040c02ec
:10f6180070b582b004460e4606f0c8fd144b18605b
:10f6280048220021134806f03ffba4b12368abb180
:10f638006368b3b1a368bbb10e4d2c606e60002443
:10f64800019401a902209847019beb6085f82840a6
:10f65800204602b070bd4ff0ff30fae74ff0ff30a0
:10f66800f7e74ff0ff30f4e74ff0ff30f1e700bf66
:08f67800882507201018062068
:020000040000fa
:020000040c02ec
:10f68000b0f90e308b422bd030b583b00d46044616
:10f6900003689b6e694698472368d3f82c31694606
:10f6a000204698470f49b4f90e304b60b4f910204a
:10f6b0008a602db2e581cd600a612368d3f81431e8
:10f6c0002046984723689b6e6946204698472368e2
:10f6d000d3f82c31694620469847002003b030bd4e
:08f6e00000207047bcc20720a6
:020000040000fa
:020000040c02ec
:10f6e800b0f910308b422bd030b583b00d460446ac
:10f6f80003689b6e694698472368d3f82c3169469e
:10f7080020469847b4f90e200e494a60b4f91030e3
:10f718008b602db22582ca600d612368d3f814313d
:10f728002046984723689b6e694620469847236879
:10f73800d3f82c31694620469847002003b030bde5
:08f7480000207047bcc207203d
:020000040000fa
:020000040c02ec
:10f7500010b50446037e012b06d0637efbb901235e
:10f76000e3770023a36210bd437f13b1437e012bd7
:10f770000ad90021e06a04f099fb0d4b1a68014692
:10f78000204603f0d4fde8e70021c06a04f08efbb8
:10f79000074b1a680146204605f008fadde7022308
:10f7a000e377044ba362204604f068fadbe700bf6e
:08f7b0009c2507207d3c030ca1
:020000040000fa
:020000040c02ec
:10f7b800f8b50546836c0bb300242646ef6c57f862
:10f7c800240001f041fb47f824602f6d57f824000e
:10f7d80001f03afb47f824606f6d57f8240001f0f8
:10f7e80033fb47f82460af6d57f8240001f02cfb79
:10f7f80047f824600134ab6ca342dfd1e86c01f018
:10f8080023fb286d01f020fb686d01f01dfba86d3e
:06f8180001f01afbf8bd2f
:020000040000fa
:020000040c02ec
:10f81e002de9f047824689461446104606f0d0f888
:10f82e0000f10c07d9f8005015eb07081dd206465b
:10f83e0045451ad84146daf80000f7f78afec0b1fe
:10f84e00caf80000c9f80080daf8001077b1631e1c
:10f85e00013d294404f10b00304413f8012f01f847
:10f86e00012f8342f9d1002700e04d273846bde82d
:06f87e00f0875327fae7b2
:020000040000fa
:020000040c02ec
:10f88400f8b504460f464368d3b10026f500206856
:10f894003946284401f0c2f9012815d021682944c9
:10f8a400384601f0bbf901280fd0216829443846b5
:10f8b40001f0dcf901280fd001366368b342e5d8c2
:10f8c4003946204602f0c2f8f8bd23685a19386850
:10f8d400796858515160f7e7216829440a46384647
:06f8e400fff7defbf0e778
:020000040000fa
:020000040c02ec
:10f8ea0059b32de9f0410e4605464369db6998474d
:10f8fa0080463368db6930469847804528bf804692
:10f90a00b8f1000f1cd0002433689b6921463046a9
:10f91a00984707466b699b6921462846984787425c
:10f92a0004d101344445efd100200ae06b699b6998
:10f93a00214628469847c01b03e04ff0ff30704726
:06f94a000020bde8f08181
:020000040000fa
:020000040c02ec
:10f9500038b5446990f9083013f1020f2ad00546f2
:10f9600094f90030002b0edb637813f0010f1ad0ee
:10f9700063786ff300036370d4f8ec30db6ca1782c
:10f98000e06998470fe0d4f8ec30db6894f8ac10ed
:10f99000e069984723786ff3c7132370e378042254
:10f9a00062f30203e37095f908301bb96b680bb979
:06f9b00084f8c43038bdec
:020000040000fa
:020000040c02ec
:02f9b600704798
:020000040000fa
:020000040c02ec
:10f9b80070b501f0c3fc50b105460468c4eb0412ed
:10f9c800134b03eb820393f83430012b00d070bd46
:10f9d8000f4b03eb8206002386f834303046fdf7e0
:10f9e80004fd0028f3d02946304603f027ff3046af
:10f9f800fef7b3fb7068013870600020b0704ff0fc
:10fa0800ff332b616871012386f83430dfe700bfcc
:04fa1800f8200720ab
:020000040000fa
:020000040c02ec
:10fa1c00f0b5b0f90060b0f90250b0f90440b0f99b
:10fa2c000630b1f90000b04203dd3444241a24b28c
:10fa3c000646b1f904c0371900eb0c0e774502dd10
:10fa4c007446a41b24b2b1f90200a84203dd2b4476
:10fa5c001b1a1bb20546b1f90670e91800eb070c2e
:10fa6c00614502dd63465b1b1bb21680558094809a
:04fa7c00d380f0bd86
:020000040000fa
:020000040c02ec
:10fa800000b585b00f491048fff72cfa0f4b5a68a4
:10fa900001921a7c8df80820db68039301a90b20e2
:10faa000fdf79cfe04f012f8094b0a4a5a610a4a13
:10fab0009a610a4ada610a4b00221a7005b05df8b1
:10fac00004fb00bfc82407204060030cf85a030c55
:10fad00060170620455d030c335d030c215d030cac
:04fae000d425072002
:020000040000fa
:020000040c02ec
:10fae4002de9f84fddf83090ddf838a0886800285b
:10faf40026dd90460d461e460d9f4ff0000b06e096
:10fb04000bf1010b01360137ab685b4518dd6b68ff
:10fb1400002bf5dd0024324608eb0401284602f0f0
:10fb2400cff9297804f03aff53460246394609ebe7
:10fb3400040002f03bfb01346b68a342ebdcdfe71b
:04fb4400bde8f88f91
:020000040000fa
:020000040c02ec
:10fb480010b40368da6cb3f90c1011445962996c5b
:10fb5800b3f90e400c449c620468b4f916400c4496
:10fb68001c620068b0f914001044d861b3f9180099
:10fb7800824201d20132da64da6c904203d000206a
:10fb88005df8044b70470022da6401319964b3f9d7
:10fb98001a209142f3d30022c3f8ec200122c3f8c3
:04fba800f020ece776
:020000040000fa
:020000040c02ec
:10fbac004ff08c4301221a601a46d369002bfcd10a
:10fbbc004ff08c434ff480725a601a46d369002b75
:10fbcc00fcd14ff08c43ff22da600c4a1a601a46c3
:10fbdc00d369002bfcd14ff08c4310225a831a4668
:10fbec00d369002bfcd1064b002283f8212083f82b
:10fbfc0020204ff08c439b229a75704716041000fe
:04fc0c000c2307209e
:020000040000fa
:020000040c02ec
:10fc100041690a8b164b03ebc203da88013ada809a
:10fc2000d1f8e0301bb300b585b042680292019074
:10fc300090f90820d0b201280ad912f1030f12d08e
:10fc400012f1040f0cbf9f22a0228df80c2002e0bd
:10fc500000228df80c20d1f8e42001a9112098474a
:10fc600005b05df804fb9e228df80c20f3e7704789
:04fc70002c25072018
:020000040000fa
:020000040c02ec
:10fc740041690a8b164b03ebc2039a88013a9a80b6
:10fc8400d1f8e0301bb300b585b042680292019010
:10fc940090f90820d0b201280ad912f1030f12d02a
:10fca40012f1040f0cbf9f22a0228df80c2002e059
:10fcb40000228df80c20d1f8e42001a910209847e7
:10fcc40005b05df804fb9e228df80c20f3e7704725
:04fcd4002c250720b4
:020000040000fa
:020000040c02ec
:10fcd800f8b504460f4616461d462022002105f0b9
:10fce800e3ff06b3042f38bf04276660a760e76008
:10fcf800a561ddb1e56133460022114604e02960c3
:10fd080001326368934208d9013b9342f7d9e3680b
:10fd18002b442b60e3681d44f2e7266100206061f4
:10fd280001232370f8bd4ff0ff30fbe74ff0ff30a1
:02fd3800f8e7ea
:020000040000fa
:020000040c02ec
:02fd3a00704710
:020000040000fa
:020000040c02ec
:10fd3c00f0b585b00468d4f88c30e26fe16ee06dfc
:10fd4c0025682d7c0295dff844e0def818700e4d26
:10fd5c0085fb076cfe17c6eb6c164ff0640c0cfba6
:10fd6c0016760196def8147085fb0756fd17c5eb69
:10fd7c0066150cfb1575009502f02cfdc4f8980067
:10fd8c00002005b0f0bd00bf1f85eb51e02307201c
:020000040000fa
:020000040c02ec
:10fd9c00f0b58db0044606f07df918b305464368fe
:10fdac001bb3e368079367680597a66806962078e7
:10fdbc0006f002fa8df810002369089300220b92ca
:10fdcc00636909938df8282000920192029703969b
:10fddc006b68694604a89847003018bf0120404260
:10fdec000db0f0bd4ff0ff30fae74ff0ff30f7e702
:020000040000fa
:020000040c02ec
:10fdfc0070b58cb0044608aa0aa9fcf777fd636db0
:10fe0c000193bdf920300293bdf922300393a37ef8
:10fe1c008df810300b21e06a04f042f8064605908c
:10fe2c000a4b1b680693e56a0021284604f038f853
:10fe3c0002463146284602f0d9ff079001a8f5f793
:10fe4c0041fd2046fef7c8f90cb070bd982507207f
:020000040000fa
:020000040c02ec
:10fe5c0070b400eb4005144c04eb8504247af4b91f
:10fe6c00114c04eb850401252572104c85002e18cd
:10fe7c0004eb0616b166f266b26f92b242ea034226
:10fe8c00b267336d43f001033365736d13f47f0f69
:10fe9c0008d1336d43f480333365012000e000203a
:10feac0070bc70470120fbe7142407200000854438
:020000040000fa
:020000040c02ec
:10febc00144b01221a601a46d369002bfcd1114b4a
:10fecc004ff480725a601a46d369002bfcd10d4b4b
:10fedc00e822da600c4a1a601a46d369002bfcd16e
:10feec00084b10225a831a46d369002bfcd1074bbe
:10fefc00002283f8212083f82020024b9b229a7544
:10ff0c00704700bf004080451604100038230720be
:020000040000fa
:020000040c02ec
:10ff1c0038b521b318bb134c012384f828300b6877
:10ff2c0063604ff40072e260b1f90420228100207a
:10ff3c000021c4e906010025656284f820501b6885
:10ff4c0029460948984763685b689847a022294668
:10ff5c00064805f0a7fe02232370204638bd4ff05b
:10ff6c00ff30fbe7f0210720a9bb020c681f07201c
:020000040000fa
:020000040c02ec
:10ff7c007fb5c36800911546002b18bf013a01925a
:10ff8c0082680446cde902230e46022269460068c7
:10ff9c0004f04cf9002808dc00f0180383f0080288
:10ffac0063681343636005460fe0019a8242fad2fc
:10ffbc00a368e363801ae268184420642ab15a1ccf
:10ffcc00e2632e441b7806f8013c284604b070bd51
:020000040000fa
:020000040c02ec
:10ffdc0037b5154d2b68044673b105f055f80190f3
:10ffec0001a805f03bfd0f30019920f00f0005f042
:10fffc0063fc60b100232b60002c08bf01240f347c
:020000040c03eb
:10000c0034f00f0405d1094b0c221a60204603b0c2
:10001c0030bd042c38bf04242046fef719f8002804
:10002c00f5d040f8044cf2e724c30720ac25072098
:020000040000fa
:020000040c03eb
:10003c00431e13f1030f29d870b50546037873b12d
:10004c0081604260c46894f854304bb9c4f8fc0029
:10005c00012384f8563094f869300f2b08d870bd02
:10006c0094f869300f2bfad9d4f8fc50a842f6d189
:10007c000846012684f867606b68002208219847bf
:0e008c00002384f8663084f86760e8e7704768
:020000040000fa
:020000040c03eb
:02009a007047ad
:020000040000fa
:020000040c03eb
:10009c00154b9b682bb370b5134b1d68fdb11e46f9
:1000ac0006e0204604f02cfa70b1022814d0b5b149
:1000bc006c68f3681bb1204698470028f8d02d686f
:1000cc002378013b022becd921463046fff736fa58
:1000dc00204600f0b7feeae7034804f029f80020b8
:0c00ec0070bd0020704700bf702407208a
:020000040000fa
:020000040c03eb
:1000f8002de9f84305464ff0000818e02968c819ab
:1001080002463144fef7caff2146284604f0eefdb8
:10011800444601346b68a34208d92868e60081196f
:100128003844fdf7c5fd0128f3d1e7e7c8466b68f9
:10013800434508d908f101094b45f7d94feac907e2
:0c014800083f4c46e9e70020bde8f883c2
:020000040000fa
:020000040c03eb
:1001540010b50d4c0021206801f054fc206805f016
:1001640037fb00232360094a1360094a1360094ad4
:100174001360094a1360094a1360094a1360094a63
:100184001360094a137010bd70250720f01706206c
:1001940000180620f8170620e8170620fc1706208a
:0c01a400ec170620f4170620d6250720d3
:020000040000fa
:020000040c03eb
:1001b00090f8d631012b27d9f0b44fea530c00f256
:1001c000564400252e4600f5eb7724f81e6c668415
:1001d000a4f11e0307eb05111a8811f8010f024460
:1001e000520023f8022f91f82022d88f02445200a7
:1001f000a3f84020a342efd101352034ebb29c4557
:0c020000e3d80020f0bc704700207047dd
:020000040000fa
:020000040c03eb
:10020c0010b504460846214605f09cff94f855307d
:10021c00012b12d0012384f85430236f0bb12046ec
:10022c009847e36e1bb9e26d236e9a4212d0236d90
:10023c00d3f8dc302046984710bd94f85430022b8c
:10024c00efd0012384f85430236f002be9d02046e3
:0c025c009847e6e7238b002beed0e8e784
:020000040000fa
:020000040c03eb
:100268000e4a38b5002313600d4a0e4c13600e4a2f
:100278000e4d13600e4a13600e4a13600e4a536205
:1002880013610123936005f053fefff702ffac42b0
:1002980000d338bd54f8043b9847f8e7a825072051
:1002a8006c2007200c00000c682007201000000cb0
:0c02b80060200720642007207020072031
:020000040000fa
:020000040c03eb
:1002c40038b50d46044608b9002038bd43689b067e
:1002d40007d5d0e905239a4216d80023c4e905338b
:1002e400a362d4e90f13994204d20122c91a2068e7
:1002f40006f04af80023c4e90f33002de4d0206847
:10030400bde8384005f0d9bf0022c36a11469847ba
:0c0314006369002be1d14ff0ff30d6e709
:020000040000fa
:020000040c03eb
:1003200043684bb382688a4226d070b48b420fd99f
:100330004c1ce4000368013123441a4652f8086952
:100340005d6843f8086c5560083443689942f1d3fe
:100350000139cc000268002322f8313002682244bf
:10036000538002682244938002682244d380436809
:0a037000013b436070bc704770470a
:020000040000fa
:020000040c03eb
:02037a007047ca
:020000040000fa
:020000040c03eb
:10037c0038b505780a2d0fd01c4603f081ff104bc1
:10038c0003eb45135a68d208013a0e4b53f822304e
:10039c0021469847002038bd446804fb0212d44320
:1003ac0004f00704d2084569012101fa04f0a95ca4
:1003bc0021ea000103fa04f40c43ac54eae700bf51
:0803cc009479020ce0c2072045
:020000040000fa
:020000040c03eb
:1003d40038b32de9f0410546002712e021462846ae
:1003e40004f086fc3c4601346b68a34208d92868b3
:1003f40000ebc401304402f04df80128f3d1ede7dd
:1004040047466b685a1eba4208d907f101084345aa
:10041400f6d94feac806083e4446e8e70020bde89e
:08042400f0814ff0ff3070473a
:020000040000fa
:020000040c03eb
:10042c0008b505f0b5fd012806d0114b1b68002b53
:10043c0003da104b1b68bbb108bd0e4b1b6853b1e4
:10044c000b4b1b686bb10a4b19680a4a11604ff0d1
:10045c00ff321a60ede7fff777fe064b00221a60b9
:10046c00eee7f1f795ffeee704f06effe4e700bf6f
:08047c00682507206c2507200c
:020000040000fa
:020000040c03eb
:1004840038b5144b1b7a03b3124c0025d4f8f03062
:10049400bbb9d4f8ec3004eb8303d3f8ac00436865
:1004a4009847b0f1ff3f13d0d4f8ec20531c04eb71
:1004b4008202d2f8b020002a08bf2b46c4f8ec30e0
:1004c400e4e702f023fd002038bd4ff0ff30fbe7e6
:0804d4000020f9e7001c0720dd
:020000040000fa
:020000040c03eb
:1004dc0010b4447804f0fc04dc2c0cd001291ed997
:1004ec00022119604178037803eb0123136000208b
:1004fc005df8044b704703290ed904211960037869
:10050c00417841ea03238478c17841ea042101eb64
:10051c008321044b0b44e9e74ff0ff30e8e74ff041
:08052c00ff30e5e70024a0fc0c
:020000040000fa
:020000040c03eb
:1005340038b5436d8b4221d00d4604466bb104f0af
:1005440042f8606d03681b6e002211469847606d87
:1005540003685b6e00221146984765655db12b68a0
:100564001b6e2246064928469847606d03685b6ef9
:10057400224604499847204604f025f8002038bd57
:080584007961030c6f61030ca7
:020000040000fa
:020000040c03eb
:10058c0038b5054605f044fd85421dd005f046fd05
:10059c0085421dd0286c18b103685b6f29469847bb
:1005ac00ab6c63b16b6c1c682368d3f810312046bc
:1005bc009847204600f046fcab6c002bf2d105f1bd
:1005cc00440004f0bcfd38bd002000f027ffdde73f
:0805dc00002000f049ffdde7fb
:020000040000fa
:020000040c03eb
:1005e40009b370b50c464b6913f0080f1ed11646bb
:1005f40005460146204604f0abfc012819d0206cc6
:1006040018b103685b6f214698472246314605f1cd
:10061400440000f020fe25642368d3f8dc30204633
:100624009847002070bd4ff0ff3070474ff0ff3007
:08063400f8e74ff0ff30f5e795
:020000040000fa
:020000040c03eb
:10063c00f0b583b0089e002e18bf00291dd0e0b184
:10064c001d4614460a884ff6ff739a420bd0036876
:10065c00b3b947680a690196009523463a44f4f702
:10066c005ffc03b0f0bdff23009333680a462946b4
:10067c002046fbf794ff0020f3e74ff0ff30f0e744
:06068c004ff0ff30ede726
:020000040000fa
:020000040c03eb
:10069200f8b507460c4605f060fa3d4626460fcef1
:1006a2000fc596e80f0085e80f00a368cbb14ff4a1
:1006b200806004f0fefbb86070b1e068800011d089
:1006c2000023a268d15cba68d1540133e268b3eb6b
:1006d200820ff6d1002005e0e068002818bf532001
:0606e20000e00020f8bd5d
:020000040000fa
:020000040c03eb
:1006e800f0b587b004460d4616461f4602a804f02a
:1006f8008ffebdf90830e41abdf90a30ed1aadf8dd
:100708001040adf81250adf81460adf81670ff2225
:100718000c9904a8f9f706ff10b9002007b0f0bd3e
:1007280004f028f90c9b0193009733462a4621468a
:0607380000f041fdf1e7b5
:020000040000fa
:020000040c03eb
:02073e00704702
:020000040000fa
:020000040c03eb
:1007400038b50378ebb190f90130022b19d104468a
:10075000826a9169c1f30723c3eb03130c4800ebd2
:100760008300cdb205eb4503c56905ebc3052b69d5
:10077000994207d0204605f0affa29462046fbf7fc
:10078000b7fd38bd2946204601f0d2f8f5e700bf95
:04079000f820072026
:020000040000fa
:020000040c03eb
:1007940028b310b582b00446d0f88030ebb1b0f87d
:1007a400c8320f4a13701b0a537000f16803009398
:1007b40002234a21406904f0d5fe04f11802002303
:1007c400a3615360137204f16c03009309234a215b
:1007d400606904f03ffd0c23637002b010bd7047e4
:0407e400ec1a0720e4
:020000040000fa
:020000040c03eb
:1007e800f8b5e8b10368d3f8843098470646c8b12d
:1007f8000f4bd3f8e832bbb100240d4d05f538771f
:100808002146384604f0acfc864207d00134d5f8be
:10081800e832a342f4d84ff0ff3000e02046f8bd9c
:100828000020fce70020fae74ff0ff30f7e700bfb1
:04083800a8160720d7
:020000040000fa
:020000040c03eb
:10083c0070b584b000b3f9b11d4614460a884ff662
:10084c00ff739a420ed00368cbb946680a69099bbc
:10085c000293089b0193009523463244faf74af819
:10086c0004b070bd099b0093089b0a46294620469c
:10087c00fbf795fe0020f3e74ff0ff30f0e74ff069
:04088c00ff30ede765
:020000040000fa
:020000040c03eb
:1008900038b5134b1b7af3b1114c0025d4f8c43092
:1008a000abb9d4f8c030203354f8230043689847dc
:1008b000b0f1ff3f12d0d4f8c020531c213254f8bd
:1008c0002220002a08bf2b46c4f8c030e6e702f019
:1008d000cbfa002038bd4ff0ff30fbe70020f9e7ee
:0408e000e01d0720f0
:020000040000fa
:020000040c03eb
:1008e40008b52c2200210b4805f0e0f90a480b4b0f
:1008f40003600b4b43600b4b83600023c3600361b5
:1009040043618361c361084b0362084b4362084b34
:10091400836208bde01d0720602207205960030c94
:10092400f1a9020cc59a020c9108030c6560030c32
:04093400692e030c19
:020000040000fa
:020000040c03eb
:1009380038b504460d46806d50b103681b6e002221
:1009480011469847a06d03685b6e002211469847d0
:10095800a5655db12b681b6e224608492846984755
:10096800a06d03685b6e224605499847236dd3f84e
:10097800dc3020469847002038bd00bf6561030c75
:040988005b61030ca0
:020000040000fa
:020000040c03eb
:10098c00f9b138b50c464b6913f0080f1cd105466c
:10099c000146204604f0d8fa012818d0206c18b172
:1009ac0003685b6f21469847214605f1440002f02d
:1009bc0067fc25642368d3f8dc3020469847002078
:1009cc0038bd4ff0ff3070474ff0ff30f8e74ff075
:0409dc00ff30f5e70c
:020000040000fa
:020000040c03eb
:1009e00070b582b0002b08bf00281bd00646cab1e4
:1009f0001d4610460c460e4bd9684ff47a72002300
:100a0000a1fb000103f09af9009523463246014606
:100a10000020fbf71dfd0446b0f1ff3f04d001f0bc
:100a200093fc01e04ff0ff34204602b070bd00bfe0
:040a3000f02107208a
:020000040000fa
:020000040c03eb
:100a3400fdeec07ab5eec00af1ee10fa11d4f8ee6c
:100a4400e77a30ee670ab6ee007ab4eec70af1ee42
:100a540010fa03d5b7ee007a77eec77ab0ee670adc
:100a64007047f8eee77a30ee670ab6ee007ab4ee35
:100a7400c70af1ee10faf1d4b7ee007a77ee877a6e
:020a8400ece79d
:020000040000fa
:020000040c03eb
:100a8600002a18bf002921d030b583b00c46154680
:100a9600b0b10023adf80030adf802304368adf8d0
:100aa60004308368adf80630684600f0def850b1d1
:100ab6002a4621466846fef7aeff002003b030bd49
:100ac6004ff0ff30fae74ff0ff30f7e74ff0ff3017
:020ad600704767
:020000040000fa
:020000040c03eb
:100ad80030b585b004460d4603685b6e02a9984799
:100ae800246cc4b123681b6e69462046984702aa45
:100af80069461046fef78effbdf808306289134438
:100b0800adf80830bdf80a30a2891344adf80a30b0
:100b1800246c002ce6d102ab03cb2860696005b0d9
:020b280030bdde
:020000040000fa
:020000040c03eb
:100b2a002de9f0410546fcf76cff002712e021464b
:100b3a00284604f0daf83c4601346b68a34208d927
:100b4a00286800ebc401304400f065f80128f3d1ad
:100b5a00ede747466b68bb4208d907f101084345f0
:100b6a00f7d94feac806083e4446e9e70020bde83f
:020b7a00f08108
:020000040000fa
:020000040c03eb
:100b7c0030b587b0054605f017fb0468c4b1ab6906
:100b8c00b3f1ff3f16d0009305f00efb43680193c1
:100b9c006946204602f0d5f8b0f1ff3f0dd069460a
:100bac00204601f021fbb0f1ff3f08d0059802e090
:100bbc00002000e0002007b030bd0020fbe7002043
:020bcc00f9e747
:020000040000fa
:020000040c03eb
:100bd000104b1b6803b1704710b500220e49104638
:100be00004f06efc04f00efe0c4c0221204602f0d4
:100bf000a7fa02234ff0c04221460020fff72ef94a
:100c00004ff47f325521204605f052f8014b012266
:100c10001a6010bd4c2507201555020c401b022000
:020000040000fa
:020000040c03eb
:100c2000b0f90030b1f90020934219dc10b4b1f9e9
:100c300004402244b0f9044023449a4212dcb0f943
:100c40000220b1f90240a24210dcb1f9063023447f
:100c5000b0f9060010448342ccbf0020012002e01e
:100c60000020704700205df8044b70470020fae731
:020000040000fa
:020000040c03eb
:100c700010b4b1f90020b0f90040b1f904301344c8
:100c8000a34217ddb0f904301c44a24216dab1f9d0
:100c90000230b0f90240b1f906201a44a24201dc48
:100ca000002008e0b0f9060020448342acbf0020d9
:100cb000012000e000205df8044b70470020fae7b7
:020000040000fa
:020000040c03eb
:100cc000104b1b68a3b1104bd3f8e832834212d902
:100cd00010b50c4601460d4804f046fa90f8503025
:100ce000a3420bd080f8504002f026fc002010bd3b
:100cf0004ff0ff3070474ff0ff3070474ff0ff303c
:100d0000f5e700bf64250720a816072088190720eb
:020000040000fa
:020000040c03eb
:100d1000f8b5064600252f46284607e0d6f8d8370e
:100d20001f44b85c1be00135102d17d0400084b281
:100d30003046faf752fd204480b2d6f8d4375b5dd6
:100d4000002bf0d0d6f8dc2732f81520821a92b2a8
:100d50009bb29342e2d83b449fb2e4e70020f8bd47
:020000040000fa
:020000040c03eb
:100d6000f0b4049c002a18bf00291cd00e4615467a
:100d7000c8b14460059a026005fb01f75a010b49ae
:100d8000895801fb07f18160002202734661856189
:100d9000016203744462c761c26202634263826398
:100da0001046f0bc70474ff0ff30fae79479020c20
:020000040000fa
:020000040c03eb
:100db000494441540000000049454e4400000000f1
:100dc000504c54450000000074524e530000000087
:100dd000624b474400000000744558740000000056
:100de0007a545874000000006954587400000000e0
:100df00074494d450000000070485973000000bf61
:020000040000fa
:020000040c03eb
:100e000070b582b0114c2568d5f8943005eb031508
:100e1000217fa86d05f028f8002323616361234634
:100e200053f8102b1268d169566a04f1140200922b
:100e300002463046fcf7fefb23681b681a7c01461d
:100e4000a86d05f009f8e86502b070bdc023072061
:020000040000fa
:020000040c03eb
:100e500000b338b50446104805f060fa204602f0a9
:100e60008ff8b0f1ff3f09d021460c4b03eb401047
:100e700005f0a2f8084805f051fa38bd064d28469d
:100e800005f04cfa21462846fdf763f8284605f0a0
:100e900045faf2e7704700bf8c230720f41c0720b7
:020000040000fa
:020000040c03eb
:100ea00010b586b004460023adf80830adf80a301e
:100eb000436d5a69adf80c209b69adf80e3004a95a
:100ec000fef76efa04a9204604f030f9074b1b68c0
:100ed0000093bdf91230bdf9102002a9606dfdf735
:100ee000abfb2046fdf75cfc06b010bd9425072047
:020000040000fa
:020000040c03eb
:100ef0002de9f04184b00446884603689b6e02a940
:100f000098470221e06a02f0d1ff05460221e06a1b
:100f100002f0ccff06460421e06a02f0c7ff074654
:100f20000321e06a02f0c2ffcdf8048000903b4646
:100f30003246294602a8f9f775fb04b0bde8f081f6
:020000040000fa
:020000040c03eb
:100f40002de9f04184b00446884603689b6e02a9ef
:100f500098470421e06a02f0a9ff05460321e06af0
:100f600002f0a4ff06460221e06a02f09fff074656
:100f70000221e06a02f09affcdf8048000903b461f
:100f80003246294602a8f9f74dfb04b0bde8f081ce
:020000040000fa
:020000040c03eb
:100f9000124b01221a801a46136913f0010ffbd17c
:100fa0000e4b48f280121a801a46136913f4004f50
:100fb000fbd10a4b01221a621a46136913f0200f63
:100fc000fbd1064b00225a621a46136913f0400ff8
:100fd000fbd1024b4ff480725a81704700200744c6
:020000040000fa
:020000040c03eb
:100fe00010b370b506460d4602f078fed5b1002468
:100ff0000e4a137e13f0040ffbd0538b13f0070f30
:101000000bd1536803f00703012b936a14bf3355c8
:1010100026f814300134a542ebd1a54214bf0020bc
:10102000012070bd2c46f8e70020704700400046c4
:020000040000fa
:020000040c03eb
:10103000114b01221a601a46936813f0010ffbd17d
:101040000d4b4ff480521a6000225a6158690b49c7
:10105000014359610221d9635a649a64da641a65ba
:101060005a659a65da651a6601221a641a46936807
:10107000002bfcd1704700bf00000145000f40402d
:020000040000fa
:020000040c03eb
:10108000114b01221a601a46936813f0010ffbd12d
:101090000d4b4ff480521a6000225a6158690b4977
:1010a000014359610221d9630c2159649a64da64bd
:1010b0001a655a659a65da651a6618221a641a461c
:1010c0009368002bfcd1704700200145000e404082
:020000040000fa
:020000040c03eb
:1010d00009b330b583b00c46d0b1104bd9680025a8
:1010e0004ff47a720023a1fb000102f027fe009565
:1010f0002b462a4601462846fbf7aaf92060b0f1a4
:10110000ff3f01d1012004e001f01ef9284600e074
:10111000012003b030bd0120704700bff02107203f
:020000040000fa
:020000040c03eb
:101120002de9f0410678c6f3420690f8ad80078ab3
:101130004569dfb11035002405e00134e4b2103513
:10114000a3b2bb4212d215f8103c1e42f5d015f8de
:101150000f3c4345f1d155f8043c002bedd05b68c2
:10116000002bead035f80c0c9847e6e7bde8f08193
:020000040000fa
:020000040c03eb
:10117000036823f002030360c36913f0020ffbd17d
:10118000036843f400730360036823f4807303600f
:10119000036843f002030360c36913f0020ffbd13d
:1011a000836913f0020ffbd0836913f0010ffbd0aa
:0e11b00041f22452835843f0020383507047eb
:020000040000fa
:020000040c03eb
:1011be0010b586b0adf81010adf81220adf81430a1
:1011ce00089badf81630b8b1044602aa04a9fff781
:1011de0053fcb0f1ff3f0dd0099b0193bdf90e30ca
:1011ee000093bdf90c30bdf90a20bdf90810204658
:0e11fe00fbf723fc06b010bd4ff0ff30fae700
:020000040000fa
:020000040c03eb
:10120c0020b330b583b00546f1b10c460b8842894a
:10121c0013440b804b88828913444b806a4600f13f
:10122c000a012046fef7f4fbbdf800306a899b1ad0
:10123c00adf80030bdf80230aa899b1aadf8023027
:0e124c006b4603cb2060616003b030bd70477d
:020000040000fa
:020000040c03eb
:10125a00f8b170b504464368f2b18b421cd3164606
:10126a000d460bd081688b420cd02946204600f0ef
:10127a0022f9236843f82560002070bd114602f068
:10128a0000f8fae7053101f0e4fab0f1ff3fecd1da
:0e129a00f3e74ff0ff3070474ff0ff30ede705
:020000040000fa
:020000040c03eb
:1012a80030b4054643698b420fd873b1002003e080
:1012b8009b6899420ad34bb18342f9d9d41a18bf13
:1012c8000124002c18bf1846f2e70020ab6963b16f
:1012d800994201d29a4205d19b6833b19942fbd217
:0e12e8009a42f9d0984228bf184630bc704791
:020000040000fa
:020000040c03eb
:1012f60070b5044603689b6b9847f0b1ff21207fc9
:1013060002f0bbfd0546246c94b1ff2623689b6b57
:101316002046984701280bd13146207f02f0adfdcb
:101326000146284600f049fb0546246c002cedd109
:0e1336002946ff2000f041fb70bdff20fce7c0
:020000040000fa
:020000040c03eb
:10134400431e13f1030f16d810f47f4f15d1c3b207
:101354000d4a9268934212d203eb43020a4bdb69b3
:1013640003ebc2031a6982420bd15a79002a08bfdf
:101374000023184670470023fbe70023f9e7002306
:0c138400f7e70023f5e700bff820072082
:020000040000fa
:020000040c03eb
:101390002de9f04105460e461746090e000e02f0f3
:1013a000b5fa04463a46c6f30741c5f3074002f0d2
:1013b000adfa000440ea04643a46c6f30721c5f3d7
:1013c000072002f0a3fa80463a46f1b2e8b202f0f2
:0c13d0009dfa204340ea0820bde8f081af
:020000040000fa
:020000040c03eb
:1013dc002de9f04105460e461746090e000e02f0a7
:1013ec008ffa04463a46c6f30741c5f3074002f0ac
:1013fc0087fa000440ea04643a46c6f30721c5f3b1
:10140c00072002f07dfa80463a46f1b2e8b202f0cb
:0c141c0077fa204340ea0820bde8f08188
:020000040000fa
:020000040c03eb
:10142800114bd3f8d43283421cd010b582b0044695
:1014380043b168228df804201a68d2f8142101a952
:1014480018469047084bc3f8d44244b167238df837
:1014580004302368d3f8143101a9204698470020a6
:0c14680002b010bd00207047a81607203d
:020000040000fa
:020000040c03eb
:10147400114bd3f8d83283421ad010b5044623b1a5
:101484001a6dd2f83821184690470b4bc3f8d8424e
:1014940084b1236dd3f8343120469847b0f1ff3f2f
:1014a40001d0002010bd044b0022c3f8d822f9e774
:0c14b400002070470020f5e7a816072074
:020000040000fa
:020000040c03eb
:1014c0004368fbb1f0b48268934201d201334360b8
:1014d00047687e1e8e420fd90b4b3b449b00324621
:1014e00000e022460468e55844f82250541e043bac
:1014f000a142f6d11644f61b0368002243f82620c9
:0c150000f0bc7047704700bffeffff3fcb
:020000040000fa
:020000040c03eb
:10150c00100000001100000012000000000000009c
:10151c0008000000070000000900000006000000a1
:10152c000a000000050000000b0000000400000091
:10153c000c000000030000000d0000000200000081
:0c154c000e000000010000000f00000075
:020000040000fa
:020000040c03eb
:101558000368d3f8982012f07f4f05d14ff0ff327f
:10156800c3f8ec200020704710b504460a4b1b68ee
:10157800196ad86902f032fe236802460621587ab1
:1015880003f09efe24680146d4f89800f9f774fc2d
:0c159800c4f89800002010bd802407203b
:020000040000fa
:020000040c03eb
:1015a40008b50268936bb3b1197c437a994212d09f
:1015b4000c4b00221a605a609a60da600268936bde
:1015c40073b11b7c07490b730860074b4b6002f037
:1015d40018fa002008bd127c437a9a42e8d1f8e751
:0c15e400137cefe760240720b54d030cda
:020000040000fa
:020000040c03eb
:1015f00070b582b0104d2c68d4f8943004eb03140d
:10160000297fa06d04f030fc2b4653f8102b126894
:10161000d169566a05f11402009202463046fcf781
:1016200009f82b681b681a7c0146a06d04f014fcb5
:0c163000e06502b070bd00bfc0230720c1
:020000040000fa
:020000040c03eb
:10163c00f8b54368f3b103681d68ab7f022b17d074
:10164c0006460024274609e001347368a3420ed9ec
:10165c00336853f82450ab7f022b09d0012bf3d104
:10166c0005f14400fff7e4ff30b9af77ece7002554
:0c167c002846f8bd0025fbe70546f9e70d
:020000040000fa
:020000040c03eb
:10168800114b00229a61da614ff08c439b221a7643
:101698005a6822f480225a601a46d369002bfcd17a
:1016a80069b1094b032283f8202041ea40014ff039
:1016b8008c4359621a46d369002bfcd17047024b00
:0c16c800042283f82020f0e70c23072008
:020000040000fa
:020000040c03eb
:1016d400104b00229a61da610f4b9b221a765a68ea
:1016e40022f480225a601a46d369002bfcd161b1de
:1016f400084b032283f8202041ea4001064b59623b
:101704001a46d369002bfcd17047024b042283f89c
:0c1714002020f1e738230720004080452a
:020000040000fa
:020000040c03eb
:10172000104b01221a601a46936813f0010ffbd187
:101730000c4b4ff480521a6000225a6158690a49d2
:10174000014359610221d9635a649a64da641a65c3
:101750005a659a6501221a641a469368002bfcd1d7
:0c176000704700bf004081460007404079
:020000040000fa
:020000040c03eb
:10176c00114b5a6a0ab1824203d11346002205e09a
:10177c001a469369002b18bf9842f9d19bb110b44b
:10178c0083691bb1846899682144996032b183697b
:10179c009361002383615df8044b7047024b5a6ad6
:0c17ac0092695a62f5e77047f0210720af
:020000040000fa
:020000040c03eb
:1017b80038b5044608461546214600f090f8c0b1f1
:1017c800c36883b19b6843b1c4f8d8308088a4f853
:1017d800d0002a460e21984738bd2a460e212046b9
:1017e80002f03cfcf8e72a460e21204602f036fcbf
:0c17f800f2e70121204600f0c5fdede7fe
:020000040000fa
:020000040c03eb
:10180400022a70b5044616461d461ad043689b0644
:1018140017d441b9002d08bf4ff4806505f10800c5
:10182400fef7dafb01466368012e43f02003636090
:10183400c4e9021514bfff230a2384f83430024b91
:0c184400e362002070bd00bf7fe9020cd1
:020000040000fa
:020000040c03eb
:1018500010b50f4c236863b1002813da0d4b2268d2
:101860001b68d21a43429a4208db22681044206067
:1018700006e002f07bfa2368002bedd14ff0ff3237
:10188000104610bd044b1a682368d21a8242ebe757
:0c189000202507202825072024250720fc
:020000040000fa
:020000040c03eb
:10189c00f8b505460e461746c1f3c421c0f3c42063
:1018ac0002f02ef804463a46c6f38411c5f38410b0
:1018bc0002f026f8800140eac4243a46c6f34401fb
:1018cc00c5f3440002f01cf844ea4000354315f01f
:0a18dc00010f18bf40f00100f8bd35
:020000040000fa
:020000040c03eb
:1018e600f0b40d8a4a690c78c4f3420491f8ad60ed
:1018f600cdb1002305e010320133dbb299b2a94223
:101906000dd211780c42f6d05178b142f3d19178cc
:101916008142f0d8d77839448842ecda00e00022d8
:0a1926001046f0bc70470022fae7fb
:020000040000fa
:020000040c03eb
:10193000f8b504460e461546c3681b69984785f8f6
:10194000240095f82430dbb2002b0cbf01274ff0a8
:10195000ff376f752d6a204604f0bef9b36853b1a6
:10196000236b01332363b368f268294638469847ee
:08197000236b013b2363f8bd6a
:020000040000fa
:020000040c03eb
:1019780008b503f0b3fcb0f5877f0adcb4280edca9
:101988005a2812ddc0f1b4000a4b33f91000404266
:1019980004e0c0f5b470074b33f9100008bdb43843
:1019a800044b33f910004042f8e7024b33f91000ba
:0819b800f4e700bf5cbf020c64
:020000040000fa
:020000040c03eb
:1019c00010b401fb00f3642000fb03f00c4ca4fbfb
:1019d0000020400b4ff47a7202fb03f3a4fb0323b5
:1019e0005b0b084aa2fb0312d20802eb8202a3ebb4
:1019f0004203042bc8bf01305df8044b704700bfa1
:081a00005917b7d1cdccccccb5
:020000040000fa
:020000040c03eb
:101a080030b583b0c0b104460d466b46024652f865
:101a18000a0f516803c329460a4803f0a1fb03686b
:101a28005b6f21469847044648b929466846fdf742
:101a3800fff8204603b030bd4ff0ff34f9e74ff010
:081a4800ff34f6e788190720be
:020000040000fa
:020000040c03eb
:101a5000f8b170b50446c9b10d46816843688b4240
:101a60000dd06268236803ebc2012e68686843f8f2
:101a700032604860636801336360002070bd0531e7
:101a800000f0a8fab0f1ff3febd1f7e74ff0ff30dd
:081a9000f4e74ff0ff3070474e
:020000040000fa
:020000040c03eb
:101a980038b505460c46084603f0f8fe042819d167
:101aa8002a7923789a4202d00020c0b213e06a79da
:101ab80063789a4201d00020f7e7aa79a3789a427e
:101ac80001d00020f1e7e879e378984214bf0020bc
:081ad8000120eae7002038bdff
:020000040000fa
:020000040c03eb
:101ae00010b504460c3003f009fe0023a360236008
:101af0006360e362a36363632363e36323646364f8
:101b0000a364e36423656365a365e365a367c4f821
:101b10008830c4f88c30c4f89030c4f89430c4f8dd
:081b20009830c4f89c3010bda0
:020000040000fa
:020000040c03eb
:101b2800036893f898202ab94ff0ff32c3f8ec20e5
:101b38000020704710b504460a4b1b68196ad8691b
:101b480002f04cfb236802460521587a03f0b8fbe3
:101b580024680146d4f89800f9f71cf9c4f89800ed
:081b6800002010bd80240720bd
:020000040000fa
:020000040c03eb
:101b700038b502680023c2f894300268c2f8943085
:101b80000368d3f89420d3f890309a4210d20446d8
:101b9000084deb6898472268d2f894300133c2f8b8
:101ba00094302368d3f89420d3f890309a42f0d33d
:081bb000002038bdc02307200e
:020000040000fa
:020000040c03eb
:101bb80070b584b006460c46154603f0d7fd0128db
:101bc80017d002a9304604f05bf92a46ff2100200d
:101bd80004f0cbf901900094bdf90e30bdf90c204a
:101be800bdf90a10bdf9080003f004fc002004b098
:081bf80070bd4ff0ff30fae769
:020000040000fa
:020000040c03eb
:101c000010b50446037e012b03d02046fbf7fef8f7
:101c100010bd90f8543053b10821c06a02f046f963
:101c2000084b1a680146204601f081fbede70021d0
:101c3000c06a02f03bf9034b1a680146204601f0e6
:081c400076fbe2e79025072086
:020000040000fa
:020000040c03eb
:101c48000d4b00221a605a601a72da601a611a750e
:101c58000a4b0b4a5a6502229a67082119660948f5
:101c6800c3f8a400cc20c3f8a8000120c3f8c8001a
:101c7800c3f8b0101a607047142407200000854488
:081c88001401190030000100f5
:020000040000fa
:020000040c03eb
:101c9000104b002283f8212083f820204ff08c4243
:101ca000136823f002031360d369002bfcd14ff0bb
:101cb0008c42136843f002031360d369002bfcd1fc
:101cc0004ff08c4310225a831a46d369002bfcd163
:081cd000704700bf0c23072040
:020000040000fa
:020000040c03eb
:101cd80070b40f4b1b78cbb10d4b5b7823b14ff031
:101ce800ff35284670bc704701250a4b342606fb91
:101cf800053604460fcc0fc60fcc0fc60fcc0fc647
:101d080023683360024b01225a55eae70025ece7c5
:081d1800d41a06206c18062005
:020000040000fa
:020000040c03eb
:101d200070b4012a16d0022a0cbf0324012404ea4d
:101d300001064ff0ff35954023ea0503a41b02fb83
:101d400004f403fa04f43eb901fb02f1c908445457
:101d500070bc70470724eae701fb02f1c908435c45
:061d60001c434454f4e7ab
:020000040000fa
:020000040c03eb
:101d660010b584b00446806d18b103681b6a9847a5
:101d760088b194f8543093b1e36d53b102aa694621
:101d86002046f9f7ecfd236dd3f82c316946204641
:101d9600984704b010bd204603f010fae9e7236e19
:061da600002bebd1f5e774
:020000040000fa
:020000040c03eb
:101dac00b0f90a308b421cd030b583b00d460446d6
:101dbc0003689b6e694698472368d3f82c316946b3
:101dcc0020469847658123689b6e69462046984754
:101ddc002368d3f82c31694620469847002003b07d
:061dec0030bd002070472d
:020000040000fa
:020000040c03eb
:101df200b0f90c308b421cd030b583b00d4604468e
:101e020003689b6e694698472368d3f82c3169466c
:101e120020469847a58123689b6e694620469847cd
:101e22002368d3f82c31694620469847002003b036
:061e320030bd00207047e6
:020000040000fa
:020000040c03eb
:101e380038b5049c90f820508d420dd080f82010c1
:101e480080f8212080f8223080f823400368d3f8f6
:101e5800dc309847002038bd90f821509542edd1ec
:101e680090f822509d42e9d190f82350a542e5d13f
:061e78004ff0ff30efe720
:020000040000fa
:020000040c03eb
:101e800008b503f02ffab0f5877f0adcb4280fdc21
:101e90005a28ccbf5a38c0f15a00094b33f9100008
:101ea00008bda0f58770064b33f910004042f7e7f4
:101eb000c0f58770024b33f910004042f0e700bfd5
:041ec0005cbf020cf5
:020000040000fa
:020000040c03eb
:101ec40010b504780a2c0ad000f0dafd64010b4b3b
:101ed4001b59013b0a4a52f82330984710bd436806
:101ee40003fb0211cb4303f00703ca084169885c72
:101ef40001229a401040d840f0e700bf9479020cc8
:041f0400d0c2072020
:020000040000fa
:020000040c03eb
:101f080070b5054604f086f8b8b1064604f042f804
:101f1800044610b10124204670bd094aeb68d16916
:101f28005b1aeb602b69126a9b1a2b613368d3f832
:101f38001431294630469847ede70024ebe700bf07
:041f4800dc2a062069
:020000040000fa
:020000040c03eb
:101f4c0070b5054604f064f8b8b1064604f020f804
:101f5c00044610b10124204670bd094a6b69d16951
:101f6c005b1a6b61ab69126a9b1aab613368d3f86d
:101f7c001431294630469847ede70024ebe700bfc3
:041f8c00dc2a062025
:020000040000fa
:020000040c03eb
:101f9000b0b170b505460d4bd3f8e8328b4212d97b
:101fa0000c460b4803f0e0f80646214605f10a000e
:101fb000fcf742fe3368db6e29463046984770bd19
:101fc0004ff0ff3070474ff0ff30f8e7a8160720ba
:041fd0008819072045
:020000040000fa
:020000040c03eb
:101fd400c0b138b5044683688b4216d00d46c9009b
:101fe4000068f5f7bbfa206030b1a5606368ab42c6
:101ff4000ed36560002038bd00236360a3604ff0fa
:10200400ff30f8e74ff0ff3070474ff0ff30f2e752
:042014000020f0e7d1
:020000040000fa
:020000040c03eb
:10201800e8b138b50546b9b10c464168a3688b42aa
:1020280004d36a68626042b9002038bd2046fff7d1
:10203800cdffb0f1ff3ff4d1f7e7d200296820685f
:1020480003f080fa0020f0e74ff0ff30ede74ff0a3
:04205800ff3070479e
:020000040000fa
:020000040c03eb
:10205c002de9f0410646884617461c46069dab42c4
:10206c000adbbde8f081079a394604eb080001f061
:10207c0087fd0134a542f4d0e210634204f007015d
:10208c0003f0070358bf594280230b41b25c1a423c
:04209c00efd0e8e7b2
:020000040000fa
:020000040c03eb
:1020a00009480a4b03600a4b436000238360094ad6
:1020b000c260036143618361c361074b0362074be5
:1020c0004362074b83627047a0220720495b030ce1
:1020d0006585020c71cd020c1563030c1963030caa
:0420e0006797020cf0
:020000040000fa
:020000040c03eb
:1020e40070b506460d4c0025a560e5602561656167
:1020f400a56120600a4b63600368c16a586903f0f4
:102104003dffe0603368316b986903f037ff20616d
:102114002146304601f075fc284670bde0230720b7
:04212400cdab020c31
:020000040000fa
:020000040c03eb
:1021280002684ab110b40c468a420ad8936873b15f
:102138009c4210d31a46f9e7016000238b604b607c
:1021480070478a6000234b605160016007e04a6075
:1021580091608b6003e04a6091608b6059605df824
:04216800044b70476d
:020000040000fa
:020000040c03eb
:10216c00f8b50c468e6826b10b681033ca18964227
:10217c0001d02046f8bd35681d4400f118073846db
:10218c0002f0fbff3146384602f0f7ff0022626096
:10219c00a260e26025600123237321463846fff7d5
:0421ac00bdffe6e7a6
:020000040000fa
:020000040c03eb
:1021b0002de9f04182b004460d4690461f4602f0dc
:1021c00099fe012810d0684603f026f9bdf90210e7
:1021d000bdf90000064b5e683b464246691a201a6c
:1021e000b04702b0bde8f0814ff0ff30f9e700bf23
:0421f000b0230720f1
:020000040000fa
:020000040c03eb
:1021f400f0b585b0002302934b610a69c2b10c4665
:1022040006461d4602afe168009703ab2944307dc2
:1022140003f00ef9b0f1ff3f08d0029b1d4463693f
:10222400013363612269aa42edd8002005b0f0bdf4
:042234000020fbe7a4
:020000040000fa
:020000040c03eb
:1022380010b50446fdf7e6f80d4b2360236501222f
:1022480022726423e38119232382002384f8543003
:1022580084f8553002216176a36584f864300a2138
:10226800a166e266e36523662367636710bd00bf66
:042278006c72020c76
:020000040000fa
:020000040c03eb
:10227c00836cdbb170b50546436c1868814217d08e
:10228c000e4600240368d3f898303146984701284d
:10229c000bd00134ab6ca34206d96b6c53f8240001
:1022ac00b042efd1012000e0002070bd002070474b
:0422bc000120fae71c
:020000040000fa
:020000040c03eb
:1022c000d0b110b40446c9b1084421460c4a644256
:1022d000137e13f0010ffbd0536803f00703012bab
:1022e00014bf0b7834f81130936201318142efd181
:1022f00001205df8044b7047002070470120f8e78b
:042300000040004653
:020000040000fa
:020000040c03eb
:1023040038b5044603f052fd002c16db63090c4972
:1023140051f8235004f01f04e54005f001050122a3
:1023240002fa04f4203341f82340bff34f8fbff384
:102334006f8f03f044fd284638bd0025f9e700bf40
:0423440000e100e0d4
:020000040000fa
:020000040c03eb
:1023480038b5044600f014ffd0b1204600f02cfc4c
:10235800054670b1437873b983680bb943688360e5
:102368002846fbf735fe00242c756c7501236b702d
:1023780002e0012400e0002402f07afb204638bd88
:042388000124fbe74a
:020000040000fa
:020000040c03eb
:10238c0038b50c4603f068fac8b1002280f8c420b6
:10239c00012c0cd0002444668466d0f8ec20956b9c
:1023ac0000f164028021c069a847204638bdd0f8ee
:1023bc00ec20926a8021c06990470020f6e76ff00c
:0423cc007400f3e7bf
:020000040000fa
:020000040c03eb
:1023d00000b583b08df804008df8051002f046f8c2
:1023e0000028fbd1022201a9212001f08ff902f07f
:1023f0003df80028fbd1064b013bfdd1044b013bce
:10240000fdd1034b013bfdd103b05df804fb00bfe0
:04241000a0860100a1
:020000040000fa
:020000040c03eb
:10241400036823f002030360c36913f0020ffbd1c6
:10242400036843f400730360036843f48073036038
:10243400036843f002030360c36913f0020ffbd186
:10244400836913f0020ffbd0836913f0010ffbd0f3
:022454007047cf
:020000040000fa
:020000040c03eb
:1024560030b44d680b68146804fb05f4526802fb3f
:102466001342016801fb05f1406800fb1313002ac3
:1024760003da002b01da012009e0002ac8bf002b8d
:10248600ccbf012000209a4208bf40f0010030bcba
:0224960070478d
:020000040000fa
:020000040c03eb
:10249800b0f90020b1f900309a4201d0002070470d
:1024a800b0f90220b1f902309a4201d000207047f9
:1024b800b0f90420b1f904309a4201d000207047e5
:1024c800b0f90600b1f90630984214bf0020012087
:0224d80070474b
:020000040000fa
:020000040c03eb
:1024da00f0b400260d689d4216d2ec08045d05f0a2
:1024ea0007073c4104f0010404eb4604166856f859
:1024fa00246001350d601569b54207d8761bb542cf
:10250a00e8d84ff0ff3601e04ff0ff363046f0bc16
:02251a00704708
:020000040000fa
:020000040c03eb
:10251c0038b50d46144603f09ff9b8b1034600f1e7
:10252c00640245668466b0f8e810a14204d0a1426a
:10253c0004d90121416701e002214167d3f8ec1075
:10254c008c6b8021d869a047002038bd6ff07400d7
:02255c00fbe79b
:020000040000fa
:020000040c03eb
:1025600010b5054c227832b9044b13b10448aff3cf
:1025700000800123237010bdac2407200000000060
:102580000000000008b5034b1bb103490348aff33b
:10259000008008bd00000000b024072000000000fb
:020000040000fa
:020000040c03eb
:1025a00010b483b000230193446902780b4b03eb12
:1025b00042135868c00801fb00f148b1631801aa32
:1025c0000444214413f8010b02f8010b8b42f9d1aa
:1025d000019803b05df8044b704700bf9479020c7a
:020000040000fa
:020000040c03eb
:1025e0000b68b0f90020934214db10b4b0f904403a
:1025f0002244934210da4b68b0f9022093420ddb7b
:10260000b0f9060010448342acbf002001205df801
:10261000044b7047002070470020f8e70020f6e7e1
:020000040000fa
:020000040c03eb
:10262000000108100902030a11182019120b0405f1
:102630000c131a21283029221b140d06070e151c15
:10264000232a313839322b241d160f171e252c331f
:102650003a3b342d261f272e353c3d362f373e3f43
:020000040000fa
:020000040c03eb
:1026600070b505460c4c0026a660e6602661206029
:102670000a4b63600368c16a586903f081fce0603b
:102680002b68296b986903f07bfc20612146284662
:1026900001f0b9f9304670bd8c220720ddea020c4a
:020000040000fa
:020000040c03eb
:1026a00010b50446437e012b05d0022b08d02046ee
:1026b000faf7acfb10bd094b196800f071f8f6e7aa
:1026c00090f8543023b1054b1968fef739fceee75a
:1026d000024b196800f05df9e9e700bf902507207b
:020000040000fa
:020000040c03eb
:1026e00030b587b0044690f85430abb1c56d02aa3e
:1026f00004a92046f9f736f9084b1b680093bdf989
:102700001230bdf9102002a92846fbf795ff20469c
:10271000faf77cfb07b030bd056ee8e7902507208f
:020000040000fa
:020000040c03eb
:1027200038b50546836c8bb1002403e00134ab6cf3
:10273000a3420bd96b6c53f824000028f6d0836cad
:10274000002bf3d00368db6f9847efe705f14400f7
:1027500002f0fbfc2b68d3f8dc302846984738bde4
:020000040000fa
:020000040c03eb
:1027600010b50446c37f2bb1012b02d0a36a2046cb
:10277000984710bd084bff221a6003689b6b98476f
:10278000012802d0054ba362f0e723685b6c20466a
:102790009847014b1860f5e79c25072051f7020c7c
:020000040000fa
:020000040c03eb
:1027a00030b583b004460d4603689b6e6946984772
:1027b000637f53b90421e06a01f078fb2a460146a1
:1027c0006846fcf7a1f803b030bd0421e06a01f0cf
:1027d0006dfb2b46627f01466846f4f781fcf2e709
:020000040000fa
:020000040c03eb
:1027e0002de9f8439846089c099d9df8286054ea15
:1027f000050301d1bde8f88317463346224601f0b0
:10280000c1ff8146334622464146384601f0baffb1
:0e28100033462a460146484601f0b4ffeae787
:020000040000fa
:020000040c03eb
:10281e004368dbb110b48b420bd94a1c920003689b
:10282e0001319c58134443f8044c043243689942d6
:10283e00f5d36ff040430b440268002142f8231099
:0e284e004368013b43605df8044b70477047e0
:020000040000fa
:020000040c03eb
:10285c0090b138b5044683688b4210d00d46890080
:10286c000068f4f777fe68b12060a5606368ab423e
:10287c000bd36560002038bd4ff0ff3070474ff030
:0e288c00ff30f8e74ff0ff30f5e70020f3e7ec
:020000040000fa
:020000040c03eb
:10289a00b8b110b44468b9b1b4b103681a689142c6
:1028aa0008d000200130844206d953f8042f8a4206
:1028ba00f8d103e0002001e04ff0ff305df8044b4f
:0e28ca0070474ff0ff3070474ff0ff30f6e7d9
:020000040000fa
:020000040c03eb
:1028d800f8b50546c36b9bb1002427462e6c56f805
:1028e8002400fef7b1fa46f824706e6c56f82400fe
:1028f800fef7aafa46f824700134eb6ba342edd137
:0e290800286cfef7a1fa686cfef79efaf8bd87
:020000040000fa
:020000040c03eb
:10291600f0b5bdb004460d4616461f4603a802f0a4
:1029260036fa9df80c318df82c30449b0c93429b63
:102936000193009703ab324629462046eaf729fd64
:0e294600044603a803f011f920463db0f0bd91
:020000040000fa
:020000040c03eb
:10295400f0b585b004460d4616461f4602a802f09f
:1029640059fdbdf90830e41abdf90a30ed1a02f038
:1029740003f80a9b003318bf0123019300973346e1
:0e2984002a462146faf75ef8002005b0f0bda5
:020000040000fa
:020000040c03eb
:10299200f0b585b004460f4603689b6e02a99847be
:1029a2000221e06a01f081fa05460421e06a01f0a1
:1029b2007cfa06460321e06a01f077fa00970346a3
:0e29c2003246294602a8f9f74ef905b0f0bddd
:020000040000fa
:020000040c03eb
:1029d00008b58378013b032b05d8dfe803f002112b
:1029e000090e12234370084b186800f0fff808bd69
:1029f000132343700023c370f5e701234370f2e70c
:0c2a00000d234370efe700bf44250720c2
:020000040000fa
:020000040c03eb
:102a0c00f8b505460e461746c1f3c421c0f3c420e1
:102a1c0000f076ff04463a46c6f34511c5f345105f
:102a2c0000f06eff400140eac4243a4606f01f0154
:0c2a3c0005f01f0000f064ff2043f8bd0f
:020000040000fa
:020000040c03eb
:102a4800f8b505460e461746c1f34211c0f34210c9
:102a580000f058ff04463a46c6f38201c5f38200e7
:102a680000f050ff800040ea44143a4606f00301a3
:0c2a780005f0030000f046ff2043f8bd0d
:020000040000fa
:020000040c03eb
:102a8400c0b170b4034604780a2c0fd0406902fb2d
:102a940001f5de68b5420bd25b6803fb02126401e8
:102aa400054b195901fb020070bc70470020fbe77d
:0c2ab4000020f9e7704700bf9479020c85
:020000040000fa
:020000040c03eb
:102ac000b0b138b504460d46082002f0f3f990b1d4
:102ad000002202604560a26832b920606060a3688d
:102ae0000133a360002038bd626810606060f6e7c3
:0c2af0004ff0ff3070474ff0ff30f4e76c
:020000040000fa
:020000040c03eb
:102afc0038b50d4b1b78012b13d105460a4c03e05e
:102b0c0014f8203f012b09d1a368ab42f8d9204619
:102b1c0001f01cff03460028f2d000e00023184609
:0c2b2c0038bd0023fbe700bff41c0720ad
:020000040000fa
:020000040c03eb
:102b3800d8b110b40446c06803888b420fd94388c3
:102b480093420ed901fb0323013310f82330ff2be6
:102b580009d0226952f823005df8044b7047002021
:0c2b6800fae70020f8e70020f6e77047cd
:020000040000fa
:020000040c03eb
:102b740082b002ab03e90600009ba3b1036b83b1ef
:102b8400836b1bb14ff0ff3002b070470123063353
:102b940000ebc30302aa12e9030083e80300002048
:0c2ba400f2e70023f3e74ff0ff30ede70d
:020000040000fa
:020000040c03eb
:102bb000431e13f1030f0fd883b2042b0ed80a4a19
:102bc00002eb4312d26982420ad15a0106498a5c59
:102bd00042b101eb4310704700207047002070475e
:0c2be0000020704700207047681f07208d
:020000040000fa
:020000040c03eb
:102bec0010b5044600f0c2fab0b12046fff7daff88
:102bfc00044678b1437843b9002020756075207085
:102c0c00044601f033ff204610bdfef7a9fd00235a
:0c2c1c006370f1e70124f4e70124f4e701
:020000040000fa
:020000040c03eb
:102c280030b4d0f8b4004588b5b1002307e0847803
:102c38001470047823449bb220449d4209d94478f7
:102c4800042cf4d0052cf4d184788c42f1d10120e5
:0c2c580000e0002030bc70470020fbe7cb
:020000040000fa
:020000040c03eb
:102c640008b50a4b1b68722b00d808bd012000f080
:102c7400fdfc4ff41643064a06490120fdf7ecf823
:102c84000023024a1360044a1370eee7a0250720cc
:0c2c9400e025072021018444dc250720f6
:020000040000fa
:020000040c03eb
:102ca0002de9f041069dab4215da17460e46013b71
:102cb000c41880460138054401e0ac420bd014f939
:102cc000013f002bf9da3019079a3946a0eb0800ca
:0a2cd00000f05cfff1e7bde8f081c1
:020000040000fa
:020000040c03eb
:102cda0030b585b00468d4f89030012b05d1e36d86
:102cea00c4f89830002005b030bdd4f88c30e26fbb
:102cfa00e16ee06d25682d7c0295322501950095df
:0a2d0a00fff769fdc4f89800ece73c
:020000040000fa
:020000040c03eb
:102d140038b50546402002f0cbf8044602f0e0fe48
:102d240004f10c0002f0dcfe04f1180002f0d8fefd
:102d340004f1240002f0d4fe04f1300002f0d0fecd
:0a2d4400002084f83c002c6638bd26
:020000040000fa
:020000040c03eb
:102d4e00c0b138b5054691b10c464a68096800f025
:102d5e00b1faa060eb681a1851781a5c42ea0122a7
:102d6e0002301844e06022610020606138bd4ff0ef
:0a2d7e00ff30fbe74ff0ff30704715
:020000040000fa
:020000040c03eb
:102d8800000000000000000000aaaaaaaaaaaaaa95
:102d9800aaeeeeeeeeeeeeeeeefeffffffffffff19
:102da800ffffffffff7fbfdfeff7fbfdfc7ebfdf0d
:082db800eff7fbfd7e0000bff8
:020000040000fa
:020000040c03eb
:102dc000f8b505460e461746c1f30741c0f3074064
:102dd00000f09cfd04463a46c6f30721c5f30720e0
:102de00000f094fd000240ea04443a46f1b2e8b231
:082df00000f08cfd2043f8bd4a
:020000040000fa
:020000040c03eb
:102df800c8b170b4d0f8c0629eb1d0f8c442043ce7
:102e0800002302e00133b34208d054f8040f0568e8
:102e18008d42f7d145689542f4d100e0002070bc9e
:082e280070470020fbe7704732
:020000040000fa
:020000040c03eb
:102e30000848094b0360094b436000238360084a3c
:102e4000c260036143618361c361064a02624362f7
:102e50008362704720220720215b030c517c020c07
:082e6000017f020cf162030c7a
:020000040000fa
:020000040c03eb
:102e680038b50c4b1b7aa3b10a4b00221a72d3f85f
:102e7800800070b11d4603f18004bc3504e0ac420b
:102e880007d054f8040f20b18368002bf7d0984777
:082e9800f5e738bde01d07203d
:020000040000fa
:020000040c03eb
:102ea00070b506460d46084602f0f4fc0446411c87
:102eb0003068f4f755fb70b100220255306054b110
:102ec0006b1e1819c5f10101ca18346813f8015fa7
:082ed000a5548342f8d170bd46
:020000040000fa
:020000040c03eb
:102ed800a1b110b4421e411801394ff0ff30094c1e
:102ee80012f8013f4340dbb254f8233083ea102044
:102ef8008a42f5d1c0435df8044b70474ff0ff306c
:082f0800c04370471c19020cc4
:020000040000fa
:020000040c03eb
:102f100038b50c4b1b7aa3b10a4b00221a72d3f8b6
:102f2000ac0070b11d4603f1ac04e83504e0ac42de
:102f300007d054f8040f20b18368002bf7d09847ce
:082f4000f5e738bd001c072075
:020000040000fa
:020000040c03eb
:102f4800036893f8a920012a01d00020704710b423
:102f58005a680849cc68116b8c4203d000205df890
:102f6800044b7047d3f8983013630368002283f842
:082f7800a920f3e74024072023
:020000040000fa
:020000040c03eb
:102f800070b50c4b1b78012b11d10646094c00255e
:102f90003146204600f038fb012806d0013514f8f0
:102fa000203f012bf4d04ff0ff35284670bd4ff085
:082fb000ff35fae7f41c0720cd
:020000040000fa
:020000040c03eb
:102fb80010b586b0044602a9fcf7eef9236d1b6e26
:102fc80004a9204698476a4602a904a8fcf722fdee
:102fd8006946204602f0a6f8236dd3f82c316946dd
:082fe8002046984706b010bd19
:020000040000fa
:020000040c03eb
:102ff00082b002ab03e90600009b93b1026b9342df
:103000000dd0826b9a4203d04ff0ff3002b0704770
:10301000012300ebc303002018635863f6e7002385
:08302000f7e74ff0ff30f1e784
:020000040000fa
:020000040c03eb
:1030280000b583b0002301930a4b1b6a0193019bef
:1030380013f0010f06d1019b13f0020f06d103b064
:103048005df804fb0020f8f791faf4e70120f8f79f
:083058008dfaf4e70000854445
:020000040000fa
:020000040c03eb
:1030600000b583b0002301930a4bdb690193019bf8
:1030700013f0010f06d1019b13f0020f06d103b02c
:103080005df804fb0020f8f775faf4e70120f8f783
:0830900071faf4e70000854429
:020000040000fa
:020000040c03eb
:1030980000b583b0002301930a4b9b690193019b00
:1030a80013f0010f06d1019b13f0020f06d103b0f4
:1030b8005df804fb0020f8f759faf4e70120f8f767
:0830c80055faf4e7000085440d
:020000040000fa
:020000040c03eb
:1030d00000b583b0002301930a4b5b690193019b08
:1030e00013f0010f06d1019b13f0020f06d103b0bc
:1030f0005df804fb0020f8f73dfaf4e70120f8f74b
:0831000039faf4e700008544f0
:020000040000fa
:020000040c03eb
:103108000c4b93f820305bb20bb10020704710b520
:10311800084b9880d9605a6100229a601a6101248c
:103128009c701a7083f821202146fef7a9fa2046e0
:0831380010bd00bf0c230720ad
:020000040000fa
:020000040c03eb
:103140000c4b5b6913f4803f01d0002900dc704711
:1031500000f01f021144bff34f8f064a0144c2f82a
:10316000680220300b1a002bf9dcbff34f8fbff33e
:083170006f8fece700ed00e0b9
:020000040000fa
:020000040c03eb
:103178000c4b93f820309bb90a4b93f82830012b5d
:1031880001d00020704710b5064c002384f8283081
:10319800b4f90800fff7b2f884f82100012010bd47
:0831a80001207047f02107200f
:020000040000fa
:020000040c03eb
:1031b00090b90c4b93f90830022b10d1094b93f8be
:1031c000de3013b14ff0ff3070470648012380f81e
:1031d000de3080f8dd3070474ff0ff3070474ff041
:0831e000ff307047941907202d
:020000040000fa
:020000040c03eb
:1031e80070b50b480b4d4ff6ff76016821b943685f
:1031f80013b9fcf79efd70bd83684268334000f147
:103208000c0455f823302046984704eb8000ece77f
:083218002800000c9c5c030c73
:020000040000fa
:020000040c03eb
:10322000431e13f1030f13d8037893b1c36801f061
:103230000f0211f0800f14bf0c2100211b6e02eb56
:10324000420203ebc2030b44db7903f0010300e00d
:0632500000231846704740
:020000040000fa
:020000040c03eb
:10325600431e13f1030f13d8037893b1c36801f02b
:103266000f0211f0800f14bf0c2100211b6e02eb20
:10327600420203ebc2030b44db79c3f3400300e0d5
:063286000023184670470a
:020000040000fa
:020000040c03eb
:10328c00b0b138b504460d46816843688b4208d00e
:10329c006268236843f8225063680133636000203e
:1032ac0038bd0531fff7d4fab0f1ff3ff0d1f7e7a5
:0632bc004ff0ff307047e7
:020000040000fa
:020000040c03eb
:1032c20098b1c3681888884211d95888904210d999
:1032d200013201fb002203eb82035a789978d878f5
:1032e200000440ea0120104370470020704700208c
:0632f20070470020704748
:020000040000fa
:020000040c03eb
:1032f800f8b5836c8b4213d90d46044600f1440798
:10330800384602f000fd002606642946384601f0da
:10331800ddfc2368d3f8dc30204698473046f8bdfa
:063328004ff0ff30fbe74f
:020000040000fa
:020000040c03eb
:10332e0070b582b004460d46164603689b6e69461c
:10333e009847627f12b1637e012b06d93246294629
:10334e006846fef732fc02b070bd33462946684629
:06335e00f2f7a2fbf7e705
:020000040000fa
:020000040c03eb
:10336400f8b50f461646fdf7ebff50b10546006869
:10337400c0eb0010064c04eb80042046faf737f843
:1033840000b9f8bdaf60ee602046faf7e8fef8e752
:04339400f8200720f6
:020000040000fa
:020000040c03eb
:1033980010b582b088b11446b0f8da22114489b267
:1033a800074a1170090a51709470240ad470009366
:1033b80004234a21406902f0d3f802b010bd00bfcf
:0433c800ec1a0720d4
:020000040000fa
:020000040c03eb
:1033cc00431e13f1030f11d803788bb1c36893f824
:1033dc005420012a07d05a6d02f0ff12b2f5803f3b
:1033ec0001d00020704793f86400704700207047ac
:0433fc0000207047f6
:020000040000fa
:020000040c03eb
:10340000f0b4037b6bb10223061dddb21f4616f834
:10341000334044b10133092bf7d100252846f0bcd5
:10342000704701252f4600ebc7000123037141714e
:043430008271f3e7cb
:020000040000fa
:020000040c03eb
:10343400a0b130b40346406902fb01f4dd68ac423c
:103444000ad25c6804fb02121b785b010449c95868
:1034540001fb020030bc70470020fbe7704700bf4f
:043464003478020caa
:020000040000fa
:020000040c03eb
:1034680070b504460e4615460846fef781fa04fb79
:1034780000f00028b8bfff30001228603046fef781
:10348800fbfc04fb00f00028b8bfff3000126860a6
:04349800002070bde3
:020000040000fa
:020000040c03eb
:10349c000b4b10ee102aa3eb620307ee903ab6ee3c
:1034ac00007a20ee077a27ee277a27ee277af7eeb6
:1034bc00086a36eec77a27ee800a27ee000a7047b4
:0434cc00df59375f2e
:020000040000fa
:020000040c03eb
:1034d00008b5094b1b686bb1084bd3f8e83283423f
:1034e00001d8002007e00146054801f03dfe90f8b4
:1034f000500000e0002008bd64250720a816072022
:0435000088190720ff
:020000040000fa
:020000040c03eb
:1035040008b5094b1b686bb1084bd3f8e83283420a
:1035140001d8002007e00146054801f023fe90f899
:10352400510000e0002008bd64250720a8160720ec
:0435340088190720cb
:020000040000fa
:020000040c03eb
:103538000b4bd3f8e83293b170b50024084d05f56c
:1035480038762146304601f00bfe0368d3f8dc30ac
:1035580098470134d5f8e832a342f2d870bd7047d5
:04356800a81607207a
:020000040000fa
:020000040c03eb
:10356c0078b110b50446426872b169b1fff78ff9b2
:10357c00b0f1ff3f0bd001462046fff74af900207f
:10358c0010bd4ff0ff3070474ff0ff30f8e74ff0b1
:04359c00ff30f5e720
:020000040000fa
:020000040c03eb
:1035a00010b5094900248c60cc600c610860074aa2
:1035b0004a6003689b6b1b7c5b01054ad3580b6117
:1035c00000f021fa204610bd40240720313f030cb3
:0435d0009479020cdc
:020000040000fa
:020000040c03eb
:1035d40030b583b00a4b1a68d2f8944000211961bf
:1035e4005961106802eb0414a26dc169406a03f1c9
:1035f400140500951033faf71bf8e06503b030bded
:04360400c0230720b8
:020000040000fa
:020000040c03eb
:1036080083698b4212d88bb110b4c468426802fb3c
:10361800043291420cd2c91ab1fbf4f004fb101029
:10362800b0fa80f040095df8044b704700207047fd
:043638000020f8e78f
:020000040000fa
:020000040c03eb
:10363c002de9f04182b005460e461746984668467d
:10364c0001f0e4febdf90210bdf90000044b5c680a
:10365c0043463a46711a281aa04702b0bde8f081d9
:04366c00b023072060
:020000040000fa
:020000040c03eb
:1036700000eb8003094a02eb0312136d23f00103f0
:103680001365136d13f0010ffbd100eb4000044be9
:1036900003eb800000230372704700bf00008544e5
:0436a00014240720c7
:020000040000fa
:020000040c03eb
:1036a4000b4b93f820305bb20bb10020704710b580
:1036b4000c46074b98800021d96059619c601a61bf
:1036c4009970197083f82110fdf7dcff012010bdfb
:0436d4000c2307209c
:020000040000fa
:020000040c03eb
:1036d80010b50b4c94f8204064b20cb1002010bd1a
:1036e800074ca080e360029b6361a1602261002116
:1036f800a170217084f82110fdf7c2ff0120eee7c8
:043708000c23072067
:020000040000fa
:020000040c03eb
:10370c000b4b93f820305bb20bb10020704710b517
:10371c000c46074b98800021d96059619c601a6156
:10372c009970197083f82110fdf7ceff012010bda0
:04373c003823072007
:020000040000fa
:020000040c03eb
:103740000a4b0b4a1a604ff6da429a814ff4403224
:103750005a601a46d369002bfcd1044a136843f01f
:1037600002031360d369002bfcd170470040004670
:0437700004011240fe
:020000040000fa
:020000040c03eb
:103774000a4b1b681f2b0ed8f0b4094e1d01741997
:10378400062777552071e18022810133034a1360b3
:103794000020f0bc70474ff0ff307047d81a062065
:0437a400d41806200f
:020000040000fa
:020000040c03eb
:1037a8000a4b1b681f2b0ed8f0b4094e1d01741963
:1037b800072777552071e18022810133034a13607e
:1037c8000020f0bc70474ff0ff307047d81a062031
:0437d800d4180620db
:020000040000fa
:020000040c03eb
:1037dc000a4b1b681f2b0ed8f0b4094e1d0174192f
:1037ec00052777552071e18022810133034a13604c
:1037fc000020f0bc70474ff0ff307047d81a0620fd
:04380c00d4180620a6
:020000040000fa
:020000040c03eb
:1038100034034d006900630072006f0063006800ac
:1038200069007000200054006500630068006e00ad
:103830006f006c006f0067007900200049006e0087
:0438400063002e00f3
:020000040000fa
:020000040c03eb
:1038440070b428300025012601e003f12800036844
:103854006bb19c690a699442f7d11a7f012af4d1a9
:103864009a6a02601d775e759d621d70efe770bcf9
:0238740070479b
:020000040000fa
:020000040c03eb
:10387600431e13f1030f01d8037803b9704710b53f
:10388600c468206dfef7c3fd012384f86a3094f8fe
:1038960054302bb994f8563013b9012384f85630b6
:0238a60010bd53
:020000040000fa
:020000040c03eb
:1038a80070b5054637220721c0f3c42000f018fc84
:1038b8000446b7220721c5f3451000f011fc06465f
:1038c8001122072105f01f0000f00afc34442044af
:0238d80070bdc1
:020000040000fa
:020000040c03eb
:1038da0070b5054637220721c0f3421000f0fffbfe
:1038ea000446b7220721c5f3820000f0f8fb06461a
:1038fa001122022105f0030000f0f1fb34442044b8
:02390a0070bd8e
:020000040000fa
:020000040c03eb
:10390c00b2b1884214d0632a10d810b50b460446c5
:10391c00884205dd1146c01afef74cf8201a10bd7e
:10392c001146181afef746f82044f8e70846704787
:02393c007047d2
:020000040000fa
:020000040c03eb
:10393e0070b582b00446056a0346012211460df1a8
:10394e000700a8479df80750266a23460122114614
:10395e000df10700b0479df8070040ea052002b0c0
:02396e0070bd2a
:020000040000fa
:020000040c03eb
:10397000aab1f0b405461746002420462a68d308a9
:10398000cb5c02f00706334103f00103a340184467
:1039900001322a600134a742f0d1f0bc70471046d2
:0239a00070476e
:020000040000fa
:020000040c03eb
:1039a20038b583688b4210d205460c46b1eb430f03
:1039b20002d801eb4104640821462868f3f7cffde1
:1039c20028b1ac602860012000e0012038bd002051
:0239d200fce710
:020000040000fa
:020000040c03eb
:1039d40038b583688b4210d205460c46b1eb430fd1
:1039e40002d801eb4104640821462868f3f7b6fdc8
:1039f40028b1ac602860012000e0012038bd00201f
:023a0400fce7dd
:020000040000fa
:020000040c03eb
:103a0600d0f8ac307bb110b400f1ac020023013326
:103a160052f8044f002cfad100eb8300c0f8ac102a
:103a26005df8044b7047002300eb8300c0f8ac1030
:023a36007047d7
:020000040000fa
:020000040c03eb
:103a380089b170b50d460a6c82420fd104464430f4
:103a4800fff790fd00262e642368d3f8dc3020466b
:103a58009847304670bd4ff0ff3070474ff0ff3049
:023a6800f8e77d
:020000040000fa
:020000040c03eb
:103a6c0008b5084b1b684bb1074bd3f8e8328342bf
:103a7c0006d90146054801f071fb08bd0020fce7a2
:103a8c000020fae764250720a816072088190720cc
:020000040000fa
:020000040c03eb
:103a9c0008b5094b1b7813b1012b07d008bd07489b
:103aac00fef714f9044b01221a70f7e7fcf7b8fc87
:103abc000020f8f71ffef1e7d42507206017062039
:020000040000fa
:020000040c03eb
:103acc0008b5084802f0aaf900f0eefb01f02efc54
:103adc004ff0ff33044a1360044a1360002002f0d5
:103aec000ff808bd8456030c6c25072068250720a9
:020000040000fa
:020000040c03eb
:103afc0070b506460d46f7f76afe86f8e80980b2ff
:103b0c006b1e13f0ff050ad0400084b23046f7f765
:103b1c005efe204480b26b1e13f0ff05f4d170bd25
:020000040000fa
:020000040c03eb
:103b2c0010b504460c3002f013f82046fef7cefe1a
:103b3c002046fbf73bfed4f88800fdf783f9d4f858
:103b4c008c00fdf77ff9d4f89000fdf77bf910bde0
:020000040000fa
:020000040c03eb
:103b5c0030b583b0094d2b4653f8102bd2f8944056
:103b6c00106802eb0414a26dc169406a143500950b
:103b7c00f9f75afde06503b030bd00bfc023072044
:020000040000fa
:020000040c03eb
:103b8c00f0b583b005460e461746684601f03efc7c
:103b9c00bdf90210bdf90000044b1c6800233a4625
:103bac00711a281aa04703b0f0bd00bfb02307203c
:020000040000fa
:020000040c03eb
:103bbc00f8b505460368db69984778b106460127d6
:103bcc0000242b689b692146284698470a2808bf81
:103bdc0001370134a642f4d13846f8bd0127fbe782
:020000040000fa
:020000040c03eb
:103bec0038b5c36e8b4211d00d46044690f8543054
:103bfc001bb1036dd3f8e0309847e56694f8543068
:103c0c0023b1236dd3f8e03020469847002038bd0f
:020000040000fa
:020000040c03eb
:103c1c0010b50446437e012b05d0022b08d020465c
:103c2c00faf7b8fd10bd054b1968fef7b3fdf6e7c2
:103c3c00024b1968fdf756f9f1e700bf94250720f0
:020000040000fa
:020000040c03eb
:103c4c0010b50446437e012b05d0022b08d020462c
:103c5c00faf7c2fa10bd054b1968fef79bfdf6e7a3
:103c6c00024b1968fdf73ef9f1e700bf98250720d4
:020000040000fa
:020000040c03eb
:103c7c0010b50446437e012b06d0022b09d001233c
:103c8c00e3770023a36210bd044b1968fef782fd95
:103c9c00f5e7024b1968fdf725f9f0e79c2507209d
:020000040000fa
:020000040c03eb
:103cac0030b400eb4004094b03eb84031b7adbb20a
:103cbc00834201d030bc7047044b44002518ad0042
:103ccc005951204403eb80035a60f3e7a81e0720e8
:020000040000fa
:020000040c03eb
:103cdc000a4b5b8b13f0070f0ed0084b80221a7621
:103cec0007225a831b7e13f0040f05d0034b9a6aec
:103cfc001a7e12f0040ffad1704700bf0040004644
:020000040000fa
:020000040c03eb
:103d0c0010b50024074b1c604ff400722146064886
:103d1c0001f0c8ff68222146044801f0c3ff204689
:103d2c0010bd00bfd81a0620d41806206c18062027
:020000040000fa
:020000040c03eb
:103d3c0053b94ab9002908bf00281cbf4ff0ff3106
:103d4c004ff0ff3002f01abbadf1080c6de904ce58
:103d5c00eff7e2fcddf804e0dde9022304b0704784
:020000040000fa
:020000040c03eb
:103d6c00064b1a680ab9064a1a60064a116809b95c
:103d7c00054911601a68054b1a6070472825072001
:103d8c0030c307202425072030c507202025072015
:020000040000fa
:020000040c03eb
:103d9c00d0f8803073b110b400f1800200230133ed
:103dac0052f8044f002cfad1203340f823105df860
:0e3dbc00044b70470023203340f8231070475b
:020000040000fa
:020000040c03eb
:103dca0012f0030f10d110b4426001618161002327
:103dda004b608b60cb60103a0a6001220a73027052
:0e3dea0018465df8044b70474ff0ff307047ed
:020000040000fa
:020000040c03eb
:103df80038b505460368d3f8243198470023eb7794
:103e0800ab6c5bb100246b6c53f824000368d3f8e7
:0e3e1800183198470134ab6ca342f4d838bd82
:020000040000fa
:020000040c03eb
:103e2800830203f47842030403f07843410301f466
:103e380078010b4300f00100002818bfff20184349
:0c3e4800024301481043704700070707c1
:020000040000fa
:020000040c03eb
:103e5400020202f47802430103f478438100c9b2f8
:103e640000f00100002818bf4ff07f4013430343c4
:0c3e74000b430148184370470707070084
:020000040000fa
:020000040c03eb
:103e800042f2107303fb00f090fbf1f111f1950f7a
:103e900007db3231044880fb0130c917c1eb6010e9
:0c3ea00070470020704700bf1f85eb51e9
:020000040000fa
:020000040c03eb
:103eac0038b50c4638b1054601f052fc04eb001055
:103ebc0055f8200038bd01f04bfc04eb0010024b10
:0c3ecc0053f82000f6e700bf3c29020c70
:020000040000fa
:020000040c03eb
:103ed8000163030c0163030c0163030c0163030c0e
:103ee8000163030c0163030c0163030c355b030cd2
:0c3ef800495e030c0163030c0000000095
:020000040000fa
:020000040c03eb
:103f040008b50268137c073bdbb2022b0ad8936b1b
:103f140053b1fff743fbb0f1ff3f4ff0ff3018bf41
:0c3f2400002000e0002008bd0020fce7a9
:020000040000fa
:020000040c03eb
:103f300010b50368d3f89830074ad3601169006858
:103f400050f8982b926b54680a4601fb034101f02c
:0c3f5000fdfa002010bd00bf4024072037
:020000040000fa
:020000040c03eb
:103f5c0043692bb18b4203d89b680bb19942fbd2be
:103f6c0082694ab1914203d392682ab19142fbd241
:0c3f7c000bb1934200d913461846704761
:020000040000fa
:020000040c03eb
:103f880008b54369c3f380028a420cd041b923f0d3
:103f9800040343610368d3f8dc309847002008bd68
:0c3fa80043f00403f5e74ff0ff30f8e7aa
:020000040000fa
:020000040c03eb
:103fb40008b5436903f001028a420cd041b923f0e9
:103fc400010343610368d3f8dc309847002008bd3f
:0c3fd40043f00103f5e74ff0ff30f8e781
:020000040000fa
:020000040c03eb
:103fe00008b54369c3f340028a420cd041b923f0bb
:103ff000020343610368d3f8dc309847002008bd12
:0c40000043f00203f5e74ff0ff30f8e753
:020000040000fa
:020000040c03eb
:10400c0008b5084b9a8992b207494a604cf2ff32c4
:10401c009a819b890b6823b10b46486889681b6899
:0c402c00984708bd002007441425072019
:020000040000fa
:020000040c03eb
:1040380010b5fcf7c9fd084c2069ebf7b1f86068ca
:10404800f8f72effe068eff771fffff723fdf5f7ac
:0c405800a7fcf3f74bfd10bd5818062024
:020000040000fa
:020000040c03eb
:1040640070b5d0f8e040c0f8d840038ba0f8d03049
:1040740090f8dd30012b00d104b970bd16460d4611
:0c408400d0f8e42031462846a047f6e7bb
:020000040000fa
:020000040c03eb
:104090000000000000000000000000000000000020
:1040a0000000000001000000085f030cbc40030c8e
:0c40b0000100010001000000e4c0072036
:020000040000fa
:020000040c03eb
:1040bc00745c030c010000007463030c745c030c4f
:1040cc00010000007863030c030000003061030c56
:0c40dc001861030c1861030c00000000c8
:020000040000fa
:020000040c03eb
:1040e80007ee900af8ee676a07ee901af8ee677a1c
:1040f80086eea77a07ee902af8ee677a67ee877a57
:0a410800fceee77a17ee900a70470c
:020000040000fa
:020000040c03eb
:1041120070b505460e460368d3f8ec309847ab6c91
:1041220053b100246b6c314653f82400fff7f0ffc3
:0a4132000134ab6ca342f5d870bd58
:020000040000fa
:020000040c03eb
:10413c0090b170b5064604684cb125686068fcf710
:10414c0081fe2046fcf77efe2c46002df5d1002387
:0a415c00b3603360736070bd7047fc
:020000040000fa
:020000040c03eb
:10416600f0b406461868476802fb01f058b1751ea0
:10417600421e16449c6b3c5d05f8014f9c6b013456
:0a4186009c63b542f6d1f0bc70470f
:020000040000fa
:020000040c03eb
:1041900011b9002000b2704738b50d460446fff74c
:1041a000adfc94f8e8390bb100b238bd4ff6ff739f
:0a41b000ab401843013000b2f7e7fe
:020000040000fa
:020000040c03eb
:1041ba008ab12de9f0411646884607460025284669
:1041ca0044004146384601f070fa20430135ae42b8
:0a41da00f6d1bde8f08110467047f1
:020000040000fa
:020000040c03eb
:1041e40030b583b004460d46684601f013f9bdf9b5
:1041f4000030e41abdf90230ed1a00f0bdfb2a4686
:0a4204002146fdf75dfe03b030bd5a
:020000040000fa
:020000040c03eb
:10420e0081b170b50d46164600f144042046fff705
:10421e00a6f9b0f1ff3f04d02a4631462046fdf7fd
:0a422e0015f870bd4ff0ff30704727
:020000040000fa
:020000040c03eb
:104238002de9f0410024804617460e462546bd422a
:1042480002db2046bde8f081726856f8081b40463c
:0a42580000f0d1ff01350444f1e746
:020000040000fa
:020000040c03eb
:104262002de9f0410024804617460e462546bd4200
:1042720002db2046bde8f081726856f8081b404612
:0a42820001f047f901350444f1e7ab
:020000040000fa
:020000040c03eb
:10428c0003780a2b0cd010b4446804fb02125b01b7
:10429c000449c958406901fb02005df8044b7047a2
:0842ac00002070479479020c18
:020000040000fa
:020000040c03eb
:1042b40008b50021054801f067fa0121044801f01e
:1042c40063fa0221034801f05ffa08bd941706203f
:0842d400b0170620cc170620ec
:020000040000fa
:020000040c03eb
:1042dc000300010000100000001800000020000086
:1042ec000500466173742e000600536d6172742ec6
:0842fc000500456173792e00f5
:020000040000fa
:020000040c03eb
:1043040008b50368da6a12f0040f04d05a6b12b1cc
:10431400fbf74cf908bd1a7c531fdbb2012bf7d90c
:08432400032af5d00020f5e7a3
:020000040000fa
:020000040c03eb
:10432c00036803f11002203393420bd301f1100008
:10433c00521a2f2a88bf2f2894bf0120002080f00a
:08434c000100704700207047da
:020000040000fa
:020000040c03eb
:1043540038b590f864308b420cd00d460446036d9a
:10436400d3f8e030984784f86450236dd3f8e030f4
:0843740020469847002038bde7
:020000040000fa
:020000040c03eb
:10437c0010b50446fbf744f8064b23602365022373
:10438c0023726423e3812382002363760122227645
:08439c00636510bddc87020c13
:020000040000fa
:020000040c03eb
:1043a40010b50446fbf730f8064b2360236503235e
:1043b40023726423e3811923238200236376a37683
:0843c400636510bd1889020cad
:020000040000fa
:020000040c03eb
:1043cc00034668b1426912f0040f0bd11b6c2bb180
:1043dc005a6912f0040ff9d0012070470020704781
:0843ec0000207047012070471a
:020000040000fa
:020000040c03eb
:1043f40010b5044603689b6b9847012804d0207ebf
:10440400003018bf012010bd23685b6c204698471c
:08441400fe28f4d80020f6e7b1
:020000040000fa
:020000040c03eb
:10441c0008b5437e012b09d8437f8b4209d04177e5
:10442c000368d3f8dc309847002008bd4ff0ff300c
:08443c00fbe74ff0ff30f8e749
:020000040000fa
:020000040c03eb
:10444400054b064a1a60064a9a60064a5a604ff4b7
:104454008052da60704700bf00008b4505001010e1
:0844640006000300020610101f
:020000040000fa
:020000040c03eb
:10446c00074b93f820305bb23bb9064b588b00f0ee
:10447c003000103818bf012070470120704700bf72
:08448c003823072000408045a1
:020000040000fa
:020000040c03eb
:1044940038b50546fef76efe044648b12846fef7d9
:1044a40085fb38b1047de4b20022027500f0e2fa23
:0844b400204638bd0024f9e7a1
:020000040000fa
:020000040c03eb
:1044bc0038b50d46144601f0cff950b1c0f8e050b4
:1044cc00c0f8e440d0f8ec209468024a0146c06978
:0844dc00a04738bdf59c020c5d
:020000040000fa
:020000040c03eb
:1044e40090f948305a1e1343426880f8483012f05d
:1044f40004031bbf42f010024260c0e90f334ff0c7
:08450400ff3008bf18467047a4
:020000040000fa
:020000040c03eb
:10450c0008b50378022b08d0032b09d0012b01d05e
:10451c00002008bdf7f782fafbe7fdf7effcf8e7a0
:06452c00fdf70efdf5e7ae
:020000040000fa
:020000040c03eb
:1045320038b504460d46104601f01efc04f0070390
:1045420000fb03f30733e40800fb04f000ebd300a5
:0645520005fb00f038bd7e
:020000040000fa
:020000040c03eb
:1045580038b505460c46104601f00bfc04fb05f186
:1045680001f0070300fb03f30733c90800fb01f060
:0645780000ebd30038bd8a
:020000040000fa
:020000040c03eb
:10457e0008b503689a6b1ab1117c427a914206d043
:10458e001a7c437a9a4204d0fdf705f808bd002044
:06459e00fce70020fae733
:020000040000fa
:020000040c03eb
:1045a40000b589b00190029103928df810300a9bf6
:1045b40005930b9b06930023079301a8f1f786f953
:0645c40009b05df804fbe4
:020000040000fa
:020000040c03eb
:1045ca0010b584b004466a4602a9f8f790f902a920
:1045da00204600f0a6fd236dd3f82c3102a920460f
:0645ea00984704b010bd6b
:020000040000fa
:020000040c03eb
:1045f00071b138b50d460446006c18b103685b6fa5
:10460000214698472b68db6e21462846984738bddf
:064610004ff0ff3070477f
:020000040000fa
:020000040c03eb
:1046160038b504460d46036b1bb1426b984701281b
:1046260008d0a36b2bb1e26b294620469847012898
:0646360000d0002038bd99
:020000040000fa
:020000040c03eb
:10463c0010b501f011f968b10446d0f8ec30db6923
:10464c00c069984763786ff382036370e3786ff304
:06465c000203e37010bd33
:020000040000fa
:020000040c03eb
:10466200f8b515461e4601f0fcf848b1d0f8ec301a
:104672001f6abdf8183032462946c069b847f8bdee
:064682006ff07b00fbe776
:020000040000fa
:020000040c03eb
:10468800074b00221a714ff0ff3119605a7101214e
:104698005975812119755a721a729a75704700bf37
:0446a80000020220ea
:020000040000fa
:020000040c03eb
:1046ac000c00000018000000240000003000000086
:1046bc003c000000480000005e00000064000000a8
:0446cc0000000000ea
:020000040000fa
:020000040c03eb
:1046d000431e13f1030f0cd8037853b1c3681b6d4d
:1046e00003f580531a7861f306021a7001f07f0116
:0446f0001970704786
:020000040000fa
:020000040c03eb
:1046f40070b506460d4604682cb90023336070bdbe
:10470400a469002cf9d02572e368002bf8d0204668
:044714009847f5e7e6
:020000040000fa
:020000040c03eb
:104718004b1fdbb2012b03d9032901d0ff207047bf
:10472800034b03eb41118b691840cb7fd84070478e
:044738009479020c62
:020000040000fa
:020000040c03eb
:10473c00030c03f47843420b02f4f8621343820a2d
:10474c0002f03e02134310f0ff0f0cbf184643f06b
:04475c0001007047a1
:020000040000fa
:020000040c03eb
:10476000030a03f47843420902f4f862134382080f
:1047700002f03e02134310f0ff0f0cbf184643f047
:04478000010070477d
:020000040000fa
:020000040c03eb
:1047840010b53ab1642a06d0884206d0044c54f8d5
:104794002330984710bd0846fce70846fae700bff7
:0447a40024c2072004
:020000040000fa
:020000040c03eb
:1047a80010b5faf7d3fb064c2060fdf775fc606086
:1047b800fef73afba060fcf791f8e06010bd00bf7f
:0447c800642307203f
:020000040000fa
:020000040c03eb
:1047cc0010b5064900248c60c46204630860044b75
:1047dc004b60fff7ddfa204610bd00bf54240720c4
:0447ec0021ed020cad
:020000040000fa
:020000040c03eb
:1047f00010b5074b1a68936f02eb03130468106837
:104800009a6b596b1030fdf75dfbe067002010bd1f
:04481000a0240720b9
:020000040000fa
:020000040c03eb
:1048140006280bd8dfe800f00c0a040c060a08008e
:10482400032070470220704704207047002070471f
:0448340001207047a8
:020000040000fa
:020000040c03eb
:1048380038b5041f00f13c0506e0fff7f9ff2068d2
:10484800fcf702fbac4204d054f8040f0028f4d162
:04485800f8e738bd88
:020000040000fa
:020000040c03eb
:10485c0070b5044601f0b5f805460830204401f067
:10486c00b0f80646291d201dfef730fb301a18bf84
:04487c00012070bdea
:020000040000fa
:020000040c03eb
:1048800010b5064b0024194641f8084943f8080cb6
:10489000034b4b60fff7b7f8204610bd0c180620fd
:0448a000e153030cd1
:020000040000fa
:020000040c03eb
:1048a40010b5064900248c60012280f8a920086014
:1048b400034b4b60fff7a5f8204610bdcc22072020
:0448c400492f030c69
:020000040000fa
:020000040c03eb
:1048c80010b5074b1b68d3f8944003eb0414186821
:1048d800626d216d1030fdf7f1fae06510bd00bf83
:0448e800c0230720c2
:020000040000fa
:020000040c03eb
:1048ec0010b5064900248c60cc600c610860044b48
:1048fc004b60fff782f8204610bd00bf4c2207200a
:04490c00e182020c36
:020000040000fa
:020000040c03eb
:1049100010b5064900248c608464c4640860044bac
:104920004b60fff770f8204610bd00bff024072051
:0449300051eb020c39
:020000040000fa
:020000040c03eb
:1049340010b5064900248c608464c4640860044b88
:104944004b60fff75ef8204610bd00bff02407203f
:0449540049fb020c0d
:020000040000fa
:020000040c03eb
:104958000346c06968b10268da611a69013a1a61e6
:104968000ab90021d96159688a1a59698a4288bfe7
:044978005a617047c9
:020000040000fa
:020000040c03eb
:10497c00064b186cb0f1ff3f05d0c0eb0010044b98
:10498c0003eb800070470020704700bf1018062012
:04499c00802107204f
:020000040000fa
:020000040c03eb
:1049a00010b50c46054b1b6cc3eb031302460449c0
:1049b00011f82310204600f087fc10bd10180620c7
:0449c000802107202b
:020000040000fa
:020000040c03eb
:1049c40010b582b00446064b1b689b6869460320f9
:1049d4009847009b2360019b636002b010bd00bf39
:0449e4001018062081
:020000040000fa
:020000040c03eb
:1049e80038b5836e8b420bd00d460446036dd3f861
:1049f800e0309847a566236dd3f8e0302046984705
:044a0800002038bd95
:020000040000fa
:020000040c03eb
:104a0c0038b5837e8b420bd00d4604460368d3f831
:104a1c00e0309847a5762368d3f8e03020469847d5
:044a2c00002038bd71
:020000040000fa
:020000040c03eb
:104a300038b5c37e8b420bd00d4604460368d3f8cd
:104a4000e0309847e5762368d3f8e0302046984771
:044a5000002038bd4d
:020000040000fa
:020000040c03eb
:104a5400000000000000014f0100d500d500010155
:104a64000000000000000000000000000000000042
:044a7400000000003e
:020000040000fa
:020000040c03eb
:104a780010b5074c94f82110b4f9080000f0b6fa04
:104a880094f8203013b9012284f8282010bd00bf03
:044a9800f0210720e2
:020000040000fa
:020000040c03eb
:104a9c0000b583b04ff0ff33019301a9fcf712fb73
:104aac0020b9019800f0ccfe0028fad003b05df8d4
:024abc0004fbf9
:020000040000fa
:020000040c03eb
:104abe0008b5002902da11f5b471fcd4b1f5b47f52
:104ace0004dda1f5b471b1f5b47ffadcfef7c5fcd7
:024ade0008bd11
:020000040000fa
:020000040c03eb
:104ae00038b504460d464168013100f065ff0346c4
:104af00028b123686268134403f8015c0123184657
:024b000038bdbe
:020000040000fa
:020000040c03eb
:104b020010b50446c37f4bb1e37f012b05d0a36ae6
:104b120020469847e37f012bf9d110bdf8f775f9cc
:024b2200f2e7b8
:020000040000fa
:020000040c03eb
:104b240010b50446c37f4bb1e37f012b05d0a36ac4
:104b340020469847e37f012bf9d110bdf9f72efeeb
:024b4400f2e796
:020000040000fa
:020000040c03eb
:104b460010b50446c37f4bb1e37f012b05d0a36aa2
:104b560020469847e37f012bf9d110bdf9f73ffbbb
:024b6600f2e774
:020000040000fa
:020000040c03eb
:104b680008b5037f8b4209d0ff2928bfff210177b1
:104b78000368d3f8dc309847002008bd4ff0ff30b9
:024b8800fbe749
:020000040000fa
:020000040c03eb
:104b8a0008b500230b604b6050b10246034653f848
:104b9a000a0f5b6808604b60106c08b100f0c1fa3c
:024baa0008bd44
:020000040000fa
:020000040c03eb
:104bac0070b582b004460d46164603689b6e694686
:104bbc0098473346627f29466846f0f76eff02b08d
:024bcc0070bdba
:020000040000fa
:020000040c03eb
:104bce0038b5037e012b00d038bd0d4604460021ba
:104bde00c06afff764f92a4601462046fef7a0fb9d
:024bee00f2e7ec
:020000040000fa
:020000040c03eb
:104bf00070b50c46154600f035fe38b1d0f8ec2003
:104c0000966b2a462146c069b04770bd6ff07c00a4
:024c1000fbe7c0
:020000040000fa
:020000040c03eb
:104c1400030403f460038201d2b21343c00200f41c
:104c24006040034301481843704700bf1f1f1f0023
:020000040000fa
:020000040c03eb
:104c3400030603f06043820392b21343c00400f4fa
:104c44006000034301481843704700bfff1f1f1f44
:020000040000fa
:020000040c03eb
:104c5400030403f460038201d2b21343c00200f4dc
:104c64006040034301481843704700bf1f1f1fffe4
:020000040000fa
:020000040c03eb
:104c7400030203f478038200d2b21343400100f428
:104c84007840034301481843704700bf07070700f3
:020000040000fa
:020000040c03eb
:104c940060b110b5044602fb01f3c068834201d33e
:104ca400002010bd2046fdf70bf9fae700207047fd
:020000040000fa
:020000040c03eb
:104cb40008b50278044b03eb42131a7a034b53f8fa
:104cc4002230984708bd00bf9479020c90c2072097
:020000040000fa
:020000040c03eb
:104cd40008b538b142688a4207d932b1fdf79dfd63
:104ce400002008bd4ff0ff30fbe74ff0ff30f8e73e
:020000040000fa
:020000040c03eb
:104cf40008b538b142688a4207d932b1fbf70efbd6
:104d0400002008bd4ff0ff30fbe74ff0ff30f8e71d
:020000040000fa
:020000040c03eb
:104d140058b110b50446006818b1fcf797f80023a1
:104d240023600020a060606010bd4ff0ff3070472a
:020000040000fa
:020000040c03eb
:104d340010b5054900248c600860044b4b60fff7f4
:104d44002bf8204610bd00bfd41d0720695d030c5d
:020000040000fa
:020000040c03eb
:104d540010b5054900248c600860044b4b60fff7d4
:104d64001bf8204610bd00bf34210720a359030cb3
:020000040000fa
:020000040c03eb
:104d740010b5054900248c600860044b4b60fff7b4
:104d84000bf8204610bd00bfa0240720f147030cf8
:020000040000fa
:020000040c03eb
:104d940010b5044600f024fe04f1200000f0acfc41
:104da40004f14000fcf79afe0123c4f8e03010bd82
:020000040000fa
:020000040c03eb
:104db40010b50468d4f89820617a044b187b00f08d
:104dc40081fac4f89800002010bd00bf60240720b9
:020000040000fa
:020000040c03eb
:104dd40010b5064b1b68d3f8944003eb0414186811
:104de400a16d1030fff764ffe06510bdc0230720fc
:020000040000fa
:020000040c03eb
:104df40010b5054900248c600860044b4b60fef735
:104e040000fe204610bd00bf8c2407203dc2020cca
:020000040000fa
:020000040c03eb
:104e140010b5054900248c600860044b4b60fef714
:104e2400f0fd204610bd00bf2c240720db2c030c12
:020000040000fa
:020000040c03eb
:104e340010b5054900248c600860044b4b60fef7f4
:104e4400e0fd204610bd00bfec1b07208960030c69
:020000040000fa
:020000040c03eb
:104e540010b5054900248c600860044b4b60fef7d4
:104e6400d0fd204610bd00bfe42407203dfd020c08
:020000040000fa
:020000040c03eb
:104e740010b5054900248c600860044b4b60fef7b4
:104e8400c0fd204610bd00bffc2407202d57030c95
:020000040000fa
:020000040c03eb
:104e940010b5054900248c600860044b4b60fef794
:104ea400b0fd204610bd00bf082507204557030c60
:020000040000fa
:020000040c03eb
:104eb40010b50446fdf720fe034608b1184610bda0
:104ec40021460248f7f7c2fc0346f7e78c23072084
:020000040000fa
:020000040c03eb
:104ed400064a136901331361526a526b934234bf19
:104ee40003230923014a82f828307047101806204a
:020000040000fa
:020000040c03eb
:104ef40000b583b00090019169460448fdf76efb4c
:104f0400b0fa80f0400903b05df804fb28180620cd
:020000040000fa
:020000040c03eb
:104f1400024650b149b1cb88808a1b1a9bb2cb8020
:104f2400d28a1344cb80002070474ff0ff30704783
:020000040000fa
:020000040c03eb
:104f340038b5436d8b4209d00d4604460bb1fef7dc
:104f440039f8656515b12046fef734f8002038bd00
:020000040000fa
:020000040c03eb
:104f540008b538b131b1096c31b1814206d0fff7df
:104f6400f7ff08bd0020fce70020fae70120f8e77e
:020000040000fa
:020000040c03eb
:104f740038b505460c4601f05bf8012800d038bd71
:104f84002846fbf72ffc01462046f9f753fef6e7c7
:020000040000fa
:020000040c03eb
:104f940008b54ff0894302225a615b69034bdb6811
:104fa4001bb1024b1869db68984708bda81e07208f
:020000040000fa
:020000040c03eb
:104fb40008b54ff0894304225a615b69034b9b692e
:104fc4001bb1024bd8699b69984708bda81e0720ee
:020000040000fa
:020000040c03eb
:104fd400064b022283f82221012283f8272140f282
:104fe4001c421a6227229a62704700bf000086445e
:020000040000fa
:020000040c03eb
:104ff400002800db01b97047420900f01f000123bb
:1050040003fa00f0014b43f82200f4e700e100e06a
:020000040000fa
:020000040c03eb
:1050140010b500f025fc50b10446d0f8ec309b6983
:10502400c0699847e378022262f30203e37010bd7b
:020000040000fa
:020000040c03eb
:10503400054b03ebc00000238380c380034a137233
:1050440082f82c30704700bf2c250720b0200720a1
:020000040000fa
:020000040c03eb
:1050540009022000010100c0320904000002ffff20
:10506400ff0007050102400001070581024000011d
:020000040000fa
:020000040c03eb
:1050740009022000010100c0320904000002ffff00
:10508400ff00070501020002010705810200020179
:020000040000fa
:020000040c03eb
:1050940010b5054c22680ab9fef766fe034b186882
:1050a4002368c01a10bd00bf20250720242507202f
:020000040000fa
:020000040c03eb
:1050b400431e13f1030f09d803783bb1c368196d7c
:0e50c40041f201028b5c43f004038b547047f1
:020000040000fa
:020000040c03eb
:1050d200431e13f1030f09d803783bb1c368196d5e
:0e50e20041f201028b5c03f0fb038b5470471c
:020000040000fa
:020000040c03eb
:1050f000030203f46043c20002f01802134380016c
:0e51000000f4e060034341f6e30018437047fb
:020000040000fa
:020000040c03eb
:10510e00030203f46043020102f0300213438001f4
:0e511e0000f4e060034341f6c60018437047fa
:020000040000fa
:020000040c03eb
:10512c00034658b151b10a88588902440a804a880a
:0e513c00988902444a801b6c002bf4d1704706
:020000040000fa
:020000040c03eb
:10514a0050b110b50446006808b1fbf77cfe002098
:0e515a002060a060606010bd4ff0ff30704715
:020000040000fa
:020000040c03eb
:1051680060b182688a4208d9026821b100231268b6
:0e51780001339942fbd1506870470020704708
:020000040000fa
:020000040c03eb
:105186004b684bb18a689a608b680bb14a685a6063
:0e51960000238b604b6070478b680360f4e76a
:020000040000fa
:020000040c03eb
:1051a40070b504460d461646fff7e6fb331c18bfe0
:0e51b40001232a462146fbf7dff8002070bddc
:020000040000fa
:020000040c03eb
:1051c20010b584b004466a4602a9f5f7adff236d17
:0e51d200d3f82c3102a92046984704b010bd36
:020000040000fa
:020000040c03eb
:1051e00010b582b0044603689b6e694698472368f1
:0e51f000d3f82c3169462046984702b010bd16
:020000040000fa
:020000040c03eb
:1051fe0058b952b138b50c46012529462046fbf761
:0e520e00e8fe0028f9d0012038bd00207047ce
:020000040000fa
:020000040c03eb
:10521c0010b50c4600f020fb30b1d0f8ec20526aef
:0e522c002146c069904710bd6ff07b00fbe784
:020000040000fa
:020000040c03eb
:10523a0010b50023934206d113f0030018bf0120d2
:0e524a0000eb930010bdc45ccc540133f2e7be
:020000040000fa
:020000040c03eb
:1052580010b584b001240394069c02940193009233
:0c52680000231a46eff74cfc04b010bd08
:020000040000fa
:020000040c03eb
:10527400436803fb021203785b010349c958406980
:0c52840001fb0200704700bf3478020cf0
:020000040000fa
:020000040c03eb
:10529000830803f03e03020202f478421343c00085
:0c52a00000f4f860184340f00100704773
:020000040000fa
:020000040c03eb
:1052ac00030a03f47843820802f03e0213434009d8
:0c52bc0000f4f860184340f00100704757
:020000040000fa
:020000040c03eb
:1052c80008b500eb800300eb43000844024b53f899
:0c52d80020301046984708bde0bd0720bc
:020000040000fa
:020000040c03eb
:1052e400b0f5b47f04dba0f5b470b0f5b47ffada9e
:0c52f400002802da10f5b470fcd47047fa
:020000040000fa
:020000040c03eb
:1053000030b108b501460448fdf7dafb002008bdbe
:0c5310004ff0ff30704700bf70240720f2
:020000040000fa
:020000040c03eb
:10531c0010b5054c24220021204600f0c3fc0123cb
:0c532c002370002010bd00bfdc2a06200a
:020000040000fa
:020000040c03eb
:10533800054b1b78012b04d0034b01221a70002067
:0c53480070474ff0ff307047d52507205c
:020000040000fa
:020000040c03eb
:1053540008b5054b18680368db6ab0f91020b0f98a
:0c5364000e10984708bd00bf7025072000
:020000040000fa
:020000040c03eb
:105370000800000008000000040000000400000015
:0c5380000200000002000000010000001c
:020000040000fa
:020000040c03eb
:10538c0008000000080000000800000004000000f5
:0c539c00040000000200000002000000fd
:020000040000fa
:020000040c03eb
:1053a80000000000040000000000000002000000ef
:0c53b800000000000100000000000000e8
:020000040000fa
:020000040c03eb
:1053c40000000000000000000400000000000000d5
:0c53d400020000000000000001000000ca
:020000040000fa
:020000040c03eb
:1053e00003681a68d3f89810126b914201d000201c
:0c53f00070474ff0ff32c3f8ec20f8e7e4
:020000040000fa
:020000040c03eb
:1053fc0010b582b0059c0194049c0094024ce468a6
:0c540c00a04702b010bd00bfb023072075
:020000040000fa
:020000040c03eb
:10541800054b596a1a690b6b03ebc2031a685b6880
:0c54280002604360704700bf10180620af
:020000040000fa
:020000040c03eb
:1054340038b50d4611461a46034b53f82040049bd9
:0c5444002846a04738bd00bff0c207207a
:020000040000fa
:020000040c03eb
:1054500038b5054600f0aefe0468ad6900f0aafe5e
:0c546000426829462046fdf767fb38bd76
:020000040000fa
:020000040c03eb
:10546c008854030cfc2307200100000002000000fc
:0c547c0008200720245c030c64000000e2
:020000040000fa
:020000040c03eb
:105488000931030ca536030cd936030c911c030c07
:0c5498000d61030c31a0020c0161030c3b
:020000040000fa
:020000040c03eb
:1054a40000000000000000000000000039a1020c10
:0c54b400b9f9020c00000000e00110013a
:020000040000fa
:020000040c03eb
:1054c00030b4054b44002518ad005951044403eb9a
:0c54d00084035a6030bc7047142407208d
:020000040000fa
:020000040c03eb
:1054dc00054a138823f002031b041b0c1380136969
:0c54ec0013f0020ffbd1704700200744b2
:020000040000fa
:020000040c03eb
:1054f800054b1b6b13f0800f03d1034bd8660120bb
:0c55080070470020704700bf0040814643
:020000040000fa
:020000040c03eb
:1055140038b50d461446012801d0204638bd214631
:0c5524002846fcf7cbfe0028f9d0f6e783
:020000040000fa
:020000040c03eb
:1055300010b50c4600f096f930b1d0f8ec20126ba3
:0c5540002146c069904710bd0020fce728
:020000040000fa
:020000040c03eb
:10554c005ab110b40a44431e11f8014b03f8014f31
:0c555c009142f9d15df8044b7047704794
:020000040000fa
:020000040c03eb
:1055680010b584b002240394069c0294002401948c
:0a5578000094eff7c5fa04b010bd6f
:020000040000fa
:020000040c03eb
:10558200030403f07843c20292b21343400300f4cf
:0a5592007c00184340f0ff00704752
:020000040000fa
:020000040c03eb
:10559c00030203f47803c200d2b21343400100f4b7
:0a55ac007c40184340f07f40704738
:020000040000fa
:020000040c03eb
:1055b60038b502fb01f5c468a54203d2faf7dbfe53
:0a55c600002038bd4ff0ff30fbe776
:020000040000fa
:020000040c03eb
:1055d00010b582b00346046a012211460df107009e
:0a55e000a0479df8070002b010bdbf
:020000040000fa
:020000040c03eb
:1055ea0030b583b0069c65681db10094a84703b026
:0a55fa0030bd0094f4f719fff9e743
:020000040000fa
:020000040c03eb
:1056040070b504460d461646fff7b6f933462a46ea
:0a5614002146faf7b1fe002070bd38
:020000040000fa
:020000040c03eb
:10561e0038b504460d4643699b6d9847a56163698d
:0a562e00db6d20469847002038bdd0
:020000040000fa
:020000040c03eb
:1056380000230b604b60034630b1026c22b153f873
:0a5648000a2f5b680a604b60704790
:020000040000fa
:020000040c03eb
:10565200430c03f07003020a02f0e0021343000954
:0856620000f00c001843704732
:020000040000fa
:020000040c03eb
:10566a0001f00703c9084269505c80221a411040c0
:08567a00c3f10703d84070479b
:020000040000fa
:020000040c03eb
:1056840000000000dc42030c28000000dc42030c94
:0856940020c307200000000004
:020000040000fa
:020000040c03eb
:10569c000563030c0963030cdf82020c0d63030c1e
:0856ac004762030c1163030cbb
:020000040000fa
:020000040c03eb
:1056b4000368da088a5cd94301f007010a4101331f
:0856c400036002f001007047d1
:020000040000fa
:020000040c03eb
:1056cc0010b504460068fbf7bdfb6068fbf7bafb3e
:0856dc00a068fbf7b7fb10bd4d
:020000040000fa
:020000040c03eb
:1056e40010b50446002020600121f1f737ff10b106
:0856f40000220270206010bdcd
:020000040000fa
:020000040c03eb
:1056fc0000230361c36183614361062202700822a7
:08570c0042608360c360704736
:020000040000fa
:020000040c03eb
:105714000368d3f8982012f0010f03d14ff0ff3241
:08572400c3f8ec2000207047df
:020000040000fa
:020000040c03eb
:10572c0008b50068d0f89c30d0f89820016ac069a0
:08573c00fdf77eff002008bd0f
:020000040000fa
:020000040c03eb
:1057440008b501684868d1f898300a6ac969103008
:08575400faf712fe002008bd67
:020000040000fa
:020000040c03eb
:10575c00034b1b6cc3eb0313024a12f82300704774
:08576c0010180620802107201f
:020000040000fa
:020000040c03eb
:1057740008b501460348fbf779fab0fa80f040090e
:0857840008bd00bf2818062033
:020000040000fa
:020000040c03eb
:10578c0038b504460d46034b0360436100f088fcba
:08579c00a56138bdacec020c64
:020000040000fa
:020000040c03eb
:1057a40010b50446034b1968fff70ffa2046f8f7c3
:0857b400f5ff10bd942507204c
:020000040000fa
:020000040c03eb
:1057bc0010b50446034b1968fff703fa2046f8f7b7
:0857cc000bfd10bd982507201c
:020000040000fa
:020000040c03eb
:1057d40048b110b504460368d3f810319847204601
:0857e400fbf734fb10bd704718
:020000040000fa
:020000040c03eb
:1057ec00044a138843f002031380136913f0020f69
:0857fc00fbd1704700200744b7
:020000040000fa
:020000040c03eb
:10580400044a136843f002031360936813f0020f11
:08581400fbd1704700000145c3
:020000040000fa
:020000040c03eb
:10581c00044a136843f002031360936813f0020ff9
:08582c00fbd17047002001458b
:020000040000fa
:020000040c03eb
:10583400044a136843f002031360936813f0020fe1
:08584400fbd1704700408146d2
:020000040000fa
:020000040c03eb
:10584c0038b50546fef720fe044608b9204638bd9b
:08585c002846fdf7c5f9f9e744
:020000040000fa
:020000040c03eb
:10586400421e12f1030f05d890f8de20002a08bf6b
:0858740000207047002070477e
:020000040000fa
:020000040c03eb
:10587c00044b23f8301003ebc000428000238380dc
:08588c00c38070472c250720a2
:020000040000fa
:020000040c03eb
:1058940003783bb1034600bf13f8012f002afbd164
:0858a400181a704718467047fe
:020000040000fa
:020000040c03eb
:1058ac0010b50446fef718fe28b9a368e268c4e9ef
:0858bc0005331344a36210bd83
:020000040000fa
:020000040c03eb
:1058c400044a136823b91060036101600120704722
:0858d40000207047b0250720f9
:020000040000fa
:020000040c03eb
:1058dc00431e13f1030f05d803781bb1002303708b
:0658ec004360c360704739
:020000040000fa
:020000040c03eb
:1058f200030203f47842c30003f4fc631343c0f3ce
:06590200c40018437047c9
:020000040000fa
:020000040c03eb
:10590800030a03f0e003820902f01c021343c0f308
:06591800c10018437047b6
:020000040000fa
:020000040c03eb
:10591e00430003f03e0320f03f000004000c184348
:06592e0040f0010070478b
:020000040000fa
:020000040c03eb
:10593400030203f47803420102f47c421343c000df
:06594400c0b218437047d9
:020000040000fa
:020000040c03eb
:10594a00030a03f0e003820902f01c021343c0f3c6
:06595a0001101843704724
:020000040000fa
:020000040c03eb
:10596000030a03f47843420902f4fc621343c0f3d0
:06597000c400184370475b
:020000040000fa
:020000040c03eb
:10597600030e03f0e003c20c02f01c021343c0f353
:0659860081301843704758
:020000040000fa
:020000040c03eb
:10598c00030c03f47843420b02f4fc621343c0f3a0
:06599c00c420184370470f
:020000040000fa
:020000040c03eb
:1059a20008b501684868cb6f0a6ac9691030faf70e
:0659b200e4fc002008bd2a
:020000040000fa
:020000040c03eb
:1059b80038b504460d46fdf7f0ff034608b16560ab
:0659c8000123184638bd62
:020000040000fa
:020000040c03eb
:1059ce00027843781b0443ea0263c278134380785b
:0659de0043ea00207047bf
:020000040000fa
:020000040c03eb
:1059e4000123436183610023c36103610360436056
:0659f4008360c3607047f0
:020000040000fa
:020000040c03eb
:1059fa0008b50368db6a13f0010f01d1002008bd66
:065a0a00fef739fffbe787
:020000040000fa
:020000040c03eb
:105a100008b5c36a8b4204d0c1620368d3f8dc3096
:065a20009847002008bdbc
:020000040000fa
:020000040c03eb
:105a260008b5437e8b4204d041760368d3f828310b
:065a36009847002008bda6
:020000040000fa
:020000040c03eb
:105a3c0008b5037e8b4204d001760368d3f8dc30c2
:065a4c009847002008bd90
:020000040000fa
:020000040c03eb
:105a520010b5044600f0adfbd0f8d402a04214bf4a
:065a62000020012010bd30
:020000040000fa
:020000040c03eb
:105a68000068002808b501da002008bdfbf7ecfe45
:065a7800431cfad1f8e71f
:020000040000fa
:020000040c03eb
:105a7e00c0f3440320f03f000004000c184340f034
:045a8e00200070473d
:020000040000fa
:020000040c03eb
:105a92004b084269d05c11f0010f14bf00f00f00f7
:045aa2000009704740
:020000040000fa
:020000040c03eb
:105aa80010b5034c204600f00ff80020e06010bd50
:045ab800702407202f
:020000040000fa
:020000040c03eb
:105abc00034620b1002018605860986070474ff082
:045acc00ff307047f0
:020000040000fa
:020000040c03eb
:105ad000034620b1002018605860986070474ff06e
:045ae000ff307047dc
:020000040000fa
:020000040c03eb
:105ae400034620b1002018605860986070474ff05a
:045af400ff307047c8
:020000040000fa
:020000040c03eb
:105af80000000000e0bb07200002000000010000d9
:045b08000200000097
:020000040000fa
:020000040c03eb
:105b0c00034b1b68002b01da014b1860704700bf78
:045b1c0068250720d1
:020000040000fa
:020000040c03eb
:105b200003682bb9007b022814bf002001207047b6
:045b3000002070479a
:020000040000fa
:020000040c03eb
:105b340000f00700802303411940c0f1070021fa57
:045b440000f07047b6
:020000040000fa
:020000040c03eb
:105b480003682bb9007b032814bf0020012070478d
:045b58000020704772
:020000040000fa
:020000040c03eb
:105b5c0010b50446806808b1fbf774f90023a36004
:045b6c00e36010bd25
:020000040000fa
:020000040c03eb
:105b700010b504462030fff7f1ff04f14000fdf7b7
:045b8000d5ff10bd80
:020000040000fa
:020000040c03eb
:105b840008b5f6f70ffeb0f1ff3f4ff0ff3018bf36
:045b9400002008bd28
:020000040000fa
:020000040c03eb
:105b98000269436813448a4298bf994234bf01207e
:045ba8000020704722
:020000040000fa
:020000040c03eb
:105bac00034b93f82800b0fa80f04009704700bf0f
:045bbc001018062097
:020000040000fa
:020000040c03eb
:105bc00010b57820fff776f9044608b1fcf734fbee
:045bd000204610bd9e
:020000040000fa
:020000040c03eb
:105bd40010b55820fff76cf9044608b1fef7ccfb6a
:045be400204610bd8a
:020000040000fa
:020000040c03eb
:105be80038b1826c8a4203d9436c53f8210070475c
:045bf80000207047d2
:020000040000fa
:020000040c03eb
:105bfc0008b520b119b14430fcf749fe08bd4ff08f
:045c0c00ff30fbe783
:020000040000fa
:020000040c03eb
:105c100010b55020fff74ef9044608b1f9f7f6fb2e
:045c2000204610bd4d
:020000040000fa
:020000040c03eb
:105c240000000000370000003b0000003c000000c2
:045c34003d0000002f
:020000040000fa
:020000040c03eb
:105c3800f560030ced57030cdd54030cb362030c41
:045c48000000000058
:020000040000fa
:020000040c03eb
:105c4c00034a936813f0800ffbd1014b186c70471b
:045c5c00004081463d
:020000040000fa
:020000040c03eb
:105c600008b5fff7fffd18b10078c0f3420008bd8a
:045c70000320fce72a
:020000040000fa
:020000040c03eb
:105c74001201000200000040d80453000001010298
:045c8400000100bf5c
:020000040000fa
:020000040c03eb
:105c8800012800d07047024b01221a70fae700bfc2
:045c9800dc250720e0
:020000040000fa
:020000040c03eb
:105c9c00e75d030c3b52030c8163030c8163030c23
:045cac008163030c01
:020000040000fa
:020000040c03eb
:105cb00032b1c9b20244034603f8011b9342fbd13f
:045cc000704700bf6a
:020000040000fa
:020000040c03eb
:105cc40008b500f0a5fa024b1860586008bd00bf83
:045cd400342507204c
:020000040000fa
:020000040c03eb
:105cd800836a2bb19a6a826200221a779a621a70d2
:025ce800704703
:020000040000fa
:020000040c03eb
:105cea0000f16803f830002243f8042f8342fbd105
:025cfa007047f1
:020000040000fa
:020000040c03eb
:105cfc000278417883781b0443ea012343ea0200cb
:025d0c007047de
:020000040000fa
:020000040c03eb
:105d0e0043688b4203d9036853f821007047002083
:025d1e007047cc
:020000040000fa
:020000040c03eb
:105d200008b5b0f90420b0f902100078f5f7fcffcf
:025d300008bdac
:020000040000fa
:020000040c03eb
:105d320008b5b0f90420b0f902100078f9f799f823
:025d420008bd9a
:020000040000fa
:020000040c03eb
:105d440008b5b0f90420b0f902100078f8f704fba4
:025d540008bd88
:020000040000fa
:020000040c03eb
:105d5600431e00f60f22002103f8011f9342fbd1d8
:025d6600704784
:020000040000fa
:020000040c03eb
:105d680008b50368da6f196ad869fdf70bff0020d8
:025d780008bd64
:020000040000fa
:020000040c03eb
:105d7a0010b504460078fef748fd636803fb00f09f
:025d8a0010bd4a
:020000040000fa
:020000040c03eb
:105d8c0090f854000138c0b201288cbf00200120cb
:025d9c0070474e
:020000040000fa
:020000040c03eb
:105d9e0010b55820fff787f80446fef7fcfa2046a8
:025dae0010bd26
:020000040000fa
:020000040c03eb
:105db000eff3108072b6bff35f8fb0fa80f0400946
:025dc00070472a
:020000040000fa
:020000040c03eb
:105dc20018b1bff35f8f62b6704772b6bff35f8fd1
:025dd200704718
:020000040000fa
:020000040c03eb
:105dd40090f8ea3023b9012380f8eb3080f8ea30f8
:025de400704706
:020000040000fa
:020000040c03eb
:105de6000a440023914201d10020704701f8013b8b
:025df600f8e7cc
:020000040000fa
:020000040c03eb
:105df800024bd3f8a002c0f340007047000084446f
:020000040000fa
:020000040c03eb
:105e080008b5024bd868f6f7bffe08bd581806203b
:020000040000fa
:020000040c03eb
:105e1800030643ea002343ea004040f0ff007047ce
:020000040000fa
:020000040c03eb
:105e280008b5024b1860fdf783fb08bda8160720cc
:020000040000fa
:020000040c03eb
:105e3800034610b10020586070474ff0ff3070479c
:020000040000fa
:020000040c03eb
:105e480010f0010f14bf01f00f00c1f303107047e9
:020000040000fa
:020000040c03eb
:105e580008b5024b53f82230984708bdd83e030cca
:020000040000fa
:020000040c03eb
:105e680008b5024b53f82130984708bd9c56030cdf
:020000040000fa
:020000040c03eb
:105e78000246024b03cb1060516070472818062079
:020000040000fa
:020000040c03eb
:105e880008b50a460149f9f7c5fd08bd28180620d6
:020000040000fa
:020000040c03eb
:105e980008b5c165036dd3f8e0309847002008bd08
:020000040000fa
:020000040c03eb
:105ea80008b50166036dd3f8e0309847002008bdb7
:020000040000fa
:020000040c03eb
:105eb80008b5836d1bb1036dd3f8dc30984708bd76
:020000040000fa
:020000040c03eb
:105ec80008b500228265c2650266faf75bfb08bd69
:020000040000fa
:020000040c03eb
:105ed80008b5436d1bb1036dd3f8dc30984708bd96
:020000040000fa
:020000040c03eb
:105ee800006c08b970471846036c002bfbd170474b
:020000040000fa
:020000040c03eb
:105ef80019b1006a0860002070474ff0ff30704702
:020000040000fa
:020000040c03eb
:105f08000301000100000000000000000000000084
:020000040000fa
:020000040c03eb
:105f1800024a136801331360704700bfa0250720a9
:020000040000fa
:020000040c03eb
:105f280000294ff480630cbf02220022fbf766bcf5
:020000040000fa
:020000040c03eb
:105f380008b5fff7c3fefaf71cfafaf71afa08bd14
:020000040000fa
:020000040c03eb
:0e5f480018b1c06900f00100704700207047da
:020000040000fa
:020000040c03eb
:0e5f560000f0e00040ead00040ea90107047f2
:020000040000fa
:020000040c03eb
:0e5f6400030243ea0043184340f07f407047b9
:020000040000fa
:020000040c03eb
:0e5f7200824203db8a42a8bf0a4610467047ef
:020000040000fa
:020000040c03eb
:0e5f800042f2107303fb00f0b0fbf1f070472b
:020000040000fa
:020000040c03eb
:0e5f8e0001700b0a4370090c817000207047ef
:020000040000fa
:020000040c03eb
:0e5f9c0008b5fff705feb0fa80f0400908bd19
:020000040000fa
:020000040c03eb
:0e5faa0010b50446fff70efd0c30204410bd6c
:020000040000fa
:020000040c03eb
:0e5fb800c3690b60c161036901330361704767
:020000040000fa
:020000040c03eb
:0e5fc6004160002908bf002282600020704761
:020000040000fa
:020000040c03eb
:0e5fd400c160002908bf002202610020704752
:020000040000fa
:020000040c03eb
:0e5fe20008b54ff0ff338361f3f7dcfc08bd18
:020000040000fa
:020000040c03eb
:0e5ff00008b5faf7c3fdb0fa80f0400908bd0d
:020000040000fa
:020000040c03eb
:0e5ffe00003118bf012180f8551000207047b7
:020000040000fa
:020000040c03eb
:0e600c00d0f80e304b6000230b804b807047a5
:020000040000fa
:020000040c03eb
:0c601c00014bd3f8d4027047a8160720ef
:020000040000fa
:020000040c03eb
:0c602800014bd3f8d8027047a8160720df
:020000040000fa
:020000040c03eb
:0c60340008b5faf7d7fbc043c00f08bd49
:020000040000fa
:020000040c03eb
:0c604000d10b030cf1f1020cddd7020cb7
:020000040000fa
:020000040c03eb
:0c604c000023c0f8043ac0f8083a70477e
:020000040000fa
:020000040c03eb
:0c605800007b042814bf002001207047ca
:020000040000fa
:020000040c03eb
:0c606400014b93f8c4007047e01d0720ba
:020000040000fa
:020000040c03eb
:0c607000007b01288cbf0020012070473d
:020000040000fa
:020000040c03eb
:0c607c00014b93f8f0007047001c072057
:020000040000fa
:020000040c03eb
:0c6088000368da6dc3f898200020704710
:020000040000fa
:020000040c03eb
:0c609400014b1868704700bf1018062070
:020000040000fa
:020000040c03eb
:0c60a000014b5868704700bf1018062024
:020000040000fa
:020000040c03eb
:0c60ac000023836043600361c360704701
:020000040000fa
:020000040c03eb
:0c60b80008b543680bb18168984708bd2b
:020000040000fa
:020000040c03eb
:0c60c40008b5c3680bb18168984708bd9f
:020000040000fa
:020000040c03eb
:0c60d0000178116001221a600020704766
:020000040000fa
:020000040c03eb
:0c60dc0008b5436d0bb1fcf769ff08bd6f
:020000040000fa
:020000040c03eb
:0c60e80008b500234365faf74dfa08bd27
:020000040000fa
:020000040c03eb
:0c60f400014b18609960704714250720cc
:020000040000fa
:020000040c03eb
:0c610000014b5862996270470c23072085
:020000040000fa
:020000040c03eb
:0c610c00014b93f8210070470c23072082
:020000040000fa
:020000040c03eb
:0c6118000a06000200000040010000bf69
:020000040000fa
:020000040c03eb
:0c6124000c034d007900430061006d0089
:020000040000fa
:020000040c03eb
:0c6130007c63030c1038030c2461030c8a
:020000040000fa
:020000040c03eb
:0a613c00030243ea004318437047d2
:020000040000fa
:020000040c03eb
:0a6146007f2894bf0020012070475d
:020000040000fa
:020000040c03eb
:0a61500010b1012242704160704757
:020000040000fa
:020000040c03eb
:0a615a0008b50846fff730f808bd4d
:020000040000fa
:020000040c03eb
:0a61640008b50846fff72bf808bd48
:020000040000fa
:020000040c03eb
:0a616e0008b50846fef72afa08bd3e
:020000040000fa
:020000040c03eb
:0a61780008b50846fef725fa08bd39
:020000040000fa
:020000040c03eb
:0a618200837f8b4238bf817770479e
:020000040000fa
:020000040c03eb
:08618c00000240f0ff00704723
:020000040000fa
:020000040c03eb
:0861940008b5fdf7b9fb08bdd9
:020000040000fa
:020000040c03eb
:08619c008842a8bf08467047c5
:020000040000fa
:020000040c03eb
:0861a4008842b8bf08467047ad
:020000040000fa
:020000040c03eb
:0861ac00004870477024072031
:020000040000fa
:020000040c03eb
:0861b40000487047a8160720ff
:020000040000fa
:020000040c03eb
:0861bc0049484452000000bff5
:020000040000fa
:020000040c03eb
:0861c4000b2828bf00207047e2
:020000040000fa
:020000040c03eb
:0861cc0008b5faf7ddf908bd82
:020000040000fa
:020000040c03eb
:0861d4004069c0f38000704730
:020000040000fa
:020000040c03eb
:0861dc00406900f0010070476a
:020000040000fa
:020000040c03eb
:0861e4004069c0f34000704760
:020000040000fa
:020000040c03eb
:0861ec0008b5fbf71bf908bd23
:020000040000fa
:020000040c03eb
:0861f40008b5f3f747fb08bdf5
:020000040000fa
:020000040c03eb
:0861fc00385c030c12000000e6
:020000040000fa
:020000040c03eb
:0862040008b5fff7d3fd08bd4a
:020000040000fa
:020000040c03eb
:08620c0008b5fff7d8fd08bd3d
:020000040000fa
:020000040c03eb
:086214000048704730c007206c
:020000040000fa
:020000040c03eb
:06621c0040f07f407047d6
:020000040000fa
:020000040c03eb
:066222004fea3020704736
:020000040000fa
:020000040c03eb
:0662280020f07f407047ea
:020000040000fa
:020000040c03eb
:06622e004fea30607047ea
:020000040000fa
:020000040c03eb
:066234000170002070471c
:020000040000fa
:020000040c03eb
:06623a0001800020704706
:020000040000fa
:020000040c03eb
:0662400001600020704720
:020000040000fa
:020000040c03eb
:0662460000eb4000704770
:020000040000fa
:020000040c03eb
:06624c0051f8100c704730
:020000040000fa
:020000040c03eb
:066252004ff0ff30704721
:020000040000fa
:020000040c03eb
:066258004ff0ff3070471b
:020000040000fa
:020000040c03eb
:06625e004ff0ff30704715
:020000040000fa
:020000040c03eb
:066264004ff0ff3070470f
:020000040000fa
:020000040c03eb
:06626a004ff0ff30704709
:020000040000fa
:020000040c03eb
:066270004ff0ff30704703
:020000040000fa
:020000040c03eb
:066276004ff0ff307047fd
:020000040000fa
:020000040c03eb
:06627c0090f85500704788
:020000040000fa
:020000040c03eb
:0662820090f86400704773
:020000040000fa
:020000040c03eb
:06628800016700207047d1
:020000040000fa
:020000040c03eb
:06628e004167002070478b
:020000040000fa
:020000040c03eb
:06629400b0f90a0070479a
:020000040000fa
:020000040c03eb
:06629a00b0f90c00704792
:020000040000fa
:020000040c03eb
:0662a000b0f90e0070478a
:020000040000fa
:020000040c03eb
:0662a600b0f91000704782
:020000040000fa
:020000040c03eb
:0662ac0000238377704718
:020000040000fa
:020000040c03eb
:0662b2004ff4806070470c
:020000040000fa
:020000040c03eb
:0662b8000068fff72bb99e
:020000040000fa
:020000040c03eb
:0662be004ff0ff307047b5
:020000040000fa
:020000040c03eb
:0462c40000207047ff
:020000040000fa
:020000040c03eb
:0462c80000befee72f
:020000040000fa
:020000040c03eb
:0462cc0000befee72b
:020000040000fa
:020000040c03eb
:0462d00000befee727
:020000040000fa
:020000040c03eb
:0462d40000befee723
:020000040000fa
:020000040c03eb
:0462d80000befee71f
:020000040000fa
:020000040c03eb
:0462dc0000befee71b
:020000040000fa
:020000040c03eb
:0462e000000a7047f9
:020000040000fa
:020000040c03eb
:0462e4000078704787
:020000040000fa
:020000040c03eb
:0462e8000088704773
:020000040000fa
:020000040c03eb
:0462ec00006870478f
:020000040000fa
:020000040c03eb
:0462f00000207047d3
:020000040000fa
:020000040c03eb
:0462f400000420245e
:020000040000fa
:020000040c03eb
:0462f8000008000892
:020000040000fa
:020000040c03eb
:0462fc00000800bfd7
:020000040000fa
:020000040c03eb
:046300000846704794
:020000040000fa
:020000040c03eb
:04630400c008704716
:020000040000fa
:020000040c03eb
:046308004008704792
:020000040000fa
:020000040c03eb
:04630c004000704796
:020000040000fa
:020000040c03eb
:046310008000704752
:020000040000fa
:020000040c03eb
:0463140000207047ae
:020000040000fa
:020000040c03eb
:0463180001207047a9
:020000040000fa
:020000040c03eb
:04631c0000207047a6
:020000040000fa
:020000040c03eb
:0463200080697047d9
:020000040000fa
:020000040c03eb
:04632400806d7047d1
:020000040000fa
:020000040c03eb
:04632800c06d70478d
:020000040000fa
:020000040c03eb
:04632c00006e704748
:020000040000fa
:020000040c03eb
:04633000806e7047c4
:020000040000fa
:020000040c03eb
:04633400c06e704780
:020000040000fa
:020000040c03eb
:04633800006f70473b
:020000040000fa
:020000040c03eb
:04633c00406f7047f7
:020000040000fa
:020000040c03eb
:04634000406d7047f5
:020000040000fa
:020000040c03eb
:04634400406d7047f1
:020000040000fa
:020000040c03eb
:04634800007a704720
:020000040000fa
:020000040c03eb
:04634c00007f704717
:020000040000fa
:020000040c03eb
:04635000806c7047a6
:020000040000fa
:020000040c03eb
:04635400c06a704764
:020000040000fa
:020000040c03eb
:04635800407e7047cc
:020000040000fa
:020000040c03eb
:04635c00007e704708
:020000040000fa
:020000040c03eb
:04636000807e704784
:020000040000fa
:020000040c03eb
:04636400c07e704740
:020000040000fa
:020000040c03eb
:04636800407f7047bb
:020000040000fa
:020000040c03eb
:04636c00817770477e
:020000040000fa
:020000040c03eb
:0463700000befee786
:020000040000fa
:020000040c03eb
:046374005450030c72
:020000040000fa
:020000040c03eb
:046378007450030c4e
:020000040000fa
:020000040c03eb
:04637c000403090409
:020000040000fa
:020000040c03eb
:046380000020704742
:020000040000fa
:020000040c03eb
:04638400002070473e
:020000040000fa
:020000040c03eb
:04638800704700bf9b
:020000040000fa
:020000040c03eb
:04638c000020704736
:00000001FF
